region_id,lookback_start,forecast_start,forecast_end,model_best,model_best_mae,model_best_rmse,model_best_category
98001,2016-03-31,2017-03-31,2018-02-28,d2stgnn,17689.29144512373,21234.046966462196,spatial_temporal
98001,2016-04-30,2017-04-30,2018-03-31,d2stgnn,14178.574938035837,18843.64602413555,spatial_temporal
98001,2016-05-31,2017-05-31,2018-04-30,d2stgnn,12626.096390120665,18193.764652424994,spatial_temporal
98001,2016-06-30,2017-06-30,2018-05-31,d2stgnn,13238.0291184273,17522.637807786556,spatial_temporal
98001,2016-07-31,2017-07-31,2018-06-30,d2stgnn,14580.936507104736,19350.41976566486,spatial_temporal
98001,2016-08-31,2017-08-31,2018-07-31,d2stgnn,13508.906306716346,18515.633320333585,spatial_temporal
98001,2016-09-30,2017-09-30,2018-08-31,d2stgnn,11235.34053296358,15176.100367035715,spatial_temporal
98001,2016-10-31,2017-10-31,2018-09-30,d2stgnn,11043.515807075164,14672.46226209773,spatial_temporal
98001,2016-11-30,2017-11-30,2018-10-31,d2stgnn,13511.17211855831,18202.233594172114,spatial_temporal
98001,2016-12-31,2017-12-31,2018-11-30,d2stgnn,12852.062883933128,17278.53885040934,spatial_temporal
98001,2017-01-31,2018-01-31,2018-12-31,d2stgnn,14391.996011311581,17861.887297374968,spatial_temporal
98001,2017-02-28,2018-02-28,2019-01-31,timemixer,13739.643057775602,17236.96891187849,DL
98001,2017-03-31,2018-03-31,2019-02-28,chronos2_zero,14533.223954152738,17385.238790837295,foundation
98001,2017-04-30,2018-04-30,2019-03-31,itransformer,10710.660754758379,12738.629987200502,DL
98001,2017-05-31,2018-05-31,2019-04-30,itransformer,11198.556499588774,14592.834887733732,DL
98001,2017-06-30,2018-06-30,2019-05-31,itransformer,14046.092220176157,19898.827815861583,DL
98001,2017-07-31,2018-07-31,2019-06-30,stgformer,14299.797395287469,19053.427968334345,spatial_temporal
98001,2017-08-31,2018-08-31,2019-07-31,graph_wavenet,15466.92326961854,20040.997039346643,spatial_temporal
98001,2017-09-30,2018-09-30,2019-08-31,stgcn,17135.884252534597,22468.06404704313,spatial_temporal
98001,2017-10-31,2018-10-31,2019-09-30,stgformer,18605.741524013658,23089.30372826497,spatial_temporal
98001,2017-11-30,2018-11-30,2019-10-31,patchtst,18546.783117617157,21390.493707182894,DL
98001,2017-12-31,2018-12-31,2019-11-30,patchtst,16926.448190007886,20170.41158398124,DL
98001,2018-01-31,2019-01-31,2019-12-31,itransformer,18270.25061918727,23311.867772563623,DL
98001,2018-02-28,2019-02-28,2020-01-31,d2stgnn,20158.47169632191,23183.738951136595,spatial_temporal
98001,2018-03-31,2019-03-31,2020-02-29,d2stgnn,18732.394968720804,23105.81285969442,spatial_temporal
98001,2018-04-30,2019-04-30,2020-03-31,d2stgnn,16282.68454637737,19327.347705607994,spatial_temporal
98001,2018-05-31,2019-05-31,2020-04-30,itransformer,13358.69740386203,16320.914435056731,DL
98001,2018-06-30,2019-06-30,2020-05-31,dcrnn,12860.863584915447,14776.759779201193,spatial_temporal
98001,2018-07-31,2019-07-31,2020-06-30,dcrnn,11568.96481305143,13513.707495475352,spatial_temporal
98001,2018-08-31,2019-08-31,2020-07-31,graph_wavenet,10381.963600300374,13045.655178578761,spatial_temporal
98001,2018-09-30,2019-09-30,2020-08-31,itransformer,11004.792600123008,13047.442779808205,DL
98001,2018-10-31,2019-10-31,2020-09-30,patchtst,10823.619135624258,13005.641255367382,DL
98001,2018-11-30,2019-11-30,2020-10-31,patchtst,11849.798329365925,14368.724072290832,DL
98001,2018-12-31,2019-12-31,2020-11-30,timemixer,11895.472626107008,14842.574942045861,DL
98001,2019-01-31,2020-01-31,2020-12-31,stgformer,10291.064276682911,12233.23086812494,spatial_temporal
98001,2019-02-28,2020-02-29,2021-01-31,stgformer,9042.195096794574,11461.728929981313,spatial_temporal
98001,2019-03-31,2020-03-31,2021-02-28,stgformer,13753.35705661466,15479.886553769136,spatial_temporal
98001,2019-04-30,2020-04-30,2021-03-31,dlinear,18377.280573633845,23924.371455059776,DL
98001,2019-05-31,2020-05-31,2021-04-30,d2stgnn,24538.864926230322,27569.722787768435,spatial_temporal
98001,2019-06-30,2020-06-30,2021-05-31,d2stgnn,24808.674540557415,28978.377122487676,spatial_temporal
98001,2019-07-31,2020-07-31,2021-06-30,d2stgnn,28598.1831582328,33314.74788486902,spatial_temporal
98001,2019-08-31,2020-08-31,2021-07-31,d2stgnn,25489.205109390085,31314.80892827383,spatial_temporal
98001,2019-09-30,2020-09-30,2021-08-31,d2stgnn,25028.872763290827,30493.267448978128,spatial_temporal
98001,2019-10-31,2020-10-31,2021-09-30,d2stgnn,20340.854330521033,25079.130262546143,spatial_temporal
98001,2019-11-30,2020-11-30,2021-10-31,d2stgnn,19093.815135835892,23617.588292683955,spatial_temporal
98001,2019-12-31,2020-12-31,2021-11-30,stgformer,22587.653646188166,26554.62339013333,spatial_temporal
98001,2020-01-31,2021-01-31,2021-12-31,d2stgnn,21595.26099170843,23984.347260626644,spatial_temporal
98001,2020-02-29,2021-02-28,2022-01-31,d2stgnn,14901.56802766324,17499.04288036431,spatial_temporal
98001,2020-03-31,2021-03-31,2022-02-28,d2stgnn,10185.821102517288,12299.25085009375,spatial_temporal
98001,2020-04-30,2021-04-30,2022-03-31,dcrnn,12105.304151535724,14671.397850510448,spatial_temporal
98001,2020-05-31,2021-05-31,2022-04-30,stgformer,15042.51191223115,19638.552576847444,spatial_temporal
98001,2020-06-30,2021-06-30,2022-05-31,timemixer,18359.035645239597,23380.001176604717,DL
98001,2020-07-31,2021-07-31,2022-06-30,timemixer,19370.708034585597,23249.827649396135,DL
98001,2020-08-31,2021-08-31,2022-07-31,timemixer,23433.78579784204,31323.19998061733,DL
98001,2020-09-30,2021-09-30,2022-08-31,itransformer,21163.517379846668,27660.374882876527,DL
98001,2020-10-31,2021-10-31,2022-09-30,itransformer,28573.109665173328,34466.5762823497,DL
98001,2020-11-30,2021-11-30,2022-10-31,d2stgnn,28433.10310174584,35229.76354136535,spatial_temporal
98001,2020-12-31,2021-12-31,2022-11-30,d2stgnn,26708.745662134676,31250.732987428128,spatial_temporal
98001,2021-01-31,2022-01-31,2022-12-31,d2stgnn,26413.252624246554,31661.16844748945,spatial_temporal
98001,2021-02-28,2022-02-28,2023-01-31,d2stgnn,26959.413359648064,33827.225483527065,spatial_temporal
98001,2021-03-31,2022-03-31,2023-02-28,d2stgnn,23367.71487420752,31616.71735867402,spatial_temporal
98001,2021-04-30,2022-04-30,2023-03-31,timemixer,19292.903530597705,22657.549089021093,DL
98001,2021-05-31,2022-05-31,2023-04-30,timemixer,24244.48974900773,30124.485089986763,DL
98001,2021-06-30,2022-06-30,2023-05-31,d2stgnn,20837.108020281972,27065.754784952678,spatial_temporal
98001,2021-07-31,2022-07-31,2023-06-30,d2stgnn,20707.562614095892,27186.406491761925,spatial_temporal
98001,2021-08-31,2022-08-31,2023-07-31,timemixer,11775.045631227482,14505.710399229494,DL
98001,2021-09-30,2022-09-30,2023-08-31,graph_wavenet,9156.016305717765,12270.779071865834,spatial_temporal
98001,2021-10-31,2022-10-31,2023-09-30,stgcn,8800.85229144613,14658.054326657499,spatial_temporal
98001,2021-11-30,2022-11-30,2023-10-31,itransformer,11845.699695276659,15607.095412860388,DL
98001,2021-12-31,2022-12-31,2023-11-30,chronos2_zero,11051.636045623725,13463.112206278041,foundation
98001,2022-12-31,2023-12-31,2024-11-30,graph_wavenet,23044.496948687756,28000.3454588061,spatial_temporal
98001,2023-01-31,2024-01-31,2024-12-31,graph_wavenet,22956.164987510245,26459.900265202417,spatial_temporal
98001,2024-01-31,2025-01-31,2025-12-31,timemixer,19666.030584001564,24032.585885324548,DL
98001,2024-02-29,2025-02-28,2026-01-31,d2stgnn,11467.288830267518,14999.272283852026,spatial_temporal
98001,2024-03-31,2025-03-31,2026-02-28,graph_wavenet,13971.060788624503,15396.134002404391,spatial_temporal
98001,2024-04-30,2025-04-30,2026-03-31,timesfm_zero,18154.00124237798,21969.699455531794,foundation
98001,2024-05-31,2025-05-31,2026-04-30,chronos2_zero,12723.259185445806,14675.588363696854,foundation
98001,2024-06-30,2025-06-30,2026-05-31,timesfm_zero,15491.036477299824,19334.96162099014,foundation
98001,2024-07-31,2025-07-31,2026-06-30,timesfm_zero,17734.72563189625,21178.746716655995,foundation
98001,2024-08-31,2025-08-31,2026-07-31,timemixer,17200.498968481377,24285.860482779066,DL
98002,2016-03-31,2017-03-31,2018-02-28,d2stgnn,5795.838938554133,7925.197222898784,spatial_temporal
98002,2016-04-30,2017-04-30,2018-03-31,d2stgnn,8428.522876518085,10567.51251364063,spatial_temporal
98002,2016-05-31,2017-05-31,2018-04-30,dcrnn,9163.694757027793,10641.913854392471,spatial_temporal
98002,2016-06-30,2017-06-30,2018-05-31,dcrnn,7689.200442582466,9882.310846806891,spatial_temporal
98002,2016-07-31,2017-07-31,2018-06-30,stgformer,6567.3869085858705,9180.001814473007,spatial_temporal
98002,2016-08-31,2017-08-31,2018-07-31,itransformer,7504.224192161797,8910.12427591386,DL
98002,2016-09-30,2017-09-30,2018-08-31,d2stgnn,6931.453781932311,8838.999988030153,spatial_temporal
98002,2016-10-31,2017-10-31,2018-09-30,stgformer,5449.68185298025,6474.384734394328,spatial_temporal
98002,2016-11-30,2017-11-30,2018-10-31,graph_wavenet,5674.345755314406,7149.217662407506,spatial_temporal
98002,2016-12-31,2017-12-31,2018-11-30,itransformer,4777.004416271627,5942.661425104615,DL
98002,2017-01-31,2018-01-31,2018-12-31,stgformer,7667.342475435512,9927.60451798629,spatial_temporal
98002,2017-02-28,2018-02-28,2019-01-31,stgformer,8321.465478245946,10923.415113802328,spatial_temporal
98002,2017-03-31,2018-03-31,2019-02-28,patchtst,8537.065130926096,10697.11126513611,DL
98002,2017-04-30,2018-04-30,2019-03-31,patchtst,8123.3692762924375,9742.67620849961,DL
98002,2017-05-31,2018-05-31,2019-04-30,patchtst,8660.337945556434,10844.877204514532,DL
98002,2017-06-30,2018-06-30,2019-05-31,dcrnn,10775.840138527628,13159.8820474165,spatial_temporal
98002,2017-07-31,2018-07-31,2019-06-30,dcrnn,9959.448947796365,12724.81207475198,spatial_temporal
98002,2017-08-31,2018-08-31,2019-07-31,itransformer,8802.88201871147,10903.562192694439,DL
98002,2017-09-30,2018-09-30,2019-08-31,stgformer,6227.9679462650965,7329.4708884367865,spatial_temporal
98002,2017-10-31,2018-10-31,2019-09-30,stgformer,5910.838527101393,7128.815096688086,spatial_temporal
98002,2017-11-30,2018-11-30,2019-10-31,d2stgnn,6074.312370839888,7502.69370025883,spatial_temporal
98002,2017-12-31,2018-12-31,2019-11-30,d2stgnn,6727.610931829516,9176.81308822155,spatial_temporal
98002,2018-01-31,2019-01-31,2019-12-31,timemixer,9317.443337164106,10637.078848026802,DL
98002,2018-02-28,2019-02-28,2020-01-31,dcrnn,11790.51091893111,14730.609886301037,spatial_temporal
98002,2018-03-31,2019-03-31,2020-02-29,patchtst,10657.268988947899,12054.89999103668,DL
98002,2018-04-30,2019-04-30,2020-03-31,d2stgnn,10528.710715771062,13297.687518789808,spatial_temporal
98002,2018-05-31,2019-05-31,2020-04-30,dlinear,8520.54879222223,10467.299530181,DL
98002,2018-06-30,2019-06-30,2020-05-31,dlinear,7888.669507501705,9717.296854599586,DL
98002,2018-07-31,2019-07-31,2020-06-30,dlinear,9046.67007311987,10937.690613794624,DL
98002,2018-08-31,2019-08-31,2020-07-31,dlinear,9661.448527325245,10491.320366770382,DL
98002,2018-09-30,2019-09-30,2020-08-31,dlinear,10733.434221983096,13030.862793737555,DL
98002,2018-10-31,2019-10-31,2020-09-30,d2stgnn,10274.402968108334,11581.096745798739,spatial_temporal
98002,2018-11-30,2019-11-30,2020-10-31,d2stgnn,9198.964791557868,11386.103144705337,spatial_temporal
98002,2018-12-31,2019-12-31,2020-11-30,d2stgnn,7996.28929043356,9643.504424351095,spatial_temporal
98002,2019-01-31,2020-01-31,2020-12-31,d2stgnn,9465.829115726776,10961.668723928406,spatial_temporal
98002,2019-02-28,2020-02-29,2021-01-31,d2stgnn,9950.11445243308,12329.128368767624,spatial_temporal
98002,2019-03-31,2020-03-31,2021-02-28,d2stgnn,12508.707696775076,14899.70761004597,spatial_temporal
98002,2019-04-30,2020-04-30,2021-03-31,d2stgnn,12627.483637684898,17005.60779516773,spatial_temporal
98002,2019-05-31,2020-05-31,2021-04-30,d2stgnn,12850.055946236942,15640.602164598124,spatial_temporal
98002,2019-06-30,2020-06-30,2021-05-31,graph_wavenet,11938.105218251925,13566.319272674455,spatial_temporal
98002,2019-07-31,2020-07-31,2021-06-30,graph_wavenet,13141.983853201376,14742.223068213252,spatial_temporal
98002,2019-08-31,2020-08-31,2021-07-31,d2stgnn,14032.50864613646,16847.568278169532,spatial_temporal
98002,2019-09-30,2020-09-30,2021-08-31,d2stgnn,13979.615127539006,17039.832774775037,spatial_temporal
98002,2019-10-31,2020-10-31,2021-09-30,d2stgnn,9753.17134020802,12639.151668877677,spatial_temporal
98002,2019-11-30,2020-11-30,2021-10-31,dcrnn,9264.212539074666,11631.826705381323,spatial_temporal
98002,2019-12-31,2020-12-31,2021-11-30,dcrnn,10550.35950761027,14947.03691838941,spatial_temporal
98002,2020-01-31,2021-01-31,2021-12-31,dlinear,9543.515847606695,12857.956577129624,DL
98002,2020-02-29,2021-02-28,2022-01-31,timemixer,10913.544010324118,12309.911479662727,DL
98002,2020-03-31,2021-03-31,2022-02-28,timemixer,10217.391530247964,12760.527541427142,DL
98002,2020-04-30,2021-04-30,2022-03-31,timemixer,15390.538539011695,18880.142324171935,DL
98002,2020-05-31,2021-05-31,2022-04-30,dcrnn,19830.930843741764,25032.279243224355,spatial_temporal
98002,2020-06-30,2021-06-30,2022-05-31,timemixer,19430.239606514147,23085.53157007856,DL
98002,2020-07-31,2021-07-31,2022-06-30,stgformer,21413.08782190736,24327.445706219365,spatial_temporal
98002,2020-08-31,2021-08-31,2022-07-31,itransformer,17626.555669476762,20114.642375963853,DL
98002,2020-09-30,2021-09-30,2022-08-31,itransformer,15846.862350621775,18165.162974800885,DL
98002,2020-10-31,2021-10-31,2022-09-30,itransformer,17988.72786393555,20345.507894883136,DL
98002,2020-11-30,2021-11-30,2022-10-31,itransformer,21295.354251076405,25606.951206714177,DL
98002,2020-12-31,2021-12-31,2022-11-30,d2stgnn,21159.575200462645,24631.495200259404,spatial_temporal
98002,2021-01-31,2022-01-31,2022-12-31,d2stgnn,22530.367970556097,26393.86900207452,spatial_temporal
98002,2021-02-28,2022-02-28,2023-01-31,d2stgnn,18837.355788263343,23048.339835378323,spatial_temporal
98002,2021-03-31,2022-03-31,2023-02-28,d2stgnn,17771.112011027846,20672.41097601059,spatial_temporal
98002,2021-04-30,2022-04-30,2023-03-31,timemixer,21455.802933112845,26183.211388166448,DL
98002,2021-05-31,2022-05-31,2023-04-30,d2stgnn,16847.73767466527,21366.64060211,spatial_temporal
98002,2021-06-30,2022-06-30,2023-05-31,d2stgnn,18235.302189450555,21996.954916955474,spatial_temporal
98002,2021-07-31,2022-07-31,2023-06-30,timemixer,15419.393442815586,19111.29817541773,DL
98002,2021-08-31,2022-08-31,2023-07-31,d2stgnn,12584.774936324538,14611.353575063737,spatial_temporal
98002,2021-09-30,2022-09-30,2023-08-31,dcrnn,12647.736076249503,17931.322590553184,spatial_temporal
98002,2021-10-31,2022-10-31,2023-09-30,graph_wavenet,12079.796258822616,14141.015137900344,spatial_temporal
98002,2021-11-30,2022-11-30,2023-10-31,dcrnn,14532.956176847525,17516.37061256512,spatial_temporal
98002,2021-12-31,2022-12-31,2023-11-30,stgcn,14647.156147647556,17075.31321127726,spatial_temporal
98002,2022-12-31,2023-12-31,2024-11-30,dcrnn,9579.645756110272,12907.06014750597,spatial_temporal
98002,2023-01-31,2024-01-31,2024-12-31,dcrnn,8832.329412178035,10215.330943007846,spatial_temporal
98002,2024-01-31,2025-01-31,2025-12-31,timesfm_zero,13313.743621703228,19610.862747130424,foundation
98002,2024-02-29,2025-02-28,2026-01-31,timesfm_zero,13066.384290752283,17750.77553196635,foundation
98002,2024-03-31,2025-03-31,2026-02-28,timesfm_zero,15922.707790895764,22598.478276930728,foundation
98002,2024-04-30,2025-04-30,2026-03-31,timesfm_zero,18661.56827831754,25979.517945568725,foundation
98002,2024-05-31,2025-05-31,2026-04-30,timesfm_zero,20997.777578863912,27706.93744142985,foundation
98002,2024-06-30,2025-06-30,2026-05-31,timesfm_zero,15350.804211428826,19253.39623252875,foundation
98002,2024-07-31,2025-07-31,2026-06-30,timesfm_zero,16484.06114346003,19671.107768804908,foundation
98002,2024-08-31,2025-08-31,2026-07-31,itransformer,13299.687263284412,20047.498326373778,DL
98003,2016-03-31,2017-03-31,2018-02-28,d2stgnn,16112.550114423633,18820.410651781607,spatial_temporal
98003,2016-04-30,2017-04-30,2018-03-31,d2stgnn,13763.85284600097,17557.79237488997,spatial_temporal
98003,2016-05-31,2017-05-31,2018-04-30,dcrnn,12158.511892437004,16393.749212878734,spatial_temporal
98003,2016-06-30,2017-06-30,2018-05-31,timesfm_zero,12239.943327858631,15876.636045324974,foundation
98003,2016-07-31,2017-07-31,2018-06-30,dcrnn,13547.641084967623,15700.383317324093,spatial_temporal
98003,2016-08-31,2017-08-31,2018-07-31,stgcn,13751.469350434723,16997.792219098756,spatial_temporal
98003,2016-09-30,2017-09-30,2018-08-31,timemixer,11776.45165965063,15136.628532353134,DL
98003,2016-10-31,2017-10-31,2018-09-30,graph_wavenet,10249.240417984867,14712.821680664614,spatial_temporal
98003,2016-11-30,2017-11-30,2018-10-31,itransformer,13374.358153077794,15496.539237167684,DL
98003,2016-12-31,2017-12-31,2018-11-30,itransformer,12383.356217816652,16626.90239500827,DL
98003,2017-01-31,2018-01-31,2018-12-31,d2stgnn,13849.412652668674,15734.159162531088,spatial_temporal
98003,2017-02-28,2018-02-28,2019-01-31,itransformer,12591.81233518607,19740.502315591777,DL
98003,2017-03-31,2018-03-31,2019-02-28,itransformer,13277.483224938313,20737.584687263992,DL
98003,2017-04-30,2018-04-30,2019-03-31,chronos2_zero,13663.982325705054,20206.82696658601,foundation
98003,2017-05-31,2018-05-31,2019-04-30,chronos2_zero,11762.839396851088,16536.105128043586,foundation
98003,2017-06-30,2018-06-30,2019-05-31,timesfm_zero,8641.845964310478,12137.298094628284,foundation
98003,2017-07-31,2018-07-31,2019-06-30,timesfm_zero,5756.1346550571325,7773.916675950321,foundation
98003,2017-08-31,2018-08-31,2019-07-31,dcrnn,5918.739941286108,6742.690902148139,spatial_temporal
98003,2017-09-30,2018-09-30,2019-08-31,dcrnn,5369.906956711823,7343.678397519591,spatial_temporal
98003,2017-10-31,2018-10-31,2019-09-30,graph_wavenet,7214.025955434238,8679.917208632649,spatial_temporal
98003,2017-11-30,2018-11-30,2019-10-31,timemixer,5714.956676457208,7440.427824908467,DL
98003,2017-12-31,2018-12-31,2019-11-30,timemixer,4216.591747469681,5788.311274147654,DL
98003,2018-01-31,2019-01-31,2019-12-31,patchtst,8788.429153475468,11039.787099069046,DL
98003,2018-02-28,2019-02-28,2020-01-31,patchtst,10980.437146083568,15873.266395993316,DL
98003,2018-03-31,2019-03-31,2020-02-29,patchtst,16521.693890307884,25442.4686366304,DL
98003,2018-04-30,2019-04-30,2020-03-31,patchtst,21934.03376512793,34388.58981520078,DL
98003,2018-05-31,2019-05-31,2020-04-30,dlinear,27847.386097559134,38913.77202352994,DL
98003,2018-06-30,2019-06-30,2020-05-31,dlinear,29925.39461320903,41907.32258763501,DL
98003,2018-07-31,2019-07-31,2020-06-30,dlinear,28652.322343017862,41455.18050429987,DL
98003,2018-08-31,2019-08-31,2020-07-31,dlinear,28511.428661290167,41377.56763905611,DL
98003,2018-09-30,2019-09-30,2020-08-31,graph_wavenet,28638.82912872627,40381.7453846915,spatial_temporal
98003,2018-10-31,2019-10-31,2020-09-30,d2stgnn,29258.04484369008,37932.83499714603,spatial_temporal
98003,2018-11-30,2019-11-30,2020-10-31,dlinear,30672.71118150285,42290.62523647647,DL
98003,2018-12-31,2019-12-31,2020-11-30,patchtst,31276.949766929218,39971.971828273665,DL
98003,2019-01-31,2020-01-31,2020-12-31,patchtst,29136.197145866678,38397.22072955776,DL
98003,2019-02-28,2020-02-29,2021-01-31,graph_wavenet,19327.985754627032,27905.138499435314,spatial_temporal
98003,2019-03-31,2020-03-31,2021-02-28,timemixer,14433.256157198912,20262.102967379746,DL
98003,2019-04-30,2020-04-30,2021-03-31,timemixer,17595.00900516637,23082.88419251864,DL
98003,2019-05-31,2020-05-31,2021-04-30,timemixer,13032.05796004255,15671.09982973259,DL
98003,2019-06-30,2020-06-30,2021-05-31,patchtst,13440.431390971047,17331.8376192778,DL
98003,2019-07-31,2020-07-31,2021-06-30,timemixer,10068.777021575204,12822.808517202564,DL
98003,2019-08-31,2020-08-31,2021-07-31,timemixer,10990.770779105462,12997.50402221353,DL
98003,2019-09-30,2020-09-30,2021-08-31,dlinear,8674.330249616585,9424.566834887246,DL
98003,2019-10-31,2020-10-31,2021-09-30,timemixer,9957.005539984233,13000.42037092209,DL
98003,2019-11-30,2020-11-30,2021-10-31,dcrnn,9818.213273104813,12116.509419438506,spatial_temporal
98003,2019-12-31,2020-12-31,2021-11-30,stgformer,9236.254076359744,11846.242705090579,spatial_temporal
98003,2020-01-31,2021-01-31,2021-12-31,stgformer,7327.653487809531,10391.633167827957,spatial_temporal
98003,2020-02-29,2021-02-28,2022-01-31,timemixer,7516.072708301518,10604.92473195178,DL
98003,2020-03-31,2021-03-31,2022-02-28,graph_wavenet,10433.220106967745,12942.035597350485,spatial_temporal
98003,2020-04-30,2021-04-30,2022-03-31,dcrnn,8575.56361751171,11822.01451928481,spatial_temporal
98003,2020-05-31,2021-05-31,2022-04-30,dcrnn,11698.002610741261,19806.235364162574,spatial_temporal
98003,2020-06-30,2021-06-30,2022-05-31,timemixer,15763.881312629339,19798.23783650403,DL
98003,2020-07-31,2021-07-31,2022-06-30,timemixer,12335.187765880275,16920.17992481548,DL
98003,2020-08-31,2021-08-31,2022-07-31,timemixer,12459.959219153214,18297.178338049493,DL
98003,2020-09-30,2021-09-30,2022-08-31,d2stgnn,18517.72872964117,24244.43337401881,spatial_temporal
98003,2020-10-31,2021-10-31,2022-09-30,timemixer,16541.940912689926,19586.673129099727,DL
98003,2020-11-30,2021-11-30,2022-10-31,d2stgnn,16852.770800200466,20596.387587629677,spatial_temporal
98003,2020-12-31,2021-12-31,2022-11-30,d2stgnn,17399.79273845197,20995.658701719367,spatial_temporal
98003,2021-01-31,2022-01-31,2022-12-31,d2stgnn,14159.987294233879,17423.081374477242,spatial_temporal
98003,2021-02-28,2022-02-28,2023-01-31,d2stgnn,15142.82717447306,19791.7159718656,spatial_temporal
98003,2021-03-31,2022-03-31,2023-02-28,d2stgnn,14621.478054447429,19243.437129147565,spatial_temporal
98003,2021-04-30,2022-04-30,2023-03-31,timemixer,9965.870678442036,11638.923769690964,DL
98003,2021-05-31,2022-05-31,2023-04-30,d2stgnn,14010.463691181387,17238.344106573102,spatial_temporal
98003,2021-06-30,2022-06-30,2023-05-31,d2stgnn,13299.758109161261,18364.42741017686,spatial_temporal
98003,2021-07-31,2022-07-31,2023-06-30,d2stgnn,12352.029748360694,14822.309535064982,spatial_temporal
98003,2021-08-31,2022-08-31,2023-07-31,dcrnn,15550.150649756892,20760.057437128966,spatial_temporal
98003,2021-09-30,2022-09-30,2023-08-31,stgformer,16069.81535849111,18615.93677868447,spatial_temporal
98003,2021-10-31,2022-10-31,2023-09-30,itransformer,17282.7614324047,21871.152439255,DL
98003,2021-11-30,2022-11-30,2023-10-31,itransformer,22167.84756090428,26372.495899894115,DL
98003,2021-12-31,2022-12-31,2023-11-30,itransformer,26558.855362905026,29898.48932155486,DL
98003,2022-12-31,2023-12-31,2024-11-30,patchtst,27415.222993333573,36896.20225572365,DL
98003,2023-01-31,2024-01-31,2024-12-31,itransformer,25031.9591469625,37302.56736754746,DL
98003,2024-01-31,2025-01-31,2025-12-31,graph_wavenet,15769.289983607878,20055.93299544707,spatial_temporal
98003,2024-02-29,2025-02-28,2026-01-31,graph_wavenet,16440.298002545227,19510.916690614682,spatial_temporal
98003,2024-03-31,2025-03-31,2026-02-28,stgcn,14193.683639486873,17825.33330736359,spatial_temporal
98003,2024-04-30,2025-04-30,2026-03-31,itransformer,14948.341692757453,17559.61214299172,DL
98003,2024-05-31,2025-05-31,2026-04-30,timemixer,14487.944709897341,17325.38038691323,DL
98003,2024-06-30,2025-06-30,2026-05-31,itransformer,7552.156897084496,10426.665582232985,DL
98003,2024-07-31,2025-07-31,2026-06-30,itransformer,7852.780596866825,9538.901573761937,DL
98003,2024-08-31,2025-08-31,2026-07-31,itransformer,8838.320379082967,11118.196518098814,DL
98004,2016-03-31,2017-03-31,2018-02-28,graph_wavenet,157929.3396934759,216272.27324841436,spatial_temporal
98004,2016-04-30,2017-04-30,2018-03-31,timemixer,163432.40200729758,216922.45677597096,DL
98004,2016-05-31,2017-05-31,2018-04-30,graph_wavenet,178099.4934577377,205917.52378030284,spatial_temporal
98004,2016-06-30,2017-06-30,2018-05-31,d2stgnn,159751.7385340412,191774.7160001613,spatial_temporal
98004,2016-07-31,2017-07-31,2018-06-30,timemixer,117166.74409491323,160469.8916700101,DL
98004,2016-08-31,2017-08-31,2018-07-31,timemixer,114697.47825526613,159010.75419085944,DL
98004,2016-09-30,2017-09-30,2018-08-31,dcrnn,105735.96267497703,119925.62676646643,spatial_temporal
98004,2016-10-31,2017-10-31,2018-09-30,dcrnn,85152.49016711891,103513.2570702696,spatial_temporal
98004,2016-11-30,2017-11-30,2018-10-31,dcrnn,97555.96220098792,116350.38270190962,spatial_temporal
98004,2016-12-31,2017-12-31,2018-11-30,dcrnn,101286.17711923683,121874.49455796402,spatial_temporal
98004,2017-01-31,2018-01-31,2018-12-31,graph_wavenet,106361.0157663849,123027.30538324948,spatial_temporal
98004,2017-02-28,2018-02-28,2019-01-31,graph_wavenet,107784.17771059302,126281.78178813224,spatial_temporal
98004,2017-03-31,2018-03-31,2019-02-28,timesfm_zero,119561.83942720592,134817.7951373249,foundation
98004,2017-04-30,2018-04-30,2019-03-31,timesfm_zero,90818.54120824816,103798.08123236916,foundation
98004,2017-05-31,2018-05-31,2019-04-30,timesfm_zero,55437.176816324434,73749.2919914586,foundation
98004,2017-06-30,2018-06-30,2019-05-31,timesfm_zero,67675.72923256527,89828.7633986672,foundation
98004,2017-07-31,2018-07-31,2019-06-30,timesfm_zero,86177.9985158946,105145.54107263118,foundation
98004,2017-08-31,2018-08-31,2019-07-31,timesfm_zero,112352.83049843018,135404.20831742996,foundation
98004,2017-09-30,2018-09-30,2019-08-31,chronos2_zero,77288.35819214098,106871.56896774886,foundation
98004,2017-10-31,2018-10-31,2019-09-30,chronos2_zero,92056.01316325006,112590.53260614855,foundation
98004,2017-11-30,2018-11-30,2019-10-31,graph_wavenet,107527.85071169872,142007.76936577493,spatial_temporal
98004,2017-12-31,2018-12-31,2019-11-30,patchtst,111279.01682985031,141160.37500369968,DL
98004,2018-01-31,2019-01-31,2019-12-31,patchtst,115968.80418598403,133695.8996092036,DL
98004,2018-02-28,2019-02-28,2020-01-31,timemixer,93105.39256524865,121979.93462882513,DL
98004,2018-03-31,2019-03-31,2020-02-29,d2stgnn,78563.98744712774,92360.53684315564,spatial_temporal
98004,2018-04-30,2019-04-30,2020-03-31,graph_wavenet,72455.78432665167,94185.01628202558,spatial_temporal
98004,2018-05-31,2019-05-31,2020-04-30,graph_wavenet,85846.45907824293,98510.34019870721,spatial_temporal
98004,2018-06-30,2019-06-30,2020-05-31,itransformer,99717.12156766634,126354.13319637811,DL
98004,2018-07-31,2019-07-31,2020-06-30,itransformer,100702.95610043341,118859.08618372191,DL
98004,2018-08-31,2019-08-31,2020-07-31,itransformer,98081.41838189196,119428.35387713062,DL
98004,2018-09-30,2019-09-30,2020-08-31,dlinear,93515.70046781476,114625.96754885204,DL
98004,2018-10-31,2019-10-31,2020-09-30,dlinear,87239.96855735888,128468.39267186601,DL
98004,2018-11-30,2019-11-30,2020-10-31,dcrnn,79120.3595544912,107528.37865008008,spatial_temporal
98004,2018-12-31,2019-12-31,2020-11-30,dcrnn,73910.1420883009,108992.09607910136,spatial_temporal
98004,2019-01-31,2020-01-31,2020-12-31,dcrnn,79052.94358072946,113145.1370703453,spatial_temporal
98004,2019-02-28,2020-02-29,2021-01-31,dcrnn,92940.71769642236,121903.0262919519,spatial_temporal
98004,2019-03-31,2020-03-31,2021-02-28,d2stgnn,69905.33340115682,93980.46837518274,spatial_temporal
98004,2019-04-30,2020-04-30,2021-03-31,d2stgnn,57697.6087239049,85221.86198490411,spatial_temporal
98004,2019-05-31,2020-05-31,2021-04-30,d2stgnn,95495.53352108497,114917.0112876452,spatial_temporal
98004,2019-06-30,2020-06-30,2021-05-31,patchtst,65312.02880362107,92048.65439731572,DL
98004,2019-07-31,2020-07-31,2021-06-30,patchtst,65460.246902473584,77397.76759452299,DL
98004,2019-08-31,2020-08-31,2021-07-31,patchtst,46023.98011924668,55269.16933438946,DL
98004,2019-09-30,2020-09-30,2021-08-31,timemixer,44858.73362756489,58104.961063290466,DL
98004,2019-10-31,2020-10-31,2021-09-30,patchtst,85565.75006835283,122140.62679005101,DL
98004,2019-11-30,2020-11-30,2021-10-31,patchtst,96632.46594474096,141724.24035819055,DL
98004,2019-12-31,2020-12-31,2021-11-30,patchtst,103081.99247738975,134447.50394393256,DL
98004,2020-01-31,2021-01-31,2021-12-31,patchtst,122297.58042704489,172573.02209422181,DL
98004,2020-02-29,2021-02-28,2022-01-31,timemixer,176189.81934439446,209032.60822540184,DL
98004,2020-03-31,2021-03-31,2022-02-28,timemixer,193276.06519932844,266057.21661805647,DL
98004,2020-04-30,2021-04-30,2022-03-31,timemixer,254395.35686243864,315219.0236526242,DL
98004,2020-05-31,2021-05-31,2022-04-30,timemixer,297979.7772623472,374053.5706435909,DL
98004,2020-06-30,2021-06-30,2022-05-31,timemixer,309514.24787520303,386904.443434378,DL
98004,2020-07-31,2021-07-31,2022-06-30,timemixer,247794.5124368592,326319.9489027491,DL
98004,2020-08-31,2021-08-31,2022-07-31,d2stgnn,245481.90585361808,333164.70290821214,spatial_temporal
98004,2020-09-30,2021-09-30,2022-08-31,d2stgnn,242089.98515320386,326899.02121817885,spatial_temporal
98004,2020-10-31,2021-10-31,2022-09-30,d2stgnn,265068.2768233257,331305.2679908097,spatial_temporal
98004,2020-11-30,2021-11-30,2022-10-31,stgformer,316709.823564779,369065.0363262567,spatial_temporal
98004,2020-12-31,2021-12-31,2022-11-30,graph_wavenet,340421.9297255845,421915.1388646811,spatial_temporal
98004,2021-01-31,2022-01-31,2022-12-31,timemixer,328821.00093477685,401184.40706150146,DL
98004,2021-02-28,2022-02-28,2023-01-31,graph_wavenet,368802.6389075636,418203.7055484816,spatial_temporal
98004,2021-03-31,2022-03-31,2023-02-28,timemixer,394984.78998520813,438607.06669090217,DL
98004,2021-04-30,2022-04-30,2023-03-31,stgformer,362008.2854676936,436632.7408132273,spatial_temporal
98004,2021-05-31,2022-05-31,2023-04-30,stgformer,291798.2771171971,372868.6227799457,spatial_temporal
98004,2021-06-30,2022-06-30,2023-05-31,stgformer,312196.1106713495,402821.8071571804,spatial_temporal
98004,2021-07-31,2022-07-31,2023-06-30,dcrnn,303899.3841463211,377750.5924435845,spatial_temporal
98004,2021-08-31,2022-08-31,2023-07-31,chronos2_zero,283567.29224993306,411614.340238759,foundation
98004,2021-09-30,2022-09-30,2023-08-31,dcrnn,260295.57342165473,381379.1934747873,spatial_temporal
98004,2021-10-31,2022-10-31,2023-09-30,graph_wavenet,316024.1812478205,444958.7138203572,spatial_temporal
98004,2021-11-30,2022-11-30,2023-10-31,chronos2_zero,340887.29620479664,473025.55921811133,foundation
98004,2021-12-31,2022-12-31,2023-11-30,d2stgnn,299399.3551114235,399635.3000656796,spatial_temporal
98004,2022-12-31,2023-12-31,2024-11-30,chronos2_zero,131478.48836398553,196984.68128972713,foundation
98004,2023-01-31,2024-01-31,2024-12-31,itransformer,207592.96042791242,248644.6555186722,DL
98004,2024-01-31,2025-01-31,2025-12-31,patchtst,190843.4309966464,288509.6895793484,DL
98004,2024-02-29,2025-02-28,2026-01-31,graph_wavenet,200136.90295363226,269053.9460171049,spatial_temporal
98004,2024-03-31,2025-03-31,2026-02-28,itransformer,218800.9344642748,252579.41936546643,DL
98004,2024-04-30,2025-04-30,2026-03-31,itransformer,231790.30485867933,294046.1224105224,DL
98004,2024-05-31,2025-05-31,2026-04-30,timemixer,253744.4284521831,310001.6316435475,DL
98004,2024-06-30,2025-06-30,2026-05-31,timemixer,219903.43758493432,264940.2084159013,DL
98004,2024-07-31,2025-07-31,2026-06-30,timemixer,187994.73174382708,250466.84240951485,DL
98004,2024-08-31,2025-08-31,2026-07-31,timemixer,210776.0569172159,286273.5549039356,DL
98005,2016-03-31,2017-03-31,2018-02-28,graph_wavenet,56618.8451640974,71182.19998540737,spatial_temporal
98005,2016-04-30,2017-04-30,2018-03-31,stgcn,61304.304868981824,79345.08150515021,spatial_temporal
98005,2016-05-31,2017-05-31,2018-04-30,dcrnn,65076.25628095588,78361.64144406457,spatial_temporal
98005,2016-06-30,2017-06-30,2018-05-31,dcrnn,59314.16084081845,70341.81251322817,spatial_temporal
98005,2016-07-31,2017-07-31,2018-06-30,dcrnn,54008.05259404574,68086.65441505326,spatial_temporal
98005,2016-08-31,2017-08-31,2018-07-31,dcrnn,44166.18063549282,56458.90849929424,spatial_temporal
98005,2016-09-30,2017-09-30,2018-08-31,dcrnn,45711.638134673296,57614.851168025736,spatial_temporal
98005,2016-10-31,2017-10-31,2018-09-30,d2stgnn,58736.96540076431,78794.9297154037,spatial_temporal
98005,2016-11-30,2017-11-30,2018-10-31,stgformer,62162.295743059425,78780.52418326045,spatial_temporal
98005,2016-12-31,2017-12-31,2018-11-30,d2stgnn,48685.4676495911,60464.44712414227,spatial_temporal
98005,2017-01-31,2018-01-31,2018-12-31,stgformer,43849.71875831702,56148.09200411386,spatial_temporal
98005,2017-02-28,2018-02-28,2019-01-31,dlinear,38324.23650429922,48873.72521735626,DL
98005,2017-03-31,2018-03-31,2019-02-28,graph_wavenet,54704.05799855649,70171.42487927788,spatial_temporal
98005,2017-04-30,2018-04-30,2019-03-31,d2stgnn,55858.92667706346,72149.6508062217,spatial_temporal
98005,2017-05-31,2018-05-31,2019-04-30,d2stgnn,48262.20978513238,60077.78397586662,spatial_temporal
98005,2017-06-30,2018-06-30,2019-05-31,stgformer,44948.18608345914,57055.847992878276,spatial_temporal
98005,2017-07-31,2018-07-31,2019-06-30,stgformer,43058.9053987961,53895.65471055317,spatial_temporal
98005,2017-08-31,2018-08-31,2019-07-31,dlinear,53313.92064167953,65610.77566427992,DL
98005,2017-09-30,2018-09-30,2019-08-31,dcrnn,30959.50392577347,36610.90924901693,spatial_temporal
98005,2017-10-31,2018-10-31,2019-09-30,dcrnn,35164.90273295504,43405.369482737944,spatial_temporal
98005,2017-11-30,2018-11-30,2019-10-31,stgcn,48875.83223990287,59147.47111636025,spatial_temporal
98005,2017-12-31,2018-12-31,2019-11-30,stgcn,45584.1192657107,49124.1219664656,spatial_temporal
98005,2018-01-31,2019-01-31,2019-12-31,graph_wavenet,43903.89466267463,65879.28329901038,spatial_temporal
98005,2018-02-28,2019-02-28,2020-01-31,stgcn,69065.2538509494,76849.67115864664,spatial_temporal
98005,2018-03-31,2019-03-31,2020-02-29,itransformer,70678.06071932077,90593.86060155516,DL
98005,2018-04-30,2019-04-30,2020-03-31,dlinear,73662.54213415878,97617.34209711223,DL
98005,2018-05-31,2019-05-31,2020-04-30,graph_wavenet,78118.58765012967,107266.8023073639,spatial_temporal
98005,2018-06-30,2019-06-30,2020-05-31,d2stgnn,84060.0337122907,101935.12550847208,spatial_temporal
98005,2018-07-31,2019-07-31,2020-06-30,graph_wavenet,80447.6779395266,127966.36520459843,spatial_temporal
98005,2018-08-31,2019-08-31,2020-07-31,stgcn,87643.22416617956,129449.02480406317,spatial_temporal
98005,2018-09-30,2019-09-30,2020-08-31,dlinear,89536.97427930402,118062.47770088457,DL
98005,2018-10-31,2019-10-31,2020-09-30,dlinear,86242.10775948143,105796.42469131837,DL
98005,2018-11-30,2019-11-30,2020-10-31,dlinear,75735.55365218253,94402.12557446549,DL
98005,2018-12-31,2019-12-31,2020-11-30,dlinear,89168.83513857039,122317.18116245672,DL
98005,2019-01-31,2020-01-31,2020-12-31,patchtst,82075.49231717945,109242.52758074149,DL
98005,2019-02-28,2020-02-29,2021-01-31,patchtst,85751.03622724902,107539.55249183088,DL
98005,2019-03-31,2020-03-31,2021-02-28,stgcn,53012.56214517865,64688.345456018535,spatial_temporal
98005,2019-04-30,2020-04-30,2021-03-31,stgcn,73247.15304617876,79995.32696576715,spatial_temporal
98005,2019-05-31,2020-05-31,2021-04-30,stgcn,73962.05563075912,91915.50445555862,spatial_temporal
98005,2019-06-30,2020-06-30,2021-05-31,stgcn,84530.25250911771,99053.5444908451,spatial_temporal
98005,2019-07-31,2020-07-31,2021-06-30,dcrnn,68281.31229124237,91968.69472103652,spatial_temporal
98005,2019-08-31,2020-08-31,2021-07-31,dcrnn,55356.92680569375,81849.57445032772,spatial_temporal
98005,2019-09-30,2020-09-30,2021-08-31,stgformer,55593.92107435906,67154.49233446586,spatial_temporal
98005,2019-10-31,2020-10-31,2021-09-30,stgformer,68174.35764048569,84049.8951401081,spatial_temporal
98005,2019-11-30,2020-11-30,2021-10-31,stgformer,97867.89978748948,116007.85546626635,spatial_temporal
98005,2019-12-31,2020-12-31,2021-11-30,itransformer,83325.0021818306,129626.5738639864,DL
98005,2020-01-31,2021-01-31,2021-12-31,itransformer,94120.28806839354,126905.42291296655,DL
98005,2020-02-29,2021-02-28,2022-01-31,dcrnn,94854.03394035989,105998.679616609,spatial_temporal
98005,2020-03-31,2021-03-31,2022-02-28,timemixer,75735.38635464398,109065.20342979362,DL
98005,2020-04-30,2021-04-30,2022-03-31,stgcn,100394.30336715795,139391.32036881146,spatial_temporal
98005,2020-05-31,2021-05-31,2022-04-30,stgcn,136410.06303297085,205629.15367645794,spatial_temporal
98005,2020-06-30,2021-06-30,2022-05-31,d2stgnn,144012.59774958505,159642.435689296,spatial_temporal
98005,2020-07-31,2021-07-31,2022-06-30,dcrnn,146331.52214605897,171794.34395421037,spatial_temporal
98005,2020-08-31,2021-08-31,2022-07-31,d2stgnn,141494.33044370115,162414.30237063885,spatial_temporal
98005,2020-09-30,2021-09-30,2022-08-31,d2stgnn,134557.53440294098,159456.224676606,spatial_temporal
98005,2020-10-31,2021-10-31,2022-09-30,d2stgnn,148170.87953261647,165799.54423838863,spatial_temporal
98005,2020-11-30,2021-11-30,2022-10-31,stgformer,163569.1342086268,182245.08761532576,spatial_temporal
98005,2020-12-31,2021-12-31,2022-11-30,d2stgnn,175039.3028982149,212465.00131749426,spatial_temporal
98005,2021-01-31,2022-01-31,2022-12-31,d2stgnn,200930.7005266171,234516.53155114487,spatial_temporal
98005,2021-02-28,2022-02-28,2023-01-31,d2stgnn,167322.93907342476,193461.31946813807,spatial_temporal
98005,2021-03-31,2022-03-31,2023-02-28,stgformer,146072.41183714036,174536.14268673852,spatial_temporal
98005,2021-04-30,2022-04-30,2023-03-31,d2stgnn,138694.33427757965,154939.65072088962,spatial_temporal
98005,2021-05-31,2022-05-31,2023-04-30,stgformer,147921.05150438516,190426.16737444903,spatial_temporal
98005,2021-06-30,2022-06-30,2023-05-31,d2stgnn,149193.47392167235,186599.36422360817,spatial_temporal
98005,2021-07-31,2022-07-31,2023-06-30,dcrnn,127127.47402206108,172171.62343361657,spatial_temporal
98005,2021-08-31,2022-08-31,2023-07-31,dcrnn,119420.31774869794,166956.0947783446,spatial_temporal
98005,2021-09-30,2022-09-30,2023-08-31,dcrnn,94897.01398858061,129597.04139382501,spatial_temporal
98005,2021-10-31,2022-10-31,2023-09-30,dcrnn,75064.7299593422,97807.5114086251,spatial_temporal
98005,2021-11-30,2022-11-30,2023-10-31,itransformer,68396.34072422363,83713.61220612723,DL
98005,2021-12-31,2022-12-31,2023-11-30,itransformer,73843.19248489758,88016.08117518802,DL
98005,2022-12-31,2023-12-31,2024-11-30,chronos2_zero,105249.09332075068,127399.24988254209,foundation
98005,2023-01-31,2024-01-31,2024-12-31,chronos2_zero,113841.32595983685,149672.5660838429,foundation
98005,2024-01-31,2025-01-31,2025-12-31,itransformer,107925.17672521075,120134.30155967432,DL
98005,2024-02-29,2025-02-28,2026-01-31,chronos2_zero,119856.58671757537,137194.48259696463,foundation
98005,2024-03-31,2025-03-31,2026-02-28,graph_wavenet,127972.87592843494,140002.17327578424,spatial_temporal
98005,2024-04-30,2025-04-30,2026-03-31,stgformer,145845.99295368214,166920.60065319063,spatial_temporal
98005,2024-05-31,2025-05-31,2026-04-30,stgformer,130179.56505379216,154443.6221664685,spatial_temporal
98005,2024-06-30,2025-06-30,2026-05-31,stgformer,94996.18273746422,142958.75629867165,spatial_temporal
98005,2024-07-31,2025-07-31,2026-06-30,stgformer,86707.37563023098,127562.20230070181,spatial_temporal
98005,2024-08-31,2025-08-31,2026-07-31,stgformer,84128.23598496946,131350.0426166697,spatial_temporal
98006,2016-03-31,2017-03-31,2018-02-28,timemixer,55882.68584305898,64948.91442319296,DL
98006,2016-04-30,2017-04-30,2018-03-31,graph_wavenet,62079.77370557189,69850.06252693696,spatial_temporal
98006,2016-05-31,2017-05-31,2018-04-30,dcrnn,48812.23583241751,54804.2048174037,spatial_temporal
98006,2016-06-30,2017-06-30,2018-05-31,graph_wavenet,34065.18114182747,41793.06774680525,spatial_temporal
98006,2016-07-31,2017-07-31,2018-06-30,graph_wavenet,24085.877585574188,31601.004178176943,spatial_temporal
98006,2016-08-31,2017-08-31,2018-07-31,graph_wavenet,25766.360697807686,33495.10332916169,spatial_temporal
98006,2016-09-30,2017-09-30,2018-08-31,timemixer,31742.232420144428,41254.480429181946,DL
98006,2016-10-31,2017-10-31,2018-09-30,timemixer,29562.103431691783,36318.15218970905,DL
98006,2016-11-30,2017-11-30,2018-10-31,d2stgnn,27896.280890305487,34308.47525157764,spatial_temporal
98006,2016-12-31,2017-12-31,2018-11-30,stgformer,23487.392529220804,27430.60604472896,spatial_temporal
98006,2017-01-31,2018-01-31,2018-12-31,patchtst,29315.94252993933,37293.39252828594,DL
98006,2017-02-28,2018-02-28,2019-01-31,stgformer,38795.138006742935,58442.22046917691,spatial_temporal
98006,2017-03-31,2018-03-31,2019-02-28,patchtst,42377.24315629555,53712.356572991914,DL
98006,2017-04-30,2018-04-30,2019-03-31,patchtst,43785.0210642573,51538.89180363718,DL
98006,2017-05-31,2018-05-31,2019-04-30,itransformer,40519.755708179735,58195.5843595084,DL
98006,2017-06-30,2018-06-30,2019-05-31,chronos2_zero,33612.12090745028,55659.61385457715,foundation
98006,2017-07-31,2018-07-31,2019-06-30,timesfm_zero,33569.53515045369,52354.964555033555,foundation
98006,2017-08-31,2018-08-31,2019-07-31,patchtst,38320.834781884005,62870.37161340739,DL
98006,2017-09-30,2018-09-30,2019-08-31,patchtst,45570.752529136524,55348.78874606182,DL
98006,2017-10-31,2018-10-31,2019-09-30,patchtst,39193.56731876312,51039.68643656477,DL
98006,2017-11-30,2018-11-30,2019-10-31,timemixer,31118.83266819445,42127.575298492295,DL
98006,2017-12-31,2018-12-31,2019-11-30,chronos2_zero,37839.597960022606,51231.97038029481,foundation
98006,2018-01-31,2019-01-31,2019-12-31,stgformer,42870.11296693346,51986.43219753229,spatial_temporal
98006,2018-02-28,2019-02-28,2020-01-31,d2stgnn,41671.89488841793,51885.7388155054,spatial_temporal
98006,2018-03-31,2019-03-31,2020-02-29,d2stgnn,41328.534035840734,51301.83231099797,spatial_temporal
98006,2018-04-30,2019-04-30,2020-03-31,d2stgnn,47307.633047975774,59928.12004317754,spatial_temporal
98006,2018-05-31,2019-05-31,2020-04-30,stgformer,50587.82253964731,59678.187600396326,spatial_temporal
98006,2018-06-30,2019-06-30,2020-05-31,stgformer,49856.160523407576,53484.93177497384,spatial_temporal
98006,2018-07-31,2019-07-31,2020-06-30,stgformer,52727.5747451137,60278.43866228282,spatial_temporal
98006,2018-08-31,2019-08-31,2020-07-31,stgformer,57585.65737846788,65809.31263172255,spatial_temporal
98006,2018-09-30,2019-09-30,2020-08-31,stgformer,58522.44009849455,66605.61880161751,spatial_temporal
98006,2018-10-31,2019-10-31,2020-09-30,dlinear,49724.64828881634,63013.15855496173,DL
98006,2018-11-30,2019-11-30,2020-10-31,dlinear,58595.442415384314,74275.86404188383,DL
98006,2018-12-31,2019-12-31,2020-11-30,patchtst,58878.412286845145,68593.9763761337,DL
98006,2019-01-31,2020-01-31,2020-12-31,dcrnn,49233.379893286125,60616.35117888373,spatial_temporal
98006,2019-02-28,2020-02-29,2021-01-31,d2stgnn,40024.148189917905,51854.710550787015,spatial_temporal
98006,2019-03-31,2020-03-31,2021-02-28,graph_wavenet,39459.90473398314,48216.663945801876,spatial_temporal
98006,2019-04-30,2020-04-30,2021-03-31,timemixer,44994.588986904455,60114.381164963714,DL
98006,2019-05-31,2020-05-31,2021-04-30,timemixer,51337.249399245564,67165.08563763223,DL
98006,2019-06-30,2020-06-30,2021-05-31,d2stgnn,67417.25208087021,89742.68503362557,spatial_temporal
98006,2019-07-31,2020-07-31,2021-06-30,d2stgnn,81240.67207219572,106745.39128823999,spatial_temporal
98006,2019-08-31,2020-08-31,2021-07-31,timemixer,66287.36688161774,76975.05867473526,DL
98006,2019-09-30,2020-09-30,2021-08-31,timemixer,89596.69849920158,100873.6745135802,DL
98006,2019-10-31,2020-10-31,2021-09-30,dcrnn,78545.66929969029,90582.23242761075,spatial_temporal
98006,2019-11-30,2020-11-30,2021-10-31,dcrnn,61268.42784132939,70022.0549675403,spatial_temporal
98006,2019-12-31,2020-12-31,2021-11-30,dcrnn,52650.20298234208,61077.227900207945,spatial_temporal
98006,2020-01-31,2021-01-31,2021-12-31,dcrnn,52331.04805514894,60438.60253229,spatial_temporal
98006,2020-02-29,2021-02-28,2022-01-31,d2stgnn,67410.18272366402,77698.94412853451,spatial_temporal
98006,2020-03-31,2021-03-31,2022-02-28,d2stgnn,77151.62462346222,97066.1476207629,spatial_temporal
98006,2020-04-30,2021-04-30,2022-03-31,d2stgnn,79018.12421812942,108564.55553660668,spatial_temporal
98006,2020-05-31,2021-05-31,2022-04-30,timemixer,93553.31367652804,125061.52446771302,DL
98006,2020-06-30,2021-06-30,2022-05-31,itransformer,89748.2172165325,110115.88561858486,DL
98006,2020-07-31,2021-07-31,2022-06-30,itransformer,54148.34024180726,65145.84780034568,DL
98006,2020-08-31,2021-08-31,2022-07-31,timemixer,92493.32566076612,115618.78552723095,DL
98006,2020-09-30,2021-09-30,2022-08-31,timemixer,62894.85375362268,73709.13476345422,DL
98006,2020-10-31,2021-10-31,2022-09-30,itransformer,105438.18248852786,133060.67371259694,DL
98006,2020-11-30,2021-11-30,2022-10-31,itransformer,87560.71520917026,110086.68294930941,DL
98006,2020-12-31,2021-12-31,2022-11-30,d2stgnn,89587.1088756771,107366.08286367144,spatial_temporal
98006,2021-01-31,2022-01-31,2022-12-31,d2stgnn,91811.24268343575,114579.9940331113,spatial_temporal
98006,2021-02-28,2022-02-28,2023-01-31,d2stgnn,78856.43337795486,98194.97652263875,spatial_temporal
98006,2021-03-31,2022-03-31,2023-02-28,d2stgnn,88930.25413911295,100907.51367382269,spatial_temporal
98006,2021-04-30,2022-04-30,2023-03-31,timemixer,89053.97431726048,120466.17739302713,DL
98006,2021-05-31,2022-05-31,2023-04-30,d2stgnn,84486.63838357781,99290.64134118837,spatial_temporal
98006,2021-06-30,2022-06-30,2023-05-31,d2stgnn,81506.039960308,100538.59376076733,spatial_temporal
98006,2021-07-31,2022-07-31,2023-06-30,d2stgnn,83132.6236681111,101427.81442824261,spatial_temporal
98006,2021-08-31,2022-08-31,2023-07-31,d2stgnn,79903.19089844254,93523.4382353622,spatial_temporal
98006,2021-09-30,2022-09-30,2023-08-31,d2stgnn,66031.2939408091,80156.31899459836,spatial_temporal
98006,2021-10-31,2022-10-31,2023-09-30,stgcn,71037.67624367085,91450.40906489236,spatial_temporal
98006,2021-11-30,2022-11-30,2023-10-31,timemixer,67667.16014972598,80286.44093241561,DL
98006,2021-12-31,2022-12-31,2023-11-30,stgcn,62434.0795631696,74169.01547046482,spatial_temporal
98006,2022-12-31,2023-12-31,2024-11-30,graph_wavenet,82939.23575547118,104409.25764465443,spatial_temporal
98006,2023-01-31,2024-01-31,2024-12-31,graph_wavenet,106178.43007413366,128300.96093662051,spatial_temporal
98006,2024-01-31,2025-01-31,2025-12-31,timesfm_zero,50870.91224220525,68727.1387627536,foundation
98006,2024-02-29,2025-02-28,2026-01-31,timesfm_zero,66821.69621073706,86351.98062032205,foundation
98006,2024-03-31,2025-03-31,2026-02-28,timesfm_zero,53797.93563399664,71428.55936433499,foundation
98006,2024-04-30,2025-04-30,2026-03-31,timesfm_zero,73990.7785854095,96152.15179412917,foundation
98006,2024-05-31,2025-05-31,2026-04-30,timesfm_zero,90895.8190836934,126812.0178149049,foundation
98006,2024-06-30,2025-06-30,2026-05-31,timesfm_zero,102887.304552151,136335.71886003934,foundation
98006,2024-07-31,2025-07-31,2026-06-30,stgcn,89425.07140057946,113202.91874251807,spatial_temporal
98006,2024-08-31,2025-08-31,2026-07-31,stgcn,61407.83204069491,77165.02145718738,spatial_temporal
98007,2016-03-31,2017-03-31,2018-02-28,timemixer,21345.97145382609,32450.434053903056,DL
98007,2016-04-30,2017-04-30,2018-03-31,itransformer,25618.047723307198,40931.87175839639,DL
98007,2016-05-31,2017-05-31,2018-04-30,stgformer,17635.49780324246,23438.353793073115,spatial_temporal
98007,2016-06-30,2017-06-30,2018-05-31,dlinear,20366.885860627826,26228.83019362429,DL
98007,2016-07-31,2017-07-31,2018-06-30,itransformer,18808.883081715525,27475.407855819165,DL
98007,2016-08-31,2017-08-31,2018-07-31,dcrnn,19927.37415969009,25744.220446257394,spatial_temporal
98007,2016-09-30,2017-09-30,2018-08-31,itransformer,17871.668211737968,20692.674745825967,DL
98007,2016-10-31,2017-10-31,2018-09-30,stgformer,20842.71279529844,30300.43488970749,spatial_temporal
98007,2016-11-30,2017-11-30,2018-10-31,stgcn,26706.50938295345,32817.57949543306,spatial_temporal
98007,2016-12-31,2017-12-31,2018-11-30,stgcn,32461.574719178916,42819.98530068781,spatial_temporal
98007,2017-01-31,2018-01-31,2018-12-31,itransformer,38680.508543274416,45700.53227343584,DL
98007,2017-02-28,2018-02-28,2019-01-31,timemixer,37825.936596869054,44448.157929752146,DL
98007,2017-03-31,2018-03-31,2019-02-28,timemixer,42696.97832886343,45401.359003466314,DL
98007,2017-04-30,2018-04-30,2019-03-31,d2stgnn,41449.71722308617,52861.96261449333,spatial_temporal
98007,2017-05-31,2018-05-31,2019-04-30,stgformer,40288.054887545295,50927.2080340819,spatial_temporal
98007,2017-06-30,2018-06-30,2019-05-31,d2stgnn,40916.42443553531,56005.679020850315,spatial_temporal
98007,2017-07-31,2018-07-31,2019-06-30,itransformer,43222.44207759984,63694.00254058241,DL
98007,2017-08-31,2018-08-31,2019-07-31,stgcn,44122.270595822156,55489.65019434019,spatial_temporal
98007,2017-09-30,2018-09-30,2019-08-31,timesfm_zero,50722.99457944819,61614.21785272449,foundation
98007,2017-10-31,2018-10-31,2019-09-30,itransformer,54102.72824618157,61104.56967984563,DL
98007,2017-11-30,2018-11-30,2019-10-31,d2stgnn,51512.90378861007,60197.158571459026,spatial_temporal
98007,2017-12-31,2018-12-31,2019-11-30,timesfm_zero,46636.4847805955,56716.0516987142,foundation
98007,2018-01-31,2019-01-31,2019-12-31,timesfm_zero,45668.95838668109,56793.30339683193,foundation
98007,2018-02-28,2019-02-28,2020-01-31,stgformer,35620.0924293896,43126.21071065655,spatial_temporal
98007,2018-03-31,2019-03-31,2020-02-29,stgformer,27256.615938089042,30631.117299968148,spatial_temporal
98007,2018-04-30,2019-04-30,2020-03-31,stgformer,34628.19208692029,41495.26684633373,spatial_temporal
98007,2018-05-31,2019-05-31,2020-04-30,timesfm_zero,40125.597932902056,51542.86887956326,foundation
98007,2018-06-30,2019-06-30,2020-05-31,timemixer,33603.85591187671,43237.19776945941,DL
98007,2018-07-31,2019-07-31,2020-06-30,timemixer,29983.79908352163,39777.16960450762,DL
98007,2018-08-31,2019-08-31,2020-07-31,timemixer,29443.377856466697,48410.68971535363,DL
98007,2018-09-30,2019-09-30,2020-08-31,dcrnn,29225.053911736573,37396.79162780953,spatial_temporal
98007,2018-10-31,2019-10-31,2020-09-30,timemixer,30199.278912547557,38734.534128467734,DL
98007,2018-11-30,2019-11-30,2020-10-31,dcrnn,36494.06762719468,50000.01057137759,spatial_temporal
98007,2018-12-31,2019-12-31,2020-11-30,itransformer,41476.123265800124,57569.657908323425,DL
98007,2019-01-31,2020-01-31,2020-12-31,stgcn,39101.49241595345,46241.97722874744,spatial_temporal
98007,2019-02-28,2020-02-29,2021-01-31,dcrnn,40006.77104907649,47571.618245136866,spatial_temporal
98007,2019-03-31,2020-03-31,2021-02-28,dcrnn,41930.25789176266,52841.530697562775,spatial_temporal
98007,2019-04-30,2020-04-30,2021-03-31,stgformer,46044.50891389434,62648.3370259014,spatial_temporal
98007,2019-05-31,2020-05-31,2021-04-30,d2stgnn,57309.39027650247,70930.42975495478,spatial_temporal
98007,2019-06-30,2020-06-30,2021-05-31,d2stgnn,60876.8683744717,76927.87441584043,spatial_temporal
98007,2019-07-31,2020-07-31,2021-06-30,d2stgnn,65891.52018428498,80119.30428539809,spatial_temporal
98007,2019-08-31,2020-08-31,2021-07-31,d2stgnn,61698.339464566816,84051.30849332665,spatial_temporal
98007,2019-09-30,2020-09-30,2021-08-31,d2stgnn,66115.06968256948,75720.34616650878,spatial_temporal
98007,2019-10-31,2020-10-31,2021-09-30,dcrnn,54618.969850921705,64793.247216135605,spatial_temporal
98007,2019-11-30,2020-11-30,2021-10-31,dcrnn,43129.329506383314,57296.02025996689,spatial_temporal
98007,2019-12-31,2020-12-31,2021-11-30,dcrnn,42481.45793294135,59932.80896152461,spatial_temporal
98007,2020-01-31,2021-01-31,2021-12-31,dcrnn,60146.69796948718,74820.16280308712,spatial_temporal
98007,2020-02-29,2021-02-28,2022-01-31,d2stgnn,87437.86123225302,108549.48303701737,spatial_temporal
98007,2020-03-31,2021-03-31,2022-02-28,graph_wavenet,83856.01554491329,108816.3064331946,spatial_temporal
98007,2020-04-30,2021-04-30,2022-03-31,dcrnn,84510.62149757218,121613.55470704532,spatial_temporal
98007,2020-05-31,2021-05-31,2022-04-30,dcrnn,86611.6716195857,134090.99539669373,spatial_temporal
98007,2020-06-30,2021-06-30,2022-05-31,dcrnn,100619.96112963412,140372.85317813358,spatial_temporal
98007,2020-07-31,2021-07-31,2022-06-30,dcrnn,104460.5863281332,136685.6434004411,spatial_temporal
98007,2020-08-31,2021-08-31,2022-07-31,itransformer,73295.4244200244,78575.83177611607,DL
98007,2020-09-30,2021-09-30,2022-08-31,dcrnn,93582.22703942876,117958.42347762705,spatial_temporal
98007,2020-10-31,2021-10-31,2022-09-30,d2stgnn,83957.78269916691,109869.92673811976,spatial_temporal
98007,2020-11-30,2021-11-30,2022-10-31,d2stgnn,92320.82796053583,103537.30611810223,spatial_temporal
98007,2020-12-31,2021-12-31,2022-11-30,d2stgnn,89532.99682302139,102353.39396724112,spatial_temporal
98007,2021-01-31,2022-01-31,2022-12-31,d2stgnn,74822.72084524362,83671.99637657318,spatial_temporal
98007,2021-02-28,2022-02-28,2023-01-31,d2stgnn,89872.42357502501,100713.06155293487,spatial_temporal
98007,2021-03-31,2022-03-31,2023-02-28,d2stgnn,66893.16013934115,82582.01294377093,spatial_temporal
98007,2021-04-30,2022-04-30,2023-03-31,d2stgnn,100384.3003012549,115139.98819967435,spatial_temporal
98007,2021-05-31,2022-05-31,2023-04-30,d2stgnn,117089.35819731977,127962.44283484039,spatial_temporal
98007,2021-06-30,2022-06-30,2023-05-31,timemixer,104136.56851614302,136295.263401507,DL
98007,2021-07-31,2022-07-31,2023-06-30,stgcn,88701.22790986988,109660.37810167228,spatial_temporal
98007,2021-08-31,2022-08-31,2023-07-31,graph_wavenet,79994.0678376492,114136.14237489799,spatial_temporal
98007,2021-09-30,2022-09-30,2023-08-31,graph_wavenet,87979.85975964346,120838.29471043343,spatial_temporal
98007,2021-10-31,2022-10-31,2023-09-30,dcrnn,92997.31914312067,110662.66938023322,spatial_temporal
98007,2021-11-30,2022-11-30,2023-10-31,itransformer,85167.72103344882,103994.44034436547,DL
98007,2021-12-31,2022-12-31,2023-11-30,itransformer,85381.44798869225,106227.07327489376,DL
98007,2022-12-31,2023-12-31,2024-11-30,stgcn,92753.48338849033,140558.4328060919,spatial_temporal
98007,2023-01-31,2024-01-31,2024-12-31,timemixer,94931.63343261527,133806.82776980262,DL
98007,2024-01-31,2025-01-31,2025-12-31,timemixer,242604.0411291599,308294.0260312997,DL
98007,2024-02-29,2025-02-28,2026-01-31,timesfm_zero,165913.1278736002,221222.8011679384,foundation
98007,2024-03-31,2025-03-31,2026-02-28,timesfm_zero,139444.6465838957,168205.73558285902,foundation
98007,2024-04-30,2025-04-30,2026-03-31,timesfm_zero,180000.66413567378,202655.37120978127,foundation
98007,2024-05-31,2025-05-31,2026-04-30,timemixer,192749.5035902339,222054.42182397895,DL
98007,2024-06-30,2025-06-30,2026-05-31,chronos2_zero,224591.91364864665,251731.32012430756,foundation
98007,2024-07-31,2025-07-31,2026-06-30,chronos2_zero,221965.22877934107,244544.84627149501,foundation
98007,2024-08-31,2025-08-31,2026-07-31,chronos2_zero,195516.4709754722,228490.825442163,foundation
98008,2016-03-31,2017-03-31,2018-02-28,stgcn,57773.841297709296,64328.42099629343,spatial_temporal
98008,2016-04-30,2017-04-30,2018-03-31,graph_wavenet,46499.1066073359,54495.041781255124,spatial_temporal
98008,2016-05-31,2017-05-31,2018-04-30,graph_wavenet,42332.92303505572,51016.74274952091,spatial_temporal
98008,2016-06-30,2017-06-30,2018-05-31,stgcn,36703.17501625055,42129.417771457396,spatial_temporal
98008,2016-07-31,2017-07-31,2018-06-30,itransformer,21333.352572915377,27585.831752265884,DL
98008,2016-08-31,2017-08-31,2018-07-31,graph_wavenet,29016.15758099631,34454.69005831964,spatial_temporal
98008,2016-09-30,2017-09-30,2018-08-31,stgcn,29301.535821896414,35800.78275050789,spatial_temporal
98008,2016-10-31,2017-10-31,2018-09-30,stgcn,31208.887366578845,39535.719862349404,spatial_temporal
98008,2016-11-30,2017-11-30,2018-10-31,graph_wavenet,33295.337172984786,41999.24469703169,spatial_temporal
98008,2016-12-31,2017-12-31,2018-11-30,d2stgnn,26663.286081436556,33724.397872268986,spatial_temporal
98008,2017-01-31,2018-01-31,2018-12-31,d2stgnn,24419.123979864886,31581.046743847,spatial_temporal
98008,2017-02-28,2018-02-28,2019-01-31,patchtst,20706.812023947936,25752.279167352594,DL
98008,2017-03-31,2018-03-31,2019-02-28,patchtst,20309.340003614674,23357.689644106926,DL
98008,2017-04-30,2018-04-30,2019-03-31,timemixer,23306.850053487433,25828.473340550034,DL
98008,2017-05-31,2018-05-31,2019-04-30,timemixer,25204.519936431985,29327.696770090937,DL
98008,2017-06-30,2018-06-30,2019-05-31,timemixer,23557.39648326629,27343.623539765063,DL
98008,2017-07-31,2018-07-31,2019-06-30,timemixer,30087.58126423373,35268.21409777727,DL
98008,2017-08-31,2018-08-31,2019-07-31,timemixer,16779.14086285222,22299.341912660857,DL
98008,2017-09-30,2018-09-30,2019-08-31,timemixer,17273.228050199144,22411.854698598894,DL
98008,2017-10-31,2018-10-31,2019-09-30,graph_wavenet,12772.818633124514,16496.592190779767,spatial_temporal
98008,2017-11-30,2018-11-30,2019-10-31,dcrnn,21142.57914838157,28454.94772147163,spatial_temporal
98008,2017-12-31,2018-12-31,2019-11-30,itransformer,21555.868549736013,27245.43995701451,DL
98008,2018-01-31,2019-01-31,2019-12-31,itransformer,18475.066505935025,25258.107493305226,DL
98008,2018-02-28,2019-02-28,2020-01-31,itransformer,24645.24402299768,32248.29213599228,DL
98008,2018-03-31,2019-03-31,2020-02-29,itransformer,21807.074391844693,28474.585127803322,DL
98008,2018-04-30,2019-04-30,2020-03-31,dlinear,21427.49391112082,26524.028394904366,DL
98008,2018-05-31,2019-05-31,2020-04-30,stgcn,23271.873669330893,33521.4900336957,spatial_temporal
98008,2018-06-30,2019-06-30,2020-05-31,stgcn,21702.03692161321,31328.743710355327,spatial_temporal
98008,2018-07-31,2019-07-31,2020-06-30,graph_wavenet,21440.53233197308,31504.429078935565,spatial_temporal
98008,2018-08-31,2019-08-31,2020-07-31,dlinear,16065.804905481229,19845.29049329026,DL
98008,2018-09-30,2019-09-30,2020-08-31,d2stgnn,19630.561841346946,24747.811595109928,spatial_temporal
98008,2018-10-31,2019-10-31,2020-09-30,graph_wavenet,23953.25978727233,33799.553943452825,spatial_temporal
98008,2018-11-30,2019-11-30,2020-10-31,dcrnn,22115.383664227033,25457.220186402097,spatial_temporal
98008,2018-12-31,2019-12-31,2020-11-30,patchtst,17380.77692287815,23770.03947048612,DL
98008,2019-01-31,2020-01-31,2020-12-31,graph_wavenet,9883.761750218759,11501.496493151122,spatial_temporal
98008,2019-02-28,2020-02-29,2021-01-31,timemixer,17755.963430575735,20302.819817804404,DL
98008,2019-03-31,2020-03-31,2021-02-28,patchtst,20574.172421242565,25796.272456112627,DL
98008,2019-04-30,2020-04-30,2021-03-31,patchtst,22322.574467480048,28446.93009036612,DL
98008,2019-05-31,2020-05-31,2021-04-30,patchtst,28087.888228899257,41957.84529212984,DL
98008,2019-06-30,2020-06-30,2021-05-31,d2stgnn,24675.521762362343,32843.41066404124,spatial_temporal
98008,2019-07-31,2020-07-31,2021-06-30,d2stgnn,30549.668526226527,39059.05440834342,spatial_temporal
98008,2019-08-31,2020-08-31,2021-07-31,d2stgnn,25026.373394986324,32582.434775994545,spatial_temporal
98008,2019-09-30,2020-09-30,2021-08-31,dcrnn,36216.928347513494,46139.31582987524,spatial_temporal
98008,2019-10-31,2020-10-31,2021-09-30,dcrnn,35606.81210275273,50402.332289415666,spatial_temporal
98008,2019-11-30,2020-11-30,2021-10-31,d2stgnn,53717.02137436343,66972.70915615933,spatial_temporal
98008,2019-12-31,2020-12-31,2021-11-30,dcrnn,48585.56549289549,55968.64918043984,spatial_temporal
98008,2020-01-31,2021-01-31,2021-12-31,dcrnn,33827.43362565161,45267.96210290983,spatial_temporal
98008,2020-02-29,2021-02-28,2022-01-31,dcrnn,64112.559975203876,88804.56398600916,spatial_temporal
98008,2020-03-31,2021-03-31,2022-02-28,stgcn,94618.56571279418,128654.720772259,spatial_temporal
98008,2020-04-30,2021-04-30,2022-03-31,dcrnn,103493.22996930308,155674.44574642583,spatial_temporal
98008,2020-05-31,2021-05-31,2022-04-30,timemixer,111780.76160594098,146743.87926200163,DL
98008,2020-06-30,2021-06-30,2022-05-31,dcrnn,111739.17788378046,143690.06932705877,spatial_temporal
98008,2020-07-31,2021-07-31,2022-06-30,timemixer,94415.77389868004,115392.65690507684,DL
98008,2020-08-31,2021-08-31,2022-07-31,timemixer,86722.13449601021,101710.03519380037,DL
98008,2020-09-30,2021-09-30,2022-08-31,dcrnn,74730.87541915641,91406.3527734459,spatial_temporal
98008,2020-10-31,2021-10-31,2022-09-30,dcrnn,85540.58602951244,103605.85750720958,spatial_temporal
98008,2020-11-30,2021-11-30,2022-10-31,graph_wavenet,102243.2490239126,116110.39587470391,spatial_temporal
98008,2020-12-31,2021-12-31,2022-11-30,d2stgnn,89253.29454683654,106215.64495583918,spatial_temporal
98008,2021-01-31,2022-01-31,2022-12-31,timemixer,68173.11981027106,79030.35081599763,DL
98008,2021-02-28,2022-02-28,2023-01-31,d2stgnn,54244.7134854448,63319.09313800732,spatial_temporal
98008,2021-03-31,2022-03-31,2023-02-28,timemixer,56298.03360596466,74807.12122044146,DL
98008,2021-04-30,2022-04-30,2023-03-31,d2stgnn,53105.546571885214,69239.20263516376,spatial_temporal
98008,2021-05-31,2022-05-31,2023-04-30,timemixer,82055.24823544669,123114.13209145595,DL
98008,2021-06-30,2022-06-30,2023-05-31,d2stgnn,107092.15587616114,128275.75634161636,spatial_temporal
98008,2021-07-31,2022-07-31,2023-06-30,stgcn,111088.7671723484,136038.87400011776,spatial_temporal
98008,2021-08-31,2022-08-31,2023-07-31,graph_wavenet,97294.85034697059,122624.37752841302,spatial_temporal
98008,2021-09-30,2022-09-30,2023-08-31,timesfm_zero,74227.98367162724,105545.6606672905,foundation
98008,2021-10-31,2022-10-31,2023-09-30,timesfm_zero,91248.28082325497,136684.77755817008,foundation
98008,2021-11-30,2022-11-30,2023-10-31,itransformer,93499.53501634998,114041.26054906897,DL
98008,2021-12-31,2022-12-31,2023-11-30,chronos2_zero,79838.83304807852,105189.15611551421,foundation
98008,2022-12-31,2023-12-31,2024-11-30,itransformer,52095.20892825115,60970.13384207645,DL
98008,2023-01-31,2024-01-31,2024-12-31,itransformer,66118.65990956814,71201.24505294336,DL
98008,2024-01-31,2025-01-31,2025-12-31,itransformer,66689.36789993593,81129.56904714262,DL
98008,2024-02-29,2025-02-28,2026-01-31,stgformer,61954.43982790713,87930.50901821235,spatial_temporal
98008,2024-03-31,2025-03-31,2026-02-28,chronos2_zero,39276.96968282536,50820.92397562766,foundation
98008,2024-04-30,2025-04-30,2026-03-31,timemixer,37897.10974304995,53647.19070563097,DL
98008,2024-05-31,2025-05-31,2026-04-30,timemixer,41926.8482886106,53879.26820935829,DL
98008,2024-06-30,2025-06-30,2026-05-31,itransformer,61384.974117996346,74703.14605853621,DL
98008,2024-07-31,2025-07-31,2026-06-30,chronos2_zero,42880.922746108576,60025.42443587168,foundation
98008,2024-08-31,2025-08-31,2026-07-31,chronos2_zero,31705.666884933034,48932.97454263391,foundation
98010,2016-03-31,2017-03-31,2018-02-28,timesfm_zero,49450.55228177303,60832.40793689259,foundation
98010,2016-04-30,2017-04-30,2018-03-31,itransformer,43399.19356938768,53184.818684845,DL
98010,2016-05-31,2017-05-31,2018-04-30,stgcn,57436.15585566864,71957.628839365,spatial_temporal
98010,2016-06-30,2017-06-30,2018-05-31,timemixer,56141.77774659967,67284.94068893901,DL
98010,2016-07-31,2017-07-31,2018-06-30,dlinear,52357.63785454454,67797.78409238278,DL
98010,2016-08-31,2017-08-31,2018-07-31,dlinear,44755.374216362485,61425.328484308135,DL
98010,2016-09-30,2017-09-30,2018-08-31,dlinear,43277.814270164345,58983.30350262795,DL
98010,2016-10-31,2017-10-31,2018-09-30,d2stgnn,45415.54887124445,57872.22072397666,spatial_temporal
98010,2016-11-30,2017-11-30,2018-10-31,dlinear,44775.40671440769,56744.005097038425,DL
98010,2016-12-31,2017-12-31,2018-11-30,graph_wavenet,43346.11979388727,57624.610708533764,spatial_temporal
98010,2017-01-31,2018-01-31,2018-12-31,graph_wavenet,43890.81320182816,58003.33812909877,spatial_temporal
98010,2017-02-28,2018-02-28,2019-01-31,graph_wavenet,43117.72866694044,57265.48194606766,spatial_temporal
98010,2017-03-31,2018-03-31,2019-02-28,dlinear,47290.910917996254,63253.88888566639,DL
98010,2017-04-30,2018-04-30,2019-03-31,patchtst,40206.22257242504,57130.330078671046,DL
98010,2017-05-31,2018-05-31,2019-04-30,timesfm_zero,24166.744626894128,34486.53007118711,foundation
98010,2017-06-30,2018-06-30,2019-05-31,timemixer,25334.708889734076,32030.862795048903,DL
98010,2017-07-31,2018-07-31,2019-06-30,timemixer,26036.619908910845,31494.092466207196,DL
98010,2017-08-31,2018-08-31,2019-07-31,dcrnn,20227.449850866138,26925.938110512976,spatial_temporal
98010,2017-09-30,2018-09-30,2019-08-31,graph_wavenet,18645.973272843108,26161.952476768234,spatial_temporal
98010,2017-10-31,2018-10-31,2019-09-30,timemixer,15276.832640369894,25022.96112022123,DL
98010,2017-11-30,2018-11-30,2019-10-31,graph_wavenet,19170.11838422916,28288.4527574272,spatial_temporal
98010,2017-12-31,2018-12-31,2019-11-30,timemixer,13548.037208249245,22208.398905219874,DL
98010,2018-01-31,2019-01-31,2019-12-31,timemixer,9047.050032247213,11607.696848134347,DL
98010,2018-02-28,2019-02-28,2020-01-31,chronos2_zero,11280.61101524608,15301.105070755259,foundation
98010,2018-03-31,2019-03-31,2020-02-29,dcrnn,11408.085359141929,13829.693549280246,spatial_temporal
98010,2018-04-30,2019-04-30,2020-03-31,dcrnn,10618.15833316204,13259.422879744274,spatial_temporal
98010,2018-05-31,2019-05-31,2020-04-30,chronos2_zero,10576.569956433455,12780.36509283345,foundation
98010,2018-06-30,2019-06-30,2020-05-31,timemixer,10911.448845169487,15392.524847848836,DL
98010,2018-07-31,2019-07-31,2020-06-30,d2stgnn,10643.963816312787,11667.698377694867,spatial_temporal
98010,2018-08-31,2019-08-31,2020-07-31,stgformer,14316.968055186124,18712.316306670997,spatial_temporal
98010,2018-09-30,2019-09-30,2020-08-31,stgformer,13653.926050311877,15481.691905496602,spatial_temporal
98010,2018-10-31,2019-10-31,2020-09-30,stgformer,12934.061037891655,15521.172312902207,spatial_temporal
98010,2018-11-30,2019-11-30,2020-10-31,stgformer,8071.035149974821,10386.518440734282,spatial_temporal
98010,2018-12-31,2019-12-31,2020-11-30,stgformer,10859.924531535667,13553.937880806476,spatial_temporal
98010,2019-01-31,2020-01-31,2020-12-31,stgformer,13116.959228710659,16604.12570222002,spatial_temporal
98010,2019-02-28,2020-02-29,2021-01-31,stgformer,20107.316033023755,26728.705765023024,spatial_temporal
98010,2019-03-31,2020-03-31,2021-02-28,d2stgnn,25590.340949775284,34866.481261905465,spatial_temporal
98010,2019-04-30,2020-04-30,2021-03-31,d2stgnn,33532.35489780513,42804.0381430625,spatial_temporal
98010,2019-05-31,2020-05-31,2021-04-30,d2stgnn,36708.25247183369,47246.02983490045,spatial_temporal
98010,2019-06-30,2020-06-30,2021-05-31,d2stgnn,41224.87882875869,50332.27671761316,spatial_temporal
98010,2019-07-31,2020-07-31,2021-06-30,graph_wavenet,37493.77468875103,47791.60147602998,spatial_temporal
98010,2019-08-31,2020-08-31,2021-07-31,dcrnn,36113.09361878325,41669.67127856792,spatial_temporal
98010,2019-09-30,2020-09-30,2021-08-31,dcrnn,27840.965220285947,36128.49839099441,spatial_temporal
98010,2019-10-31,2020-10-31,2021-09-30,dcrnn,19165.894451031683,28813.092061365045,spatial_temporal
98010,2019-11-30,2020-11-30,2021-10-31,dcrnn,18869.464253053895,24096.916708819586,spatial_temporal
98010,2019-12-31,2020-12-31,2021-11-30,dcrnn,20714.812956089725,25273.347420602888,spatial_temporal
98010,2020-01-31,2021-01-31,2021-12-31,dcrnn,26502.168853407697,32217.13476099361,spatial_temporal
98010,2020-02-29,2021-02-28,2022-01-31,dcrnn,32891.146733237314,38334.24691136083,spatial_temporal
98010,2020-03-31,2021-03-31,2022-02-28,dcrnn,33287.7572351647,36634.68552961763,spatial_temporal
98010,2020-04-30,2021-04-30,2022-03-31,dcrnn,23053.72497650371,29756.395149869277,spatial_temporal
98010,2020-05-31,2021-05-31,2022-04-30,dcrnn,21015.558973283954,25834.55325954933,spatial_temporal
98010,2020-06-30,2021-06-30,2022-05-31,dcrnn,21951.636132046096,25235.908323485466,spatial_temporal
98010,2020-07-31,2021-07-31,2022-06-30,d2stgnn,17154.676321931107,18971.67280283056,spatial_temporal
98010,2020-08-31,2021-08-31,2022-07-31,dcrnn,27484.19955971609,33934.845110166025,spatial_temporal
98010,2020-09-30,2021-09-30,2022-08-31,patchtst,35857.93438617725,45530.33148217781,DL
98010,2020-10-31,2021-10-31,2022-09-30,dcrnn,32263.261085042886,38464.65370088697,spatial_temporal
98010,2020-11-30,2021-11-30,2022-10-31,dcrnn,34370.48628372372,39880.006855872685,spatial_temporal
98010,2020-12-31,2021-12-31,2022-11-30,timemixer,32394.31923045021,44206.64042752585,DL
98010,2021-01-31,2022-01-31,2022-12-31,itransformer,23850.749270927965,33678.96716448161,DL
98010,2021-02-28,2022-02-28,2023-01-31,d2stgnn,28591.274151399557,37795.88063759088,spatial_temporal
98010,2021-03-31,2022-03-31,2023-02-28,dlinear,27884.8296049051,32670.89088885187,DL
98010,2021-04-30,2022-04-30,2023-03-31,patchtst,24779.40208469341,37548.834289437815,DL
98010,2021-05-31,2022-05-31,2023-04-30,dlinear,32989.49053426795,40867.94209638126,DL
98010,2021-06-30,2022-06-30,2023-05-31,dlinear,35021.085604659485,45287.126143499,DL
98010,2021-07-31,2022-07-31,2023-06-30,chronos2_zero,31726.66627021258,37316.233789386104,foundation
98010,2021-08-31,2022-08-31,2023-07-31,itransformer,25678.828991228667,35853.589582698805,DL
98010,2021-09-30,2022-09-30,2023-08-31,itransformer,20999.698748334817,27018.282840942054,DL
98010,2021-10-31,2022-10-31,2023-09-30,timesfm_zero,26948.32044682704,33859.588484671345,foundation
98010,2021-11-30,2022-11-30,2023-10-31,timesfm_zero,28670.727998484148,32947.772389987906,foundation
98010,2021-12-31,2022-12-31,2023-11-30,dcrnn,35379.18315315182,44337.877045945075,spatial_temporal
98010,2022-12-31,2023-12-31,2024-11-30,timesfm_zero,23489.61600085833,27980.20194812286,foundation
98010,2023-01-31,2024-01-31,2024-12-31,timesfm_zero,22950.438479246182,27839.281872341424,foundation
98010,2024-01-31,2025-01-31,2025-12-31,graph_wavenet,16753.10769068739,22344.11985506566,spatial_temporal
98010,2024-02-29,2025-02-28,2026-01-31,timesfm_zero,20403.140952354664,27149.036483649164,foundation
98010,2024-03-31,2025-03-31,2026-02-28,timesfm_zero,24562.863268872472,27921.554272613444,foundation
98010,2024-04-30,2025-04-30,2026-03-31,patchtst,26328.187411936593,34289.592492473195,DL
98010,2024-05-31,2025-05-31,2026-04-30,timesfm_zero,16869.460920786933,19586.078217658276,foundation
98010,2024-06-30,2025-06-30,2026-05-31,timesfm_zero,20127.34878396371,23031.48919498806,foundation
98010,2024-07-31,2025-07-31,2026-06-30,timesfm_zero,10971.644585435968,13682.077178494825,foundation
98010,2024-08-31,2025-08-31,2026-07-31,timesfm_zero,10100.0351180247,12392.687532781987,foundation
98011,2016-03-31,2017-03-31,2018-02-28,graph_wavenet,58079.2356639443,80160.64659890694,spatial_temporal
98011,2016-04-30,2017-04-30,2018-03-31,itransformer,47385.97706941853,70508.27353203406,DL
98011,2016-05-31,2017-05-31,2018-04-30,dcrnn,46716.4445613302,61599.78345176751,spatial_temporal
98011,2016-06-30,2017-06-30,2018-05-31,dcrnn,39639.55534657341,56984.396241393784,spatial_temporal
98011,2016-07-31,2017-07-31,2018-06-30,dcrnn,37459.002159087366,58568.621686498234,spatial_temporal
98011,2016-08-31,2017-08-31,2018-07-31,dcrnn,41124.26443459502,63967.77327931621,spatial_temporal
98011,2016-09-30,2017-09-30,2018-08-31,itransformer,44713.470789104445,67478.47351209048,DL
98011,2016-10-31,2017-10-31,2018-09-30,dcrnn,44290.155635718605,67548.26142670067,spatial_temporal
98011,2016-11-30,2017-11-30,2018-10-31,itransformer,48290.946578337425,73222.28379891378,DL
98011,2016-12-31,2017-12-31,2018-11-30,d2stgnn,52578.66112319837,74650.02980805402,spatial_temporal
98011,2017-01-31,2018-01-31,2018-12-31,d2stgnn,52966.88744365881,74468.11524948914,spatial_temporal
98011,2017-02-28,2018-02-28,2019-01-31,d2stgnn,51087.87978418705,72257.95046411028,spatial_temporal
98011,2017-03-31,2018-03-31,2019-02-28,d2stgnn,40890.26589508965,54385.13601178755,spatial_temporal
98011,2017-04-30,2018-04-30,2019-03-31,patchtst,37527.50278706586,42824.885928508935,DL
98011,2017-05-31,2018-05-31,2019-04-30,patchtst,41888.06462696579,49503.147128352786,DL
98011,2017-06-30,2018-06-30,2019-05-31,chronos2_zero,41993.78461055766,50287.81204813362,foundation
98011,2017-07-31,2018-07-31,2019-06-30,timemixer,37941.72788518201,46723.23612285001,DL
98011,2017-08-31,2018-08-31,2019-07-31,timemixer,38275.555912575306,46345.969373856315,DL
98011,2017-09-30,2018-09-30,2019-08-31,timemixer,30146.197791837225,35216.65474828707,DL
98011,2017-10-31,2018-10-31,2019-09-30,timemixer,26588.670937431365,31908.968858255528,DL
98011,2017-11-30,2018-11-30,2019-10-31,chronos2_zero,29633.236013709557,39767.256769705615,foundation
98011,2017-12-31,2018-12-31,2019-11-30,timemixer,27062.51622680169,32841.17488695639,DL
98011,2018-01-31,2019-01-31,2019-12-31,timesfm_zero,29819.018504743086,34379.52809968892,foundation
98011,2018-02-28,2019-02-28,2020-01-31,timesfm_zero,24303.652849459457,33411.13954810294,foundation
98011,2018-03-31,2019-03-31,2020-02-29,timemixer,21498.271979612433,25972.93240206318,DL
98011,2018-04-30,2019-04-30,2020-03-31,timemixer,16985.040536165372,23111.464752474003,DL
98011,2018-05-31,2019-05-31,2020-04-30,timemixer,15181.045322062273,21032.989613452326,DL
98011,2018-06-30,2019-06-30,2020-05-31,patchtst,17244.41215772169,23368.921840319374,DL
98011,2018-07-31,2019-07-31,2020-06-30,chronos2_zero,12083.583905606938,17852.60253766869,foundation
98011,2018-08-31,2019-08-31,2020-07-31,stgcn,13310.445957846552,16830.543116441277,spatial_temporal
98011,2018-09-30,2019-09-30,2020-08-31,stgcn,13126.915508220021,15509.70901306364,spatial_temporal
98011,2018-10-31,2019-10-31,2020-09-30,timesfm_zero,16182.285089565974,19245.189335121315,foundation
98011,2018-11-30,2019-11-30,2020-10-31,graph_wavenet,15422.855485377388,19743.20060541754,spatial_temporal
98011,2018-12-31,2019-12-31,2020-11-30,stgcn,15635.085966352615,18023.01748327445,spatial_temporal
98011,2019-01-31,2020-01-31,2020-12-31,dcrnn,16275.797996287854,19522.236353749053,spatial_temporal
98011,2019-02-28,2020-02-29,2021-01-31,dcrnn,16711.390214874165,18124.22959311569,spatial_temporal
98011,2019-03-31,2020-03-31,2021-02-28,stgformer,17226.681347975256,21593.618024668256,spatial_temporal
98011,2019-04-30,2020-04-30,2021-03-31,dcrnn,24862.285154666955,35041.2933561736,spatial_temporal
98011,2019-05-31,2020-05-31,2021-04-30,dcrnn,27743.52596559627,41066.32706602345,spatial_temporal
98011,2019-06-30,2020-06-30,2021-05-31,d2stgnn,31757.956096339884,44518.96687593889,spatial_temporal
98011,2019-07-31,2020-07-31,2021-06-30,dcrnn,33245.473556020006,47257.50943234318,spatial_temporal
98011,2019-08-31,2020-08-31,2021-07-31,dcrnn,37746.97551692605,50609.99878541397,spatial_temporal
98011,2019-09-30,2020-09-30,2021-08-31,dcrnn,31048.993325418036,40747.081283017775,spatial_temporal
98011,2019-10-31,2020-10-31,2021-09-30,dcrnn,22316.2175284228,28123.719987458615,spatial_temporal
98011,2019-11-30,2020-11-30,2021-10-31,dcrnn,17237.19375714027,19934.107907835652,spatial_temporal
98011,2019-12-31,2020-12-31,2021-11-30,dcrnn,16588.60789075104,20920.62610899167,spatial_temporal
98011,2020-01-31,2021-01-31,2021-12-31,dcrnn,30640.31640725424,52963.09205905531,spatial_temporal
98011,2020-02-29,2021-02-28,2022-01-31,dcrnn,60225.639569203406,93953.68986691958,spatial_temporal
98011,2020-03-31,2021-03-31,2022-02-28,dcrnn,86920.04190787312,122676.1441998159,spatial_temporal
98011,2020-04-30,2021-04-30,2022-03-31,dcrnn,87877.69683954264,127007.30292242678,spatial_temporal
98011,2020-05-31,2021-05-31,2022-04-30,dcrnn,115519.61869715682,157858.5510991112,spatial_temporal
98011,2020-06-30,2021-06-30,2022-05-31,dcrnn,112752.14377710396,154129.1931396584,spatial_temporal
98011,2020-07-31,2021-07-31,2022-06-30,dcrnn,115468.68628035404,151044.6622530233,spatial_temporal
98011,2020-08-31,2021-08-31,2022-07-31,itransformer,104456.19503641203,118328.7404246589,DL
98011,2020-09-30,2021-09-30,2022-08-31,dcrnn,114660.71323047178,133203.40676659936,spatial_temporal
98011,2020-10-31,2021-10-31,2022-09-30,d2stgnn,124009.62211215205,140641.5018542945,spatial_temporal
98011,2020-11-30,2021-11-30,2022-10-31,d2stgnn,117111.02468359709,137642.71013637286,spatial_temporal
98011,2020-12-31,2021-12-31,2022-11-30,chronos2_zero,116590.60430532072,149805.87974820408,foundation
98011,2021-01-31,2022-01-31,2022-12-31,d2stgnn,85878.34253562662,101569.87246312982,spatial_temporal
98011,2021-02-28,2022-02-28,2023-01-31,timemixer,70402.53219359419,84882.24174282962,DL
98011,2021-03-31,2022-03-31,2023-02-28,d2stgnn,63462.29627007779,78697.21322901924,spatial_temporal
98011,2021-04-30,2022-04-30,2023-03-31,d2stgnn,59821.75063729102,74558.8448760649,spatial_temporal
98011,2021-05-31,2022-05-31,2023-04-30,stgformer,62652.163163825426,73775.0646429496,spatial_temporal
98011,2021-06-30,2022-06-30,2023-05-31,timemixer,53312.666699932255,73952.46405060221,DL
98011,2021-07-31,2022-07-31,2023-06-30,timemixer,49553.65252939684,70851.6538493173,DL
98011,2021-08-31,2022-08-31,2023-07-31,graph_wavenet,59087.45095227377,65138.82107185291,spatial_temporal
98011,2021-09-30,2022-09-30,2023-08-31,stgcn,57943.8267118067,65936.74318944084,spatial_temporal
98011,2021-10-31,2022-10-31,2023-09-30,d2stgnn,53173.65223505662,65163.8180992979,spatial_temporal
98011,2021-11-30,2022-11-30,2023-10-31,graph_wavenet,50863.030195172796,62748.5796724803,spatial_temporal
98011,2021-12-31,2022-12-31,2023-11-30,timemixer,46815.94118450539,60134.6111306354,DL
98011,2022-12-31,2023-12-31,2024-11-30,stgformer,97921.77378714569,140309.660878411,spatial_temporal
98011,2023-01-31,2024-01-31,2024-12-31,stgformer,98169.8032302388,121089.34700121419,spatial_temporal
98011,2024-01-31,2025-01-31,2025-12-31,chronos2_zero,141867.8349474652,194900.20867279088,foundation
98011,2024-02-29,2025-02-28,2026-01-31,chronos2_zero,160201.58159175896,176922.1393828413,foundation
98011,2024-03-31,2025-03-31,2026-02-28,timesfm_zero,196492.985572692,217915.33649904115,foundation
98011,2024-04-30,2025-04-30,2026-03-31,timemixer,185316.94479152476,211184.27779367391,DL
98011,2024-05-31,2025-05-31,2026-04-30,timemixer,175923.12649631235,204620.69618529794,DL
98011,2024-06-30,2025-06-30,2026-05-31,timemixer,165854.48333660807,192161.84581393155,DL
98011,2024-07-31,2025-07-31,2026-06-30,timemixer,110315.4167848704,133046.36329083197,DL
98011,2024-08-31,2025-08-31,2026-07-31,timemixer,120623.12920453848,147695.91069889913,DL
98012,2016-03-31,2017-03-31,2018-02-28,d2stgnn,10746.397779548055,13525.102381442035,spatial_temporal
98012,2016-04-30,2017-04-30,2018-03-31,d2stgnn,14027.10543862514,17234.438123522297,spatial_temporal
98012,2016-05-31,2017-05-31,2018-04-30,d2stgnn,12892.739711983575,16685.160780866863,spatial_temporal
98012,2016-06-30,2017-06-30,2018-05-31,dcrnn,13820.290706624568,15563.507159401986,spatial_temporal
98012,2016-07-31,2017-07-31,2018-06-30,timemixer,11299.815405934109,12832.51835928677,DL
98012,2016-08-31,2017-08-31,2018-07-31,itransformer,6408.139514815945,8715.253430810879,DL
98012,2016-09-30,2017-09-30,2018-08-31,itransformer,9112.188466805053,11144.981242639695,DL
98012,2016-10-31,2017-10-31,2018-09-30,d2stgnn,9729.877603402254,12443.86514124488,spatial_temporal
98012,2016-11-30,2017-11-30,2018-10-31,dlinear,11274.17418560932,14902.857460492924,DL
98012,2016-12-31,2017-12-31,2018-11-30,d2stgnn,11122.560256432926,14849.280659354354,spatial_temporal
98012,2017-01-31,2018-01-31,2018-12-31,d2stgnn,13276.31468168161,18427.55759509641,spatial_temporal
98012,2017-02-28,2018-02-28,2019-01-31,timemixer,11660.255286788955,14241.183822870074,DL
98012,2017-03-31,2018-03-31,2019-02-28,timemixer,11854.429799506304,15197.972185160434,DL
98012,2017-04-30,2018-04-30,2019-03-31,timemixer,10601.44247166205,13722.934168403646,DL
98012,2017-05-31,2018-05-31,2019-04-30,itransformer,10409.204253993114,11922.79301507425,DL
98012,2017-06-30,2018-06-30,2019-05-31,timesfm_zero,6248.703452900004,7126.32299153063,foundation
98012,2017-07-31,2018-07-31,2019-06-30,timesfm_zero,11178.426008915412,14704.749811722742,foundation
98012,2017-08-31,2018-08-31,2019-07-31,timesfm_zero,8605.743178116973,10382.572893940312,foundation
98012,2017-09-30,2018-09-30,2019-08-31,timesfm_zero,8387.216172289161,10540.288769559073,foundation
98012,2017-10-31,2018-10-31,2019-09-30,timesfm_zero,7432.654772809823,9249.12288990857,foundation
98012,2017-11-30,2018-11-30,2019-10-31,itransformer,8471.844942924645,11033.587443967024,DL
98012,2017-12-31,2018-12-31,2019-11-30,itransformer,10898.644760819812,14455.245127522596,DL
98012,2018-01-31,2019-01-31,2019-12-31,timesfm_zero,14042.452783158698,18356.639874304477,foundation
98012,2018-02-28,2019-02-28,2020-01-31,timemixer,13864.061248198259,16216.32048328868,DL
98012,2018-03-31,2019-03-31,2020-02-29,timemixer,12935.018161639784,16279.360511678911,DL
98012,2018-04-30,2019-04-30,2020-03-31,timemixer,15377.628733516933,18508.7264268815,DL
98012,2018-05-31,2019-05-31,2020-04-30,timemixer,19642.864892059588,23685.112526567453,DL
98012,2018-06-30,2019-06-30,2020-05-31,dcrnn,19721.229766884633,23893.387636504638,spatial_temporal
98012,2018-07-31,2019-07-31,2020-06-30,graph_wavenet,16739.545510126063,19993.250621348685,spatial_temporal
98012,2018-08-31,2019-08-31,2020-07-31,graph_wavenet,15747.98853342268,18234.887190013484,spatial_temporal
98012,2018-09-30,2019-09-30,2020-08-31,graph_wavenet,16007.992329168474,20815.82137679119,spatial_temporal
98012,2018-10-31,2019-10-31,2020-09-30,dlinear,16713.684715817926,20348.348733094117,DL
98012,2018-11-30,2019-11-30,2020-10-31,timemixer,20214.255794608383,24969.084006851914,DL
98012,2018-12-31,2019-12-31,2020-11-30,stgformer,16323.238319448448,21332.584977943716,spatial_temporal
98012,2019-01-31,2020-01-31,2020-12-31,stgformer,13063.269576031531,17364.946091289898,spatial_temporal
98012,2019-02-28,2020-02-29,2021-01-31,patchtst,18771.449326288635,19519.010400351544,DL
98012,2019-03-31,2020-03-31,2021-02-28,patchtst,20331.59288698756,23878.092267757987,DL
98012,2019-04-30,2020-04-30,2021-03-31,d2stgnn,23572.825270890597,28069.213277793402,spatial_temporal
98012,2019-05-31,2020-05-31,2021-04-30,d2stgnn,30652.681118535973,36955.87120028733,spatial_temporal
98012,2019-06-30,2020-06-30,2021-05-31,graph_wavenet,36762.720401700266,52951.20422845791,spatial_temporal
98012,2019-07-31,2020-07-31,2021-06-30,d2stgnn,37365.41977677264,47253.37909024722,spatial_temporal
98012,2019-08-31,2020-08-31,2021-07-31,d2stgnn,31639.03762549478,40789.720240916446,spatial_temporal
98012,2019-09-30,2020-09-30,2021-08-31,d2stgnn,27735.95608095809,36046.265960698154,spatial_temporal
98012,2019-10-31,2020-10-31,2021-09-30,dcrnn,20306.234061415173,24222.58822852992,spatial_temporal
98012,2019-11-30,2020-11-30,2021-10-31,d2stgnn,13630.720959348828,18020.65534228521,spatial_temporal
98012,2019-12-31,2020-12-31,2021-11-30,d2stgnn,12809.868406468178,15616.46574936235,spatial_temporal
98012,2020-01-31,2021-01-31,2021-12-31,stgformer,22911.609987951902,27044.913213277672,spatial_temporal
98012,2020-02-29,2021-02-28,2022-01-31,timemixer,18107.038294497877,23724.15226770986,DL
98012,2020-03-31,2021-03-31,2022-02-28,stgformer,13217.803100583706,18630.26765224235,spatial_temporal
98012,2020-04-30,2021-04-30,2022-03-31,stgformer,32395.418707398057,48973.389521253615,spatial_temporal
98012,2020-05-31,2021-05-31,2022-04-30,stgformer,46051.97444072675,75061.16240065137,spatial_temporal
98012,2020-06-30,2021-06-30,2022-05-31,itransformer,65876.69713189763,71955.23352113273,DL
98012,2020-07-31,2021-07-31,2022-06-30,timemixer,56666.64766863388,65894.88378255918,DL
98012,2020-08-31,2021-08-31,2022-07-31,timemixer,51369.85717457388,59822.174652494476,DL
98012,2020-09-30,2021-09-30,2022-08-31,timemixer,49468.85658280054,59983.48741190077,DL
98012,2020-10-31,2021-10-31,2022-09-30,timemixer,69703.27582985513,88708.0476992617,DL
98012,2020-11-30,2021-11-30,2022-10-31,d2stgnn,54215.167844193296,67630.92037495812,spatial_temporal
98012,2020-12-31,2021-12-31,2022-11-30,d2stgnn,46106.39274469812,59834.10677133426,spatial_temporal
98012,2021-01-31,2022-01-31,2022-12-31,d2stgnn,42685.208145198594,49407.00580143108,spatial_temporal
98012,2021-02-28,2022-02-28,2023-01-31,d2stgnn,38613.70983720614,44158.25950420202,spatial_temporal
98012,2021-03-31,2022-03-31,2023-02-28,d2stgnn,29462.664478968876,33955.37504485868,spatial_temporal
98012,2021-04-30,2022-04-30,2023-03-31,d2stgnn,31791.487302856694,38695.030783673705,spatial_temporal
98012,2021-05-31,2022-05-31,2023-04-30,d2stgnn,42753.16159851293,50305.771619325445,spatial_temporal
98012,2021-06-30,2022-06-30,2023-05-31,chronos2_zero,31576.834685021382,40846.585358215445,foundation
98012,2021-07-31,2022-07-31,2023-06-30,stgformer,37002.584161421844,44308.767838860746,spatial_temporal
98012,2021-08-31,2022-08-31,2023-07-31,stgformer,39810.25902237085,49166.858565992276,spatial_temporal
98012,2021-09-30,2022-09-30,2023-08-31,stgformer,38191.63878055211,41098.40131362155,spatial_temporal
98012,2021-10-31,2022-10-31,2023-09-30,graph_wavenet,24201.36230452092,37517.78855531287,spatial_temporal
98012,2021-11-30,2022-11-30,2023-10-31,graph_wavenet,21989.874686129187,33762.55927980717,spatial_temporal
98012,2021-12-31,2022-12-31,2023-11-30,graph_wavenet,44038.04345317162,57524.001634208274,spatial_temporal
98012,2022-12-31,2023-12-31,2024-11-30,itransformer,26557.544886939722,33045.331722959774,DL
98012,2023-01-31,2024-01-31,2024-12-31,itransformer,27124.25504424554,36043.11811420599,DL
98012,2024-01-31,2025-01-31,2025-12-31,itransformer,34995.457712420866,52615.32023503634,DL
98012,2024-02-29,2025-02-28,2026-01-31,timesfm_zero,36766.13308864399,45549.67902935746,foundation
98012,2024-03-31,2025-03-31,2026-02-28,timesfm_zero,39188.910435827995,48644.333810238815,foundation
98012,2024-04-30,2025-04-30,2026-03-31,timesfm_zero,38026.5629754102,41813.954600309065,foundation
98012,2024-05-31,2025-05-31,2026-04-30,timesfm_zero,45854.92178975898,57042.81744677443,foundation
98012,2024-06-30,2025-06-30,2026-05-31,timesfm_zero,63207.94228700399,78633.17807319318,foundation
98012,2024-07-31,2025-07-31,2026-06-30,chronos2_zero,63857.56569497072,78225.71856469543,foundation
98012,2024-08-31,2025-08-31,2026-07-31,stgcn,68997.13204618388,77001.89474254732,spatial_temporal
98014,2016-03-31,2017-03-31,2018-02-28,graph_wavenet,13001.690877181856,15006.019165119262,spatial_temporal
98014,2016-04-30,2017-04-30,2018-03-31,patchtst,12878.986408682647,14984.258011621443,DL
98014,2016-05-31,2017-05-31,2018-04-30,graph_wavenet,10161.4524058037,12631.39387531222,spatial_temporal
98014,2016-06-30,2017-06-30,2018-05-31,patchtst,8799.714226089709,11290.13752846091,DL
98014,2016-07-31,2017-07-31,2018-06-30,patchtst,9860.149160823203,12570.25248697529,DL
98014,2016-08-31,2017-08-31,2018-07-31,d2stgnn,12422.060239375889,15386.291536987412,spatial_temporal
98014,2016-09-30,2017-09-30,2018-08-31,itransformer,13455.600774843362,15315.362222403644,DL
98014,2016-10-31,2017-10-31,2018-09-30,patchtst,17381.515791927504,23448.251695925104,DL
98014,2016-11-30,2017-11-30,2018-10-31,patchtst,21631.12175367563,28592.829728355373,DL
98014,2016-12-31,2017-12-31,2018-11-30,d2stgnn,25616.889141788863,31997.944767899884,spatial_temporal
98014,2017-01-31,2018-01-31,2018-12-31,chronos2_zero,24500.381878006447,29089.8528068228,foundation
98014,2017-02-28,2018-02-28,2019-01-31,timesfm_zero,28853.792051742563,33107.39276769356,foundation
98014,2017-03-31,2018-03-31,2019-02-28,chronos2_zero,21714.32029229717,23307.874075559608,foundation
98014,2017-04-30,2018-04-30,2019-03-31,chronos2_zero,23729.34350029805,27572.663076366185,foundation
98014,2017-05-31,2018-05-31,2019-04-30,timemixer,25448.20517452425,31413.713480730003,DL
98014,2017-06-30,2018-06-30,2019-05-31,timemixer,30985.024783371093,37868.30101138778,DL
98014,2017-07-31,2018-07-31,2019-06-30,timemixer,26057.240040414046,33298.505941015406,DL
98014,2017-08-31,2018-08-31,2019-07-31,graph_wavenet,25824.784375299078,33324.44131668502,spatial_temporal
98014,2017-09-30,2018-09-30,2019-08-31,graph_wavenet,23715.99872380434,29277.46894850249,spatial_temporal
98014,2017-10-31,2018-10-31,2019-09-30,d2stgnn,24831.57654525653,36770.9740109654,spatial_temporal
98014,2017-11-30,2018-11-30,2019-10-31,stgformer,31067.113079074526,44833.085578354454,spatial_temporal
98014,2017-12-31,2018-12-31,2019-11-30,stgformer,28547.55182242414,35511.117852467185,spatial_temporal
98014,2018-01-31,2019-01-31,2019-12-31,itransformer,33699.87226239839,41200.8453313984,DL
98014,2018-02-28,2019-02-28,2020-01-31,itransformer,35699.97343558608,46085.53527944698,DL
98014,2018-03-31,2019-03-31,2020-02-29,dlinear,37553.752049285074,45273.69480281138,DL
98014,2018-04-30,2019-04-30,2020-03-31,dlinear,35631.678435612695,44114.854854890116,DL
98014,2018-05-31,2019-05-31,2020-04-30,dlinear,41837.223205308255,50732.603828308136,DL
98014,2018-06-30,2019-06-30,2020-05-31,stgcn,46212.757725841475,52682.40156785681,spatial_temporal
98014,2018-07-31,2019-07-31,2020-06-30,itransformer,46188.87399398288,50355.53148489441,DL
98014,2018-08-31,2019-08-31,2020-07-31,graph_wavenet,34014.493055638835,44103.79429167632,spatial_temporal
98014,2018-09-30,2019-09-30,2020-08-31,stgcn,27249.951631940796,41047.96144282389,spatial_temporal
98014,2018-10-31,2019-10-31,2020-09-30,dcrnn,31521.622594156215,37687.60321625067,spatial_temporal
98014,2018-11-30,2019-11-30,2020-10-31,dlinear,20231.632164423267,23439.911064655196,DL
98014,2018-12-31,2019-12-31,2020-11-30,dlinear,26192.09212889696,31989.800745215533,DL
98014,2019-01-31,2020-01-31,2020-12-31,stgcn,26592.804373469815,30836.016873074666,spatial_temporal
98014,2019-02-28,2020-02-29,2021-01-31,patchtst,22460.0691951711,26744.93719075983,DL
98014,2019-03-31,2020-03-31,2021-02-28,patchtst,24465.385098333325,29305.763614530395,DL
98014,2019-04-30,2020-04-30,2021-03-31,stgcn,30530.014806536707,44948.764475953096,spatial_temporal
98014,2019-05-31,2020-05-31,2021-04-30,stgcn,31908.925979800504,48196.804291784145,spatial_temporal
98014,2019-06-30,2020-06-30,2021-05-31,dcrnn,31316.47741960539,41437.63847228434,spatial_temporal
98014,2019-07-31,2020-07-31,2021-06-30,dcrnn,29525.04596066462,38853.77523395246,spatial_temporal
98014,2019-08-31,2020-08-31,2021-07-31,dcrnn,29477.556971841597,37270.5491172747,spatial_temporal
98014,2019-09-30,2020-09-30,2021-08-31,dcrnn,30712.570513242885,35774.40359267173,spatial_temporal
98014,2019-10-31,2020-10-31,2021-09-30,stgformer,28835.588860637643,37937.20413991296,spatial_temporal
98014,2019-11-30,2020-11-30,2021-10-31,d2stgnn,36570.26425168477,42880.559957449485,spatial_temporal
98014,2019-12-31,2020-12-31,2021-11-30,d2stgnn,21217.425605966488,29031.509318683744,spatial_temporal
98014,2020-01-31,2021-01-31,2021-12-31,d2stgnn,32536.334241593402,36670.308923984136,spatial_temporal
98014,2020-02-29,2021-02-28,2022-01-31,d2stgnn,22651.076653206506,32355.47650137185,spatial_temporal
98014,2020-03-31,2021-03-31,2022-02-28,d2stgnn,25499.29513880472,33707.462561127475,spatial_temporal
98014,2020-04-30,2021-04-30,2022-03-31,stgcn,31529.460206806834,45475.893041016716,spatial_temporal
98014,2020-05-31,2021-05-31,2022-04-30,itransformer,24432.87423376317,41777.68784058916,DL
98014,2020-06-30,2021-06-30,2022-05-31,stgformer,35599.717459284846,50092.29468741206,spatial_temporal
98014,2020-07-31,2021-07-31,2022-06-30,itransformer,37637.55512973413,55449.07743898942,DL
98014,2020-08-31,2021-08-31,2022-07-31,timemixer,40717.016350865866,52114.12138496955,DL
98014,2020-09-30,2021-09-30,2022-08-31,dcrnn,50993.15857110473,68754.33844323216,spatial_temporal
98014,2020-10-31,2021-10-31,2022-09-30,dcrnn,57561.63626933118,76588.24177706194,spatial_temporal
98014,2020-11-30,2021-11-30,2022-10-31,dcrnn,64885.77977038533,85091.74661532944,spatial_temporal
98014,2020-12-31,2021-12-31,2022-11-30,dcrnn,80242.36218457094,100579.83563428617,spatial_temporal
98014,2021-01-31,2022-01-31,2022-12-31,graph_wavenet,77331.52924409628,95502.89859338348,spatial_temporal
98014,2021-02-28,2022-02-28,2023-01-31,graph_wavenet,84581.25121796248,103938.44994738822,spatial_temporal
98014,2021-03-31,2022-03-31,2023-02-28,dlinear,94233.42428352292,121826.11156182204,DL
98014,2021-04-30,2022-04-30,2023-03-31,dlinear,99523.24314290173,117328.51027397266,DL
98014,2021-05-31,2022-05-31,2023-04-30,dlinear,105842.50587973611,121009.7886171453,DL
98014,2021-06-30,2022-06-30,2023-05-31,dlinear,96775.6334327688,115667.49765598013,DL
98014,2021-07-31,2022-07-31,2023-06-30,chronos2_zero,83143.29995465401,101784.358677292,foundation
98014,2021-08-31,2022-08-31,2023-07-31,chronos2_zero,79397.1424729405,96132.59394925642,foundation
98014,2021-09-30,2022-09-30,2023-08-31,chronos2_zero,87487.71861745247,101152.11576561721,foundation
98014,2021-10-31,2022-10-31,2023-09-30,chronos2_zero,74687.42868875369,108742.29037109716,foundation
98014,2021-11-30,2022-11-30,2023-10-31,patchtst,71052.20222875255,87807.72774630532,DL
98014,2021-12-31,2022-12-31,2023-11-30,graph_wavenet,55636.15015041389,73484.86844336217,spatial_temporal
98014,2022-12-31,2023-12-31,2024-11-30,itransformer,63346.778938610194,72565.95822475059,DL
98014,2023-01-31,2024-01-31,2024-12-31,stgformer,73166.77507263666,86033.92001956285,spatial_temporal
98014,2024-01-31,2025-01-31,2025-12-31,itransformer,27885.89695072461,38995.296820185395,DL
98014,2024-02-29,2025-02-28,2026-01-31,itransformer,34550.794493852205,46799.230880813906,DL
98014,2024-03-31,2025-03-31,2026-02-28,stgcn,53836.52421167423,69329.30410133314,spatial_temporal
98014,2024-04-30,2025-04-30,2026-03-31,dlinear,53479.245032408646,72841.19907503591,DL
98014,2024-05-31,2025-05-31,2026-04-30,itransformer,56400.86799080994,73590.02131173125,DL
98014,2024-06-30,2025-06-30,2026-05-31,itransformer,58918.1930695127,82350.97396471754,DL
98014,2024-07-31,2025-07-31,2026-06-30,itransformer,53211.26575536345,72220.10683971032,DL
98014,2024-08-31,2025-08-31,2026-07-31,itransformer,59344.43401885543,74278.15133059921,DL
98019,2016-03-31,2017-03-31,2018-02-28,dcrnn,10662.170663026549,15815.142886239235,spatial_temporal
98019,2016-04-30,2017-04-30,2018-03-31,dcrnn,12405.252540779999,18690.138485521707,spatial_temporal
98019,2016-05-31,2017-05-31,2018-04-30,dcrnn,12815.030619960598,17487.122475154058,spatial_temporal
98019,2016-06-30,2017-06-30,2018-05-31,dcrnn,12818.686109183289,16008.539081597357,spatial_temporal
98019,2016-07-31,2017-07-31,2018-06-30,dcrnn,10478.629367913623,14360.762684481877,spatial_temporal
98019,2016-08-31,2017-08-31,2018-07-31,dcrnn,10173.223772675556,13604.84527211233,spatial_temporal
98019,2016-09-30,2017-09-30,2018-08-31,dcrnn,12394.949243873765,15642.353222690454,spatial_temporal
98019,2016-10-31,2017-10-31,2018-09-30,dcrnn,18890.366170410463,22642.727119322142,spatial_temporal
98019,2016-11-30,2017-11-30,2018-10-31,dlinear,24940.860500276438,29527.313753571343,DL
98019,2016-12-31,2017-12-31,2018-11-30,dlinear,22111.789306057424,28888.064030080284,DL
98019,2017-01-31,2018-01-31,2018-12-31,graph_wavenet,23326.999203134736,29666.45631899773,spatial_temporal
98019,2017-02-28,2018-02-28,2019-01-31,dcrnn,24045.3494011833,30063.846329852982,spatial_temporal
98019,2017-03-31,2018-03-31,2019-02-28,stgcn,21373.307365370914,26258.022494992772,spatial_temporal
98019,2017-04-30,2018-04-30,2019-03-31,stgcn,23352.204543532145,28916.558161056815,spatial_temporal
98019,2017-05-31,2018-05-31,2019-04-30,graph_wavenet,25927.8530027563,29979.023756097933,spatial_temporal
98019,2017-06-30,2018-06-30,2019-05-31,stgcn,28697.01037019855,33283.23925397504,spatial_temporal
98019,2017-07-31,2018-07-31,2019-06-30,graph_wavenet,30399.270081037906,36206.212391235196,spatial_temporal
98019,2017-08-31,2018-08-31,2019-07-31,timesfm_zero,24933.640842198976,29844.385766179646,foundation
98019,2017-09-30,2018-09-30,2019-08-31,timesfm_zero,14385.363012233554,22390.490376678397,foundation
98019,2017-10-31,2018-10-31,2019-09-30,timesfm_zero,22074.010424591223,28894.362894132606,foundation
98019,2017-11-30,2018-11-30,2019-10-31,timemixer,17747.93483356206,26135.94194177976,DL
98019,2017-12-31,2018-12-31,2019-11-30,timemixer,11831.384477717636,15717.137497011627,DL
98019,2018-01-31,2019-01-31,2019-12-31,dcrnn,12604.746522379932,15801.24891286711,spatial_temporal
98019,2018-02-28,2019-02-28,2020-01-31,dcrnn,10421.757132408975,14482.061162024367,spatial_temporal
98019,2018-03-31,2019-03-31,2020-02-29,timemixer,13141.91984616773,18210.605357972334,DL
98019,2018-04-30,2019-04-30,2020-03-31,stgcn,17235.329481054436,19852.62771342846,spatial_temporal
98019,2018-05-31,2019-05-31,2020-04-30,stgcn,17002.952485205296,20060.116637242347,spatial_temporal
98019,2018-06-30,2019-06-30,2020-05-31,stgcn,17641.296059853805,23080.92756549354,spatial_temporal
98019,2018-07-31,2019-07-31,2020-06-30,itransformer,18969.07911359187,20815.133016236585,DL
98019,2018-08-31,2019-08-31,2020-07-31,graph_wavenet,20533.683353041502,24164.151358614436,spatial_temporal
98019,2018-09-30,2019-09-30,2020-08-31,graph_wavenet,20815.83997210377,23307.16977891198,spatial_temporal
98019,2018-10-31,2019-10-31,2020-09-30,graph_wavenet,20324.887457229273,24000.04935383835,spatial_temporal
98019,2018-11-30,2019-11-30,2020-10-31,patchtst,18950.729663652495,20716.94607570975,DL
98019,2018-12-31,2019-12-31,2020-11-30,graph_wavenet,17866.401253507134,21528.142435611382,spatial_temporal
98019,2019-01-31,2020-01-31,2020-12-31,stgcn,16098.728296630317,18809.961262992576,spatial_temporal
98019,2019-02-28,2020-02-29,2021-01-31,dcrnn,18093.522315480805,23578.230103821174,spatial_temporal
98019,2019-03-31,2020-03-31,2021-02-28,d2stgnn,17500.647848810215,20089.807162955105,spatial_temporal
98019,2019-04-30,2020-04-30,2021-03-31,dcrnn,18581.401898749085,22564.844363582888,spatial_temporal
98019,2019-05-31,2020-05-31,2021-04-30,dcrnn,18874.281804663613,24813.57616344113,spatial_temporal
98019,2019-06-30,2020-06-30,2021-05-31,d2stgnn,19103.856440683838,21242.57144733596,spatial_temporal
98019,2019-07-31,2020-07-31,2021-06-30,dcrnn,24263.375767122594,28828.027735481297,spatial_temporal
98019,2019-08-31,2020-08-31,2021-07-31,dcrnn,19216.60838004998,26179.581653933357,spatial_temporal
98019,2019-09-30,2020-09-30,2021-08-31,dcrnn,18626.39024782041,29135.232520742782,spatial_temporal
98019,2019-10-31,2020-10-31,2021-09-30,patchtst,21702.953298313525,27568.18300510517,DL
98019,2019-11-30,2020-11-30,2021-10-31,patchtst,16773.26511701928,24226.488974180666,DL
98019,2019-12-31,2020-12-31,2021-11-30,patchtst,16675.883257504745,26686.330309174886,DL
98019,2020-01-31,2021-01-31,2021-12-31,patchtst,19249.548730313738,25497.92690471069,DL
98019,2020-02-29,2021-02-28,2022-01-31,patchtst,18307.97974806736,28264.678209840567,DL
98019,2020-03-31,2021-03-31,2022-02-28,d2stgnn,15944.51299319911,22042.471178735017,spatial_temporal
98019,2020-04-30,2021-04-30,2022-03-31,stgformer,9888.878424962575,12460.709710244222,spatial_temporal
98019,2020-05-31,2021-05-31,2022-04-30,stgformer,25276.62578204089,41863.040507614554,spatial_temporal
98019,2020-06-30,2021-06-30,2022-05-31,stgformer,47308.25602484829,84881.49870875607,spatial_temporal
98019,2020-07-31,2021-07-31,2022-06-30,stgformer,62031.727658661956,100945.32439391897,spatial_temporal
98019,2020-08-31,2021-08-31,2022-07-31,timemixer,48826.639798909215,59683.58374053454,DL
98019,2020-09-30,2021-09-30,2022-08-31,timemixer,43785.38694974768,55795.5142408704,DL
98019,2020-10-31,2021-10-31,2022-09-30,d2stgnn,65335.95880885766,93803.54336479332,spatial_temporal
98019,2020-11-30,2021-11-30,2022-10-31,d2stgnn,62227.20860226673,82752.21030526586,spatial_temporal
98019,2020-12-31,2021-12-31,2022-11-30,d2stgnn,65397.078929076415,81420.51041451363,spatial_temporal
98019,2021-01-31,2022-01-31,2022-12-31,d2stgnn,67319.882369212,81983.25695924557,spatial_temporal
98019,2021-02-28,2022-02-28,2023-01-31,d2stgnn,67528.58054799099,84303.50742577568,spatial_temporal
98019,2021-03-31,2022-03-31,2023-02-28,d2stgnn,65189.18274569278,81131.92951094147,spatial_temporal
98019,2021-04-30,2022-04-30,2023-03-31,d2stgnn,57582.98636404973,68152.72452505567,spatial_temporal
98019,2021-05-31,2022-05-31,2023-04-30,timesfm_zero,58493.34225412635,78261.14177441566,foundation
98019,2021-06-30,2022-06-30,2023-05-31,timesfm_zero,68352.55202209299,76833.96579068228,foundation
98019,2021-07-31,2022-07-31,2023-06-30,timemixer,58467.50019793556,73846.02167926657,DL
98019,2021-08-31,2022-08-31,2023-07-31,timemixer,55574.1916352773,68077.07743595907,DL
98019,2021-09-30,2022-09-30,2023-08-31,graph_wavenet,42779.31501219165,49290.4646285159,spatial_temporal
98019,2021-10-31,2022-10-31,2023-09-30,itransformer,40933.18238114128,46050.554657711684,DL
98019,2021-11-30,2022-11-30,2023-10-31,stgcn,50417.01054675945,61559.69384112731,spatial_temporal
98019,2021-12-31,2022-12-31,2023-11-30,itransformer,53396.995919996705,61964.70063677297,DL
98019,2022-12-31,2023-12-31,2024-11-30,itransformer,44597.13041536868,62879.53504553551,DL
98019,2023-01-31,2024-01-31,2024-12-31,itransformer,58056.897787791335,83180.51585534088,DL
98019,2024-01-31,2025-01-31,2025-12-31,timesfm_zero,39418.57892438659,47616.325171689416,foundation
98019,2024-02-29,2025-02-28,2026-01-31,timesfm_zero,31461.269546367617,34770.63403895605,foundation
98019,2024-03-31,2025-03-31,2026-02-28,timesfm_zero,33177.60435911245,41826.21751515871,foundation
98019,2024-04-30,2025-04-30,2026-03-31,d2stgnn,44059.27934933465,57604.33172796176,spatial_temporal
98019,2024-05-31,2025-05-31,2026-04-30,d2stgnn,46397.86175849676,60090.371875175384,spatial_temporal
98019,2024-06-30,2025-06-30,2026-05-31,stgcn,52208.86108215208,65388.296902785696,spatial_temporal
98019,2024-07-31,2025-07-31,2026-06-30,stgcn,50073.85795366484,57611.45634875348,spatial_temporal
98019,2024-08-31,2025-08-31,2026-07-31,graph_wavenet,43171.99796265594,55103.49409339052,spatial_temporal
98020,2016-03-31,2017-03-31,2018-02-28,d2stgnn,31523.554977896576,37332.90342378566,spatial_temporal
98020,2016-04-30,2017-04-30,2018-03-31,d2stgnn,31746.4634976544,44688.19660929959,spatial_temporal
98020,2016-05-31,2017-05-31,2018-04-30,graph_wavenet,46250.907951528876,74735.81601097209,spatial_temporal
98020,2016-06-30,2017-06-30,2018-05-31,timemixer,53783.97419078633,81866.15820577179,DL
98020,2016-07-31,2017-07-31,2018-06-30,d2stgnn,47531.24745698593,63962.573148827876,spatial_temporal
98020,2016-08-31,2017-08-31,2018-07-31,itransformer,41338.4459763782,59604.79951672816,DL
98020,2016-09-30,2017-09-30,2018-08-31,d2stgnn,42581.98498428863,60414.14079187826,spatial_temporal
98020,2016-10-31,2017-10-31,2018-09-30,itransformer,32482.31765287313,48221.46914949759,DL
98020,2016-11-30,2017-11-30,2018-10-31,itransformer,43739.77574267431,65826.01780363928,DL
98020,2016-12-31,2017-12-31,2018-11-30,dlinear,50679.789288270025,66833.19562253777,DL
98020,2017-01-31,2018-01-31,2018-12-31,dlinear,49548.01173869145,66611.5008645357,DL
98020,2017-02-28,2018-02-28,2019-01-31,graph_wavenet,58567.27858430033,75292.53792236523,spatial_temporal
98020,2017-03-31,2018-03-31,2019-02-28,graph_wavenet,58441.55267595884,77046.60278352481,spatial_temporal
98020,2017-04-30,2018-04-30,2019-03-31,itransformer,31634.833591559425,41209.21182542533,DL
98020,2017-05-31,2018-05-31,2019-04-30,itransformer,37957.370340026835,52055.18032928877,DL
98020,2017-06-30,2018-06-30,2019-05-31,dlinear,38099.480979045424,54658.589287121125,DL
98020,2017-07-31,2018-07-31,2019-06-30,stgcn,38911.91321684039,47808.01395881952,spatial_temporal
98020,2017-08-31,2018-08-31,2019-07-31,patchtst,35580.992199755565,44301.54958560547,DL
98020,2017-09-30,2018-09-30,2019-08-31,patchtst,39389.054879699914,45542.59852914213,DL
98020,2017-10-31,2018-10-31,2019-09-30,patchtst,44303.09384234905,51541.0763236751,DL
98020,2017-11-30,2018-11-30,2019-10-31,patchtst,50811.989893665224,55314.50564720234,DL
98020,2017-12-31,2018-12-31,2019-11-30,itransformer,48485.12610019078,55589.328519234026,DL
98020,2018-01-31,2019-01-31,2019-12-31,stgformer,49927.60469724073,58686.46522037708,spatial_temporal
98020,2018-02-28,2019-02-28,2020-01-31,patchtst,52537.31486773791,58086.16656567007,DL
98020,2018-03-31,2019-03-31,2020-02-29,d2stgnn,46470.95805297521,51510.440968393465,spatial_temporal
98020,2018-04-30,2019-04-30,2020-03-31,timemixer,40113.211180596525,46494.97287236038,DL
98020,2018-05-31,2019-05-31,2020-04-30,d2stgnn,38033.16273472831,47806.36574408012,spatial_temporal
98020,2018-06-30,2019-06-30,2020-05-31,timemixer,37822.6845824598,44986.06624434151,DL
98020,2018-07-31,2019-07-31,2020-06-30,chronos2_zero,39243.232531862515,45043.155202975984,foundation
98020,2018-08-31,2019-08-31,2020-07-31,stgcn,31631.290683511947,43231.70744869917,spatial_temporal
98020,2018-09-30,2019-09-30,2020-08-31,stgcn,33218.40793615117,40933.8484108489,spatial_temporal
98020,2018-10-31,2019-10-31,2020-09-30,timemixer,28520.972567623714,33023.97182112022,DL
98020,2018-11-30,2019-11-30,2020-10-31,graph_wavenet,35326.54601466114,40635.28482247017,spatial_temporal
98020,2018-12-31,2019-12-31,2020-11-30,graph_wavenet,29657.485734083933,36550.93194220319,spatial_temporal
98020,2019-01-31,2020-01-31,2020-12-31,stgcn,27909.9983916034,38533.73930618699,spatial_temporal
98020,2019-02-28,2020-02-29,2021-01-31,patchtst,30614.40565401764,34949.618713521435,DL
98020,2019-03-31,2020-03-31,2021-02-28,d2stgnn,39015.873843359186,51162.626844075945,spatial_temporal
98020,2019-04-30,2020-04-30,2021-03-31,dcrnn,55085.06673884957,72044.4454507483,spatial_temporal
98020,2019-05-31,2020-05-31,2021-04-30,d2stgnn,52462.32888508096,64938.83859624065,spatial_temporal
98020,2019-06-30,2020-06-30,2021-05-31,d2stgnn,58458.672871405266,74169.3198220439,spatial_temporal
98020,2019-07-31,2020-07-31,2021-06-30,d2stgnn,68137.04066073812,79888.31815287945,spatial_temporal
98020,2019-08-31,2020-08-31,2021-07-31,d2stgnn,59167.772881080055,68088.28679713856,spatial_temporal
98020,2019-09-30,2020-09-30,2021-08-31,dcrnn,42382.40119848452,50537.01432233421,spatial_temporal
98020,2019-10-31,2020-10-31,2021-09-30,itransformer,43799.661354396754,53045.25446724509,DL
98020,2019-11-30,2020-11-30,2021-10-31,itransformer,43686.20037298531,51199.974577780165,DL
98020,2019-12-31,2020-12-31,2021-11-30,d2stgnn,43037.03620312818,55564.971186314295,spatial_temporal
98020,2020-01-31,2021-01-31,2021-12-31,stgcn,44409.743035514664,53051.31455367468,spatial_temporal
98020,2020-02-29,2021-02-28,2022-01-31,timemixer,53763.25737584329,59840.61584568764,DL
98020,2020-03-31,2021-03-31,2022-02-28,itransformer,41124.55623129047,54229.78785307198,DL
98020,2020-04-30,2021-04-30,2022-03-31,dlinear,44195.93746313558,53318.60816922423,DL
98020,2020-05-31,2021-05-31,2022-04-30,dlinear,55660.22507402217,64936.63573408183,DL
98020,2020-06-30,2021-06-30,2022-05-31,itransformer,59729.7853088885,66147.21992290167,DL
98020,2020-07-31,2021-07-31,2022-06-30,itransformer,78823.54418070563,100442.5944922782,DL
98020,2020-08-31,2021-08-31,2022-07-31,dlinear,75429.9137105538,86386.2256930625,DL
98020,2020-09-30,2021-09-30,2022-08-31,itransformer,60272.785698866726,78726.53115713541,DL
98020,2020-10-31,2021-10-31,2022-09-30,itransformer,72146.43037583616,92850.72040015024,DL
98020,2020-11-30,2021-11-30,2022-10-31,graph_wavenet,72693.04703605609,85754.37220297026,spatial_temporal
98020,2020-12-31,2021-12-31,2022-11-30,dlinear,70967.66299282144,85199.32963034307,DL
98020,2021-01-31,2022-01-31,2022-12-31,stgformer,63338.8016404793,88106.42701191569,spatial_temporal
98020,2021-02-28,2022-02-28,2023-01-31,d2stgnn,43421.92925862135,51962.68050707339,spatial_temporal
98020,2021-03-31,2022-03-31,2023-02-28,graph_wavenet,50402.90775762403,66943.48852236738,spatial_temporal
98020,2021-04-30,2022-04-30,2023-03-31,itransformer,41474.52462428969,48202.65303529559,DL
98020,2021-05-31,2022-05-31,2023-04-30,itransformer,26168.571443170735,30365.600309102516,DL
98020,2021-06-30,2022-06-30,2023-05-31,itransformer,21579.426247835974,30048.199247594992,DL
98020,2021-07-31,2022-07-31,2023-06-30,itransformer,32300.38053340719,44302.44809386004,DL
98020,2021-08-31,2022-08-31,2023-07-31,dlinear,52290.827858675366,64855.451549317564,DL
98020,2021-09-30,2022-09-30,2023-08-31,timesfm_zero,49794.9839331288,61872.12290285257,foundation
98020,2021-10-31,2022-10-31,2023-09-30,timesfm_zero,49171.66067646964,57901.195742018666,foundation
98020,2021-11-30,2022-11-30,2023-10-31,timesfm_zero,53478.75462817183,63143.569443696484,foundation
98020,2021-12-31,2022-12-31,2023-11-30,dlinear,48313.70307666495,63219.36936632283,DL
98020,2022-12-31,2023-12-31,2024-11-30,timemixer,76461.67206954728,93667.89128228872,DL
98020,2023-01-31,2024-01-31,2024-12-31,d2stgnn,79975.43853973593,92633.94365374798,spatial_temporal
98020,2024-01-31,2025-01-31,2025-12-31,timesfm_zero,61310.98700319824,76523.0369211592,foundation
98020,2024-02-29,2025-02-28,2026-01-31,timesfm_zero,51142.680409163026,63223.48382401867,foundation
98020,2024-03-31,2025-03-31,2026-02-28,graph_wavenet,56607.45988447361,75317.35896302827,spatial_temporal
98020,2024-04-30,2025-04-30,2026-03-31,stgcn,72861.55387301173,90863.24920832376,spatial_temporal
98020,2024-05-31,2025-05-31,2026-04-30,chronos2_zero,54955.23750673238,76417.67093558727,foundation
98020,2024-06-30,2025-06-30,2026-05-31,chronos2_zero,69429.67809296366,86775.59556550642,foundation
98020,2024-07-31,2025-07-31,2026-06-30,chronos2_zero,75391.84182334237,91341.1157576566,foundation
98020,2024-08-31,2025-08-31,2026-07-31,stgformer,76135.90829254616,91459.25782096684,spatial_temporal
98021,2016-03-31,2017-03-31,2018-02-28,graph_wavenet,19081.880654294713,25506.80292474516,spatial_temporal
98021,2016-04-30,2017-04-30,2018-03-31,graph_wavenet,15008.570528373986,16938.026962662658,spatial_temporal
98021,2016-05-31,2017-05-31,2018-04-30,graph_wavenet,17825.093131009362,21227.301156729412,spatial_temporal
98021,2016-06-30,2017-06-30,2018-05-31,dcrnn,17628.04417392759,21775.413561118396,spatial_temporal
98021,2016-07-31,2017-07-31,2018-06-30,dcrnn,18229.315922639693,22641.03905888216,spatial_temporal
98021,2016-08-31,2017-08-31,2018-07-31,dcrnn,16694.001031965523,19971.299112515233,spatial_temporal
98021,2016-09-30,2017-09-30,2018-08-31,dcrnn,16293.899438173607,19492.011412713116,spatial_temporal
98021,2016-10-31,2017-10-31,2018-09-30,d2stgnn,8935.787922467242,10595.271065132412,spatial_temporal
98021,2016-11-30,2017-11-30,2018-10-31,d2stgnn,13232.745963659283,16338.885760708035,spatial_temporal
98021,2016-12-31,2017-12-31,2018-11-30,dlinear,12908.966737770204,16706.533183258412,DL
98021,2017-01-31,2018-01-31,2018-12-31,stgformer,10650.069712733713,14729.99122879441,spatial_temporal
98021,2017-02-28,2018-02-28,2019-01-31,patchtst,15971.295976241536,22719.5609756275,DL
98021,2017-03-31,2018-03-31,2019-02-28,timemixer,15749.409629372094,16543.141775736483,DL
98021,2017-04-30,2018-04-30,2019-03-31,patchtst,19463.09527241325,23290.0591801275,DL
98021,2017-05-31,2018-05-31,2019-04-30,timemixer,12230.171097804685,17025.75602271451,DL
98021,2017-06-30,2018-06-30,2019-05-31,timemixer,11850.18955836808,16175.28119897947,DL
98021,2017-07-31,2018-07-31,2019-06-30,timesfm_zero,15118.255152951306,21297.00742189545,foundation
98021,2017-08-31,2018-08-31,2019-07-31,timesfm_zero,15294.190706404877,22091.79059011238,foundation
98021,2017-09-30,2018-09-30,2019-08-31,timesfm_zero,18075.20834842266,20358.901510275507,foundation
98021,2017-10-31,2018-10-31,2019-09-30,chronos2_zero,13663.62370505314,17013.016269720974,foundation
98021,2017-11-30,2018-11-30,2019-10-31,chronos2_zero,17404.571870282776,20557.583330794983,foundation
98021,2017-12-31,2018-12-31,2019-11-30,timesfm_zero,18590.19083509335,22665.149823345644,foundation
98021,2018-01-31,2019-01-31,2019-12-31,d2stgnn,18675.061033965543,24669.267303886478,spatial_temporal
98021,2018-02-28,2019-02-28,2020-01-31,itransformer,19639.37447832158,27279.07417619624,DL
98021,2018-03-31,2019-03-31,2020-02-29,itransformer,20697.67095095468,27413.811420298967,DL
98021,2018-04-30,2019-04-30,2020-03-31,graph_wavenet,20560.731318899303,23930.838213038627,spatial_temporal
98021,2018-05-31,2019-05-31,2020-04-30,dlinear,12994.765944733255,17929.719829127265,DL
98021,2018-06-30,2019-06-30,2020-05-31,dcrnn,11300.36026034834,14232.944075350706,spatial_temporal
98021,2018-07-31,2019-07-31,2020-06-30,itransformer,16677.72480505933,22250.304408453696,DL
98021,2018-08-31,2019-08-31,2020-07-31,itransformer,14661.70217038728,16172.480617178162,DL
98021,2018-09-30,2019-09-30,2020-08-31,itransformer,12672.15867257452,14500.946821715874,DL
98021,2018-10-31,2019-10-31,2020-09-30,itransformer,14925.297598429237,17658.04248981911,DL
98021,2018-11-30,2019-11-30,2020-10-31,itransformer,14014.48629452617,14900.503523806361,DL
98021,2018-12-31,2019-12-31,2020-11-30,itransformer,15183.233007151575,17191.08586953136,DL
98021,2019-01-31,2020-01-31,2020-12-31,itransformer,15759.748437332406,18878.499313288015,DL
98021,2019-02-28,2020-02-29,2021-01-31,itransformer,19570.75947562775,22021.407855026144,DL
98021,2019-03-31,2020-03-31,2021-02-28,patchtst,23034.118114693207,26033.89198286186,DL
98021,2019-04-30,2020-04-30,2021-03-31,patchtst,31006.612558954483,37265.30885552963,DL
98021,2019-05-31,2020-05-31,2021-04-30,stgformer,34436.64787813556,42086.98872314715,spatial_temporal
98021,2019-06-30,2020-06-30,2021-05-31,timemixer,30742.30967995276,40598.03794957318,DL
98021,2019-07-31,2020-07-31,2021-06-30,timemixer,28555.08341946382,33535.672308360605,DL
98021,2019-08-31,2020-08-31,2021-07-31,timemixer,28992.1547690476,32168.99180784273,DL
98021,2019-09-30,2020-09-30,2021-08-31,timemixer,28631.41587892229,31832.420363143414,DL
98021,2019-10-31,2020-10-31,2021-09-30,patchtst,32562.452899515756,45898.15027789424,DL
98021,2019-11-30,2020-11-30,2021-10-31,d2stgnn,25262.96696381662,33545.09142493746,spatial_temporal
98021,2019-12-31,2020-12-31,2021-11-30,d2stgnn,30710.845065052814,35992.50395267849,spatial_temporal
98021,2020-01-31,2021-01-31,2021-12-31,d2stgnn,25763.731674938706,33883.82764981856,spatial_temporal
98021,2020-02-29,2021-02-28,2022-01-31,stgcn,20420.4425176527,23465.559646116046,spatial_temporal
98021,2020-03-31,2021-03-31,2022-02-28,stgcn,20017.197115331976,41191.57798958431,spatial_temporal
98021,2020-04-30,2021-04-30,2022-03-31,stgformer,48756.904274162545,65443.789683055635,spatial_temporal
98021,2020-05-31,2021-05-31,2022-04-30,itransformer,59637.452414225154,94887.55981732004,DL
98021,2020-06-30,2021-06-30,2022-05-31,timemixer,59449.39952339882,72790.01428991802,DL
98021,2020-07-31,2021-07-31,2022-06-30,timemixer,43603.2523695787,62033.08345839601,DL
98021,2020-08-31,2021-08-31,2022-07-31,timemixer,49307.69278643763,56584.70383791809,DL
98021,2020-09-30,2021-09-30,2022-08-31,timemixer,58911.05822521875,68701.88658882171,DL
98021,2020-10-31,2021-10-31,2022-09-30,itransformer,71377.52285884273,96734.23078647115,DL
98021,2020-11-30,2021-11-30,2022-10-31,d2stgnn,75355.24973603747,82760.67150818469,spatial_temporal
98021,2020-12-31,2021-12-31,2022-11-30,d2stgnn,92127.20918471449,102839.19203328974,spatial_temporal
98021,2021-01-31,2022-01-31,2022-12-31,d2stgnn,89014.9149629483,101255.32196049036,spatial_temporal
98021,2021-02-28,2022-02-28,2023-01-31,timemixer,80514.13864842035,99311.96392449873,DL
98021,2021-03-31,2022-03-31,2023-02-28,dcrnn,79046.46430487306,94920.05885695292,spatial_temporal
98021,2021-04-30,2022-04-30,2023-03-31,dcrnn,74450.03573959593,96928.84038078846,spatial_temporal
98021,2021-05-31,2022-05-31,2023-04-30,dcrnn,72334.80722571783,101927.16116259359,spatial_temporal
98021,2021-06-30,2022-06-30,2023-05-31,stgcn,64650.62595536644,81235.79222178546,spatial_temporal
98021,2021-07-31,2022-07-31,2023-06-30,stgcn,58904.07076161975,79732.45451593792,spatial_temporal
98021,2021-08-31,2022-08-31,2023-07-31,itransformer,69270.57647653137,80273.26675361273,DL
98021,2021-09-30,2022-09-30,2023-08-31,dlinear,94587.88519315755,126761.53035775636,DL
98021,2021-10-31,2022-10-31,2023-09-30,dlinear,88388.53251737593,108401.17591129939,DL
98021,2021-11-30,2022-11-30,2023-10-31,dlinear,88876.44551097549,101329.60897385652,DL
98021,2021-12-31,2022-12-31,2023-11-30,itransformer,72557.49458610847,95619.0865414491,DL
98021,2022-12-31,2023-12-31,2024-11-30,itransformer,47920.176865063644,64091.247635256674,DL
98021,2023-01-31,2024-01-31,2024-12-31,chronos2_zero,47759.00150745948,65750.17342822392,foundation
98021,2024-01-31,2025-01-31,2025-12-31,chronos2_zero,78783.79744517668,103770.11252856547,foundation
98021,2024-02-29,2025-02-28,2026-01-31,timesfm_zero,102073.35313862347,126006.10095736325,foundation
98021,2024-03-31,2025-03-31,2026-02-28,timesfm_zero,92511.4282263672,121062.31976923622,foundation
98021,2024-04-30,2025-04-30,2026-03-31,timesfm_zero,121556.44511172012,152890.76882862084,foundation
98021,2024-05-31,2025-05-31,2026-04-30,timemixer,155470.76150025972,176479.54407093453,DL
98021,2024-06-30,2025-06-30,2026-05-31,chronos2_zero,100305.8112742208,113444.71056759547,foundation
98021,2024-07-31,2025-07-31,2026-06-30,chronos2_zero,91888.4505826896,110757.64858545872,foundation
98021,2024-08-31,2025-08-31,2026-07-31,timemixer,93014.72259428674,100309.40874604214,DL
98022,2016-03-31,2017-03-31,2018-02-28,dlinear,16149.16210698541,19136.684422777733,DL
98022,2016-04-30,2017-04-30,2018-03-31,dlinear,13773.00811873746,18287.004909524825,DL
98022,2016-05-31,2017-05-31,2018-04-30,d2stgnn,11291.008695860195,17080.482387146956,spatial_temporal
98022,2016-06-30,2017-06-30,2018-05-31,d2stgnn,11969.705494885444,16995.36909639688,spatial_temporal
98022,2016-07-31,2017-07-31,2018-06-30,dcrnn,13174.508295863265,17881.367074725647,spatial_temporal
98022,2016-08-31,2017-08-31,2018-07-31,patchtst,11454.604855367521,18097.75362001949,DL
98022,2016-09-30,2017-09-30,2018-08-31,itransformer,12496.970404599391,15887.4724773511,DL
98022,2016-10-31,2017-10-31,2018-09-30,timemixer,9180.676839652582,11540.444234828587,DL
98022,2016-11-30,2017-11-30,2018-10-31,timemixer,6169.256467255012,6934.413506810778,DL
98022,2016-12-31,2017-12-31,2018-11-30,timemixer,7604.532472510294,9025.819131685257,DL
98022,2017-01-31,2018-01-31,2018-12-31,timemixer,7319.472005251072,9311.676303776378,DL
98022,2017-02-28,2018-02-28,2019-01-31,graph_wavenet,4546.608089426867,6044.955796828169,spatial_temporal
98022,2017-03-31,2018-03-31,2019-02-28,stgformer,4755.907691429321,6966.964219936504,spatial_temporal
98022,2017-04-30,2018-04-30,2019-03-31,dcrnn,13914.893984295364,24938.68669931579,spatial_temporal
98022,2017-05-31,2018-05-31,2019-04-30,stgformer,16791.47551541816,27501.830068592488,spatial_temporal
98022,2017-06-30,2018-06-30,2019-05-31,timemixer,13859.642045839873,26690.385135941775,DL
98022,2017-07-31,2018-07-31,2019-06-30,graph_wavenet,14656.884118958676,26675.12151178405,spatial_temporal
98022,2017-08-31,2018-08-31,2019-07-31,patchtst,15948.648937935059,27319.21587060549,DL
98022,2017-09-30,2018-09-30,2019-08-31,patchtst,18557.238597133317,29535.213337577254,DL
98022,2017-10-31,2018-10-31,2019-09-30,patchtst,20746.279226446986,32343.77184992618,DL
98022,2017-11-30,2018-11-30,2019-10-31,patchtst,21567.109242987342,33864.06693599611,DL
98022,2017-12-31,2018-12-31,2019-11-30,patchtst,20722.599518424173,32766.558640794607,DL
98022,2018-01-31,2019-01-31,2019-12-31,dcrnn,17763.946799723086,27607.841651670493,spatial_temporal
98022,2018-02-28,2019-02-28,2020-01-31,d2stgnn,16579.06558169256,28706.49996621938,spatial_temporal
98022,2018-03-31,2019-03-31,2020-02-29,itransformer,17319.442805356146,29742.372663629172,DL
98022,2018-04-30,2019-04-30,2020-03-31,patchtst,12579.614396172203,16791.080530866602,DL
98022,2018-05-31,2019-05-31,2020-04-30,stgformer,11801.872396233719,13815.19094566381,spatial_temporal
98022,2018-06-30,2019-06-30,2020-05-31,itransformer,7313.197827832778,8645.58807898866,DL
98022,2018-07-31,2019-07-31,2020-06-30,timesfm_zero,9006.269536160617,11297.110525326692,foundation
98022,2018-08-31,2019-08-31,2020-07-31,timesfm_zero,7759.17636402366,11699.942456608303,foundation
98022,2018-09-30,2019-09-30,2020-08-31,stgcn,8196.081301550425,11387.81574846414,spatial_temporal
98022,2018-10-31,2019-10-31,2020-09-30,graph_wavenet,13830.828285237227,19372.41322400604,spatial_temporal
98022,2018-11-30,2019-11-30,2020-10-31,graph_wavenet,14748.508731218322,24337.59982737487,spatial_temporal
98022,2018-12-31,2019-12-31,2020-11-30,timemixer,17467.687061110486,23532.56380250118,DL
98022,2019-01-31,2020-01-31,2020-12-31,timemixer,16302.919440167263,23229.60850871383,DL
98022,2019-02-28,2020-02-29,2021-01-31,timemixer,15194.91366015817,22852.296395610178,DL
98022,2019-03-31,2020-03-31,2021-02-28,timemixer,17975.061745289353,27048.761708818754,DL
98022,2019-04-30,2020-04-30,2021-03-31,dlinear,19193.537675919088,22004.61551917691,DL
98022,2019-05-31,2020-05-31,2021-04-30,d2stgnn,18654.716872136018,22468.455314991883,spatial_temporal
98022,2019-06-30,2020-06-30,2021-05-31,d2stgnn,21119.769217976525,25802.683444492348,spatial_temporal
98022,2019-07-31,2020-07-31,2021-06-30,dcrnn,22466.43897851977,26185.420583747906,spatial_temporal
98022,2019-08-31,2020-08-31,2021-07-31,d2stgnn,20114.509611999576,23712.356261925273,spatial_temporal
98022,2019-09-30,2020-09-30,2021-08-31,d2stgnn,16716.904175846696,20126.86492672642,spatial_temporal
98022,2019-10-31,2020-10-31,2021-09-30,d2stgnn,13522.495033525256,16994.518453518478,spatial_temporal
98022,2019-11-30,2020-11-30,2021-10-31,d2stgnn,14109.543205011802,18546.9720167828,spatial_temporal
98022,2019-12-31,2020-12-31,2021-11-30,stgformer,15165.908500728547,18393.261537276492,spatial_temporal
98022,2020-01-31,2021-01-31,2021-12-31,stgformer,11946.205447875536,16442.914420445,spatial_temporal
98022,2020-02-29,2021-02-28,2022-01-31,dcrnn,16284.268912951937,21752.70156772014,spatial_temporal
98022,2020-03-31,2021-03-31,2022-02-28,patchtst,20678.671346350948,27843.584350102054,DL
98022,2020-04-30,2021-04-30,2022-03-31,patchtst,22805.12217336343,31570.810385160337,DL
98022,2020-05-31,2021-05-31,2022-04-30,patchtst,26307.680248738994,30701.277191949717,DL
98022,2020-06-30,2021-06-30,2022-05-31,d2stgnn,25860.842520582228,30327.210276933296,spatial_temporal
98022,2020-07-31,2021-07-31,2022-06-30,dcrnn,21371.49257802253,25884.98536641195,spatial_temporal
98022,2020-08-31,2021-08-31,2022-07-31,dcrnn,16633.452577220643,19684.623609495422,spatial_temporal
98022,2020-09-30,2021-09-30,2022-08-31,dcrnn,17278.927826723655,22093.486429439632,spatial_temporal
98022,2020-10-31,2021-10-31,2022-09-30,dcrnn,19025.866698223475,24174.152064583017,spatial_temporal
98022,2020-11-30,2021-11-30,2022-10-31,dcrnn,18880.23121473171,24421.678663901643,spatial_temporal
98022,2020-12-31,2021-12-31,2022-11-30,dcrnn,17439.40698191831,22976.21926103686,spatial_temporal
98022,2021-01-31,2022-01-31,2022-12-31,dcrnn,13610.750941074619,19050.419034936833,spatial_temporal
98022,2021-02-28,2022-02-28,2023-01-31,chronos2_zero,22878.82407097468,28314.8661311738,foundation
98022,2021-03-31,2022-03-31,2023-02-28,patchtst,21312.281750364433,26213.79751465191,DL
98022,2021-04-30,2022-04-30,2023-03-31,patchtst,21013.25855617749,29334.473843093412,DL
98022,2021-05-31,2022-05-31,2023-04-30,dlinear,19245.741968851118,27431.390697419578,DL
98022,2021-06-30,2022-06-30,2023-05-31,timesfm_zero,30923.845856548094,39063.581519875916,foundation
98022,2021-07-31,2022-07-31,2023-06-30,timesfm_zero,32872.72688973204,43072.35193097285,foundation
98022,2021-08-31,2022-08-31,2023-07-31,timesfm_zero,31038.843396073247,38874.08791894186,foundation
98022,2021-09-30,2022-09-30,2023-08-31,patchtst,31318.96957554543,38579.801714085384,DL
98022,2021-10-31,2022-10-31,2023-09-30,patchtst,34524.9572639757,39040.66161690622,DL
98022,2021-11-30,2022-11-30,2023-10-31,patchtst,37803.44744260111,44354.65755427264,DL
98022,2021-12-31,2022-12-31,2023-11-30,timemixer,35914.53454128575,39713.35778955195,DL
98022,2022-12-31,2023-12-31,2024-11-30,chronos2_zero,19007.468504505097,22936.77211372206,foundation
98022,2023-01-31,2024-01-31,2024-12-31,chronos2_zero,19974.4418553092,22922.534531653477,foundation
98022,2024-01-31,2025-01-31,2025-12-31,itransformer,16700.14863295467,21183.13736551002,DL
98022,2024-02-29,2025-02-28,2026-01-31,d2stgnn,22508.964767251437,32341.04843125339,spatial_temporal
98022,2024-03-31,2025-03-31,2026-02-28,stgformer,21799.45163439419,31264.25290595417,spatial_temporal
98022,2024-04-30,2025-04-30,2026-03-31,chronos2_zero,20256.11574934132,27900.231095143856,foundation
98022,2024-05-31,2025-05-31,2026-04-30,chronos2_zero,18050.950761379016,22278.516940610058,foundation
98022,2024-06-30,2025-06-30,2026-05-31,timesfm_zero,13601.476064399127,17026.581620480592,foundation
98022,2024-07-31,2025-07-31,2026-06-30,timesfm_zero,12912.992619811945,15239.035232186157,foundation
98022,2024-08-31,2025-08-31,2026-07-31,chronos2_zero,11911.926004854535,14736.68509564943,foundation
98023,2016-03-31,2017-03-31,2018-02-28,d2stgnn,4758.336447144393,6103.357765905757,spatial_temporal
98023,2016-04-30,2017-04-30,2018-03-31,d2stgnn,6028.087945953822,7600.440512501809,spatial_temporal
98023,2016-05-31,2017-05-31,2018-04-30,d2stgnn,6592.083918057765,7445.689550395415,spatial_temporal
98023,2016-06-30,2017-06-30,2018-05-31,stgformer,5002.814679576084,6165.075638281484,spatial_temporal
98023,2016-07-31,2017-07-31,2018-06-30,stgformer,4596.418205947518,6260.0090140303655,spatial_temporal
98023,2016-08-31,2017-08-31,2018-07-31,stgformer,4313.911623114352,5086.010340152695,spatial_temporal
98023,2016-09-30,2017-09-30,2018-08-31,graph_wavenet,5618.567998165677,6726.198350302227,spatial_temporal
98023,2016-10-31,2017-10-31,2018-09-30,stgcn,6009.067922243358,7397.98832002524,spatial_temporal
98023,2016-11-30,2017-11-30,2018-10-31,stgformer,4541.459892255618,6186.476653326097,spatial_temporal
98023,2016-12-31,2017-12-31,2018-11-30,stgformer,4056.4422057120923,5228.581376667654,spatial_temporal
98023,2017-01-31,2018-01-31,2018-12-31,stgformer,5889.153145436353,6852.165384465634,spatial_temporal
98023,2017-02-28,2018-02-28,2019-01-31,stgformer,8845.271458979905,10079.35537519855,spatial_temporal
98023,2017-03-31,2018-03-31,2019-02-28,patchtst,10334.595029484335,11979.71017303602,DL
98023,2017-04-30,2018-04-30,2019-03-31,patchtst,10478.081428577532,12138.517055009663,DL
98023,2017-05-31,2018-05-31,2019-04-30,stgformer,9437.529931093164,11745.052944512934,spatial_temporal
98023,2017-06-30,2018-06-30,2019-05-31,stgformer,11218.529516661583,14518.172360080738,spatial_temporal
98023,2017-07-31,2018-07-31,2019-06-30,stgformer,10778.699414369024,14874.738565069085,spatial_temporal
98023,2017-08-31,2018-08-31,2019-07-31,stgformer,11641.76319803314,16549.88813683064,spatial_temporal
98023,2017-09-30,2018-09-30,2019-08-31,stgformer,10852.555331641148,14118.781724942643,spatial_temporal
98023,2017-10-31,2018-10-31,2019-09-30,stgformer,13825.000825875695,16477.92156589819,spatial_temporal
98023,2017-11-30,2018-11-30,2019-10-31,dlinear,12269.795148207719,17935.564317373653,DL
98023,2017-12-31,2018-12-31,2019-11-30,dlinear,12039.002558552625,14471.767589408882,DL
98023,2018-01-31,2019-01-31,2019-12-31,dlinear,10771.747233762004,13034.526275432487,DL
98023,2018-02-28,2019-02-28,2020-01-31,dlinear,10846.204498449913,13452.692824214657,DL
98023,2018-03-31,2019-03-31,2020-02-29,dlinear,11509.097597602833,14468.789577620799,DL
98023,2018-04-30,2019-04-30,2020-03-31,dlinear,15144.124245833902,19122.062026201023,DL
98023,2018-05-31,2019-05-31,2020-04-30,d2stgnn,12008.323693505785,13456.674554017856,spatial_temporal
98023,2018-06-30,2019-06-30,2020-05-31,d2stgnn,9081.07027017978,10901.523262806502,spatial_temporal
98023,2018-07-31,2019-07-31,2020-06-30,dcrnn,7724.000690369857,8961.015760082537,spatial_temporal
98023,2018-08-31,2019-08-31,2020-07-31,dcrnn,8960.724610481164,11492.496670937078,spatial_temporal
98023,2018-09-30,2019-09-30,2020-08-31,graph_wavenet,8256.432975981059,9615.292718280258,spatial_temporal
98023,2018-10-31,2019-10-31,2020-09-30,dcrnn,7040.886870115447,8589.157213616583,spatial_temporal
98023,2018-11-30,2019-11-30,2020-10-31,timemixer,7807.200247627804,10889.170691753767,DL
98023,2018-12-31,2019-12-31,2020-11-30,timemixer,6353.64796170004,7318.958832237366,DL
98023,2019-01-31,2020-01-31,2020-12-31,timemixer,7408.148975519575,10485.924693610554,DL
98023,2019-02-28,2020-02-29,2021-01-31,timemixer,10608.051681455909,14138.072733734734,DL
98023,2019-03-31,2020-03-31,2021-02-28,patchtst,10602.991096706222,11882.575236393515,DL
98023,2019-04-30,2020-04-30,2021-03-31,patchtst,9815.81373672034,13529.161684826844,DL
98023,2019-05-31,2020-05-31,2021-04-30,stgformer,12480.518991827097,15123.565811657656,spatial_temporal
98023,2019-06-30,2020-06-30,2021-05-31,graph_wavenet,15399.847371643176,23775.163899171417,spatial_temporal
98023,2019-07-31,2020-07-31,2021-06-30,d2stgnn,13939.394324468454,16484.055322059383,spatial_temporal
98023,2019-08-31,2020-08-31,2021-07-31,d2stgnn,15721.502128471091,19908.32222113319,spatial_temporal
98023,2019-09-30,2020-09-30,2021-08-31,d2stgnn,16668.554189114697,22675.948770136427,spatial_temporal
98023,2019-10-31,2020-10-31,2021-09-30,d2stgnn,15079.375222295863,20605.52360110585,spatial_temporal
98023,2019-11-30,2020-11-30,2021-10-31,d2stgnn,15033.628526455277,17814.54002426037,spatial_temporal
98023,2019-12-31,2020-12-31,2021-11-30,d2stgnn,11870.623993924228,14318.985179928506,spatial_temporal
98023,2020-01-31,2021-01-31,2021-12-31,d2stgnn,10270.81959300219,11095.854770807164,spatial_temporal
98023,2020-02-29,2021-02-28,2022-01-31,d2stgnn,8634.57742403172,10059.728817122737,spatial_temporal
98023,2020-03-31,2021-03-31,2022-02-28,d2stgnn,10018.708982040533,10890.86060268555,spatial_temporal
98023,2020-04-30,2021-04-30,2022-03-31,d2stgnn,9811.2724377072,11165.471610446564,spatial_temporal
98023,2020-05-31,2021-05-31,2022-04-30,d2stgnn,12119.691152068282,14466.602530812841,spatial_temporal
98023,2020-06-30,2021-06-30,2022-05-31,d2stgnn,10130.759167385579,13008.522516719873,spatial_temporal
98023,2020-07-31,2021-07-31,2022-06-30,d2stgnn,13553.382546815401,15340.494232242865,spatial_temporal
98023,2020-08-31,2021-08-31,2022-07-31,d2stgnn,7627.276001131162,9353.51416465648,spatial_temporal
98023,2020-09-30,2021-09-30,2022-08-31,d2stgnn,7025.015088327888,8385.323074126653,spatial_temporal
98023,2020-10-31,2021-10-31,2022-09-30,itransformer,11654.911484562443,14187.563743212231,DL
98023,2020-11-30,2021-11-30,2022-10-31,itransformer,6577.638589316455,8173.490537455892,DL
98023,2020-12-31,2021-12-31,2022-11-30,d2stgnn,9615.15737152315,12237.786201304783,spatial_temporal
98023,2021-01-31,2022-01-31,2022-12-31,d2stgnn,11874.0147218887,14015.605013043169,spatial_temporal
98023,2021-02-28,2022-02-28,2023-01-31,d2stgnn,15541.555479435425,16999.352564324014,spatial_temporal
98023,2021-03-31,2022-03-31,2023-02-28,d2stgnn,13623.377902918,16583.02857182899,spatial_temporal
98023,2021-04-30,2022-04-30,2023-03-31,timemixer,17704.635819690913,22192.901401096144,DL
98023,2021-05-31,2022-05-31,2023-04-30,timemixer,15263.172060879957,22102.310333569516,DL
98023,2021-06-30,2022-06-30,2023-05-31,d2stgnn,23140.18206536598,28680.102106653034,spatial_temporal
98023,2021-07-31,2022-07-31,2023-06-30,d2stgnn,18562.980663158098,22487.167353675504,spatial_temporal
98023,2021-08-31,2022-08-31,2023-07-31,d2stgnn,19413.11586682651,24088.608260746772,spatial_temporal
98023,2021-09-30,2022-09-30,2023-08-31,chronos2_zero,20336.305998470936,24866.86610463819,foundation
98023,2021-10-31,2022-10-31,2023-09-30,graph_wavenet,17886.32116709671,21086.540280664954,spatial_temporal
98023,2021-11-30,2022-11-30,2023-10-31,graph_wavenet,14373.817510569506,17842.10732058654,spatial_temporal
98023,2021-12-31,2022-12-31,2023-11-30,graph_wavenet,11360.386443413716,15250.195123482008,spatial_temporal
98023,2022-12-31,2023-12-31,2024-11-30,dlinear,20619.231935612315,23072.907241669553,DL
98023,2023-01-31,2024-01-31,2024-12-31,dlinear,13975.525102044523,16354.75310393721,DL
98023,2024-01-31,2025-01-31,2025-12-31,chronos2_zero,8948.344780149133,14115.975501404448,foundation
98023,2024-02-29,2025-02-28,2026-01-31,chronos2_zero,5915.857847528047,8126.49501142986,foundation
98023,2024-03-31,2025-03-31,2026-02-28,chronos2_zero,5297.678251144185,7744.589027135238,foundation
98023,2024-04-30,2025-04-30,2026-03-31,timesfm_zero,8593.508295070962,10221.399724440915,foundation
98023,2024-05-31,2025-05-31,2026-04-30,timesfm_zero,8642.302563631325,10453.34867839597,foundation
98023,2024-06-30,2025-06-30,2026-05-31,timesfm_zero,7031.92188772889,9184.238911347367,foundation
98023,2024-07-31,2025-07-31,2026-06-30,timesfm_zero,6504.229183544211,8447.403136469738,foundation
98023,2024-08-31,2025-08-31,2026-07-31,timesfm_zero,6103.823159673077,7850.803907367074,foundation
98024,2016-03-31,2017-03-31,2018-02-28,stgcn,85630.14440305196,147979.75889078365,spatial_temporal
98024,2016-04-30,2017-04-30,2018-03-31,stgcn,84360.61613537518,152991.5700497358,spatial_temporal
98024,2016-05-31,2017-05-31,2018-04-30,itransformer,90926.13165448047,145192.88142977763,DL
98024,2016-06-30,2017-06-30,2018-05-31,stgcn,90073.0601406492,140700.8201362471,spatial_temporal
98024,2016-07-31,2017-07-31,2018-06-30,patchtst,85399.67797504106,154168.05296574638,DL
98024,2016-08-31,2017-08-31,2018-07-31,d2stgnn,79232.89130809254,137822.12409216966,spatial_temporal
98024,2016-09-30,2017-09-30,2018-08-31,stgcn,90133.22970135376,155015.58325645496,spatial_temporal
98024,2016-10-31,2017-10-31,2018-09-30,patchtst,94665.83818337903,149713.41381365023,DL
98024,2016-11-30,2017-11-30,2018-10-31,stgformer,101837.5243173619,156685.56120575176,spatial_temporal
98024,2016-12-31,2017-12-31,2018-11-30,patchtst,103032.42716280739,162354.10703844577,DL
98024,2017-01-31,2018-01-31,2018-12-31,stgcn,105541.4382946305,163282.84461469387,spatial_temporal
98024,2017-02-28,2018-02-28,2019-01-31,patchtst,108292.42060570636,162511.16965347007,DL
98024,2017-03-31,2018-03-31,2019-02-28,timemixer,69272.71195770105,93498.6807909877,DL
98024,2017-04-30,2018-04-30,2019-03-31,patchtst,74013.47968620401,96772.67812452867,DL
98024,2017-05-31,2018-05-31,2019-04-30,dlinear,71208.15003956376,89662.15910055477,DL
98024,2017-06-30,2018-06-30,2019-05-31,d2stgnn,69769.60075217717,88463.44834234285,spatial_temporal
98024,2017-07-31,2018-07-31,2019-06-30,patchtst,67165.82781873205,85873.62963875858,DL
98024,2017-08-31,2018-08-31,2019-07-31,stgformer,72342.10686099743,83474.41375307301,spatial_temporal
98024,2017-09-30,2018-09-30,2019-08-31,stgformer,66742.82288800148,84856.20774080622,spatial_temporal
98024,2017-10-31,2018-10-31,2019-09-30,dcrnn,79417.85380389968,100045.87789804733,spatial_temporal
98024,2017-11-30,2018-11-30,2019-10-31,dcrnn,71956.82944776025,98790.63952410048,spatial_temporal
98024,2017-12-31,2018-12-31,2019-11-30,stgformer,76374.74912497457,99553.56906810096,spatial_temporal
98024,2018-01-31,2019-01-31,2019-12-31,itransformer,61204.954270993745,73314.07760676638,DL
98024,2018-02-28,2019-02-28,2020-01-31,patchtst,64777.22084070402,95975.44336267014,DL
98024,2018-03-31,2019-03-31,2020-02-29,dlinear,66846.55011950244,91166.62452293778,DL
98024,2018-04-30,2019-04-30,2020-03-31,itransformer,51313.30348984751,82118.65003516915,DL
98024,2018-05-31,2019-05-31,2020-04-30,patchtst,61977.70800338356,102238.89013121577,DL
98024,2018-06-30,2019-06-30,2020-05-31,stgformer,65420.991901326786,96731.14892670498,spatial_temporal
98024,2018-07-31,2019-07-31,2020-06-30,d2stgnn,61018.109164921196,92285.3733382655,spatial_temporal
98024,2018-08-31,2019-08-31,2020-07-31,patchtst,64766.92427759748,86530.44622711402,DL
98024,2018-09-30,2019-09-30,2020-08-31,stgformer,52884.196277184645,87105.82274064556,spatial_temporal
98024,2018-10-31,2019-10-31,2020-09-30,stgformer,44223.72664175392,52121.759686892554,spatial_temporal
98024,2018-11-30,2019-11-30,2020-10-31,stgformer,54778.407681698496,65248.76382807813,spatial_temporal
98024,2018-12-31,2019-12-31,2020-11-30,stgformer,51741.78052046078,61211.02827544352,spatial_temporal
98024,2019-01-31,2020-01-31,2020-12-31,patchtst,71135.44481664446,76587.61429780837,DL
98024,2019-02-28,2020-02-29,2021-01-31,patchtst,77572.40532340333,86026.41080208178,DL
98024,2019-03-31,2020-03-31,2021-02-28,itransformer,71578.833786789,88297.67428300332,DL
98024,2019-04-30,2020-04-30,2021-03-31,patchtst,93839.92060228922,107217.87470270711,DL
98024,2019-05-31,2020-05-31,2021-04-30,graph_wavenet,119464.33867600925,137704.01994754357,spatial_temporal
98024,2019-06-30,2020-06-30,2021-05-31,graph_wavenet,63054.690224362865,82714.80432259553,spatial_temporal
98024,2019-07-31,2020-07-31,2021-06-30,graph_wavenet,52550.45110249159,74404.41669623839,spatial_temporal
98024,2019-08-31,2020-08-31,2021-07-31,chronos2_zero,47918.78162542766,72120.96633707434,foundation
98024,2019-09-30,2020-09-30,2021-08-31,stgcn,68781.1708864607,90940.71386932446,spatial_temporal
98024,2019-10-31,2020-10-31,2021-09-30,graph_wavenet,92542.94084428163,120648.99772840847,spatial_temporal
98024,2019-11-30,2020-11-30,2021-10-31,patchtst,102898.08396139315,128536.99337828567,DL
98024,2019-12-31,2020-12-31,2021-11-30,timesfm_zero,105402.97766861199,157844.83668314063,foundation
98024,2020-01-31,2021-01-31,2021-12-31,timesfm_zero,102535.13237147329,140685.43416499151,foundation
98024,2020-02-29,2021-02-28,2022-01-31,dlinear,99849.50184525945,120798.09999267681,DL
98024,2020-03-31,2021-03-31,2022-02-28,dlinear,109224.04708137181,134843.80537855593,DL
98024,2020-04-30,2021-04-30,2022-03-31,dlinear,116253.8839603032,131314.42874503726,DL
98024,2020-05-31,2021-05-31,2022-04-30,timemixer,140850.06489715248,171780.0880545793,DL
98024,2020-06-30,2021-06-30,2022-05-31,timemixer,153645.0013177345,199079.9042484967,DL
98024,2020-07-31,2021-07-31,2022-06-30,timemixer,176991.5081342222,208229.24596989728,DL
98024,2020-08-31,2021-08-31,2022-07-31,timemixer,183122.52383066065,208439.4593935852,DL
98024,2020-09-30,2021-09-30,2022-08-31,itransformer,161337.42610283988,188111.40261004659,DL
98024,2020-10-31,2021-10-31,2022-09-30,itransformer,157467.05320704053,178199.37370507416,DL
98024,2020-11-30,2021-11-30,2022-10-31,itransformer,153509.93509547002,172957.22352703364,DL
98024,2020-12-31,2021-12-31,2022-11-30,stgcn,166460.87705825,192002.08836019604,spatial_temporal
98024,2021-01-31,2022-01-31,2022-12-31,stgcn,151919.44807923082,168431.61009724226,spatial_temporal
98024,2021-02-28,2022-02-28,2023-01-31,graph_wavenet,123231.86491227313,137576.8173737521,spatial_temporal
98024,2021-03-31,2022-03-31,2023-02-28,graph_wavenet,159074.96524550274,200573.81384464737,spatial_temporal
98024,2021-04-30,2022-04-30,2023-03-31,graph_wavenet,130767.71021588815,177436.822196587,spatial_temporal
98024,2021-05-31,2022-05-31,2023-04-30,itransformer,157751.32181055725,222716.3566115004,DL
98024,2021-06-30,2022-06-30,2023-05-31,chronos2_zero,175691.97652939757,235853.29884915068,foundation
98024,2021-07-31,2022-07-31,2023-06-30,dlinear,174210.5528903978,235193.59181726654,DL
98024,2021-08-31,2022-08-31,2023-07-31,chronos2_zero,197083.11143376734,250264.6563861331,foundation
98024,2021-09-30,2022-09-30,2023-08-31,chronos2_zero,196102.1880243932,248346.24223278303,foundation
98024,2021-10-31,2022-10-31,2023-09-30,itransformer,209275.49749288536,253928.01018911466,DL
98024,2021-11-30,2022-11-30,2023-10-31,chronos2_zero,191011.8824241393,238057.90471836898,foundation
98024,2021-12-31,2022-12-31,2023-11-30,chronos2_zero,230549.13364011367,272508.71818620403,foundation
98024,2022-12-31,2023-12-31,2024-11-30,dlinear,221519.42210671012,284170.0997409023,DL
98024,2023-01-31,2024-01-31,2024-12-31,dlinear,216123.91629940426,238157.78147720214,DL
98024,2024-01-31,2025-01-31,2025-12-31,timesfm_zero,183729.7400108763,243463.5244545915,foundation
98024,2024-02-29,2025-02-28,2026-01-31,itransformer,175648.07915785527,230847.8170304013,DL
98024,2024-03-31,2025-03-31,2026-02-28,dlinear,176891.90085156076,208662.505773854,DL
98024,2024-04-30,2025-04-30,2026-03-31,dcrnn,183387.4217074012,235417.62513235735,spatial_temporal
98024,2024-05-31,2025-05-31,2026-04-30,dcrnn,204002.9215270075,247231.22492581906,spatial_temporal
98024,2024-06-30,2025-06-30,2026-05-31,timesfm_zero,199611.86326024533,231547.0624590366,foundation
98024,2024-07-31,2025-07-31,2026-06-30,timesfm_zero,201631.55588182216,229976.8837393542,foundation
98024,2024-08-31,2025-08-31,2026-07-31,stgformer,192650.464076634,269611.13842665707,spatial_temporal
98026,2016-03-31,2017-03-31,2018-02-28,d2stgnn,14915.37760155259,18240.068064964067,spatial_temporal
98026,2016-04-30,2017-04-30,2018-03-31,d2stgnn,10737.605635964495,12617.405126159896,spatial_temporal
98026,2016-05-31,2017-05-31,2018-04-30,d2stgnn,8789.317626555296,10832.94781993475,spatial_temporal
98026,2016-06-30,2017-06-30,2018-05-31,d2stgnn,6315.194257544354,7960.190662897393,spatial_temporal
98026,2016-07-31,2017-07-31,2018-06-30,d2stgnn,12302.09508599859,14661.835495580131,spatial_temporal
98026,2016-08-31,2017-08-31,2018-07-31,d2stgnn,14975.8918750237,19914.465982642636,spatial_temporal
98026,2016-09-30,2017-09-30,2018-08-31,d2stgnn,14566.753093832338,19512.557740988887,spatial_temporal
98026,2016-10-31,2017-10-31,2018-09-30,d2stgnn,13367.758877694869,16718.610869853754,spatial_temporal
98026,2016-11-30,2017-11-30,2018-10-31,d2stgnn,11814.930952900002,14334.999378693994,spatial_temporal
98026,2016-12-31,2017-12-31,2018-11-30,d2stgnn,9033.704875495847,11482.05792524612,spatial_temporal
98026,2017-01-31,2018-01-31,2018-12-31,d2stgnn,12206.286872908104,14954.072232308608,spatial_temporal
98026,2017-02-28,2018-02-28,2019-01-31,d2stgnn,11277.744341686319,13467.307951122744,spatial_temporal
98026,2017-03-31,2018-03-31,2019-02-28,d2stgnn,12797.778263761633,17199.14146280883,spatial_temporal
98026,2017-04-30,2018-04-30,2019-03-31,timemixer,14637.766127673842,17490.497790799935,DL
98026,2017-05-31,2018-05-31,2019-04-30,timemixer,14727.224766447694,17509.899240169616,DL
98026,2017-06-30,2018-06-30,2019-05-31,chronos2_zero,10499.672000937891,14209.112753562733,foundation
98026,2017-07-31,2018-07-31,2019-06-30,timesfm_zero,14778.243068759524,17312.887586159526,foundation
98026,2017-08-31,2018-08-31,2019-07-31,chronos2_zero,6833.722926853545,8923.622370533221,foundation
98026,2017-09-30,2018-09-30,2019-08-31,chronos2_zero,9627.05283477332,11572.750522234066,foundation
98026,2017-10-31,2018-10-31,2019-09-30,chronos2_zero,7417.122838132908,9616.882375824609,foundation
98026,2017-11-30,2018-11-30,2019-10-31,chronos2_zero,10068.929164982304,12129.080074862857,foundation
98026,2017-12-31,2018-12-31,2019-11-30,stgcn,9007.082181427133,11209.432058333985,spatial_temporal
98026,2018-01-31,2019-01-31,2019-12-31,stgformer,7552.838318604656,9529.51573174791,spatial_temporal
98026,2018-02-28,2019-02-28,2020-01-31,timemixer,6890.627454247656,8839.078097827649,DL
98026,2018-03-31,2019-03-31,2020-02-29,chronos2_zero,9265.788472313618,10885.247124183048,foundation
98026,2018-04-30,2019-04-30,2020-03-31,stgformer,11493.406427812239,12526.85871613376,spatial_temporal
98026,2018-05-31,2019-05-31,2020-04-30,timemixer,13723.379515023029,16461.23716435347,DL
98026,2018-06-30,2019-06-30,2020-05-31,stgformer,11325.286483607924,13236.07691205291,spatial_temporal
98026,2018-07-31,2019-07-31,2020-06-30,stgformer,10312.781773947363,13050.31678268539,spatial_temporal
98026,2018-08-31,2019-08-31,2020-07-31,stgformer,11066.962374600475,12148.238294700903,spatial_temporal
98026,2018-09-30,2019-09-30,2020-08-31,dcrnn,10608.69555932357,14027.569360803476,spatial_temporal
98026,2018-10-31,2019-10-31,2020-09-30,d2stgnn,14128.757308775335,15942.987536346056,spatial_temporal
98026,2018-11-30,2019-11-30,2020-10-31,d2stgnn,9955.318333165284,12452.299181763956,spatial_temporal
98026,2018-12-31,2019-12-31,2020-11-30,d2stgnn,12755.374396472063,16596.358742349028,spatial_temporal
98026,2019-01-31,2020-01-31,2020-12-31,patchtst,14080.933739838656,17784.43668007204,DL
98026,2019-02-28,2020-02-29,2021-01-31,patchtst,12254.324790233533,13566.405495666368,DL
98026,2019-03-31,2020-03-31,2021-02-28,patchtst,10235.005654922765,12085.824204321596,DL
98026,2019-04-30,2020-04-30,2021-03-31,patchtst,15706.149889440043,18135.803585304897,DL
98026,2019-05-31,2020-05-31,2021-04-30,dcrnn,17788.473376623635,26305.111826963213,spatial_temporal
98026,2019-06-30,2020-06-30,2021-05-31,dcrnn,20743.284407423886,34046.44844917269,spatial_temporal
98026,2019-07-31,2020-07-31,2021-06-30,dcrnn,24708.918699290876,40009.02096813931,spatial_temporal
98026,2019-08-31,2020-08-31,2021-07-31,dcrnn,27094.09257490079,36556.516867410945,spatial_temporal
98026,2019-09-30,2020-09-30,2021-08-31,dcrnn,23741.527498412044,28189.945421996606,spatial_temporal
98026,2019-10-31,2020-10-31,2021-09-30,dcrnn,24431.569814947143,32056.03641561828,spatial_temporal
98026,2019-11-30,2020-11-30,2021-10-31,d2stgnn,21295.026395122182,25352.876486538822,spatial_temporal
98026,2019-12-31,2020-12-31,2021-11-30,d2stgnn,10969.27859402447,14333.68102576575,spatial_temporal
98026,2020-01-31,2021-01-31,2021-12-31,d2stgnn,21705.727712702384,25026.36416776301,spatial_temporal
98026,2020-02-29,2021-02-28,2022-01-31,d2stgnn,24259.444765256718,31617.341686296648,spatial_temporal
98026,2020-03-31,2021-03-31,2022-02-28,d2stgnn,35618.90453053464,58023.00292699346,spatial_temporal
98026,2020-04-30,2021-04-30,2022-03-31,stgformer,43896.860521505,68671.99418000155,spatial_temporal
98026,2020-05-31,2021-05-31,2022-04-30,dcrnn,51273.726612505794,66329.59366003812,spatial_temporal
98026,2020-06-30,2021-06-30,2022-05-31,timemixer,49568.747429534,61015.97432063834,DL
98026,2020-07-31,2021-07-31,2022-06-30,itransformer,40116.66384527233,57504.15046177235,DL
98026,2020-08-31,2021-08-31,2022-07-31,itransformer,37281.3895283695,49873.344037769784,DL
98026,2020-09-30,2021-09-30,2022-08-31,dcrnn,52255.00459313631,61813.90412398504,spatial_temporal
98026,2020-10-31,2021-10-31,2022-09-30,d2stgnn,57869.54053800574,69184.47749824607,spatial_temporal
98026,2020-11-30,2021-11-30,2022-10-31,d2stgnn,42201.62254915823,60169.27997083146,spatial_temporal
98026,2020-12-31,2021-12-31,2022-11-30,d2stgnn,42357.06679183641,58357.23595313623,spatial_temporal
98026,2021-01-31,2022-01-31,2022-12-31,d2stgnn,27583.28682116,44571.65844884118,spatial_temporal
98026,2021-02-28,2022-02-28,2023-01-31,timemixer,26429.523621600394,34951.48837205931,DL
98026,2021-03-31,2022-03-31,2023-02-28,timemixer,26337.84134449512,34261.62954496922,DL
98026,2021-04-30,2022-04-30,2023-03-31,timemixer,22419.381395144253,24125.293128106157,DL
98026,2021-05-31,2022-05-31,2023-04-30,timemixer,23110.392983508907,27821.6129351083,DL
98026,2021-06-30,2022-06-30,2023-05-31,timemixer,28486.69287980221,35949.70135116423,DL
98026,2021-07-31,2022-07-31,2023-06-30,d2stgnn,22463.284527357086,28631.177361980415,spatial_temporal
98026,2021-08-31,2022-08-31,2023-07-31,stgformer,21752.958511805802,24988.76449358913,spatial_temporal
98026,2021-09-30,2022-09-30,2023-08-31,stgformer,18660.06259426907,25370.17378930781,spatial_temporal
98026,2021-10-31,2022-10-31,2023-09-30,d2stgnn,19878.2934338231,29440.98651252734,spatial_temporal
98026,2021-11-30,2022-11-30,2023-10-31,timemixer,23359.956688129245,31981.88938379922,DL
98026,2021-12-31,2022-12-31,2023-11-30,timemixer,23920.530375414295,32434.942379992808,DL
98026,2022-12-31,2023-12-31,2024-11-30,dlinear,56032.87470636345,75686.50745535395,DL
98026,2023-01-31,2024-01-31,2024-12-31,dcrnn,51799.9138770272,66986.64434921766,spatial_temporal
98026,2024-01-31,2025-01-31,2025-12-31,chronos2_zero,31086.309172372275,39548.385328837474,foundation
98026,2024-02-29,2025-02-28,2026-01-31,chronos2_zero,42508.32131047626,50751.62705181663,foundation
98026,2024-03-31,2025-03-31,2026-02-28,timesfm_zero,45051.46538273935,53338.28718987826,foundation
98026,2024-04-30,2025-04-30,2026-03-31,timesfm_zero,50872.6460002272,56889.26847065812,foundation
98026,2024-05-31,2025-05-31,2026-04-30,timesfm_zero,54412.389751907314,61547.400312324666,foundation
98026,2024-06-30,2025-06-30,2026-05-31,timesfm_zero,61989.88586462781,67423.24534563476,foundation
98026,2024-07-31,2025-07-31,2026-06-30,graph_wavenet,53169.99641814239,58683.682867914475,spatial_temporal
98026,2024-08-31,2025-08-31,2026-07-31,graph_wavenet,44296.0924805067,49739.43171053708,spatial_temporal
98027,2016-03-31,2017-03-31,2018-02-28,d2stgnn,22428.47264197293,32841.24143361573,spatial_temporal
98027,2016-04-30,2017-04-30,2018-03-31,d2stgnn,27317.345586325322,38427.62645667858,spatial_temporal
98027,2016-05-31,2017-05-31,2018-04-30,d2stgnn,25316.971321000998,35641.71046506412,spatial_temporal
98027,2016-06-30,2017-06-30,2018-05-31,d2stgnn,25674.24002825301,32798.19258960337,spatial_temporal
98027,2016-07-31,2017-07-31,2018-06-30,timemixer,24937.798064636165,35922.3536637054,DL
98027,2016-08-31,2017-08-31,2018-07-31,d2stgnn,26274.812073638488,33556.05210924296,spatial_temporal
98027,2016-09-30,2017-09-30,2018-08-31,d2stgnn,23362.649786786544,29203.318512781858,spatial_temporal
98027,2016-10-31,2017-10-31,2018-09-30,d2stgnn,34535.397343491415,43803.002521820876,spatial_temporal
98027,2016-11-30,2017-11-30,2018-10-31,itransformer,29681.20655745293,38193.34744862474,DL
98027,2016-12-31,2017-12-31,2018-11-30,d2stgnn,36870.445555427934,43477.89807314782,spatial_temporal
98027,2017-01-31,2018-01-31,2018-12-31,d2stgnn,30347.873534620245,36042.00392765921,spatial_temporal
98027,2017-02-28,2018-02-28,2019-01-31,d2stgnn,24665.267026489037,30793.068314988515,spatial_temporal
98027,2017-03-31,2018-03-31,2019-02-28,chronos2_zero,16704.337432887445,20562.86073364964,foundation
98027,2017-04-30,2018-04-30,2019-03-31,d2stgnn,25522.67510684117,42012.26463685864,spatial_temporal
98027,2017-05-31,2018-05-31,2019-04-30,chronos2_zero,32128.224957010312,37683.791077854534,foundation
98027,2017-06-30,2018-06-30,2019-05-31,chronos2_zero,37272.47893769361,42073.42180105823,foundation
98027,2017-07-31,2018-07-31,2019-06-30,timemixer,31361.53859861716,42620.449982466926,DL
98027,2017-08-31,2018-08-31,2019-07-31,timemixer,30831.1320193719,39779.988960372575,DL
98027,2017-09-30,2018-09-30,2019-08-31,dcrnn,23755.13897865896,33683.59195947863,spatial_temporal
98027,2017-10-31,2018-10-31,2019-09-30,graph_wavenet,21522.63679524099,29700.391482402592,spatial_temporal
98027,2017-11-30,2018-11-30,2019-10-31,graph_wavenet,20040.833551580115,28124.72924780299,spatial_temporal
98027,2017-12-31,2018-12-31,2019-11-30,stgformer,24093.298557068647,34034.43136819482,spatial_temporal
98027,2018-01-31,2019-01-31,2019-12-31,itransformer,27482.55957345072,35401.3494705705,DL
98027,2018-02-28,2019-02-28,2020-01-31,itransformer,30448.27815130324,37484.420822940396,DL
98027,2018-03-31,2019-03-31,2020-02-29,itransformer,31590.695364471292,39246.77745613679,DL
98027,2018-04-30,2019-04-30,2020-03-31,d2stgnn,33870.94653624936,45646.66660617654,spatial_temporal
98027,2018-05-31,2019-05-31,2020-04-30,timesfm_zero,24448.595404475636,32115.969957386842,foundation
98027,2018-06-30,2019-06-30,2020-05-31,timesfm_zero,22588.04615156917,30012.433798084076,foundation
98027,2018-07-31,2019-07-31,2020-06-30,timesfm_zero,22613.69874099418,26980.59416846201,foundation
98027,2018-08-31,2019-08-31,2020-07-31,timesfm_zero,29605.837507644737,36189.22254907751,foundation
98027,2018-09-30,2019-09-30,2020-08-31,stgformer,28046.724833261425,37841.0465540062,spatial_temporal
98027,2018-10-31,2019-10-31,2020-09-30,stgformer,17293.517100645742,25413.517349430254,spatial_temporal
98027,2018-11-30,2019-11-30,2020-10-31,stgformer,13811.83011786177,16642.732906992034,spatial_temporal
98027,2018-12-31,2019-12-31,2020-11-30,stgformer,17948.90616334289,23177.215407046293,spatial_temporal
98027,2019-01-31,2020-01-31,2020-12-31,timemixer,24181.633134071802,29260.16240276931,DL
98027,2019-02-28,2020-02-29,2021-01-31,timemixer,24140.6861727588,31022.990556711753,DL
98027,2019-03-31,2020-03-31,2021-02-28,d2stgnn,28472.719892268797,35083.02937633912,spatial_temporal
98027,2019-04-30,2020-04-30,2021-03-31,stgformer,38245.86011720818,58128.14271208769,spatial_temporal
98027,2019-05-31,2020-05-31,2021-04-30,patchtst,49692.97958946737,86721.74533893508,DL
98027,2019-06-30,2020-06-30,2021-05-31,d2stgnn,57568.677572612396,88438.07831035189,spatial_temporal
98027,2019-07-31,2020-07-31,2021-06-30,timemixer,54657.66090832171,77093.15224361891,DL
98027,2019-08-31,2020-08-31,2021-07-31,timemixer,48613.361468606476,61693.00973748534,DL
98027,2019-09-30,2020-09-30,2021-08-31,timemixer,57567.74680128159,76105.90611203539,DL
98027,2019-10-31,2020-10-31,2021-09-30,dcrnn,52559.80633059044,56561.47332067761,spatial_temporal
98027,2019-11-30,2020-11-30,2021-10-31,dcrnn,53451.46618919177,66676.06198361579,spatial_temporal
98027,2019-12-31,2020-12-31,2021-11-30,dcrnn,67513.27848958963,86930.85631753504,spatial_temporal
98027,2020-01-31,2021-01-31,2021-12-31,d2stgnn,61035.03889853083,73458.03486981566,spatial_temporal
98027,2020-02-29,2021-02-28,2022-01-31,stgcn,63292.3047343875,70009.89330632004,spatial_temporal
98027,2020-03-31,2021-03-31,2022-02-28,timemixer,65760.51821943383,84519.31331261872,DL
98027,2020-04-30,2021-04-30,2022-03-31,d2stgnn,65281.504919892235,76545.22347700855,spatial_temporal
98027,2020-05-31,2021-05-31,2022-04-30,d2stgnn,86114.38117519698,106209.25159656533,spatial_temporal
98027,2020-06-30,2021-06-30,2022-05-31,timemixer,93074.20706993074,111444.95908706648,DL
98027,2020-07-31,2021-07-31,2022-06-30,itransformer,63255.32431583217,74535.20281247725,DL
98027,2020-08-31,2021-08-31,2022-07-31,timemixer,65112.47160297083,77249.49501451432,DL
98027,2020-09-30,2021-09-30,2022-08-31,timemixer,63310.148939408384,80093.575574735,DL
98027,2020-10-31,2021-10-31,2022-09-30,timemixer,87665.96158207623,108089.2877709543,DL
98027,2020-11-30,2021-11-30,2022-10-31,d2stgnn,99547.6070029523,123499.18955900583,spatial_temporal
98027,2020-12-31,2021-12-31,2022-11-30,d2stgnn,94621.1134497588,117345.12744842804,spatial_temporal
98027,2021-01-31,2022-01-31,2022-12-31,d2stgnn,93507.03891260484,114198.83939928997,spatial_temporal
98027,2021-02-28,2022-02-28,2023-01-31,timemixer,72596.8291915636,88652.64458539883,DL
98027,2021-03-31,2022-03-31,2023-02-28,d2stgnn,73792.46855589695,91944.25623775594,spatial_temporal
98027,2021-04-30,2022-04-30,2023-03-31,d2stgnn,68279.03585174381,87505.03184964064,spatial_temporal
98027,2021-05-31,2022-05-31,2023-04-30,d2stgnn,41472.75243048203,56667.59716993819,spatial_temporal
98027,2021-06-30,2022-06-30,2023-05-31,d2stgnn,42792.306319973686,49952.94213659545,spatial_temporal
98027,2021-07-31,2022-07-31,2023-06-30,d2stgnn,41836.16797643605,43476.783391351026,spatial_temporal
98027,2021-08-31,2022-08-31,2023-07-31,d2stgnn,29512.850265794084,40098.52540840766,spatial_temporal
98027,2021-09-30,2022-09-30,2023-08-31,graph_wavenet,31738.73330980522,40150.48610839735,spatial_temporal
98027,2021-10-31,2022-10-31,2023-09-30,graph_wavenet,40335.98217687857,49402.54512858987,spatial_temporal
98027,2021-11-30,2022-11-30,2023-10-31,graph_wavenet,42175.50902604337,51885.041111272345,spatial_temporal
98027,2021-12-31,2022-12-31,2023-11-30,timemixer,49131.633415890996,61822.75412135921,DL
98027,2022-12-31,2023-12-31,2024-11-30,dlinear,109025.45318297861,157149.28506258287,DL
98027,2023-01-31,2024-01-31,2024-12-31,patchtst,107377.63125478396,129507.2694474722,DL
98027,2024-01-31,2025-01-31,2025-12-31,timesfm_zero,77475.44236366008,90283.46039650474,foundation
98027,2024-02-29,2025-02-28,2026-01-31,stgcn,94009.12694243196,129571.29872890557,spatial_temporal
98027,2024-03-31,2025-03-31,2026-02-28,stgcn,81745.46227438028,111892.52645775976,spatial_temporal
98027,2024-04-30,2025-04-30,2026-03-31,stgcn,84412.06398137183,113542.37602073522,spatial_temporal
98027,2024-05-31,2025-05-31,2026-04-30,stgcn,86440.03317644238,119403.74186556018,spatial_temporal
98027,2024-06-30,2025-06-30,2026-05-31,graph_wavenet,61102.027000249305,87464.57784189165,spatial_temporal
98027,2024-07-31,2025-07-31,2026-06-30,chronos2_zero,74283.45604220801,102434.78386624008,foundation
98027,2024-08-31,2025-08-31,2026-07-31,timesfm_zero,68799.13964890865,98014.58808684473,foundation
98028,2016-03-31,2017-03-31,2018-02-28,graph_wavenet,29091.09167217143,32706.454688644837,spatial_temporal
98028,2016-04-30,2017-04-30,2018-03-31,d2stgnn,24243.040480041655,31656.673994248646,spatial_temporal
98028,2016-05-31,2017-05-31,2018-04-30,graph_wavenet,17287.53702131294,19787.466794596774,spatial_temporal
98028,2016-06-30,2017-06-30,2018-05-31,dcrnn,15504.500547543284,19244.272856839205,spatial_temporal
98028,2016-07-31,2017-07-31,2018-06-30,dcrnn,15262.432234707443,17526.310677748043,spatial_temporal
98028,2016-08-31,2017-08-31,2018-07-31,dcrnn,17584.05417739307,18987.259436941717,spatial_temporal
98028,2016-09-30,2017-09-30,2018-08-31,graph_wavenet,18971.13813215433,25046.24885633281,spatial_temporal
98028,2016-10-31,2017-10-31,2018-09-30,dcrnn,21319.559895903705,28153.655239186446,spatial_temporal
98028,2016-11-30,2017-11-30,2018-10-31,dlinear,23149.640959003726,28654.1038707827,DL
98028,2016-12-31,2017-12-31,2018-11-30,patchtst,19683.459953030415,24595.348418322046,DL
98028,2017-01-31,2018-01-31,2018-12-31,itransformer,18259.451078217196,20303.750979708842,DL
98028,2017-02-28,2018-02-28,2019-01-31,timemixer,15578.279610224185,18721.446066546516,DL
98028,2017-03-31,2018-03-31,2019-02-28,timemixer,19303.938760787365,29036.89382204881,DL
98028,2017-04-30,2018-04-30,2019-03-31,patchtst,24350.78849626252,29544.543439118665,DL
98028,2017-05-31,2018-05-31,2019-04-30,patchtst,23287.281036757253,30126.872381246703,DL
98028,2017-06-30,2018-06-30,2019-05-31,timemixer,15514.289820771179,20281.580777134106,DL
98028,2017-07-31,2018-07-31,2019-06-30,timemixer,18267.740635128856,22323.95229938985,DL
98028,2017-08-31,2018-08-31,2019-07-31,timemixer,24397.71157610035,29012.32044859452,DL
98028,2017-09-30,2018-09-30,2019-08-31,stgcn,21861.113746756222,25272.39034086565,spatial_temporal
98028,2017-10-31,2018-10-31,2019-09-30,graph_wavenet,19129.24116743346,23385.036549680422,spatial_temporal
98028,2017-11-30,2018-11-30,2019-10-31,chronos2_zero,19673.21266995742,26554.008545153578,foundation
98028,2017-12-31,2018-12-31,2019-11-30,chronos2_zero,19372.186006026128,24576.101533521563,foundation
98028,2018-01-31,2019-01-31,2019-12-31,d2stgnn,17119.45944711672,24949.415303858634,spatial_temporal
98028,2018-02-28,2019-02-28,2020-01-31,timesfm_zero,17791.067378855503,23739.347564394553,foundation
98028,2018-03-31,2019-03-31,2020-02-29,graph_wavenet,14751.577426123995,21428.79110326462,spatial_temporal
98028,2018-04-30,2019-04-30,2020-03-31,stgformer,20444.857341456238,24336.46595349523,spatial_temporal
98028,2018-05-31,2019-05-31,2020-04-30,stgformer,19619.894877428374,23681.660467386962,spatial_temporal
98028,2018-06-30,2019-06-30,2020-05-31,stgformer,18071.411593306442,21164.250248151853,spatial_temporal
98028,2018-07-31,2019-07-31,2020-06-30,stgformer,10091.829610783607,12652.494131121175,spatial_temporal
98028,2018-08-31,2019-08-31,2020-07-31,stgformer,19544.14164822182,23742.094895993636,spatial_temporal
98028,2018-09-30,2019-09-30,2020-08-31,d2stgnn,16412.642568264466,19691.717615949878,spatial_temporal
98028,2018-10-31,2019-10-31,2020-09-30,dlinear,24673.72549810285,30284.263792038848,DL
98028,2018-11-30,2019-11-30,2020-10-31,patchtst,24140.613681416125,26074.863449729506,DL
98028,2018-12-31,2019-12-31,2020-11-30,patchtst,22323.431666377553,25600.542231088424,DL
98028,2019-01-31,2020-01-31,2020-12-31,patchtst,21204.01332158472,23588.772893238995,DL
98028,2019-02-28,2020-02-29,2021-01-31,graph_wavenet,22453.149889297754,31095.331194988994,spatial_temporal
98028,2019-03-31,2020-03-31,2021-02-28,d2stgnn,29544.69026334185,38578.28158638415,spatial_temporal
98028,2019-04-30,2020-04-30,2021-03-31,graph_wavenet,27177.877490834235,37892.09479045679,spatial_temporal
98028,2019-05-31,2020-05-31,2021-04-30,dcrnn,29345.626372865994,37620.88667331947,spatial_temporal
98028,2019-06-30,2020-06-30,2021-05-31,dcrnn,33601.051562390174,42861.807870341596,spatial_temporal
98028,2019-07-31,2020-07-31,2021-06-30,dcrnn,34908.305027821334,43113.955004374315,spatial_temporal
98028,2019-08-31,2020-08-31,2021-07-31,dcrnn,32359.730695197573,40944.70418710044,spatial_temporal
98028,2019-09-30,2020-09-30,2021-08-31,dcrnn,19301.11643811919,24022.273710163525,spatial_temporal
98028,2019-10-31,2020-10-31,2021-09-30,dcrnn,18522.043142181967,22070.180658109173,spatial_temporal
98028,2019-11-30,2020-11-30,2021-10-31,dcrnn,15993.4189655758,20298.41009110459,spatial_temporal
98028,2019-12-31,2020-12-31,2021-11-30,dcrnn,20374.003820008704,25724.426967154846,spatial_temporal
98028,2020-01-31,2021-01-31,2021-12-31,dcrnn,20997.17848213304,25574.181553462153,spatial_temporal
98028,2020-02-29,2021-02-28,2022-01-31,dcrnn,20640.56468278087,24171.45183104345,spatial_temporal
98028,2020-03-31,2021-03-31,2022-02-28,dcrnn,34392.43219467578,47807.28088005431,spatial_temporal
98028,2020-04-30,2021-04-30,2022-03-31,dcrnn,40283.30281703438,70191.52621050984,spatial_temporal
98028,2020-05-31,2021-05-31,2022-04-30,dcrnn,63880.51507641329,115354.09905970501,spatial_temporal
98028,2020-06-30,2021-06-30,2022-05-31,timemixer,72868.93590854331,107986.91005187182,DL
98028,2020-07-31,2021-07-31,2022-06-30,timemixer,52900.67215782602,78069.60124921253,DL
98028,2020-08-31,2021-08-31,2022-07-31,itransformer,79931.11012504374,112136.21088602308,DL
98028,2020-09-30,2021-09-30,2022-08-31,itransformer,73232.91898456322,98359.94916365929,DL
98028,2020-10-31,2021-10-31,2022-09-30,itransformer,86404.83300469123,112607.5581241922,DL
98028,2020-11-30,2021-11-30,2022-10-31,timemixer,101176.5875742164,136627.17154417137,DL
98028,2020-12-31,2021-12-31,2022-11-30,d2stgnn,91205.81239209419,119518.90935747843,spatial_temporal
98028,2021-01-31,2022-01-31,2022-12-31,d2stgnn,77871.81296245412,99049.751357817,spatial_temporal
98028,2021-02-28,2022-02-28,2023-01-31,d2stgnn,86809.71530944033,110146.32987906635,spatial_temporal
98028,2021-03-31,2022-03-31,2023-02-28,timemixer,80165.64860927271,97737.01948990634,DL
98028,2021-04-30,2022-04-30,2023-03-31,graph_wavenet,86283.74191290203,109373.34031518784,spatial_temporal
98028,2021-05-31,2022-05-31,2023-04-30,d2stgnn,64392.314958518255,81228.58166675986,spatial_temporal
98028,2021-06-30,2022-06-30,2023-05-31,d2stgnn,60627.59360975857,78732.85289292189,spatial_temporal
98028,2021-07-31,2022-07-31,2023-06-30,d2stgnn,52367.64120571641,69673.59186896858,spatial_temporal
98028,2021-08-31,2022-08-31,2023-07-31,graph_wavenet,52132.16683842568,69034.13031098143,spatial_temporal
98028,2021-09-30,2022-09-30,2023-08-31,stgformer,45120.42630442304,68662.23473879717,spatial_temporal
98028,2021-10-31,2022-10-31,2023-09-30,stgformer,56933.560556989396,72676.32004592742,spatial_temporal
98028,2021-11-30,2022-11-30,2023-10-31,chronos2_zero,57816.91216800644,76186.50310825824,foundation
98028,2021-12-31,2022-12-31,2023-11-30,d2stgnn,59168.053945967076,76530.87250581823,spatial_temporal
98028,2022-12-31,2023-12-31,2024-11-30,dlinear,83060.5258437467,108265.02785522844,DL
98028,2023-01-31,2024-01-31,2024-12-31,dlinear,87517.8775425307,120300.19965714379,DL
98028,2024-01-31,2025-01-31,2025-12-31,timesfm_zero,83341.22047684684,117031.22975751283,foundation
98028,2024-02-29,2025-02-28,2026-01-31,itransformer,81823.60485548594,114349.56173770587,DL
98028,2024-03-31,2025-03-31,2026-02-28,timesfm_zero,63305.68720267934,83571.22328966226,foundation
98028,2024-04-30,2025-04-30,2026-03-31,stgcn,57713.85512663356,71189.90771274002,spatial_temporal
98028,2024-05-31,2025-05-31,2026-04-30,stgcn,55736.607831660636,67257.34266040512,spatial_temporal
98028,2024-06-30,2025-06-30,2026-05-31,chronos2_zero,39828.28976835483,54242.71536124746,foundation
98028,2024-07-31,2025-07-31,2026-06-30,patchtst,27921.201663882897,36195.44046267716,DL
98028,2024-08-31,2025-08-31,2026-07-31,patchtst,36061.678106647916,47958.2250616366,DL
98029,2016-03-31,2017-03-31,2018-02-28,itransformer,22622.98897646746,32428.936943276785,DL
98029,2016-04-30,2017-04-30,2018-03-31,dlinear,31111.27643895587,39964.118180666985,DL
98029,2016-05-31,2017-05-31,2018-04-30,timemixer,24291.148773669305,27551.913836898708,DL
98029,2016-06-30,2017-06-30,2018-05-31,timemixer,20648.97157998783,25439.104890088198,DL
98029,2016-07-31,2017-07-31,2018-06-30,timemixer,19389.08239634398,23292.729650916597,DL
98029,2016-08-31,2017-08-31,2018-07-31,timemixer,24461.096425986005,28390.0711405828,DL
98029,2016-09-30,2017-09-30,2018-08-31,dcrnn,26755.7523107795,31094.702505688943,spatial_temporal
98029,2016-10-31,2017-10-31,2018-09-30,timemixer,26532.80919307798,36201.85667004422,DL
98029,2016-11-30,2017-11-30,2018-10-31,timemixer,26913.573539684323,32378.07520184449,DL
98029,2016-12-31,2017-12-31,2018-11-30,stgformer,29892.29960265616,38832.47688766942,spatial_temporal
98029,2017-01-31,2018-01-31,2018-12-31,stgformer,32193.44378085382,38570.2444602226,spatial_temporal
98029,2017-02-28,2018-02-28,2019-01-31,patchtst,30681.224699995528,41164.934583855735,DL
98029,2017-03-31,2018-03-31,2019-02-28,chronos2_zero,36048.19065290585,45152.810405326185,foundation
98029,2017-04-30,2018-04-30,2019-03-31,chronos2_zero,29450.657213376486,36045.48948719055,foundation
98029,2017-05-31,2018-05-31,2019-04-30,patchtst,37083.73433394622,51345.03809318912,DL
98029,2017-06-30,2018-06-30,2019-05-31,chronos2_zero,35569.220104705375,47326.007962685355,foundation
98029,2017-07-31,2018-07-31,2019-06-30,chronos2_zero,38352.98532992078,47915.69260846186,foundation
98029,2017-08-31,2018-08-31,2019-07-31,chronos2_zero,35148.620378989646,40126.745956431885,foundation
98029,2017-09-30,2018-09-30,2019-08-31,chronos2_zero,34676.290798746806,38350.46344892912,foundation
98029,2017-10-31,2018-10-31,2019-09-30,timemixer,47910.15419351079,54282.61158120407,DL
98029,2017-11-30,2018-11-30,2019-10-31,chronos2_zero,18728.316419089755,22379.955748900466,foundation
98029,2017-12-31,2018-12-31,2019-11-30,chronos2_zero,21923.770936524874,26304.237245035263,foundation
98029,2018-01-31,2019-01-31,2019-12-31,chronos2_zero,22686.714224831852,27585.412871337965,foundation
98029,2018-02-28,2019-02-28,2020-01-31,graph_wavenet,31599.30696100371,36032.41852106648,spatial_temporal
98029,2018-03-31,2019-03-31,2020-02-29,graph_wavenet,26341.786330784467,29217.409400999553,spatial_temporal
98029,2018-04-30,2019-04-30,2020-03-31,graph_wavenet,16629.93419284324,20166.024149944464,spatial_temporal
98029,2018-05-31,2019-05-31,2020-04-30,graph_wavenet,14432.639215600007,18250.6271162105,spatial_temporal
98029,2018-06-30,2019-06-30,2020-05-31,chronos2_zero,16400.288070515515,22157.30552668439,foundation
98029,2018-07-31,2019-07-31,2020-06-30,timesfm_zero,20180.05901137761,24836.97490328784,foundation
98029,2018-08-31,2019-08-31,2020-07-31,chronos2_zero,24356.444542458583,28453.08733031558,foundation
98029,2018-09-30,2019-09-30,2020-08-31,chronos2_zero,19174.12852992457,24040.535821015626,foundation
98029,2018-10-31,2019-10-31,2020-09-30,chronos2_zero,22678.341123243106,27155.818779784775,foundation
98029,2018-11-30,2019-11-30,2020-10-31,chronos2_zero,23403.723763960286,30623.710362847924,foundation
98029,2018-12-31,2019-12-31,2020-11-30,dcrnn,21146.587907101337,27372.580334295202,spatial_temporal
98029,2019-01-31,2020-01-31,2020-12-31,dcrnn,24618.84475481491,28397.003720741013,spatial_temporal
98029,2019-02-28,2020-02-29,2021-01-31,stgformer,27238.466439762775,32488.50746152275,spatial_temporal
98029,2019-03-31,2020-03-31,2021-02-28,timemixer,31342.683427902946,36598.61396483855,DL
98029,2019-04-30,2020-04-30,2021-03-31,timemixer,32482.601168366247,42906.4178392892,DL
98029,2019-05-31,2020-05-31,2021-04-30,patchtst,46609.800650878875,55031.38079593212,DL
98029,2019-06-30,2020-06-30,2021-05-31,timemixer,46286.514654440056,60808.52511357665,DL
98029,2019-07-31,2020-07-31,2021-06-30,timemixer,49200.10241671654,61790.928392229835,DL
98029,2019-08-31,2020-08-31,2021-07-31,timemixer,40606.04849252035,56323.8742915991,DL
98029,2019-09-30,2020-09-30,2021-08-31,timemixer,61654.36856281672,71840.90213386562,DL
98029,2019-10-31,2020-10-31,2021-09-30,dcrnn,59915.430356285615,71274.66704079714,spatial_temporal
98029,2019-11-30,2020-11-30,2021-10-31,dcrnn,43943.275883669245,63538.49090551173,spatial_temporal
98029,2019-12-31,2020-12-31,2021-11-30,dcrnn,45470.927985397466,66593.26443732702,spatial_temporal
98029,2020-01-31,2021-01-31,2021-12-31,dcrnn,73042.22023025864,90821.0217931725,spatial_temporal
98029,2020-02-29,2021-02-28,2022-01-31,stgcn,120982.56899448938,152451.67230428522,spatial_temporal
98029,2020-03-31,2021-03-31,2022-02-28,timemixer,147802.94663284233,186666.7235747762,DL
98029,2020-04-30,2021-04-30,2022-03-31,timemixer,99908.6022019416,149617.21640287625,DL
98029,2020-05-31,2021-05-31,2022-04-30,timemixer,88578.77679790737,120673.11079134581,DL
98029,2020-06-30,2021-06-30,2022-05-31,timemixer,101666.52828486041,123232.87293259162,DL
98029,2020-07-31,2021-07-31,2022-06-30,timemixer,118961.01533170913,151149.73846030232,DL
98029,2020-08-31,2021-08-31,2022-07-31,timemixer,97551.30173344573,128149.70707555632,DL
98029,2020-09-30,2021-09-30,2022-08-31,itransformer,102110.34654690653,119449.15693277642,DL
98029,2020-10-31,2021-10-31,2022-09-30,timemixer,101603.91265383648,125895.01785434685,DL
98029,2020-11-30,2021-11-30,2022-10-31,graph_wavenet,113194.92739318132,128131.48263549194,spatial_temporal
98029,2020-12-31,2021-12-31,2022-11-30,timemixer,89296.48912050418,119313.0943156383,DL
98029,2021-01-31,2022-01-31,2022-12-31,dcrnn,109188.48305333359,127274.45038893304,spatial_temporal
98029,2021-02-28,2022-02-28,2023-01-31,dcrnn,114536.70056460012,150149.74860483487,spatial_temporal
98029,2021-03-31,2022-03-31,2023-02-28,dcrnn,128126.48542487474,192897.4757182204,spatial_temporal
98029,2021-04-30,2022-04-30,2023-03-31,dcrnn,133002.57767725538,198649.97154890478,spatial_temporal
98029,2021-05-31,2022-05-31,2023-04-30,stgcn,129184.76962888683,162081.38272709327,spatial_temporal
98029,2021-06-30,2022-06-30,2023-05-31,timesfm_zero,137787.8494313531,167202.8145245349,foundation
98029,2021-07-31,2022-07-31,2023-06-30,dcrnn,134518.70869090056,203482.25841870764,spatial_temporal
98029,2021-08-31,2022-08-31,2023-07-31,timesfm_zero,121721.29221193945,161400.24776460748,foundation
98029,2021-09-30,2022-09-30,2023-08-31,timesfm_zero,118095.24336338694,161232.31875693527,foundation
98029,2021-10-31,2022-10-31,2023-09-30,timesfm_zero,129104.15322992847,167099.94809433896,foundation
98029,2021-11-30,2022-11-30,2023-10-31,chronos2_zero,152555.28228869362,202584.63014550385,foundation
98029,2021-12-31,2022-12-31,2023-11-30,timesfm_zero,152519.06977266507,181397.79404002894,foundation
98029,2022-12-31,2023-12-31,2024-11-30,itransformer,73382.98973383462,86496.68643760531,DL
98029,2023-01-31,2024-01-31,2024-12-31,itransformer,82754.66458644693,100010.45761005646,DL
98029,2024-01-31,2025-01-31,2025-12-31,timesfm_zero,103001.39596942691,121513.14326201218,foundation
98029,2024-02-29,2025-02-28,2026-01-31,timesfm_zero,102797.64069368645,120264.75290128971,foundation
98029,2024-03-31,2025-03-31,2026-02-28,timemixer,111697.17695397082,143735.9704752859,DL
98029,2024-04-30,2025-04-30,2026-03-31,timesfm_zero,102343.16808558663,123938.20755550286,foundation
98029,2024-05-31,2025-05-31,2026-04-30,timesfm_zero,106692.67733212859,130870.70367748626,foundation
98029,2024-06-30,2025-06-30,2026-05-31,stgformer,97898.72267557551,126093.01448067847,spatial_temporal
98029,2024-07-31,2025-07-31,2026-06-30,stgcn,97816.40037218289,107579.90621631745,spatial_temporal
98029,2024-08-31,2025-08-31,2026-07-31,stgcn,98474.76148065426,117738.44182956888,spatial_temporal
98030,2016-03-31,2017-03-31,2018-02-28,d2stgnn,13625.375876487014,19234.885550866853,spatial_temporal
98030,2016-04-30,2017-04-30,2018-03-31,itransformer,13781.343287643991,21820.96852232889,DL
98030,2016-05-31,2017-05-31,2018-04-30,d2stgnn,17500.48069339393,24053.221619208583,spatial_temporal
98030,2016-06-30,2017-06-30,2018-05-31,itransformer,12789.00354199661,17020.105483379702,DL
98030,2016-07-31,2017-07-31,2018-06-30,itransformer,18300.18080458675,23773.11539456175,DL
98030,2016-08-31,2017-08-31,2018-07-31,dlinear,25218.52277370178,30463.800526977368,DL
98030,2016-09-30,2017-09-30,2018-08-31,dlinear,27623.116670389645,33263.38320630113,DL
98030,2016-10-31,2017-10-31,2018-09-30,dlinear,30801.316202855134,36739.32622910345,DL
98030,2016-11-30,2017-11-30,2018-10-31,dlinear,35605.86312824582,41943.95680681033,DL
98030,2016-12-31,2017-12-31,2018-11-30,dlinear,42616.43381814079,46455.93820627075,DL
98030,2017-01-31,2018-01-31,2018-12-31,dlinear,43459.407646854874,47664.19568589935,DL
98030,2017-02-28,2018-02-28,2019-01-31,graph_wavenet,27734.098470592377,29117.578692196646,spatial_temporal
98030,2017-03-31,2018-03-31,2019-02-28,graph_wavenet,19938.43655434682,27551.71035898046,spatial_temporal
98030,2017-04-30,2018-04-30,2019-03-31,d2stgnn,17412.49876453889,22157.16690478429,spatial_temporal
98030,2017-05-31,2018-05-31,2019-04-30,d2stgnn,18950.637958915904,20975.318165128905,spatial_temporal
98030,2017-06-30,2018-06-30,2019-05-31,timesfm_zero,23590.481778632082,29235.75481570781,foundation
98030,2017-07-31,2018-07-31,2019-06-30,timesfm_zero,18456.868943874113,22697.389583921624,foundation
98030,2017-08-31,2018-08-31,2019-07-31,timesfm_zero,14488.371592044574,16953.616517475035,foundation
98030,2017-09-30,2018-09-30,2019-08-31,timesfm_zero,17533.84321339094,20491.08074885836,foundation
98030,2017-10-31,2018-10-31,2019-09-30,dcrnn,19329.72858816537,21229.807703003822,spatial_temporal
98030,2017-11-30,2018-11-30,2019-10-31,graph_wavenet,13586.424431161131,19710.30826562503,spatial_temporal
98030,2017-12-31,2018-12-31,2019-11-30,graph_wavenet,10163.699790148661,11591.880376014296,spatial_temporal
98030,2018-01-31,2019-01-31,2019-12-31,graph_wavenet,7319.04569853623,8762.749657968172,spatial_temporal
98030,2018-02-28,2019-02-28,2020-01-31,graph_wavenet,8310.197789694494,9749.61610458645,spatial_temporal
98030,2018-03-31,2019-03-31,2020-02-29,stgformer,10330.22621942081,13589.066478470646,spatial_temporal
98030,2018-04-30,2019-04-30,2020-03-31,stgcn,11095.156176485121,13900.410335713852,spatial_temporal
98030,2018-05-31,2019-05-31,2020-04-30,stgcn,9160.434228537153,13013.075545884365,spatial_temporal
98030,2018-06-30,2019-06-30,2020-05-31,timemixer,8816.689021135739,10584.750054774142,DL
98030,2018-07-31,2019-07-31,2020-06-30,dcrnn,9518.980242204852,12064.380452848998,spatial_temporal
98030,2018-08-31,2019-08-31,2020-07-31,itransformer,9726.353346641152,11456.225163843777,DL
98030,2018-09-30,2019-09-30,2020-08-31,itransformer,9555.79867214126,11823.314273292519,DL
98030,2018-10-31,2019-10-31,2020-09-30,patchtst,12158.949391797185,14639.801666226149,DL
98030,2018-11-30,2019-11-30,2020-10-31,d2stgnn,11855.664175664968,14388.563072953999,spatial_temporal
98030,2018-12-31,2019-12-31,2020-11-30,patchtst,10183.230395571672,13273.199912276476,DL
98030,2019-01-31,2020-01-31,2020-12-31,patchtst,12754.041091606448,14610.74365803695,DL
98030,2019-02-28,2020-02-29,2021-01-31,patchtst,12337.95266447046,15316.688311312711,DL
98030,2019-03-31,2020-03-31,2021-02-28,d2stgnn,10827.269193659624,14025.68603140515,spatial_temporal
98030,2019-04-30,2020-04-30,2021-03-31,dlinear,13783.445079047151,16353.254412903012,DL
98030,2019-05-31,2020-05-31,2021-04-30,d2stgnn,12389.169560793822,17319.53889520481,spatial_temporal
98030,2019-06-30,2020-06-30,2021-05-31,d2stgnn,19210.85625102544,26529.657542944686,spatial_temporal
98030,2019-07-31,2020-07-31,2021-06-30,d2stgnn,25057.180549005094,32822.57119686093,spatial_temporal
98030,2019-08-31,2020-08-31,2021-07-31,d2stgnn,25216.455818001472,33166.08873489196,spatial_temporal
98030,2019-09-30,2020-09-30,2021-08-31,d2stgnn,25482.9238987047,33122.43525489222,spatial_temporal
98030,2019-10-31,2020-10-31,2021-09-30,d2stgnn,29912.85022768597,34740.22092013893,spatial_temporal
98030,2019-11-30,2020-11-30,2021-10-31,d2stgnn,26851.43835111236,31998.773826026056,spatial_temporal
98030,2019-12-31,2020-12-31,2021-11-30,d2stgnn,25872.30408403274,27998.18204743825,spatial_temporal
98030,2020-01-31,2021-01-31,2021-12-31,d2stgnn,24921.0433756917,26983.30224015548,spatial_temporal
98030,2020-02-29,2021-02-28,2022-01-31,d2stgnn,15178.019818446657,18128.245981849934,spatial_temporal
98030,2020-03-31,2021-03-31,2022-02-28,d2stgnn,15817.410704593107,29311.799320614737,spatial_temporal
98030,2020-04-30,2021-04-30,2022-03-31,d2stgnn,27266.264820301905,37047.68659507666,spatial_temporal
98030,2020-05-31,2021-05-31,2022-04-30,d2stgnn,36251.67924684012,50318.043772938465,spatial_temporal
98030,2020-06-30,2021-06-30,2022-05-31,itransformer,31136.774107777765,44250.62757918654,DL
98030,2020-07-31,2021-07-31,2022-06-30,itransformer,25425.757295679166,30733.71612405733,DL
98030,2020-08-31,2021-08-31,2022-07-31,itransformer,27500.01445334613,33784.675796690404,DL
98030,2020-09-30,2021-09-30,2022-08-31,itransformer,35380.8254579535,41996.4083537185,DL
98030,2020-10-31,2021-10-31,2022-09-30,timemixer,31369.359645003784,45536.92080424996,DL
98030,2020-11-30,2021-11-30,2022-10-31,itransformer,26918.411467033246,36590.988216315316,DL
98030,2020-12-31,2021-12-31,2022-11-30,d2stgnn,30287.084277943155,43658.24916739522,spatial_temporal
98030,2021-01-31,2022-01-31,2022-12-31,d2stgnn,31627.030085155082,41392.56524507129,spatial_temporal
98030,2021-02-28,2022-02-28,2023-01-31,d2stgnn,24995.428160794894,34587.60613348009,spatial_temporal
98030,2021-03-31,2022-03-31,2023-02-28,d2stgnn,20022.3670244509,28457.912030038162,spatial_temporal
98030,2021-04-30,2022-04-30,2023-03-31,timemixer,18020.675931642036,25184.53790696748,DL
98030,2021-05-31,2022-05-31,2023-04-30,timemixer,15055.922055044075,19344.021067384605,DL
98030,2021-06-30,2022-06-30,2023-05-31,chronos2_zero,19539.286615500238,22558.403830549803,foundation
98030,2021-07-31,2022-07-31,2023-06-30,timemixer,16717.456738813635,20697.007008135013,DL
98030,2021-08-31,2022-08-31,2023-07-31,dcrnn,21427.984983156162,26678.743496648516,spatial_temporal
98030,2021-09-30,2022-09-30,2023-08-31,dcrnn,18390.775117240777,21407.457306958342,spatial_temporal
98030,2021-10-31,2022-10-31,2023-09-30,graph_wavenet,19084.442303989646,22881.228658453845,spatial_temporal
98030,2021-11-30,2022-11-30,2023-10-31,graph_wavenet,21355.152262608124,29570.185282919865,spatial_temporal
98030,2021-12-31,2022-12-31,2023-11-30,graph_wavenet,28480.616221679305,36710.75949365335,spatial_temporal
98030,2022-12-31,2023-12-31,2024-11-30,chronos2_zero,25927.844044465386,30359.706726860706,foundation
98030,2023-01-31,2024-01-31,2024-12-31,graph_wavenet,33954.09849179699,44108.0889796434,spatial_temporal
98030,2024-01-31,2025-01-31,2025-12-31,chronos2_zero,12437.46873265758,16154.083495403795,foundation
98030,2024-02-29,2025-02-28,2026-01-31,timesfm_zero,12938.823546698424,16422.60090236465,foundation
98030,2024-03-31,2025-03-31,2026-02-28,chronos2_zero,15592.058123705725,18469.285755565033,foundation
98030,2024-04-30,2025-04-30,2026-03-31,stgformer,19181.03084507243,24337.708981404758,spatial_temporal
98030,2024-05-31,2025-05-31,2026-04-30,d2stgnn,18063.80827469986,22612.542503538494,spatial_temporal
98030,2024-06-30,2025-06-30,2026-05-31,stgformer,14806.533203298663,19632.905295635017,spatial_temporal
98030,2024-07-31,2025-07-31,2026-06-30,itransformer,20116.096219689312,23688.434014584836,DL
98030,2024-08-31,2025-08-31,2026-07-31,stgcn,18511.360786595284,24189.993425277735,spatial_temporal
98031,2016-03-31,2017-03-31,2018-02-28,dlinear,14948.80089574282,18826.1605145347,DL
98031,2016-04-30,2017-04-30,2018-03-31,dlinear,17512.125133575686,20718.431663978175,DL
98031,2016-05-31,2017-05-31,2018-04-30,dlinear,18452.14424453685,20588.39472494862,DL
98031,2016-06-30,2017-06-30,2018-05-31,d2stgnn,18625.711202532675,21103.236735319122,spatial_temporal
98031,2016-07-31,2017-07-31,2018-06-30,d2stgnn,17919.495202375416,19933.787801057864,spatial_temporal
98031,2016-08-31,2017-08-31,2018-07-31,d2stgnn,14347.632572111854,16050.054483480859,spatial_temporal
98031,2016-09-30,2017-09-30,2018-08-31,graph_wavenet,14287.131049302974,14972.65119347762,spatial_temporal
98031,2016-10-31,2017-10-31,2018-09-30,d2stgnn,16515.191824954294,18371.367863493997,spatial_temporal
98031,2016-11-30,2017-11-30,2018-10-31,itransformer,11295.666994702266,12420.68909296614,DL
98031,2016-12-31,2017-12-31,2018-11-30,itransformer,8550.440176868526,10557.912338158925,DL
98031,2017-01-31,2018-01-31,2018-12-31,d2stgnn,8420.132619475271,10383.250693117376,spatial_temporal
98031,2017-02-28,2018-02-28,2019-01-31,d2stgnn,7244.897744325877,8991.346995417234,spatial_temporal
98031,2017-03-31,2018-03-31,2019-02-28,dcrnn,6000.820003051306,8180.241495189575,spatial_temporal
98031,2017-04-30,2018-04-30,2019-03-31,dcrnn,5518.146707260826,7139.396070771323,spatial_temporal
98031,2017-05-31,2018-05-31,2019-04-30,dcrnn,5728.5957805850485,6755.284185043378,spatial_temporal
98031,2017-06-30,2018-06-30,2019-05-31,itransformer,5471.829937101215,6879.716618859399,DL
98031,2017-07-31,2018-07-31,2019-06-30,dcrnn,6728.9925877417945,8206.257949334089,spatial_temporal
98031,2017-08-31,2018-08-31,2019-07-31,itransformer,6731.420665892864,10069.379652884832,DL
98031,2017-09-30,2018-09-30,2019-08-31,itransformer,7157.313977367584,10215.788089607926,DL
98031,2017-10-31,2018-10-31,2019-09-30,d2stgnn,7317.848107752191,9152.778898768842,spatial_temporal
98031,2017-11-30,2018-11-30,2019-10-31,patchtst,8230.877394651654,10079.078558813739,DL
98031,2017-12-31,2018-12-31,2019-11-30,patchtst,7430.844357731752,8607.20140722971,DL
98031,2018-01-31,2019-01-31,2019-12-31,patchtst,5685.1100701955975,7375.057655045469,DL
98031,2018-02-28,2019-02-28,2020-01-31,patchtst,7426.457091833363,8775.430455415039,DL
98031,2018-03-31,2019-03-31,2020-02-29,patchtst,8246.405061438034,9419.173853064287,DL
98031,2018-04-30,2019-04-30,2020-03-31,d2stgnn,8133.085579744734,9281.824728559664,spatial_temporal
98031,2018-05-31,2019-05-31,2020-04-30,d2stgnn,8043.647227565108,9816.348953550594,spatial_temporal
98031,2018-06-30,2019-06-30,2020-05-31,chronos2_zero,10060.562535990664,14324.309894096537,foundation
98031,2018-07-31,2019-07-31,2020-06-30,itransformer,10291.679645186605,11078.848329517017,DL
98031,2018-08-31,2019-08-31,2020-07-31,itransformer,9422.30405316742,10756.908441999954,DL
98031,2018-09-30,2019-09-30,2020-08-31,itransformer,11873.90175988077,14854.652318509543,DL
98031,2018-10-31,2019-10-31,2020-09-30,dcrnn,12736.117748277029,14650.684137826802,spatial_temporal
98031,2018-11-30,2019-11-30,2020-10-31,dcrnn,13976.013491000034,15208.720971589673,spatial_temporal
98031,2018-12-31,2019-12-31,2020-11-30,stgformer,14309.808387891588,16074.283540670187,spatial_temporal
98031,2019-01-31,2020-01-31,2020-12-31,d2stgnn,13735.85668791057,21149.05943677191,spatial_temporal
98031,2019-02-28,2020-02-29,2021-01-31,patchtst,12018.501671604137,16279.556346221434,DL
98031,2019-03-31,2020-03-31,2021-02-28,patchtst,12302.665225536743,15136.49585222812,DL
98031,2019-04-30,2020-04-30,2021-03-31,d2stgnn,17353.015165818724,21847.90512837361,spatial_temporal
98031,2019-05-31,2020-05-31,2021-04-30,d2stgnn,14495.419567868686,20471.579723923052,spatial_temporal
98031,2019-06-30,2020-06-30,2021-05-31,d2stgnn,13435.968101102082,17492.48720623183,spatial_temporal
98031,2019-07-31,2020-07-31,2021-06-30,d2stgnn,15453.417240573923,18085.848360543754,spatial_temporal
98031,2019-08-31,2020-08-31,2021-07-31,d2stgnn,14248.808892386185,17003.507006620915,spatial_temporal
98031,2019-09-30,2020-09-30,2021-08-31,d2stgnn,9939.727932659001,11401.380535186096,spatial_temporal
98031,2019-10-31,2020-10-31,2021-09-30,d2stgnn,9020.060440090607,10709.044459905455,spatial_temporal
98031,2019-11-30,2020-11-30,2021-10-31,d2stgnn,7114.305233354763,8453.417234866734,spatial_temporal
98031,2019-12-31,2020-12-31,2021-11-30,dcrnn,6667.8065504700835,8457.570517838389,spatial_temporal
98031,2020-01-31,2021-01-31,2021-12-31,dcrnn,12948.78330918353,15891.507979068594,spatial_temporal
98031,2020-02-29,2021-02-28,2022-01-31,graph_wavenet,25016.669304941122,29382.274966026278,spatial_temporal
98031,2020-03-31,2021-03-31,2022-02-28,d2stgnn,21566.400881951628,28362.460838184343,spatial_temporal
98031,2020-04-30,2021-04-30,2022-03-31,dcrnn,23836.23635448846,39235.06556547495,spatial_temporal
98031,2020-05-31,2021-05-31,2022-04-30,d2stgnn,28782.16308173028,37761.986021863435,spatial_temporal
98031,2020-06-30,2021-06-30,2022-05-31,d2stgnn,30312.651052883575,38752.71264391529,spatial_temporal
98031,2020-07-31,2021-07-31,2022-06-30,itransformer,26953.00064988417,37578.22482685237,DL
98031,2020-08-31,2021-08-31,2022-07-31,timemixer,33271.12618377945,38366.767015460486,DL
98031,2020-09-30,2021-09-30,2022-08-31,timemixer,17255.164663708827,19939.14903515888,DL
98031,2020-10-31,2021-10-31,2022-09-30,timemixer,37313.3940215571,41559.89668497427,DL
98031,2020-11-30,2021-11-30,2022-10-31,timemixer,47920.136256358375,52735.80296303485,DL
98031,2020-12-31,2021-12-31,2022-11-30,d2stgnn,40118.47706480635,42084.556785692555,spatial_temporal
98031,2021-01-31,2022-01-31,2022-12-31,d2stgnn,34547.604197658366,40366.996242222944,spatial_temporal
98031,2021-02-28,2022-02-28,2023-01-31,d2stgnn,27196.102110222604,33238.325441062676,spatial_temporal
98031,2021-03-31,2022-03-31,2023-02-28,d2stgnn,19159.509910332574,22412.888949155025,spatial_temporal
98031,2021-04-30,2022-04-30,2023-03-31,timemixer,20646.74598569163,22037.40889819543,DL
98031,2021-05-31,2022-05-31,2023-04-30,d2stgnn,19802.474929352233,23210.70536131359,spatial_temporal
98031,2021-06-30,2022-06-30,2023-05-31,d2stgnn,22747.07417277432,24655.7875179327,spatial_temporal
98031,2021-07-31,2022-07-31,2023-06-30,d2stgnn,27085.395312487595,28296.495120431715,spatial_temporal
98031,2021-08-31,2022-08-31,2023-07-31,stgcn,18387.67110444943,31576.746152179912,spatial_temporal
98031,2021-09-30,2022-09-30,2023-08-31,graph_wavenet,12141.04178757041,16355.26576215444,spatial_temporal
98031,2021-10-31,2022-10-31,2023-09-30,dcrnn,13265.296721740839,16821.623973826794,spatial_temporal
98031,2021-11-30,2022-11-30,2023-10-31,itransformer,11753.926228532198,14488.94849746728,DL
98031,2021-12-31,2022-12-31,2023-11-30,itransformer,13636.532467895255,16629.804807863013,DL
98031,2022-12-31,2023-12-31,2024-11-30,timesfm_zero,16356.438848335014,17402.041961334584,foundation
98031,2023-01-31,2024-01-31,2024-12-31,itransformer,20979.603622814262,23759.09764352949,DL
98031,2024-01-31,2025-01-31,2025-12-31,timesfm_zero,16870.47896426752,20706.236619972922,foundation
98031,2024-02-29,2025-02-28,2026-01-31,timesfm_zero,16774.816647218733,19091.21782731061,foundation
98031,2024-03-31,2025-03-31,2026-02-28,timesfm_zero,17200.747300741787,20106.195507133274,foundation
98031,2024-04-30,2025-04-30,2026-03-31,stgcn,27399.755874472816,33533.58304152369,spatial_temporal
98031,2024-05-31,2025-05-31,2026-04-30,stgcn,20717.794015233736,25921.2962564464,spatial_temporal
98031,2024-06-30,2025-06-30,2026-05-31,chronos2_zero,15142.372744461056,20729.80830313203,foundation
98031,2024-07-31,2025-07-31,2026-06-30,chronos2_zero,12149.348177508547,17511.99027665411,foundation
98031,2024-08-31,2025-08-31,2026-07-31,chronos2_zero,12016.791305427838,16799.760498832038,foundation
98032,2016-03-31,2017-03-31,2018-02-28,dlinear,14208.683104825599,17654.02685990389,DL
98032,2016-04-30,2017-04-30,2018-03-31,timemixer,16327.707360229813,19271.832977854305,DL
98032,2016-05-31,2017-05-31,2018-04-30,dlinear,15137.591329333634,17434.64338494267,DL
98032,2016-06-30,2017-06-30,2018-05-31,dlinear,10547.985499688099,12443.740388693159,DL
98032,2016-07-31,2017-07-31,2018-06-30,dlinear,9318.213048335916,12186.999726146272,DL
98032,2016-08-31,2017-08-31,2018-07-31,graph_wavenet,8441.480705529268,9482.183681234257,spatial_temporal
98032,2016-09-30,2017-09-30,2018-08-31,itransformer,5271.310369228629,5529.295271746191,DL
98032,2016-10-31,2017-10-31,2018-09-30,itransformer,4654.517369718858,5522.410454711934,DL
98032,2016-11-30,2017-11-30,2018-10-31,itransformer,10349.054699133674,11167.986968658251,DL
98032,2016-12-31,2017-12-31,2018-11-30,dlinear,7708.15997897869,10582.640583193812,DL
98032,2017-01-31,2018-01-31,2018-12-31,dlinear,7234.411469231437,7993.456567634779,DL
98032,2017-02-28,2018-02-28,2019-01-31,dlinear,10453.695010743337,11987.437429746304,DL
98032,2017-03-31,2018-03-31,2019-02-28,d2stgnn,12643.990776768978,15288.237691451783,spatial_temporal
98032,2017-04-30,2018-04-30,2019-03-31,d2stgnn,15005.041313507007,18306.182663126176,spatial_temporal
98032,2017-05-31,2018-05-31,2019-04-30,d2stgnn,14362.533102409297,18165.477030583774,spatial_temporal
98032,2017-06-30,2018-06-30,2019-05-31,timemixer,12596.664468705023,16246.162927553016,DL
98032,2017-07-31,2018-07-31,2019-06-30,d2stgnn,12971.833302874104,17724.738635619626,spatial_temporal
98032,2017-08-31,2018-08-31,2019-07-31,timesfm_zero,14807.187183669163,18301.232025434852,foundation
98032,2017-09-30,2018-09-30,2019-08-31,patchtst,16282.314950178266,18875.71526160155,DL
98032,2017-10-31,2018-10-31,2019-09-30,patchtst,16740.068860948126,19375.49070712251,DL
98032,2017-11-30,2018-11-30,2019-10-31,patchtst,16414.860175283164,20341.27453531624,DL
98032,2017-12-31,2018-12-31,2019-11-30,timemixer,13315.035123155796,18654.34972021373,DL
98032,2018-01-31,2019-01-31,2019-12-31,timemixer,12252.29986813438,14595.860831114425,DL
98032,2018-02-28,2019-02-28,2020-01-31,patchtst,13017.433043269673,19128.993900476158,DL
98032,2018-03-31,2019-03-31,2020-02-29,patchtst,11860.424497163738,16979.37594090513,DL
98032,2018-04-30,2019-04-30,2020-03-31,patchtst,12158.78602879819,15130.680019967083,DL
98032,2018-05-31,2019-05-31,2020-04-30,dlinear,11740.575714769016,15376.65439048168,DL
98032,2018-06-30,2019-06-30,2020-05-31,patchtst,12121.78368519946,15692.303795837048,DL
98032,2018-07-31,2019-07-31,2020-06-30,d2stgnn,9849.620277224254,12002.48200527195,spatial_temporal
98032,2018-08-31,2019-08-31,2020-07-31,patchtst,8501.099892583617,9850.184555708098,DL
98032,2018-09-30,2019-09-30,2020-08-31,patchtst,9132.864189346927,9937.01378609533,DL
98032,2018-10-31,2019-10-31,2020-09-30,patchtst,8555.085143812428,10599.64628762672,DL
98032,2018-11-30,2019-11-30,2020-10-31,patchtst,8306.892257444846,10062.710884624688,DL
98032,2018-12-31,2019-12-31,2020-11-30,patchtst,11058.836227650463,14617.06940077137,DL
98032,2019-01-31,2020-01-31,2020-12-31,patchtst,13257.410786181668,18054.624781863782,DL
98032,2019-02-28,2020-02-29,2021-01-31,patchtst,18013.94090812853,23678.833670893873,DL
98032,2019-03-31,2020-03-31,2021-02-28,d2stgnn,12307.903140226763,16586.588628905494,spatial_temporal
98032,2019-04-30,2020-04-30,2021-03-31,d2stgnn,12949.471038033089,14733.505154072109,spatial_temporal
98032,2019-05-31,2020-05-31,2021-04-30,graph_wavenet,16093.404701163512,20072.845312423866,spatial_temporal
98032,2019-06-30,2020-06-30,2021-05-31,itransformer,10820.058933328517,12971.106907169711,DL
98032,2019-07-31,2020-07-31,2021-06-30,graph_wavenet,10848.924629666863,13221.337103888558,spatial_temporal
98032,2019-08-31,2020-08-31,2021-07-31,graph_wavenet,12020.719116872055,13942.879226385001,spatial_temporal
98032,2019-09-30,2020-09-30,2021-08-31,graph_wavenet,15354.07044772489,17628.825752666773,spatial_temporal
98032,2019-10-31,2020-10-31,2021-09-30,graph_wavenet,12902.054055729817,15539.354333159297,spatial_temporal
98032,2019-11-30,2020-11-30,2021-10-31,graph_wavenet,10986.302309426183,15357.857803045425,spatial_temporal
98032,2019-12-31,2020-12-31,2021-11-30,dcrnn,13850.46183418631,17822.285942658626,spatial_temporal
98032,2020-01-31,2021-01-31,2021-12-31,dcrnn,13429.215707811314,17411.597716034987,spatial_temporal
98032,2020-02-29,2021-02-28,2022-01-31,dcrnn,17906.374008016548,23666.40729089121,spatial_temporal
98032,2020-03-31,2021-03-31,2022-02-28,graph_wavenet,26200.61580487656,36757.10881068835,spatial_temporal
98032,2020-04-30,2021-04-30,2022-03-31,stgformer,29518.25515677645,38920.40994562039,spatial_temporal
98032,2020-05-31,2021-05-31,2022-04-30,stgformer,30931.207970592357,40890.473947014085,spatial_temporal
98032,2020-06-30,2021-06-30,2022-05-31,d2stgnn,30680.677214662934,39635.30856613765,spatial_temporal
98032,2020-07-31,2021-07-31,2022-06-30,d2stgnn,25376.43247130104,34004.55332308312,spatial_temporal
98032,2020-08-31,2021-08-31,2022-07-31,d2stgnn,25803.751316710364,32245.268815265055,spatial_temporal
98032,2020-09-30,2021-09-30,2022-08-31,d2stgnn,29913.5071130727,37639.360529927566,spatial_temporal
98032,2020-10-31,2021-10-31,2022-09-30,d2stgnn,25974.13563998946,32711.940706886697,spatial_temporal
98032,2020-11-30,2021-11-30,2022-10-31,d2stgnn,31442.109116155898,36749.63792696181,spatial_temporal
98032,2020-12-31,2021-12-31,2022-11-30,d2stgnn,31339.685418375117,37430.282703889614,spatial_temporal
98032,2021-01-31,2022-01-31,2022-12-31,d2stgnn,23159.731791630707,31341.122927090943,spatial_temporal
98032,2021-02-28,2022-02-28,2023-01-31,dlinear,18535.02966040724,26124.08663344432,DL
98032,2021-03-31,2022-03-31,2023-02-28,stgformer,15858.853692882112,19480.694584199227,spatial_temporal
98032,2021-04-30,2022-04-30,2023-03-31,stgformer,12451.514621811637,16120.835822409743,spatial_temporal
98032,2021-05-31,2022-05-31,2023-04-30,stgformer,11071.701229009175,12630.103553422354,spatial_temporal
98032,2021-06-30,2022-06-30,2023-05-31,stgformer,14060.265761409246,17178.31839966354,spatial_temporal
98032,2021-07-31,2022-07-31,2023-06-30,timemixer,11391.085245926302,13485.922706898153,DL
98032,2021-08-31,2022-08-31,2023-07-31,stgcn,8343.79613741757,10649.080548100534,spatial_temporal
98032,2021-09-30,2022-09-30,2023-08-31,stgcn,12048.000806671082,15573.7361569651,spatial_temporal
98032,2021-10-31,2022-10-31,2023-09-30,stgformer,8904.54800348568,11554.768160784024,spatial_temporal
98032,2021-11-30,2022-11-30,2023-10-31,chronos2_zero,11209.260374705433,12283.037780343642,foundation
98032,2021-12-31,2022-12-31,2023-11-30,timesfm_zero,9501.494440171964,11093.683288771414,foundation
98032,2022-12-31,2023-12-31,2024-11-30,d2stgnn,20659.93712430779,25469.181306700753,spatial_temporal
98032,2023-01-31,2024-01-31,2024-12-31,d2stgnn,19879.2620599636,24405.57280154055,spatial_temporal
98032,2024-01-31,2025-01-31,2025-12-31,d2stgnn,29489.224069769203,39409.89475608802,spatial_temporal
98032,2024-02-29,2025-02-28,2026-01-31,stgformer,34057.028073626076,43624.14845863883,spatial_temporal
98032,2024-03-31,2025-03-31,2026-02-28,itransformer,28946.775464384602,39417.84521920862,DL
98032,2024-04-30,2025-04-30,2026-03-31,dcrnn,27802.884944522415,37855.89334311129,spatial_temporal
98032,2024-05-31,2025-05-31,2026-04-30,chronos2_zero,21359.08130889964,26615.614057515853,foundation
98032,2024-06-30,2025-06-30,2026-05-31,itransformer,24241.29879242733,25721.106745611865,DL
98032,2024-07-31,2025-07-31,2026-06-30,itransformer,20027.283343939664,23502.12367067469,DL
98032,2024-08-31,2025-08-31,2026-07-31,itransformer,16105.096255577568,21953.732772750478,DL
98033,2016-03-31,2017-03-31,2018-02-28,d2stgnn,80607.42104414753,107828.62994874176,spatial_temporal
98033,2016-04-30,2017-04-30,2018-03-31,graph_wavenet,84110.70719432471,108395.28357815539,spatial_temporal
98033,2016-05-31,2017-05-31,2018-04-30,graph_wavenet,75279.5471801006,87064.94854180145,spatial_temporal
98033,2016-06-30,2017-06-30,2018-05-31,graph_wavenet,80358.81538031653,93407.36147261689,spatial_temporal
98033,2016-07-31,2017-07-31,2018-06-30,dcrnn,86107.25584372765,101629.76878712792,spatial_temporal
98033,2016-08-31,2017-08-31,2018-07-31,dcrnn,101319.01122797665,115421.11450933994,spatial_temporal
98033,2016-09-30,2017-09-30,2018-08-31,timemixer,94683.7711435121,102849.31413176983,DL
98033,2016-10-31,2017-10-31,2018-09-30,timemixer,92068.82936624573,105288.92083320054,DL
98033,2016-11-30,2017-11-30,2018-10-31,timemixer,103098.48481835112,109356.07559137845,DL
98033,2016-12-31,2017-12-31,2018-11-30,timemixer,76389.21426304094,91254.4673013479,DL
98033,2017-01-31,2018-01-31,2018-12-31,timemixer,65610.80566644383,81764.29602734138,DL
98033,2017-02-28,2018-02-28,2019-01-31,d2stgnn,56376.96606893655,61319.74786006432,spatial_temporal
98033,2017-03-31,2018-03-31,2019-02-28,timemixer,51466.30075607864,74563.44389388553,DL
98033,2017-04-30,2018-04-30,2019-03-31,stgformer,53744.680346134235,67085.76861290046,spatial_temporal
98033,2017-05-31,2018-05-31,2019-04-30,d2stgnn,55758.10211028822,71267.73339661647,spatial_temporal
98033,2017-06-30,2018-06-30,2019-05-31,dlinear,53835.592826998756,78053.04104626407,DL
98033,2017-07-31,2018-07-31,2019-06-30,dlinear,51882.85016340987,61765.138604388856,DL
98033,2017-08-31,2018-08-31,2019-07-31,timemixer,55050.88110908641,69884.55722666286,DL
98033,2017-09-30,2018-09-30,2019-08-31,timemixer,43821.71706997979,50846.05855658272,DL
98033,2017-10-31,2018-10-31,2019-09-30,timemixer,45477.51441261857,56659.363785203546,DL
98033,2017-11-30,2018-11-30,2019-10-31,patchtst,24243.938337282645,29825.7895976981,DL
98033,2017-12-31,2018-12-31,2019-11-30,patchtst,27382.692057874596,34918.60676645093,DL
98033,2018-01-31,2019-01-31,2019-12-31,stgcn,22308.89387462234,29015.48071536599,spatial_temporal
98033,2018-02-28,2019-02-28,2020-01-31,stgcn,21257.59602772689,25817.99189531783,spatial_temporal
98033,2018-03-31,2019-03-31,2020-02-29,graph_wavenet,16575.256018960925,20759.66199051006,spatial_temporal
98033,2018-04-30,2019-04-30,2020-03-31,dcrnn,13233.608959889933,18282.07024856407,spatial_temporal
98033,2018-05-31,2019-05-31,2020-04-30,graph_wavenet,25505.937075502006,29831.177063887328,spatial_temporal
98033,2018-06-30,2019-06-30,2020-05-31,dcrnn,32313.170772893896,43158.23719145987,spatial_temporal
98033,2018-07-31,2019-07-31,2020-06-30,stgcn,49986.72754582815,70391.02917949212,spatial_temporal
98033,2018-08-31,2019-08-31,2020-07-31,d2stgnn,61631.725012457326,78739.76517916282,spatial_temporal
98033,2018-09-30,2019-09-30,2020-08-31,itransformer,59350.23219932398,68356.25043531439,DL
98033,2018-10-31,2019-10-31,2020-09-30,itransformer,48434.00727811855,58557.936339449225,DL
98033,2018-11-30,2019-11-30,2020-10-31,timemixer,55677.66844256411,75462.25678104168,DL
98033,2018-12-31,2019-12-31,2020-11-30,patchtst,58036.98821462619,75058.68560847483,DL
98033,2019-01-31,2020-01-31,2020-12-31,patchtst,55473.125674057424,67358.0160193956,DL
98033,2019-02-28,2020-02-29,2021-01-31,patchtst,52219.704977889276,65956.21176613081,DL
98033,2019-03-31,2020-03-31,2021-02-28,timemixer,60099.82157659606,77357.96998783023,DL
98033,2019-04-30,2020-04-30,2021-03-31,timemixer,64484.80736549393,88133.74724936727,DL
98033,2019-05-31,2020-05-31,2021-04-30,timemixer,55375.957419561535,80438.2398444526,DL
98033,2019-06-30,2020-06-30,2021-05-31,timemixer,68258.83346895331,84366.68415807291,DL
98033,2019-07-31,2020-07-31,2021-06-30,timemixer,50697.406578030226,60689.14708475592,DL
98033,2019-08-31,2020-08-31,2021-07-31,timemixer,43824.98180717059,63268.58799568492,DL
98033,2019-09-30,2020-09-30,2021-08-31,timemixer,57243.82252500034,69421.71102487145,DL
98033,2019-10-31,2020-10-31,2021-09-30,dcrnn,40247.24876651653,44637.17717451391,spatial_temporal
98033,2019-11-30,2020-11-30,2021-10-31,dcrnn,37600.876679998684,41724.64769960391,spatial_temporal
98033,2019-12-31,2020-12-31,2021-11-30,timemixer,51842.83126726132,56071.51598486037,DL
98033,2020-01-31,2021-01-31,2021-12-31,d2stgnn,51036.78495272965,60417.853747119036,spatial_temporal
98033,2020-02-29,2021-02-28,2022-01-31,d2stgnn,30768.49872597633,40124.66900929378,spatial_temporal
98033,2020-03-31,2021-03-31,2022-02-28,timemixer,52882.12469213384,75806.08481550615,DL
98033,2020-04-30,2021-04-30,2022-03-31,itransformer,60278.11812586698,69977.06101278706,DL
98033,2020-05-31,2021-05-31,2022-04-30,itransformer,86120.47235609712,109932.65005815362,DL
98033,2020-06-30,2021-06-30,2022-05-31,itransformer,50524.75080770283,70524.49021886855,DL
98033,2020-07-31,2021-07-31,2022-06-30,timemixer,73355.85499504361,89740.37633905649,DL
98033,2020-08-31,2021-08-31,2022-07-31,timemixer,74721.75594730659,93746.26140052524,DL
98033,2020-09-30,2021-09-30,2022-08-31,itransformer,79553.48631492122,101312.85237858354,DL
98033,2020-10-31,2021-10-31,2022-09-30,itransformer,94411.267163863,111795.28212577275,DL
98033,2020-11-30,2021-11-30,2022-10-31,patchtst,115819.2850863356,130730.57284279002,DL
98033,2020-12-31,2021-12-31,2022-11-30,patchtst,107211.6553131372,126761.24435698822,DL
98033,2021-01-31,2022-01-31,2022-12-31,patchtst,130017.60414944867,172678.77301496812,DL
98033,2021-02-28,2022-02-28,2023-01-31,stgformer,143751.82164714255,177432.06855240682,spatial_temporal
98033,2021-03-31,2022-03-31,2023-02-28,chronos2_zero,149548.40264941653,209278.07280224605,foundation
98033,2021-04-30,2022-04-30,2023-03-31,timesfm_zero,152714.53696329627,209646.3104892438,foundation
98033,2021-05-31,2022-05-31,2023-04-30,timesfm_zero,199091.60854830648,283252.68174059433,foundation
98033,2021-06-30,2022-06-30,2023-05-31,chronos2_zero,177565.14877626262,240090.6726809046,foundation
98033,2021-07-31,2022-07-31,2023-06-30,patchtst,173845.09677069756,216763.27115196918,DL
98033,2021-08-31,2022-08-31,2023-07-31,patchtst,144950.97868459497,161606.24507990424,DL
98033,2021-09-30,2022-09-30,2023-08-31,patchtst,152031.902420104,170643.1078780594,DL
98033,2021-10-31,2022-10-31,2023-09-30,patchtst,175152.9192697926,201092.16684767898,DL
98033,2021-11-30,2022-11-30,2023-10-31,timemixer,164155.36326104883,188607.51315823515,DL
98033,2021-12-31,2022-12-31,2023-11-30,stgcn,188110.31273828517,224063.88476041207,spatial_temporal
98033,2022-12-31,2023-12-31,2024-11-30,timemixer,118301.8067744838,156917.28143033508,DL
98033,2023-01-31,2024-01-31,2024-12-31,timemixer,139659.91873145418,176742.07633430412,DL
98033,2024-01-31,2025-01-31,2025-12-31,itransformer,96871.1226252415,117020.65749882434,DL
98033,2024-02-29,2025-02-28,2026-01-31,timesfm_zero,105045.9728496552,121921.24173487478,foundation
98033,2024-03-31,2025-03-31,2026-02-28,stgformer,99087.08349462967,127775.25753999015,spatial_temporal
98033,2024-04-30,2025-04-30,2026-03-31,timesfm_zero,112393.28931997479,128406.46593154236,foundation
98033,2024-05-31,2025-05-31,2026-04-30,timesfm_zero,100969.75890072052,122263.73246817353,foundation
98033,2024-06-30,2025-06-30,2026-05-31,graph_wavenet,125786.22538090493,164498.195092808,spatial_temporal
98033,2024-07-31,2025-07-31,2026-06-30,graph_wavenet,123636.00516309119,145931.01830543453,spatial_temporal
98033,2024-08-31,2025-08-31,2026-07-31,graph_wavenet,114839.79391736434,128573.93765754261,spatial_temporal
98034,2016-03-31,2017-03-31,2018-02-28,d2stgnn,20509.90847899368,27238.710930752477,spatial_temporal
98034,2016-04-30,2017-04-30,2018-03-31,d2stgnn,20026.981159366074,29973.53919243698,spatial_temporal
98034,2016-05-31,2017-05-31,2018-04-30,graph_wavenet,24647.386932592024,28542.105943898147,spatial_temporal
98034,2016-06-30,2017-06-30,2018-05-31,d2stgnn,21220.351461416507,29013.142715929804,spatial_temporal
98034,2016-07-31,2017-07-31,2018-06-30,itransformer,15755.702550733453,19479.909430414576,DL
98034,2016-08-31,2017-08-31,2018-07-31,dcrnn,17983.43016875909,22531.83938531822,spatial_temporal
98034,2016-09-30,2017-09-30,2018-08-31,dcrnn,15466.71017634207,20981.619170330374,spatial_temporal
98034,2016-10-31,2017-10-31,2018-09-30,itransformer,14939.467203910803,17595.43185857873,DL
98034,2016-11-30,2017-11-30,2018-10-31,dcrnn,19976.406172334264,28589.660630228114,spatial_temporal
98034,2016-12-31,2017-12-31,2018-11-30,dcrnn,26021.440356364077,36882.035410212695,spatial_temporal
98034,2017-01-31,2018-01-31,2018-12-31,d2stgnn,18641.408574098972,23373.035247348853,spatial_temporal
98034,2017-02-28,2018-02-28,2019-01-31,d2stgnn,14226.97206638309,18347.260896227708,spatial_temporal
98034,2017-03-31,2018-03-31,2019-02-28,chronos2_zero,21150.50739836201,26746.176751102106,foundation
98034,2017-04-30,2018-04-30,2019-03-31,itransformer,15269.97989948253,20084.144045343768,DL
98034,2017-05-31,2018-05-31,2019-04-30,timemixer,18217.641283670266,23936.462420928627,DL
98034,2017-06-30,2018-06-30,2019-05-31,patchtst,17647.265638834553,21846.149460401113,DL
98034,2017-07-31,2018-07-31,2019-06-30,timemixer,16105.014901298933,19835.725371388766,DL
98034,2017-08-31,2018-08-31,2019-07-31,timesfm_zero,20443.943291873456,25924.39397466027,foundation
98034,2017-09-30,2018-09-30,2019-08-31,timemixer,20504.878205814748,25782.107075388987,DL
98034,2017-10-31,2018-10-31,2019-09-30,itransformer,16606.410647197812,17998.19838282012,DL
98034,2017-11-30,2018-11-30,2019-10-31,itransformer,13622.33943073565,15855.85971299179,DL
98034,2017-12-31,2018-12-31,2019-11-30,itransformer,13586.40502527977,17063.224191878213,DL
98034,2018-01-31,2019-01-31,2019-12-31,d2stgnn,12697.046352544072,18122.350488766322,spatial_temporal
98034,2018-02-28,2019-02-28,2020-01-31,timemixer,12412.304867072642,15765.89161434617,DL
98034,2018-03-31,2019-03-31,2020-02-29,timesfm_zero,12660.51757599818,14645.22390174321,foundation
98034,2018-04-30,2019-04-30,2020-03-31,timemixer,12303.672442126894,15649.79343025179,DL
98034,2018-05-31,2019-05-31,2020-04-30,chronos2_zero,14856.333107145425,17643.266164389257,foundation
98034,2018-06-30,2019-06-30,2020-05-31,itransformer,11586.294193720145,14988.596972221956,DL
98034,2018-07-31,2019-07-31,2020-06-30,timemixer,10839.519085797083,15613.62538770841,DL
98034,2018-08-31,2019-08-31,2020-07-31,timemixer,12802.79174193377,15127.33343598738,DL
98034,2018-09-30,2019-09-30,2020-08-31,timemixer,15184.722423964491,18169.707786753985,DL
98034,2018-10-31,2019-10-31,2020-09-30,graph_wavenet,12863.308149636336,16213.682100649294,spatial_temporal
98034,2018-11-30,2019-11-30,2020-10-31,stgcn,11514.491224625895,13120.07942192962,spatial_temporal
98034,2018-12-31,2019-12-31,2020-11-30,graph_wavenet,8133.774946435772,10654.166926135895,spatial_temporal
98034,2019-01-31,2020-01-31,2020-12-31,graph_wavenet,18852.891644113086,22476.14382196387,spatial_temporal
98034,2019-02-28,2020-02-29,2021-01-31,timemixer,13006.21728410405,17529.58318880188,DL
98034,2019-03-31,2020-03-31,2021-02-28,graph_wavenet,16899.505471948516,33832.65990063716,spatial_temporal
98034,2019-04-30,2020-04-30,2021-03-31,stgformer,29725.40859167885,43509.54009824106,spatial_temporal
98034,2019-05-31,2020-05-31,2021-04-30,patchtst,38374.69983021644,64983.39753772878,DL
98034,2019-06-30,2020-06-30,2021-05-31,d2stgnn,35794.27853005095,47332.13283078015,spatial_temporal
98034,2019-07-31,2020-07-31,2021-06-30,d2stgnn,44378.05986302159,58470.319077775646,spatial_temporal
98034,2019-08-31,2020-08-31,2021-07-31,timemixer,43850.04498887025,48823.62506618509,DL
98034,2019-09-30,2020-09-30,2021-08-31,dcrnn,33481.29433687313,39941.78475668555,spatial_temporal
98034,2019-10-31,2020-10-31,2021-09-30,dcrnn,36150.28751478984,46902.98883453745,spatial_temporal
98034,2019-11-30,2020-11-30,2021-10-31,d2stgnn,30040.546049244673,35738.03539633249,spatial_temporal
98034,2019-12-31,2020-12-31,2021-11-30,d2stgnn,24676.444258618518,34111.080133061034,spatial_temporal
98034,2020-01-31,2021-01-31,2021-12-31,d2stgnn,33977.07011874311,42270.00598115142,spatial_temporal
98034,2020-02-29,2021-02-28,2022-01-31,stgcn,36175.04230961676,38894.22049942832,spatial_temporal
98034,2020-03-31,2021-03-31,2022-02-28,dcrnn,50196.11815240921,65454.24797650684,spatial_temporal
98034,2020-04-30,2021-04-30,2022-03-31,timemixer,58626.16418294611,89820.73309939589,DL
98034,2020-05-31,2021-05-31,2022-04-30,timemixer,64209.998655829135,90648.24911792335,DL
98034,2020-06-30,2021-06-30,2022-05-31,timemixer,57451.36585878497,93097.73457120135,DL
98034,2020-07-31,2021-07-31,2022-06-30,itransformer,56262.64556576896,67870.85988571985,DL
98034,2020-08-31,2021-08-31,2022-07-31,itransformer,46507.062963326556,53539.18503650038,DL
98034,2020-09-30,2021-09-30,2022-08-31,itransformer,62638.21098497998,84376.91857376818,DL
98034,2020-10-31,2021-10-31,2022-09-30,d2stgnn,93353.64270040311,117763.36488257111,spatial_temporal
98034,2020-11-30,2021-11-30,2022-10-31,d2stgnn,89245.21278111397,109950.94630259243,spatial_temporal
98034,2020-12-31,2021-12-31,2022-11-30,d2stgnn,77442.10673663332,99100.39387689097,spatial_temporal
98034,2021-01-31,2022-01-31,2022-12-31,d2stgnn,78583.95926431072,93853.2503617741,spatial_temporal
98034,2021-02-28,2022-02-28,2023-01-31,timemixer,78682.79752113564,93447.6156063925,DL
98034,2021-03-31,2022-03-31,2023-02-28,d2stgnn,69875.65320555419,77682.39865978344,spatial_temporal
98034,2021-04-30,2022-04-30,2023-03-31,stgformer,69274.53480916137,90916.08681038368,spatial_temporal
98034,2021-05-31,2022-05-31,2023-04-30,stgformer,66776.03964450012,75875.5857798278,spatial_temporal
98034,2021-06-30,2022-06-30,2023-05-31,stgformer,61059.98247490721,73145.12261842084,spatial_temporal
98034,2021-07-31,2022-07-31,2023-06-30,stgformer,69497.8583024838,81044.11605285696,spatial_temporal
98034,2021-08-31,2022-08-31,2023-07-31,graph_wavenet,58848.20115450209,67245.49089166941,spatial_temporal
98034,2021-09-30,2022-09-30,2023-08-31,graph_wavenet,39465.47850298567,48321.361636662674,spatial_temporal
98034,2021-10-31,2022-10-31,2023-09-30,graph_wavenet,47036.99204411619,64882.439603666426,spatial_temporal
98034,2021-11-30,2022-11-30,2023-10-31,chronos2_zero,47181.69528552399,58986.775009870915,foundation
98034,2021-12-31,2022-12-31,2023-11-30,itransformer,41636.09794260456,48056.18292012607,DL
98034,2022-12-31,2023-12-31,2024-11-30,dlinear,52594.305098707206,70303.12258696748,DL
98034,2023-01-31,2024-01-31,2024-12-31,patchtst,43546.97312297162,58125.66798980746,DL
98034,2024-01-31,2025-01-31,2025-12-31,timesfm_zero,63478.918253875534,74834.50777485862,foundation
98034,2024-02-29,2025-02-28,2026-01-31,chronos2_zero,62149.867560023245,72832.39246045389,foundation
98034,2024-03-31,2025-03-31,2026-02-28,timesfm_zero,60964.860318013154,72626.51537525486,foundation
98034,2024-04-30,2025-04-30,2026-03-31,timesfm_zero,60071.67222693722,75944.14284609718,foundation
98034,2024-05-31,2025-05-31,2026-04-30,timesfm_zero,71208.83652211487,87449.61089699034,foundation
98034,2024-06-30,2025-06-30,2026-05-31,timemixer,49998.228200948855,59124.49055643218,DL
98034,2024-07-31,2025-07-31,2026-06-30,chronos2_zero,45054.406664570815,57813.83746169067,foundation
98034,2024-08-31,2025-08-31,2026-07-31,timemixer,36569.621069330955,45095.008485496364,DL
98036,2016-03-31,2017-03-31,2018-02-28,patchtst,12239.4328977012,18714.44892818259,DL
98036,2016-04-30,2017-04-30,2018-03-31,d2stgnn,16500.079627453084,21517.765315281376,spatial_temporal
98036,2016-05-31,2017-05-31,2018-04-30,d2stgnn,20638.205859284746,26892.372267184925,spatial_temporal
98036,2016-06-30,2017-06-30,2018-05-31,d2stgnn,20463.87951031479,27632.135319197605,spatial_temporal
98036,2016-07-31,2017-07-31,2018-06-30,d2stgnn,22225.22440469606,27349.476807411338,spatial_temporal
98036,2016-08-31,2017-08-31,2018-07-31,timemixer,22661.479005688645,27823.75621911728,DL
98036,2016-09-30,2017-09-30,2018-08-31,d2stgnn,31565.704295556538,35949.28853988797,spatial_temporal
98036,2016-10-31,2017-10-31,2018-09-30,d2stgnn,34072.2009040296,38202.3790787707,spatial_temporal
98036,2016-11-30,2017-11-30,2018-10-31,d2stgnn,33210.715070132435,37956.018428547024,spatial_temporal
98036,2016-12-31,2017-12-31,2018-11-30,d2stgnn,37579.32811016715,40565.57950146741,spatial_temporal
98036,2017-01-31,2018-01-31,2018-12-31,dlinear,27085.034937158398,29061.521648686557,DL
98036,2017-02-28,2018-02-28,2019-01-31,d2stgnn,22414.47862314347,24451.945157119473,spatial_temporal
98036,2017-03-31,2018-03-31,2019-02-28,d2stgnn,12563.139628606014,13718.92229946632,spatial_temporal
98036,2017-04-30,2018-04-30,2019-03-31,d2stgnn,11159.652984271137,15472.168783682042,spatial_temporal
98036,2017-05-31,2018-05-31,2019-04-30,timemixer,11794.429816008467,14169.219430533753,DL
98036,2017-06-30,2018-06-30,2019-05-31,timemixer,12663.852552928574,14122.882956055124,DL
98036,2017-07-31,2018-07-31,2019-06-30,stgformer,11409.094159119608,16061.847950592864,spatial_temporal
98036,2017-08-31,2018-08-31,2019-07-31,stgformer,10989.189865012604,14130.475043491837,spatial_temporal
98036,2017-09-30,2018-09-30,2019-08-31,stgformer,10498.1572133004,14237.946469472965,spatial_temporal
98036,2017-10-31,2018-10-31,2019-09-30,timemixer,14261.317590165398,17682.251737867417,DL
98036,2017-11-30,2018-11-30,2019-10-31,timesfm_zero,14828.922343274151,19946.120091900957,foundation
98036,2017-12-31,2018-12-31,2019-11-30,timesfm_zero,16746.68361231944,20187.63726439542,foundation
98036,2018-01-31,2019-01-31,2019-12-31,timesfm_zero,14325.714473087215,18655.941683948906,foundation
98036,2018-02-28,2019-02-28,2020-01-31,timesfm_zero,16005.17442169381,22216.155226421266,foundation
98036,2018-03-31,2019-03-31,2020-02-29,timesfm_zero,14102.577319839756,18268.655298677804,foundation
98036,2018-04-30,2019-04-30,2020-03-31,stgformer,12351.212966260655,17182.282598752536,spatial_temporal
98036,2018-05-31,2019-05-31,2020-04-30,stgformer,14639.955147373597,18404.801657356846,spatial_temporal
98036,2018-06-30,2019-06-30,2020-05-31,stgformer,14494.562787286277,18350.07576217009,spatial_temporal
98036,2018-07-31,2019-07-31,2020-06-30,stgformer,16618.957946003444,22857.654186947875,spatial_temporal
98036,2018-08-31,2019-08-31,2020-07-31,timemixer,11714.339769490753,17517.420916116844,DL
98036,2018-09-30,2019-09-30,2020-08-31,graph_wavenet,14185.743186313406,17348.690708138332,spatial_temporal
98036,2018-10-31,2019-10-31,2020-09-30,dcrnn,17198.63778133573,21319.792589568486,spatial_temporal
98036,2018-11-30,2019-11-30,2020-10-31,d2stgnn,19152.780650625762,22837.63598889532,spatial_temporal
98036,2018-12-31,2019-12-31,2020-11-30,stgformer,17811.275966765534,22319.23490356058,spatial_temporal
98036,2019-01-31,2020-01-31,2020-12-31,stgformer,20499.678344224347,23539.285419277574,spatial_temporal
98036,2019-02-28,2020-02-29,2021-01-31,patchtst,27102.76030513618,34472.57945519817,DL
98036,2019-03-31,2020-03-31,2021-02-28,d2stgnn,32348.850183949533,38217.224012874176,spatial_temporal
98036,2019-04-30,2020-04-30,2021-03-31,d2stgnn,33199.935935838694,39040.105498538454,spatial_temporal
98036,2019-05-31,2020-05-31,2021-04-30,d2stgnn,28413.7237413891,37355.955141473256,spatial_temporal
98036,2019-06-30,2020-06-30,2021-05-31,d2stgnn,39432.945640821585,48645.25313174431,spatial_temporal
98036,2019-07-31,2020-07-31,2021-06-30,d2stgnn,45838.1758656634,56788.47859891743,spatial_temporal
98036,2019-08-31,2020-08-31,2021-07-31,d2stgnn,57333.64217183427,69049.38940061683,spatial_temporal
98036,2019-09-30,2020-09-30,2021-08-31,dcrnn,38303.27314477135,46931.65838952858,spatial_temporal
98036,2019-10-31,2020-10-31,2021-09-30,dcrnn,24630.60223114536,31597.23885704861,spatial_temporal
98036,2019-11-30,2020-11-30,2021-10-31,dcrnn,32800.47929426995,46157.2163624074,spatial_temporal
98036,2019-12-31,2020-12-31,2021-11-30,d2stgnn,32068.038518028654,39598.110384176405,spatial_temporal
98036,2020-01-31,2021-01-31,2021-12-31,d2stgnn,28579.48542982784,33043.5345146583,spatial_temporal
98036,2020-02-29,2021-02-28,2022-01-31,graph_wavenet,33196.59249133466,38383.71296677083,spatial_temporal
98036,2020-03-31,2021-03-31,2022-02-28,d2stgnn,36117.31974353463,43188.6319663152,spatial_temporal
98036,2020-04-30,2021-04-30,2022-03-31,stgformer,40997.89046682907,46831.87889408449,spatial_temporal
98036,2020-05-31,2021-05-31,2022-04-30,stgformer,40807.194634968386,48745.510845373756,spatial_temporal
98036,2020-06-30,2021-06-30,2022-05-31,timemixer,39323.584606239136,46111.054963072,DL
98036,2020-07-31,2021-07-31,2022-06-30,timemixer,38257.18453030194,48540.91972908621,DL
98036,2020-08-31,2021-08-31,2022-07-31,timemixer,20344.78867545332,25610.32120721183,DL
98036,2020-09-30,2021-09-30,2022-08-31,itransformer,28826.038432259375,33417.567700747546,DL
98036,2020-10-31,2021-10-31,2022-09-30,itransformer,39343.54716145907,42718.166476624305,DL
98036,2020-11-30,2021-11-30,2022-10-31,d2stgnn,35475.57614144385,41465.25750549842,spatial_temporal
98036,2020-12-31,2021-12-31,2022-11-30,d2stgnn,32503.744004526885,43265.42337972096,spatial_temporal
98036,2021-01-31,2022-01-31,2022-12-31,timemixer,29430.83240594613,37276.00570374588,DL
98036,2021-02-28,2022-02-28,2023-01-31,stgformer,30790.99511258114,34450.40549290793,spatial_temporal
98036,2021-03-31,2022-03-31,2023-02-28,stgformer,24429.007617833326,30203.17571212071,spatial_temporal
98036,2021-04-30,2022-04-30,2023-03-31,stgformer,33732.7772889205,40084.53168908685,spatial_temporal
98036,2021-05-31,2022-05-31,2023-04-30,timesfm_zero,23821.251368915586,28282.61477865052,foundation
98036,2021-06-30,2022-06-30,2023-05-31,timesfm_zero,30165.306221286446,37491.069680785185,foundation
98036,2021-07-31,2022-07-31,2023-06-30,stgcn,24326.500732277334,30980.126486336918,spatial_temporal
98036,2021-08-31,2022-08-31,2023-07-31,itransformer,30227.545554013912,38265.47887168649,DL
98036,2021-09-30,2022-09-30,2023-08-31,d2stgnn,29472.119581694715,38511.14129793959,spatial_temporal
98036,2021-10-31,2022-10-31,2023-09-30,d2stgnn,24482.4626101139,28193.185732210717,spatial_temporal
98036,2021-11-30,2022-11-30,2023-10-31,chronos2_zero,24017.372839825588,28470.690136342742,foundation
98036,2021-12-31,2022-12-31,2023-11-30,patchtst,23738.83165787856,32174.32067549917,DL
98036,2022-12-31,2023-12-31,2024-11-30,itransformer,28020.272346859216,32206.867985149318,DL
98036,2023-01-31,2024-01-31,2024-12-31,itransformer,26676.56468562216,31872.466563358223,DL
98036,2024-01-31,2025-01-31,2025-12-31,chronos2_zero,38505.07209562691,50816.168953596694,foundation
98036,2024-02-29,2025-02-28,2026-01-31,chronos2_zero,31030.20380470471,39960.36032778561,foundation
98036,2024-03-31,2025-03-31,2026-02-28,d2stgnn,53019.03469576632,61932.31532037007,spatial_temporal
98036,2024-04-30,2025-04-30,2026-03-31,d2stgnn,46849.917935005105,54458.563258699905,spatial_temporal
98036,2024-05-31,2025-05-31,2026-04-30,d2stgnn,45974.68681141769,57171.26018063912,spatial_temporal
98036,2024-06-30,2025-06-30,2026-05-31,timesfm_zero,54653.94112252365,66677.61671808772,foundation
98036,2024-07-31,2025-07-31,2026-06-30,chronos2_zero,48343.060063776116,61985.15002470257,foundation
98036,2024-08-31,2025-08-31,2026-07-31,chronos2_zero,47516.87563538974,61196.27212453869,foundation
98037,2016-03-31,2017-03-31,2018-02-28,dlinear,26062.490963455606,30281.10957640027,DL
98037,2016-04-30,2017-04-30,2018-03-31,timemixer,21310.132278087473,26410.87947789457,DL
98037,2016-05-31,2017-05-31,2018-04-30,d2stgnn,26699.909040989176,30444.643317606795,spatial_temporal
98037,2016-06-30,2017-06-30,2018-05-31,graph_wavenet,14932.319198911893,17807.930316868453,spatial_temporal
98037,2016-07-31,2017-07-31,2018-06-30,itransformer,11893.854485482283,13814.136253629174,DL
98037,2016-08-31,2017-08-31,2018-07-31,dcrnn,11322.377384314159,13451.795519266649,spatial_temporal
98037,2016-09-30,2017-09-30,2018-08-31,dcrnn,9295.678848266683,11139.250503614694,spatial_temporal
98037,2016-10-31,2017-10-31,2018-09-30,dcrnn,10842.864834482336,15220.483975141324,spatial_temporal
98037,2016-11-30,2017-11-30,2018-10-31,patchtst,13551.338509490874,15660.444051926199,DL
98037,2016-12-31,2017-12-31,2018-11-30,timemixer,10177.252410651423,11950.650287084885,DL
98037,2017-01-31,2018-01-31,2018-12-31,patchtst,11157.276225901203,16468.758090964162,DL
98037,2017-02-28,2018-02-28,2019-01-31,patchtst,11543.076185208594,19224.467044234294,DL
98037,2017-03-31,2018-03-31,2019-02-28,itransformer,15567.19287733674,19682.17535008985,DL
98037,2017-04-30,2018-04-30,2019-03-31,patchtst,14144.132902186719,18741.646602966866,DL
98037,2017-05-31,2018-05-31,2019-04-30,itransformer,15087.053713937741,18874.379343663575,DL
98037,2017-06-30,2018-06-30,2019-05-31,itransformer,16185.277429333708,19363.607424518435,DL
98037,2017-07-31,2018-07-31,2019-06-30,itransformer,16188.072734064932,19844.75809382586,DL
98037,2017-08-31,2018-08-31,2019-07-31,itransformer,16762.050044383384,20596.55105069207,DL
98037,2017-09-30,2018-09-30,2019-08-31,itransformer,16396.256141480015,20611.219016251653,DL
98037,2017-10-31,2018-10-31,2019-09-30,itransformer,16820.21389832944,20344.904374259742,DL
98037,2017-11-30,2018-11-30,2019-10-31,graph_wavenet,14816.988096953908,17261.159066546337,spatial_temporal
98037,2017-12-31,2018-12-31,2019-11-30,graph_wavenet,16191.276838452666,18801.844361991392,spatial_temporal
98037,2018-01-31,2019-01-31,2019-12-31,itransformer,20274.32572204703,23556.64438684228,DL
98037,2018-02-28,2019-02-28,2020-01-31,itransformer,20274.939451801747,23669.29506007219,DL
98037,2018-03-31,2019-03-31,2020-02-29,dlinear,20663.069121611334,24269.222466819912,DL
98037,2018-04-30,2019-04-30,2020-03-31,graph_wavenet,17787.393264657167,21724.811439614685,spatial_temporal
98037,2018-05-31,2019-05-31,2020-04-30,dlinear,13110.634094469793,15398.884280814375,DL
98037,2018-06-30,2019-06-30,2020-05-31,dlinear,14757.151044296304,16724.15192403835,DL
98037,2018-07-31,2019-07-31,2020-06-30,dlinear,20543.2640924494,24885.495193581806,DL
98037,2018-08-31,2019-08-31,2020-07-31,dlinear,20085.9768521472,27813.456319391265,DL
98037,2018-09-30,2019-09-30,2020-08-31,patchtst,16232.691594450871,19142.322598305283,DL
98037,2018-10-31,2019-10-31,2020-09-30,patchtst,20611.132617029896,24215.944007152706,DL
98037,2018-11-30,2019-11-30,2020-10-31,graph_wavenet,17014.720003871236,21690.7611842284,spatial_temporal
98037,2018-12-31,2019-12-31,2020-11-30,graph_wavenet,21005.316157892597,24769.932656113742,spatial_temporal
98037,2019-01-31,2020-01-31,2020-12-31,graph_wavenet,20201.344473269313,23805.42712361651,spatial_temporal
98037,2019-02-28,2020-02-29,2021-01-31,d2stgnn,18139.485051366035,24010.426417542065,spatial_temporal
98037,2019-03-31,2020-03-31,2021-02-28,dcrnn,19080.08748971563,23572.706356904204,spatial_temporal
98037,2019-04-30,2020-04-30,2021-03-31,dlinear,22258.685049975098,30060.756947278616,DL
98037,2019-05-31,2020-05-31,2021-04-30,d2stgnn,26871.765743696957,33973.048213624315,spatial_temporal
98037,2019-06-30,2020-06-30,2021-05-31,d2stgnn,27605.411127697666,32398.869391271302,spatial_temporal
98037,2019-07-31,2020-07-31,2021-06-30,dcrnn,29519.45179785923,36416.0861733402,spatial_temporal
98037,2019-08-31,2020-08-31,2021-07-31,d2stgnn,23048.97505924708,27356.52772997731,spatial_temporal
98037,2019-09-30,2020-09-30,2021-08-31,timemixer,19347.061728850706,24332.323462814817,DL
98037,2019-10-31,2020-10-31,2021-09-30,d2stgnn,14538.545566762235,21387.697689994566,spatial_temporal
98037,2019-11-30,2020-11-30,2021-10-31,dcrnn,19131.632825821434,24313.04964120604,spatial_temporal
98037,2019-12-31,2020-12-31,2021-11-30,d2stgnn,14240.787925723358,18350.27562986301,spatial_temporal
98037,2020-01-31,2021-01-31,2021-12-31,graph_wavenet,18257.999965365714,22190.341485679426,spatial_temporal
98037,2020-02-29,2021-02-28,2022-01-31,graph_wavenet,17438.516868193878,20505.711188127985,spatial_temporal
98037,2020-03-31,2021-03-31,2022-02-28,graph_wavenet,21212.780665355414,32479.727755184125,spatial_temporal
98037,2020-04-30,2021-04-30,2022-03-31,stgformer,22463.766070748476,34575.034159670584,spatial_temporal
98037,2020-05-31,2021-05-31,2022-04-30,itransformer,32920.62147959126,42867.72058611827,DL
98037,2020-06-30,2021-06-30,2022-05-31,itransformer,29944.660566457624,38205.91715467043,DL
98037,2020-07-31,2021-07-31,2022-06-30,timemixer,27315.877538966673,36729.83271352505,DL
98037,2020-08-31,2021-08-31,2022-07-31,itransformer,24503.316581954412,33311.5435862959,DL
98037,2020-09-30,2021-09-30,2022-08-31,d2stgnn,34771.83252828193,41752.20086051066,spatial_temporal
98037,2020-10-31,2021-10-31,2022-09-30,d2stgnn,32179.272240197683,35050.9320467484,spatial_temporal
98037,2020-11-30,2021-11-30,2022-10-31,timemixer,40472.727221744564,48718.15852208366,DL
98037,2020-12-31,2021-12-31,2022-11-30,d2stgnn,42376.962017411024,47353.7433738105,spatial_temporal
98037,2021-01-31,2022-01-31,2022-12-31,d2stgnn,40324.70942562481,48355.223083732126,spatial_temporal
98037,2021-02-28,2022-02-28,2023-01-31,d2stgnn,35628.79426418737,41842.5807813726,spatial_temporal
98037,2021-03-31,2022-03-31,2023-02-28,timemixer,33116.865904159225,41541.64309627262,DL
98037,2021-04-30,2022-04-30,2023-03-31,timemixer,23508.098867809033,30910.911388526492,DL
98037,2021-05-31,2022-05-31,2023-04-30,timesfm_zero,27995.063153281895,39193.109858074466,foundation
98037,2021-06-30,2022-06-30,2023-05-31,patchtst,36933.62215405197,44827.97174591358,DL
98037,2021-07-31,2022-07-31,2023-06-30,patchtst,37622.0847019485,49888.25293230499,DL
98037,2021-08-31,2022-08-31,2023-07-31,graph_wavenet,26281.812897243468,35793.64043301766,spatial_temporal
98037,2021-09-30,2022-09-30,2023-08-31,dcrnn,25846.057615573274,35601.13000708706,spatial_temporal
98037,2021-10-31,2022-10-31,2023-09-30,dcrnn,24794.21570965086,34630.437880616984,spatial_temporal
98037,2021-11-30,2022-11-30,2023-10-31,dcrnn,22628.412281377678,30494.069468457335,spatial_temporal
98037,2021-12-31,2022-12-31,2023-11-30,dcrnn,28174.92607287109,35307.367746100754,spatial_temporal
98037,2022-12-31,2023-12-31,2024-11-30,stgcn,87357.17250023938,117504.94057702099,spatial_temporal
98037,2023-01-31,2024-01-31,2024-12-31,chronos2_zero,85753.45459014618,122492.53951579749,foundation
98037,2024-01-31,2025-01-31,2025-12-31,timesfm_zero,28706.389196742133,33978.85989274675,foundation
98037,2024-02-29,2025-02-28,2026-01-31,timesfm_zero,39462.491607059936,50354.81822515693,foundation
98037,2024-03-31,2025-03-31,2026-02-28,timesfm_zero,40509.36540866695,50506.67800658444,foundation
98037,2024-04-30,2025-04-30,2026-03-31,timesfm_zero,31222.791869228433,35417.528262662905,foundation
98037,2024-05-31,2025-05-31,2026-04-30,timesfm_zero,24185.706735146156,29814.520223790234,foundation
98037,2024-06-30,2025-06-30,2026-05-31,timesfm_zero,24818.19903163963,30340.67249577648,foundation
98037,2024-07-31,2025-07-31,2026-06-30,timemixer,31207.610843197424,42458.478640569745,DL
98037,2024-08-31,2025-08-31,2026-07-31,stgcn,33451.06174651035,41794.174582828644,spatial_temporal
98038,2016-03-31,2017-03-31,2018-02-28,patchtst,9674.949845434463,12052.601629246423,DL
98038,2016-04-30,2017-04-30,2018-03-31,patchtst,8798.144932360234,10243.233922229856,DL
98038,2016-05-31,2017-05-31,2018-04-30,d2stgnn,10907.491442529223,12484.42886836533,spatial_temporal
98038,2016-06-30,2017-06-30,2018-05-31,d2stgnn,9653.224038037675,11206.046741758051,spatial_temporal
98038,2016-07-31,2017-07-31,2018-06-30,d2stgnn,9757.007033349442,11156.027240104968,spatial_temporal
98038,2016-08-31,2017-08-31,2018-07-31,graph_wavenet,8426.363400917462,10367.047891032447,spatial_temporal
98038,2016-09-30,2017-09-30,2018-08-31,graph_wavenet,9055.442640644475,12048.282525896926,spatial_temporal
98038,2016-10-31,2017-10-31,2018-09-30,itransformer,7927.289140388709,10992.223375226744,DL
98038,2016-11-30,2017-11-30,2018-10-31,d2stgnn,10439.728828623245,12634.805831722128,spatial_temporal
98038,2016-12-31,2017-12-31,2018-11-30,d2stgnn,7600.814585428307,10986.329787190902,spatial_temporal
98038,2017-01-31,2018-01-31,2018-12-31,dlinear,11210.340586184568,14086.519998629417,DL
98038,2017-02-28,2018-02-28,2019-01-31,dcrnn,13159.716411876705,16222.008651689817,spatial_temporal
98038,2017-03-31,2018-03-31,2019-02-28,dcrnn,13464.237077041025,16622.505205954145,spatial_temporal
98038,2017-04-30,2018-04-30,2019-03-31,dcrnn,15397.548966796467,19097.85478268356,spatial_temporal
98038,2017-05-31,2018-05-31,2019-04-30,itransformer,16881.503038309515,19363.89103672593,DL
98038,2017-06-30,2018-06-30,2019-05-31,chronos2_zero,9718.357818468905,13660.451546326902,foundation
98038,2017-07-31,2018-07-31,2019-06-30,chronos2_zero,12294.362061639322,15461.336218275717,foundation
98038,2017-08-31,2018-08-31,2019-07-31,timesfm_zero,14719.0249037837,19558.26928945543,foundation
98038,2017-09-30,2018-09-30,2019-08-31,timesfm_zero,14958.114207985049,18422.439987810492,foundation
98038,2017-10-31,2018-10-31,2019-09-30,dcrnn,15346.781891335379,19780.2605683456,spatial_temporal
98038,2017-11-30,2018-11-30,2019-10-31,dcrnn,11850.241907576996,16440.738204435685,spatial_temporal
98038,2017-12-31,2018-12-31,2019-11-30,dcrnn,11329.31099422444,14607.671224132504,spatial_temporal
98038,2018-01-31,2019-01-31,2019-12-31,stgformer,10330.59704123805,12059.247248484075,spatial_temporal
98038,2018-02-28,2019-02-28,2020-01-31,itransformer,15295.697237467495,17283.74719220942,DL
98038,2018-03-31,2019-03-31,2020-02-29,itransformer,17599.96546929819,22978.047797516952,DL
98038,2018-04-30,2019-04-30,2020-03-31,dlinear,14763.992466949261,17151.55873967328,DL
98038,2018-05-31,2019-05-31,2020-04-30,dlinear,17097.522245368382,19965.74142416657,DL
98038,2018-06-30,2019-06-30,2020-05-31,dlinear,18178.163356070334,20994.446423899797,DL
98038,2018-07-31,2019-07-31,2020-06-30,d2stgnn,17801.29036777985,24896.15409709401,spatial_temporal
98038,2018-08-31,2019-08-31,2020-07-31,d2stgnn,17807.91947489812,23045.445450828094,spatial_temporal
98038,2018-09-30,2019-09-30,2020-08-31,d2stgnn,19310.743307458568,22260.856044120854,spatial_temporal
98038,2018-10-31,2019-10-31,2020-09-30,dcrnn,17490.150527148584,22067.895705451214,spatial_temporal
98038,2018-11-30,2019-11-30,2020-10-31,dcrnn,18372.088517659355,21989.451086001824,spatial_temporal
98038,2018-12-31,2019-12-31,2020-11-30,dcrnn,13027.752356570738,14776.521174215266,spatial_temporal
98038,2019-01-31,2020-01-31,2020-12-31,dcrnn,7261.629205484603,9952.659964366896,spatial_temporal
98038,2019-02-28,2020-02-29,2021-01-31,dcrnn,7202.404574937177,9044.025098195823,spatial_temporal
98038,2019-03-31,2020-03-31,2021-02-28,dcrnn,12201.695529356375,15104.616303130071,spatial_temporal
98038,2019-04-30,2020-04-30,2021-03-31,d2stgnn,11234.161342079684,12143.290326550965,spatial_temporal
98038,2019-05-31,2020-05-31,2021-04-30,d2stgnn,14996.364895347719,18735.21214714324,spatial_temporal
98038,2019-06-30,2020-06-30,2021-05-31,d2stgnn,18172.23153729115,21239.953274998337,spatial_temporal
98038,2019-07-31,2020-07-31,2021-06-30,d2stgnn,20956.971897376276,25085.257369587067,spatial_temporal
98038,2019-08-31,2020-08-31,2021-07-31,dcrnn,20003.91973368292,22170.96901225484,spatial_temporal
98038,2019-09-30,2020-09-30,2021-08-31,dcrnn,14993.082770176241,16696.21064989287,spatial_temporal
98038,2019-10-31,2020-10-31,2021-09-30,timemixer,19612.429667257966,25915.59979080951,DL
98038,2019-11-30,2020-11-30,2021-10-31,d2stgnn,13612.537049801826,18346.893863145608,spatial_temporal
98038,2019-12-31,2020-12-31,2021-11-30,d2stgnn,12820.693924878695,15820.114281727681,spatial_temporal
98038,2020-01-31,2021-01-31,2021-12-31,d2stgnn,9668.770773651971,13453.477337194683,spatial_temporal
98038,2020-02-29,2021-02-28,2022-01-31,stgformer,12716.283643072102,16662.27059979588,spatial_temporal
98038,2020-03-31,2021-03-31,2022-02-28,stgformer,10069.894986493766,11174.534143851979,spatial_temporal
98038,2020-04-30,2021-04-30,2022-03-31,stgformer,13548.364521208228,18234.55201870316,spatial_temporal
98038,2020-05-31,2021-05-31,2022-04-30,stgformer,20133.54738517701,27567.870753191575,spatial_temporal
98038,2020-06-30,2021-06-30,2022-05-31,itransformer,22839.746305440367,30869.03677265559,DL
98038,2020-07-31,2021-07-31,2022-06-30,itransformer,24354.787563416437,29108.550917309643,DL
98038,2020-08-31,2021-08-31,2022-07-31,timemixer,17756.83002116934,22154.505635590685,DL
98038,2020-09-30,2021-09-30,2022-08-31,d2stgnn,26364.008758181055,31175.77627613786,spatial_temporal
98038,2020-10-31,2021-10-31,2022-09-30,timemixer,24741.111942230287,27760.554801308124,DL
98038,2020-11-30,2021-11-30,2022-10-31,d2stgnn,20175.57251026753,23993.47941598896,spatial_temporal
98038,2020-12-31,2021-12-31,2022-11-30,d2stgnn,25192.80796654407,31818.83790831216,spatial_temporal
98038,2021-01-31,2022-01-31,2022-12-31,d2stgnn,37554.895785102504,43781.815734702,spatial_temporal
98038,2021-02-28,2022-02-28,2023-01-31,timemixer,30906.85000399601,36233.19870196959,DL
98038,2021-03-31,2022-03-31,2023-02-28,timemixer,22813.155650835775,30296.003507527592,DL
98038,2021-04-30,2022-04-30,2023-03-31,dcrnn,24182.352643339837,27413.718958278216,spatial_temporal
98038,2021-05-31,2022-05-31,2023-04-30,dcrnn,25990.60488639092,29007.96241469758,spatial_temporal
98038,2021-06-30,2022-06-30,2023-05-31,d2stgnn,34101.67123132708,47538.76711494386,spatial_temporal
98038,2021-07-31,2022-07-31,2023-06-30,chronos2_zero,30151.61080185584,35568.70328043546,foundation
98038,2021-08-31,2022-08-31,2023-07-31,stgformer,30644.496295664187,37351.02801523943,spatial_temporal
98038,2021-09-30,2022-09-30,2023-08-31,stgcn,19819.16226952123,24844.962902628882,spatial_temporal
98038,2021-10-31,2022-10-31,2023-09-30,stgcn,15805.783940463987,18899.826219072027,spatial_temporal
98038,2021-11-30,2022-11-30,2023-10-31,stgcn,14622.463551604946,17091.552510827885,spatial_temporal
98038,2021-12-31,2022-12-31,2023-11-30,graph_wavenet,11385.503196334175,13551.574859929138,spatial_temporal
98038,2022-12-31,2023-12-31,2024-11-30,graph_wavenet,20860.263960687036,23813.17359972806,spatial_temporal
98038,2023-01-31,2024-01-31,2024-12-31,timemixer,15946.21482301938,20434.268597656875,DL
98038,2024-01-31,2025-01-31,2025-12-31,chronos2_zero,12504.954763598877,13496.816221554445,foundation
98038,2024-02-29,2025-02-28,2026-01-31,chronos2_zero,20169.59290329852,26092.314812388733,foundation
98038,2024-03-31,2025-03-31,2026-02-28,chronos2_zero,31182.82257975837,38000.666883971,foundation
98038,2024-04-30,2025-04-30,2026-03-31,chronos2_zero,35186.453079216204,44718.32318067529,foundation
98038,2024-05-31,2025-05-31,2026-04-30,stgcn,35897.287645937504,38491.0592169472,spatial_temporal
98038,2024-06-30,2025-06-30,2026-05-31,stgcn,29598.472215334954,37694.75851324259,spatial_temporal
98038,2024-07-31,2025-07-31,2026-06-30,stgcn,28552.386549149418,40685.29927563333,spatial_temporal
98038,2024-08-31,2025-08-31,2026-07-31,stgcn,30275.67396839555,39108.44021199864,spatial_temporal
98039,2016-03-31,2017-03-31,2018-02-28,itransformer,196585.9062116578,252873.53821546453,DL
98039,2016-04-30,2017-04-30,2018-03-31,d2stgnn,185061.92471859104,240920.49381001436,spatial_temporal
98039,2016-05-31,2017-05-31,2018-04-30,dcrnn,251896.75117181116,304625.8522135943,spatial_temporal
98039,2016-06-30,2017-06-30,2018-05-31,timemixer,264561.4452356195,327410.9829216037,DL
98039,2016-07-31,2017-07-31,2018-06-30,timemixer,201317.07332022735,295515.49130122666,DL
98039,2016-08-31,2017-08-31,2018-07-31,chronos2_zero,319904.94337226363,450172.62451638863,foundation
98039,2016-09-30,2017-09-30,2018-08-31,dlinear,356270.6435264225,465872.18879194785,DL
98039,2016-10-31,2017-10-31,2018-09-30,itransformer,438486.21203401097,544779.4638980349,DL
98039,2016-11-30,2017-11-30,2018-10-31,d2stgnn,490233.11063717766,598494.786572703,spatial_temporal
98039,2016-12-31,2017-12-31,2018-11-30,itransformer,496536.18395939266,612304.1289129432,DL
98039,2017-01-31,2018-01-31,2018-12-31,timemixer,558354.9867944432,683350.1774063164,DL
98039,2017-02-28,2018-02-28,2019-01-31,stgformer,526616.8310346741,614119.0274611617,spatial_temporal
98039,2017-03-31,2018-03-31,2019-02-28,graph_wavenet,632768.4316960158,782248.9524374815,spatial_temporal
98039,2017-04-30,2018-04-30,2019-03-31,dcrnn,665065.2702341261,796935.3750933124,spatial_temporal
98039,2017-05-31,2018-05-31,2019-04-30,dcrnn,673592.5758306705,795329.8593207211,spatial_temporal
98039,2017-06-30,2018-06-30,2019-05-31,dcrnn,693087.0522715464,805668.6562294513,spatial_temporal
98039,2017-07-31,2018-07-31,2019-06-30,stgcn,657682.4768221067,815598.5386768919,spatial_temporal
98039,2017-08-31,2018-08-31,2019-07-31,graph_wavenet,649795.4682951053,784137.4277702544,spatial_temporal
98039,2017-09-30,2018-09-30,2019-08-31,chronos2_zero,690577.6634230149,811235.5144893229,foundation
98039,2017-10-31,2018-10-31,2019-09-30,timesfm_zero,543580.9365372048,715110.2444091234,foundation
98039,2017-11-30,2018-11-30,2019-10-31,timesfm_zero,536474.8597343677,695405.7091245165,foundation
98039,2017-12-31,2018-12-31,2019-11-30,timesfm_zero,569432.4822844501,703514.3786823978,foundation
98039,2018-01-31,2019-01-31,2019-12-31,timesfm_zero,523539.97632460826,717752.5109317562,foundation
98039,2018-02-28,2019-02-28,2020-01-31,timesfm_zero,492755.84629219,678107.5191053107,foundation
98039,2018-03-31,2019-03-31,2020-02-29,timemixer,395659.85666998656,469826.1061127105,DL
98039,2018-04-30,2019-04-30,2020-03-31,timemixer,316041.43836463627,399319.16259102063,DL
98039,2018-05-31,2019-05-31,2020-04-30,timesfm_zero,337853.7372190328,390064.4417923368,foundation
98039,2018-06-30,2019-06-30,2020-05-31,dcrnn,307172.24365826667,375784.97242383676,spatial_temporal
98039,2018-07-31,2019-07-31,2020-06-30,graph_wavenet,247193.4562721853,337865.58955898316,spatial_temporal
98039,2018-08-31,2019-08-31,2020-07-31,graph_wavenet,258748.8560264292,335507.8116342465,spatial_temporal
98039,2018-09-30,2019-09-30,2020-08-31,graph_wavenet,282858.80580058496,343234.07683959964,spatial_temporal
98039,2018-10-31,2019-10-31,2020-09-30,dlinear,306023.04911922745,384097.6927781839,DL
98039,2018-11-30,2019-11-30,2020-10-31,patchtst,275909.1571701616,359686.879348293,DL
98039,2018-12-31,2019-12-31,2020-11-30,timemixer,307572.6882471906,354950.84140055784,DL
98039,2019-01-31,2020-01-31,2020-12-31,d2stgnn,386940.8461442578,467319.9504252897,spatial_temporal
98039,2019-02-28,2020-02-29,2021-01-31,itransformer,416804.28053921444,489787.3955671109,DL
98039,2019-03-31,2020-03-31,2021-02-28,stgcn,435935.3624323423,540545.7621349455,spatial_temporal
98039,2019-04-30,2020-04-30,2021-03-31,stgcn,421296.32792672125,523944.1073743759,spatial_temporal
98039,2019-05-31,2020-05-31,2021-04-30,stgcn,480123.969547923,670642.8235114724,spatial_temporal
98039,2019-06-30,2020-06-30,2021-05-31,stgcn,505950.82376760576,571004.563012372,spatial_temporal
98039,2019-07-31,2020-07-31,2021-06-30,graph_wavenet,543826.7478391438,597247.8068438931,spatial_temporal
98039,2019-08-31,2020-08-31,2021-07-31,graph_wavenet,258485.66172727713,368897.71673411713,spatial_temporal
98039,2019-09-30,2020-09-30,2021-08-31,graph_wavenet,251218.2505792312,363538.8178896845,spatial_temporal
98039,2019-10-31,2020-10-31,2021-09-30,graph_wavenet,315072.6489764497,374842.36797488434,spatial_temporal
98039,2019-11-30,2020-11-30,2021-10-31,graph_wavenet,285741.519354977,407630.1939665291,spatial_temporal
98039,2019-12-31,2020-12-31,2021-11-30,graph_wavenet,266155.85230037617,376022.2317941057,spatial_temporal
98039,2020-01-31,2021-01-31,2021-12-31,graph_wavenet,262354.5387064719,392896.86063503317,spatial_temporal
98039,2020-02-29,2021-02-28,2022-01-31,graph_wavenet,236003.3835908149,317913.2120986882,spatial_temporal
98039,2020-03-31,2021-03-31,2022-02-28,d2stgnn,335465.6795415473,364339.87758939544,spatial_temporal
98039,2020-04-30,2021-04-30,2022-03-31,graph_wavenet,388083.1344763075,504443.161691267,spatial_temporal
98039,2020-05-31,2021-05-31,2022-04-30,itransformer,436743.5572912828,571832.5296244515,DL
98039,2020-06-30,2021-06-30,2022-05-31,dlinear,413618.8763956709,587763.2505386506,DL
98039,2020-07-31,2021-07-31,2022-06-30,dlinear,436542.6295705059,651425.9417852578,DL
98039,2020-08-31,2021-08-31,2022-07-31,d2stgnn,468670.8106918889,531225.6343881998,spatial_temporal
98039,2020-09-30,2021-09-30,2022-08-31,d2stgnn,471980.4018470699,571868.0076713334,spatial_temporal
98039,2020-10-31,2021-10-31,2022-09-30,itransformer,516933.12614383694,674066.0282048554,DL
98039,2020-11-30,2021-11-30,2022-10-31,d2stgnn,584015.034798816,712328.7122578212,spatial_temporal
98039,2020-12-31,2021-12-31,2022-11-30,d2stgnn,590265.8979505611,684877.337452628,spatial_temporal
98039,2021-01-31,2022-01-31,2022-12-31,stgformer,619007.1873524304,774659.5276265318,spatial_temporal
98039,2021-02-28,2022-02-28,2023-01-31,dlinear,640957.7025242568,816039.1495671162,DL
98039,2021-03-31,2022-03-31,2023-02-28,timemixer,572346.8949741948,658439.7958468895,DL
98039,2021-04-30,2022-04-30,2023-03-31,chronos2_zero,574957.9348429673,660278.9403477124,foundation
98039,2021-05-31,2022-05-31,2023-04-30,chronos2_zero,600708.1243537603,683818.6941965541,foundation
98039,2021-06-30,2022-06-30,2023-05-31,chronos2_zero,661430.5135024315,759040.9075744514,foundation
98039,2021-07-31,2022-07-31,2023-06-30,chronos2_zero,568563.129977495,645030.9860861109,foundation
98039,2021-08-31,2022-08-31,2023-07-31,timemixer,537304.6795320626,679612.1263937614,DL
98039,2021-09-30,2022-09-30,2023-08-31,timemixer,502860.66929817386,690463.189023607,DL
98039,2021-10-31,2022-10-31,2023-09-30,timemixer,486069.2449870114,603793.9104687143,DL
98039,2021-11-30,2022-11-30,2023-10-31,d2stgnn,518801.3853568476,631944.1926751542,spatial_temporal
98039,2021-12-31,2022-12-31,2023-11-30,graph_wavenet,659925.2935492097,809882.5632117689,spatial_temporal
98039,2022-12-31,2023-12-31,2024-11-30,graph_wavenet,552866.7744491874,1043584.5932596042,spatial_temporal
98039,2023-01-31,2024-01-31,2024-12-31,timemixer,295551.68240773375,381611.5251234166,DL
98039,2024-01-31,2025-01-31,2025-12-31,d2stgnn,714516.3877679805,907504.5582106219,spatial_temporal
98039,2024-02-29,2025-02-28,2026-01-31,d2stgnn,645000.2756689951,878001.1742895888,spatial_temporal
98039,2024-03-31,2025-03-31,2026-02-28,itransformer,676025.2478419362,928853.2429974863,DL
98039,2024-04-30,2025-04-30,2026-03-31,dlinear,700123.7060133823,863113.6033676377,DL
98039,2024-05-31,2025-05-31,2026-04-30,dlinear,608981.4176978887,797235.3823713635,DL
98039,2024-06-30,2025-06-30,2026-05-31,dlinear,578140.4448179766,949843.4945221134,DL
98039,2024-07-31,2025-07-31,2026-06-30,dlinear,625013.846355136,868226.4014601121,DL
98039,2024-08-31,2025-08-31,2026-07-31,itransformer,792138.6731235717,1060205.4189315157,DL
98040,2016-03-31,2017-03-31,2018-02-28,timemixer,54045.467569856635,74735.2706993405,DL
98040,2016-04-30,2017-04-30,2018-03-31,timemixer,47485.0446760949,65732.46766174007,DL
98040,2016-05-31,2017-05-31,2018-04-30,itransformer,44974.13951566833,53655.29131059021,DL
98040,2016-06-30,2017-06-30,2018-05-31,timemixer,34666.69814160742,46386.95622651255,DL
98040,2016-07-31,2017-07-31,2018-06-30,patchtst,35486.046594104846,46201.57515396169,DL
98040,2016-08-31,2017-08-31,2018-07-31,patchtst,31200.095747131796,44547.71755921959,DL
98040,2016-09-30,2017-09-30,2018-08-31,timemixer,40365.59047564344,52750.49203039866,DL
98040,2016-10-31,2017-10-31,2018-09-30,itransformer,38560.32997009651,46915.38134843912,DL
98040,2016-11-30,2017-11-30,2018-10-31,timemixer,18313.699270483998,23544.803646518132,DL
98040,2016-12-31,2017-12-31,2018-11-30,graph_wavenet,49873.95068455057,61658.86458559576,spatial_temporal
98040,2017-01-31,2018-01-31,2018-12-31,timemixer,35283.36939756547,47669.018011435146,DL
98040,2017-02-28,2018-02-28,2019-01-31,timemixer,44576.97693890661,53453.39426582961,DL
98040,2017-03-31,2018-03-31,2019-02-28,graph_wavenet,44247.35197136388,51678.06861606837,spatial_temporal
98040,2017-04-30,2018-04-30,2019-03-31,graph_wavenet,57985.1228237394,91774.81616353581,spatial_temporal
98040,2017-05-31,2018-05-31,2019-04-30,graph_wavenet,78167.04856648845,120551.39815959614,spatial_temporal
98040,2017-06-30,2018-06-30,2019-05-31,d2stgnn,86691.13942036696,125278.39423946885,spatial_temporal
98040,2017-07-31,2018-07-31,2019-06-30,chronos2_zero,72570.34273533097,94313.19966057241,foundation
98040,2017-08-31,2018-08-31,2019-07-31,timesfm_zero,82394.28712412459,94082.8090517479,foundation
98040,2017-09-30,2018-09-30,2019-08-31,timesfm_zero,84326.40588836807,105311.75603982453,foundation
98040,2017-10-31,2018-10-31,2019-09-30,graph_wavenet,87917.03428131084,112560.43882094376,spatial_temporal
98040,2017-11-30,2018-11-30,2019-10-31,timesfm_zero,95878.82134717992,106284.34536381114,foundation
98040,2017-12-31,2018-12-31,2019-11-30,timesfm_zero,107309.7338925181,123024.22073883857,foundation
98040,2018-01-31,2019-01-31,2019-12-31,chronos2_zero,106661.35219969157,116116.86109656123,foundation
98040,2018-02-28,2019-02-28,2020-01-31,d2stgnn,115704.18544413817,128734.97794552374,spatial_temporal
98040,2018-03-31,2019-03-31,2020-02-29,timemixer,109365.05299457976,127009.69048173116,DL
98040,2018-04-30,2019-04-30,2020-03-31,chronos2_zero,103973.79551513215,129141.52439123073,foundation
98040,2018-05-31,2019-05-31,2020-04-30,timesfm_zero,113147.47651340603,132109.9128164022,foundation
98040,2018-06-30,2019-06-30,2020-05-31,chronos2_zero,107665.20029401225,129012.71002451457,foundation
98040,2018-07-31,2019-07-31,2020-06-30,patchtst,104958.18404609874,134855.60053501258,DL
98040,2018-08-31,2019-08-31,2020-07-31,patchtst,75169.24518128634,107551.20371895566,DL
98040,2018-09-30,2019-09-30,2020-08-31,patchtst,54878.725117614165,65614.8246610555,DL
98040,2018-10-31,2019-10-31,2020-09-30,timemixer,50431.61227517833,64690.35827872837,DL
98040,2018-11-30,2019-11-30,2020-10-31,timemixer,43608.42931207382,54578.61203169073,DL
98040,2018-12-31,2019-12-31,2020-11-30,timemixer,54613.138108915104,66031.5448825837,DL
98040,2019-01-31,2020-01-31,2020-12-31,patchtst,44152.092591054134,51214.62065990409,DL
98040,2019-02-28,2020-02-29,2021-01-31,patchtst,81001.9978396877,127188.71741390493,DL
98040,2019-03-31,2020-03-31,2021-02-28,stgcn,107740.83510123806,204459.13450500817,spatial_temporal
98040,2019-04-30,2020-04-30,2021-03-31,timemixer,102006.31921478432,160445.43243762193,DL
98040,2019-05-31,2020-05-31,2021-04-30,timemixer,92638.37334811641,126865.09221264061,DL
98040,2019-06-30,2020-06-30,2021-05-31,timemixer,118528.92486952913,157634.28299339264,DL
98040,2019-07-31,2020-07-31,2021-06-30,timemixer,102522.22915952548,158025.0709267492,DL
98040,2019-08-31,2020-08-31,2021-07-31,d2stgnn,110949.40459770699,155578.6976857475,spatial_temporal
98040,2019-09-30,2020-09-30,2021-08-31,timemixer,94483.75358646752,139097.79307404003,DL
98040,2019-10-31,2020-10-31,2021-09-30,dcrnn,122565.33169467146,168551.71426870418,spatial_temporal
98040,2019-11-30,2020-11-30,2021-10-31,dcrnn,150378.01159008808,189701.7769917496,spatial_temporal
98040,2019-12-31,2020-12-31,2021-11-30,dcrnn,150755.12066493047,182376.00658008276,spatial_temporal
98040,2020-01-31,2021-01-31,2021-12-31,graph_wavenet,141746.3950318185,171963.56058615952,spatial_temporal
98040,2020-02-29,2021-02-28,2022-01-31,itransformer,114611.55972094399,148142.3699625868,DL
98040,2020-03-31,2021-03-31,2022-02-28,itransformer,125932.37600338158,170796.1067230452,DL
98040,2020-04-30,2021-04-30,2022-03-31,stgformer,125027.47521498993,159070.79577056877,spatial_temporal
98040,2020-05-31,2021-05-31,2022-04-30,timemixer,117617.37749296792,140360.13476274448,DL
98040,2020-06-30,2021-06-30,2022-05-31,timemixer,114458.86110124986,160849.83497669522,DL
98040,2020-07-31,2021-07-31,2022-06-30,d2stgnn,118919.9100520035,143046.21506753075,spatial_temporal
98040,2020-08-31,2021-08-31,2022-07-31,d2stgnn,114570.13255373458,130229.68957959171,spatial_temporal
98040,2020-09-30,2021-09-30,2022-08-31,stgformer,89647.47564181441,125523.49448320526,spatial_temporal
98040,2020-10-31,2021-10-31,2022-09-30,d2stgnn,124210.27082749584,144153.48755837252,spatial_temporal
98040,2020-11-30,2021-11-30,2022-10-31,chronos2_zero,151472.28953526204,174316.84966077408,foundation
98040,2020-12-31,2021-12-31,2022-11-30,itransformer,87675.69232366176,105826.53446946092,DL
98040,2021-01-31,2022-01-31,2022-12-31,timemixer,160212.8723899575,217819.9125000033,DL
98040,2021-02-28,2022-02-28,2023-01-31,graph_wavenet,157949.35588728543,227712.9278973495,spatial_temporal
98040,2021-03-31,2022-03-31,2023-02-28,stgformer,159501.91546917634,238501.11849914622,spatial_temporal
98040,2021-04-30,2022-04-30,2023-03-31,stgformer,172911.732707839,271295.89020799124,spatial_temporal
98040,2021-05-31,2022-05-31,2023-04-30,chronos2_zero,141184.70705402663,223562.2421955934,foundation
98040,2021-06-30,2022-06-30,2023-05-31,chronos2_zero,167427.84275077842,201027.07126791618,foundation
98040,2021-07-31,2022-07-31,2023-06-30,patchtst,173711.15754105058,279897.4819572391,DL
98040,2021-08-31,2022-08-31,2023-07-31,chronos2_zero,190096.55911310378,249799.5335920746,foundation
98040,2021-09-30,2022-09-30,2023-08-31,dcrnn,228027.56633872786,280697.5776101218,spatial_temporal
98040,2021-10-31,2022-10-31,2023-09-30,timemixer,221578.21330221897,332786.30153793795,DL
98040,2021-11-30,2022-11-30,2023-10-31,stgformer,214939.99052267044,253902.39328161438,spatial_temporal
98040,2021-12-31,2022-12-31,2023-11-30,timemixer,141187.70019307107,229555.41650900635,DL
98040,2022-12-31,2023-12-31,2024-11-30,itransformer,148424.8170320587,198174.7810411312,DL
98040,2023-01-31,2024-01-31,2024-12-31,graph_wavenet,163050.57612481425,214857.08992387733,spatial_temporal
98040,2024-01-31,2025-01-31,2025-12-31,itransformer,146851.68322818703,181460.12385788182,DL
98040,2024-02-29,2025-02-28,2026-01-31,graph_wavenet,141044.63348045584,188776.25288874598,spatial_temporal
98040,2024-03-31,2025-03-31,2026-02-28,chronos2_zero,120897.58335598728,175086.339423826,foundation
98040,2024-04-30,2025-04-30,2026-03-31,dcrnn,115996.56450898037,171673.13825693738,spatial_temporal
98040,2024-05-31,2025-05-31,2026-04-30,dcrnn,89609.8277804944,101397.12984853162,spatial_temporal
98040,2024-06-30,2025-06-30,2026-05-31,chronos2_zero,75042.69281542336,87060.13836158896,foundation
98040,2024-07-31,2025-07-31,2026-06-30,chronos2_zero,74534.02000330827,86994.71679081062,foundation
98040,2024-08-31,2025-08-31,2026-07-31,chronos2_zero,84152.14753156104,96179.1505943986,foundation
98042,2016-03-31,2017-03-31,2018-02-28,stgformer,6922.911439024504,8490.815112120561,spatial_temporal
98042,2016-04-30,2017-04-30,2018-03-31,stgformer,7124.428640492454,9944.386897458697,spatial_temporal
98042,2016-05-31,2017-05-31,2018-04-30,stgformer,8341.51134257702,11001.766032931524,spatial_temporal
98042,2016-06-30,2017-06-30,2018-05-31,dlinear,7874.807668402005,9289.570167281789,DL
98042,2016-07-31,2017-07-31,2018-06-30,itransformer,6992.115801499506,9163.288991370639,DL
98042,2016-08-31,2017-08-31,2018-07-31,dlinear,7550.926329063858,10388.486150624614,DL
98042,2016-09-30,2017-09-30,2018-08-31,timemixer,6798.431681880252,7513.026687469052,DL
98042,2016-10-31,2017-10-31,2018-09-30,dcrnn,7572.954022504801,8539.769845009489,spatial_temporal
98042,2016-11-30,2017-11-30,2018-10-31,itransformer,5486.356019115454,7396.53604372921,DL
98042,2016-12-31,2017-12-31,2018-11-30,dcrnn,7302.471890769059,9955.878578075675,spatial_temporal
98042,2017-01-31,2018-01-31,2018-12-31,patchtst,7083.989283304346,10762.259498336465,DL
98042,2017-02-28,2018-02-28,2019-01-31,patchtst,8179.63793222238,10069.10710371027,DL
98042,2017-03-31,2018-03-31,2019-02-28,patchtst,9142.00299293495,11286.875803790821,DL
98042,2017-04-30,2018-04-30,2019-03-31,dcrnn,9934.652631636563,11393.724906913849,spatial_temporal
98042,2017-05-31,2018-05-31,2019-04-30,itransformer,8463.683946013756,10382.570285823725,DL
98042,2017-06-30,2018-06-30,2019-05-31,dcrnn,10800.654541659553,12446.247561172722,spatial_temporal
98042,2017-07-31,2018-07-31,2019-06-30,timemixer,8931.783721428257,10711.606873113471,DL
98042,2017-08-31,2018-08-31,2019-07-31,dcrnn,10274.658056555592,12222.71521753767,spatial_temporal
98042,2017-09-30,2018-09-30,2019-08-31,timemixer,9617.109742699677,11802.353733682587,DL
98042,2017-10-31,2018-10-31,2019-09-30,d2stgnn,8864.141942274233,11748.306087196679,spatial_temporal
98042,2017-11-30,2018-11-30,2019-10-31,d2stgnn,9281.157702880417,11517.38160459438,spatial_temporal
98042,2017-12-31,2018-12-31,2019-11-30,d2stgnn,10172.700426642128,12310.790596819663,spatial_temporal
98042,2018-01-31,2019-01-31,2019-12-31,dlinear,6030.850619642035,7425.802121216554,DL
98042,2018-02-28,2019-02-28,2020-01-31,dlinear,8973.049989982266,9897.704760117413,DL
98042,2018-03-31,2019-03-31,2020-02-29,dlinear,12921.201386967034,14798.189051879664,DL
98042,2018-04-30,2019-04-30,2020-03-31,dlinear,17524.218642573596,23051.76866349297,DL
98042,2018-05-31,2019-05-31,2020-04-30,dcrnn,17963.693900253944,24977.459542825807,spatial_temporal
98042,2018-06-30,2019-06-30,2020-05-31,dcrnn,19136.782023222826,28288.293241114676,spatial_temporal
98042,2018-07-31,2019-07-31,2020-06-30,dcrnn,17321.505650580697,24565.608947790435,spatial_temporal
98042,2018-08-31,2019-08-31,2020-07-31,dcrnn,15948.359877921024,22293.92356640653,spatial_temporal
98042,2018-09-30,2019-09-30,2020-08-31,dcrnn,16406.300257116975,22562.877128748594,spatial_temporal
98042,2018-10-31,2019-10-31,2020-09-30,d2stgnn,19963.98458637657,25404.886280094248,spatial_temporal
98042,2018-11-30,2019-11-30,2020-10-31,d2stgnn,22347.430859747703,26553.810602350164,spatial_temporal
98042,2018-12-31,2019-12-31,2020-11-30,dcrnn,22394.32870110298,25971.912339572045,spatial_temporal
98042,2019-01-31,2020-01-31,2020-12-31,d2stgnn,20949.232314192195,26099.9738714482,spatial_temporal
98042,2019-02-28,2020-02-29,2021-01-31,d2stgnn,14650.904128388016,18729.702102898882,spatial_temporal
98042,2019-03-31,2020-03-31,2021-02-28,d2stgnn,12715.744769251882,14899.462458502934,spatial_temporal
98042,2019-04-30,2020-04-30,2021-03-31,d2stgnn,11114.101509280628,12412.654627735643,spatial_temporal
98042,2019-05-31,2020-05-31,2021-04-30,d2stgnn,11022.501816121076,12080.643006713351,spatial_temporal
98042,2019-06-30,2020-06-30,2021-05-31,d2stgnn,15116.867381799413,17812.41222851082,spatial_temporal
98042,2019-07-31,2020-07-31,2021-06-30,d2stgnn,13469.289367582105,17135.63235972521,spatial_temporal
98042,2019-08-31,2020-08-31,2021-07-31,d2stgnn,17592.657474204887,20100.765807377535,spatial_temporal
98042,2019-09-30,2020-09-30,2021-08-31,d2stgnn,15426.45128850275,18504.0909686585,spatial_temporal
98042,2019-10-31,2020-10-31,2021-09-30,d2stgnn,16795.922752987244,21625.86173518399,spatial_temporal
98042,2019-11-30,2020-11-30,2021-10-31,stgformer,15453.035166192984,18118.35121267131,spatial_temporal
98042,2019-12-31,2020-12-31,2021-11-30,timemixer,15752.794352678562,18872.337309595066,DL
98042,2020-01-31,2021-01-31,2021-12-31,timemixer,18871.27991762999,21598.81936334217,DL
98042,2020-02-29,2021-02-28,2022-01-31,dcrnn,15875.649938677301,18529.765919299087,spatial_temporal
98042,2020-03-31,2021-03-31,2022-02-28,dcrnn,11953.060836824463,14051.9467349487,spatial_temporal
98042,2020-04-30,2021-04-30,2022-03-31,patchtst,22741.947254136747,29347.91375963468,DL
98042,2020-05-31,2021-05-31,2022-04-30,stgformer,23172.9503203522,25507.864295649702,spatial_temporal
98042,2020-06-30,2021-06-30,2022-05-31,itransformer,23511.11921207151,28472.146609534662,DL
98042,2020-07-31,2021-07-31,2022-06-30,timemixer,22934.14834337124,28554.167539424052,DL
98042,2020-08-31,2021-08-31,2022-07-31,itransformer,23438.234528735415,29051.794508181207,DL
98042,2020-09-30,2021-09-30,2022-08-31,itransformer,20588.129275216237,23866.06565895704,DL
98042,2020-10-31,2021-10-31,2022-09-30,timemixer,27577.9690828735,32348.850989209,DL
98042,2020-11-30,2021-11-30,2022-10-31,timemixer,31867.669128263,37717.51349448639,DL
98042,2020-12-31,2021-12-31,2022-11-30,d2stgnn,33104.52391012781,38771.812734895306,spatial_temporal
98042,2021-01-31,2022-01-31,2022-12-31,d2stgnn,33019.43350661288,37296.05838106993,spatial_temporal
98042,2021-02-28,2022-02-28,2023-01-31,d2stgnn,27029.959838676365,33115.65106119027,spatial_temporal
98042,2021-03-31,2022-03-31,2023-02-28,timemixer,14357.420218713125,18034.934352800607,DL
98042,2021-04-30,2022-04-30,2023-03-31,timemixer,17680.037549936387,21442.508071658674,DL
98042,2021-05-31,2022-05-31,2023-04-30,dcrnn,21265.68367002199,23558.841505905264,spatial_temporal
98042,2021-06-30,2022-06-30,2023-05-31,d2stgnn,26149.26945121045,30902.891407272993,spatial_temporal
98042,2021-07-31,2022-07-31,2023-06-30,dcrnn,17101.345709699952,20431.31344743793,spatial_temporal
98042,2021-08-31,2022-08-31,2023-07-31,dcrnn,13477.88128186581,16594.364595941326,spatial_temporal
98042,2021-09-30,2022-09-30,2023-08-31,dcrnn,12162.87424643035,15105.347057121216,spatial_temporal
98042,2021-10-31,2022-10-31,2023-09-30,stgformer,10391.924171481573,13322.610843621587,spatial_temporal
98042,2021-11-30,2022-11-30,2023-10-31,timemixer,11677.513054434094,13976.528665764687,DL
98042,2021-12-31,2022-12-31,2023-11-30,timemixer,12261.706347710899,14734.94625107407,DL
98042,2022-12-31,2023-12-31,2024-11-30,timemixer,19037.469769731757,24375.89044009074,DL
98042,2023-01-31,2024-01-31,2024-12-31,dcrnn,21808.184170849796,28080.518551382043,spatial_temporal
98042,2024-01-31,2025-01-31,2025-12-31,timesfm_zero,11691.359570028872,14006.514274943942,foundation
98042,2024-02-29,2025-02-28,2026-01-31,stgcn,17873.252708833083,22493.213025733166,spatial_temporal
98042,2024-03-31,2025-03-31,2026-02-28,chronos2_zero,14062.804954742498,15974.155280850358,foundation
98042,2024-04-30,2025-04-30,2026-03-31,chronos2_zero,15649.337032956479,20925.226710318322,foundation
98042,2024-05-31,2025-05-31,2026-04-30,chronos2_zero,20408.79498792456,24658.123603458418,foundation
98042,2024-06-30,2025-06-30,2026-05-31,graph_wavenet,14373.76046176602,19165.82331164741,spatial_temporal
98042,2024-07-31,2025-07-31,2026-06-30,timemixer,15630.89921234028,20190.048109206575,DL
98042,2024-08-31,2025-08-31,2026-07-31,itransformer,15526.608727406225,20788.379698727033,DL
98043,2016-03-31,2017-03-31,2018-02-28,dlinear,10875.561127737272,13764.885773467193,DL
98043,2016-04-30,2017-04-30,2018-03-31,dlinear,11162.679242152337,14398.666583580669,DL
98043,2016-05-31,2017-05-31,2018-04-30,stgformer,11948.99275758664,14057.615354584055,spatial_temporal
98043,2016-06-30,2017-06-30,2018-05-31,stgformer,12042.537207741858,13471.832578879814,spatial_temporal
98043,2016-07-31,2017-07-31,2018-06-30,stgformer,12717.70467405348,14639.366233608913,spatial_temporal
98043,2016-08-31,2017-08-31,2018-07-31,itransformer,14426.235291258097,18021.084347717588,DL
98043,2016-09-30,2017-09-30,2018-08-31,itransformer,10721.648466494866,12443.896484989444,DL
98043,2016-10-31,2017-10-31,2018-09-30,itransformer,8455.274889989154,9701.023038173707,DL
98043,2016-11-30,2017-11-30,2018-10-31,d2stgnn,12599.038205709614,15804.409255387625,spatial_temporal
98043,2016-12-31,2017-12-31,2018-11-30,d2stgnn,11779.792616726942,14925.901314342107,spatial_temporal
98043,2017-01-31,2018-01-31,2018-12-31,patchtst,13115.415599479398,15844.877088047318,DL
98043,2017-02-28,2018-02-28,2019-01-31,patchtst,12402.80618842567,15111.169524433792,DL
98043,2017-03-31,2018-03-31,2019-02-28,patchtst,13525.179213526213,15297.308445647028,DL
98043,2017-04-30,2018-04-30,2019-03-31,timemixer,11433.652374147647,12565.296521065964,DL
98043,2017-05-31,2018-05-31,2019-04-30,itransformer,11683.100892098877,12764.959788616423,DL
98043,2017-06-30,2018-06-30,2019-05-31,itransformer,9318.500537041022,10552.573544704646,DL
98043,2017-07-31,2018-07-31,2019-06-30,timesfm_zero,9825.815758414892,12273.425755255197,foundation
98043,2017-08-31,2018-08-31,2019-07-31,timesfm_zero,9658.890529831615,12383.43783198635,foundation
98043,2017-09-30,2018-09-30,2019-08-31,d2stgnn,12913.768837479103,16156.624760995957,spatial_temporal
98043,2017-10-31,2018-10-31,2019-09-30,d2stgnn,9185.41550823836,11434.267002600185,spatial_temporal
98043,2017-11-30,2018-11-30,2019-10-31,d2stgnn,9042.49770420537,11854.853392676136,spatial_temporal
98043,2017-12-31,2018-12-31,2019-11-30,d2stgnn,12154.111444395307,14185.012159540413,spatial_temporal
98043,2018-01-31,2019-01-31,2019-12-31,dcrnn,12529.692458305517,14208.14070080477,spatial_temporal
98043,2018-02-28,2019-02-28,2020-01-31,dcrnn,9871.752565561479,10987.34846796693,spatial_temporal
98043,2018-03-31,2019-03-31,2020-02-29,dcrnn,10441.887557675562,14054.699164280792,spatial_temporal
98043,2018-04-30,2019-04-30,2020-03-31,dcrnn,16547.093668195037,23611.028352054094,spatial_temporal
98043,2018-05-31,2019-05-31,2020-04-30,graph_wavenet,17736.453435698815,22989.019122064918,spatial_temporal
98043,2018-06-30,2019-06-30,2020-05-31,graph_wavenet,18887.82921015668,24065.317920738824,spatial_temporal
98043,2018-07-31,2019-07-31,2020-06-30,graph_wavenet,19934.64199408868,25775.016083978404,spatial_temporal
98043,2018-08-31,2019-08-31,2020-07-31,dcrnn,22857.443121487628,28574.554235864878,spatial_temporal
98043,2018-09-30,2019-09-30,2020-08-31,dlinear,21690.745415891855,25040.73004039308,DL
98043,2018-10-31,2019-10-31,2020-09-30,timemixer,24964.174699604384,29284.320055427623,DL
98043,2018-11-30,2019-11-30,2020-10-31,timemixer,17497.60686990869,22448.96535988907,DL
98043,2018-12-31,2019-12-31,2020-11-30,dcrnn,24145.05758708593,28031.351303817402,spatial_temporal
98043,2019-01-31,2020-01-31,2020-12-31,patchtst,23836.52248765565,27628.34380520822,DL
98043,2019-02-28,2020-02-29,2021-01-31,dcrnn,29929.56523428414,33465.705591389065,spatial_temporal
98043,2019-03-31,2020-03-31,2021-02-28,timemixer,22173.341177328257,26941.752770352672,DL
98043,2019-04-30,2020-04-30,2021-03-31,dcrnn,14525.708947114064,16541.15054389141,spatial_temporal
98043,2019-05-31,2020-05-31,2021-04-30,dcrnn,11139.663416721625,13957.367359586313,spatial_temporal
98043,2019-06-30,2020-06-30,2021-05-31,dcrnn,10992.377757637732,13374.429400300882,spatial_temporal
98043,2019-07-31,2020-07-31,2021-06-30,dcrnn,12963.106350115015,14498.905440930952,spatial_temporal
98043,2019-08-31,2020-08-31,2021-07-31,graph_wavenet,12898.362481901151,15921.267466983527,spatial_temporal
98043,2019-09-30,2020-09-30,2021-08-31,d2stgnn,10649.00235982932,13708.578421639206,spatial_temporal
98043,2019-10-31,2020-10-31,2021-09-30,timemixer,11887.809939461216,18173.0686312585,DL
98043,2019-11-30,2020-11-30,2021-10-31,dcrnn,17708.646029124193,22400.309968377514,spatial_temporal
98043,2019-12-31,2020-12-31,2021-11-30,dcrnn,24768.797256667935,30005.384361547665,spatial_temporal
98043,2020-01-31,2021-01-31,2021-12-31,dcrnn,32701.28634523544,50377.14058876752,spatial_temporal
98043,2020-02-29,2021-02-28,2022-01-31,dcrnn,47039.96155624819,75110.46193439394,spatial_temporal
98043,2020-03-31,2021-03-31,2022-02-28,dcrnn,66191.06904318089,99668.65538101105,spatial_temporal
98043,2020-04-30,2021-04-30,2022-03-31,dcrnn,74046.58532474707,98989.31463183659,spatial_temporal
98043,2020-05-31,2021-05-31,2022-04-30,dcrnn,80394.67817513556,102778.66119318697,spatial_temporal
98043,2020-06-30,2021-06-30,2022-05-31,dcrnn,73043.06288373785,81946.62501052697,spatial_temporal
98043,2020-07-31,2021-07-31,2022-06-30,timemixer,57337.499678742875,68214.84034004086,DL
98043,2020-08-31,2021-08-31,2022-07-31,d2stgnn,69241.84591112206,79371.1931490784,spatial_temporal
98043,2020-09-30,2021-09-30,2022-08-31,d2stgnn,65112.05759389574,77677.83063160063,spatial_temporal
98043,2020-10-31,2021-10-31,2022-09-30,d2stgnn,83793.32039689315,94744.77665236483,spatial_temporal
98043,2020-11-30,2021-11-30,2022-10-31,d2stgnn,88833.5305708539,98142.14954294563,spatial_temporal
98043,2020-12-31,2021-12-31,2022-11-30,chronos2_zero,73963.98980694292,80830.00478696976,foundation
98043,2021-01-31,2022-01-31,2022-12-31,chronos2_zero,51873.42820940644,65308.16460397982,foundation
98043,2021-02-28,2022-02-28,2023-01-31,chronos2_zero,43155.03735239576,48871.61305093647,foundation
98043,2021-03-31,2022-03-31,2023-02-28,timemixer,53150.25094325148,58460.476524675716,DL
98043,2021-04-30,2022-04-30,2023-03-31,timemixer,52333.23491287976,59162.15517540786,DL
98043,2021-05-31,2022-05-31,2023-04-30,timemixer,64308.15269423655,74559.73672687364,DL
98043,2021-06-30,2022-06-30,2023-05-31,chronos2_zero,58815.423877924135,66664.9022775166,foundation
98043,2021-07-31,2022-07-31,2023-06-30,timemixer,46285.79293298282,57278.5891517639,DL
98043,2021-08-31,2022-08-31,2023-07-31,chronos2_zero,16950.43576033162,21463.2784588451,foundation
98043,2021-09-30,2022-09-30,2023-08-31,stgcn,34395.458814652644,41930.48436833897,spatial_temporal
98043,2021-10-31,2022-10-31,2023-09-30,chronos2_zero,18679.627347405407,23870.954382586977,foundation
98043,2021-11-30,2022-11-30,2023-10-31,graph_wavenet,15695.1352848209,20627.68676660283,spatial_temporal
98043,2021-12-31,2022-12-31,2023-11-30,graph_wavenet,13387.351837858383,20387.855456005294,spatial_temporal
98043,2022-12-31,2023-12-31,2024-11-30,timemixer,22811.951022985013,36372.84777026299,DL
98043,2023-01-31,2024-01-31,2024-12-31,timemixer,25823.304571605735,33649.44448389014,DL
98043,2024-01-31,2025-01-31,2025-12-31,itransformer,32583.4755997615,41239.75140687279,DL
98043,2024-02-29,2025-02-28,2026-01-31,stgformer,34366.35742971327,49766.86501617177,spatial_temporal
98043,2024-03-31,2025-03-31,2026-02-28,stgformer,37618.71963730103,50637.44281845009,spatial_temporal
98043,2024-04-30,2025-04-30,2026-03-31,chronos2_zero,32883.40971155585,41839.17956101821,foundation
98043,2024-05-31,2025-05-31,2026-04-30,timesfm_zero,34503.29621260031,41972.0455566091,foundation
98043,2024-06-30,2025-06-30,2026-05-31,timesfm_zero,31989.9735249246,38055.2227029897,foundation
98043,2024-07-31,2025-07-31,2026-06-30,timesfm_zero,32199.69864347817,37691.84393904759,foundation
98043,2024-08-31,2025-08-31,2026-07-31,chronos2_zero,29440.43952958386,32577.39636440056,foundation
98045,2016-03-31,2017-03-31,2018-02-28,dcrnn,32768.292456924486,43842.541734327504,spatial_temporal
98045,2016-04-30,2017-04-30,2018-03-31,timemixer,29201.122506609416,40016.01579919005,DL
98045,2016-05-31,2017-05-31,2018-04-30,timemixer,23680.127422849866,31644.7325795896,DL
98045,2016-06-30,2017-06-30,2018-05-31,graph_wavenet,23434.714675448296,28524.148496674927,spatial_temporal
98045,2016-07-31,2017-07-31,2018-06-30,timemixer,25614.742154882162,31017.650884055176,DL
98045,2016-08-31,2017-08-31,2018-07-31,timemixer,24104.985556930304,30356.812712473074,DL
98045,2016-09-30,2017-09-30,2018-08-31,dlinear,19151.685220738913,26731.4800501332,DL
98045,2016-10-31,2017-10-31,2018-09-30,timemixer,20618.15755038911,25975.25903739328,DL
98045,2016-11-30,2017-11-30,2018-10-31,d2stgnn,16279.926283797404,22034.5121840257,spatial_temporal
98045,2016-12-31,2017-12-31,2018-11-30,d2stgnn,19538.075463264056,23975.577765873877,spatial_temporal
98045,2017-01-31,2018-01-31,2018-12-31,d2stgnn,17433.238792502216,20790.908127465395,spatial_temporal
98045,2017-02-28,2018-02-28,2019-01-31,d2stgnn,20383.101086075225,25794.642700775887,spatial_temporal
98045,2017-03-31,2018-03-31,2019-02-28,stgcn,18170.572357394703,29735.292942378353,spatial_temporal
98045,2017-04-30,2018-04-30,2019-03-31,timemixer,13358.441736761131,19014.3759997901,DL
98045,2017-05-31,2018-05-31,2019-04-30,timemixer,11095.710046095279,13380.586165969862,DL
98045,2017-06-30,2018-06-30,2019-05-31,stgcn,13529.819515235062,17261.373780349797,spatial_temporal
98045,2017-07-31,2018-07-31,2019-06-30,itransformer,6391.884141240686,7810.169742266929,DL
98045,2017-08-31,2018-08-31,2019-07-31,dcrnn,6834.857102252194,8831.919845172786,spatial_temporal
98045,2017-09-30,2018-09-30,2019-08-31,d2stgnn,10768.728560130645,14004.037672379738,spatial_temporal
98045,2017-10-31,2018-10-31,2019-09-30,dlinear,14444.20581906737,16834.351983599896,DL
98045,2017-11-30,2018-11-30,2019-10-31,dlinear,18927.83296807377,23937.318964512448,DL
98045,2017-12-31,2018-12-31,2019-11-30,dlinear,22089.785172378703,25419.673167871108,DL
98045,2018-01-31,2019-01-31,2019-12-31,dlinear,26913.423135330057,34695.373145091704,DL
98045,2018-02-28,2019-02-28,2020-01-31,dlinear,31750.835104287875,42528.138024681226,DL
98045,2018-03-31,2019-03-31,2020-02-29,graph_wavenet,35836.03541193649,43572.98262526374,spatial_temporal
98045,2018-04-30,2019-04-30,2020-03-31,dlinear,32226.222153061233,42472.037976976055,DL
98045,2018-05-31,2019-05-31,2020-04-30,stgcn,39878.7637383195,47357.176900013175,spatial_temporal
98045,2018-06-30,2019-06-30,2020-05-31,stgcn,38248.553318749044,48857.26544387682,spatial_temporal
98045,2018-07-31,2019-07-31,2020-06-30,stgcn,45988.89623505893,54022.762701344654,spatial_temporal
98045,2018-08-31,2019-08-31,2020-07-31,chronos2_zero,39385.79792131493,53156.70232365747,foundation
98045,2018-09-30,2019-09-30,2020-08-31,patchtst,41332.38405136845,50395.55065820209,DL
98045,2018-10-31,2019-10-31,2020-09-30,dcrnn,41681.93549202204,51391.01679015736,spatial_temporal
98045,2018-11-30,2019-11-30,2020-10-31,patchtst,46597.71542843963,53431.927893958054,DL
98045,2018-12-31,2019-12-31,2020-11-30,graph_wavenet,49769.888410014886,57066.82232357041,spatial_temporal
98045,2019-01-31,2020-01-31,2020-12-31,graph_wavenet,53814.600449815065,63297.57342128278,spatial_temporal
98045,2019-02-28,2020-02-29,2021-01-31,graph_wavenet,59550.81718925742,69610.84799202529,spatial_temporal
98045,2019-03-31,2020-03-31,2021-02-28,d2stgnn,60237.714641451756,75860.71352406488,spatial_temporal
98045,2019-04-30,2020-04-30,2021-03-31,d2stgnn,56421.7294903801,78364.7812292583,spatial_temporal
98045,2019-05-31,2020-05-31,2021-04-30,d2stgnn,45710.14921134085,63743.6125224366,spatial_temporal
98045,2019-06-30,2020-06-30,2021-05-31,dcrnn,39185.85632464763,48670.97436658228,spatial_temporal
98045,2019-07-31,2020-07-31,2021-06-30,timemixer,23944.9707892697,29477.799606028242,DL
98045,2019-08-31,2020-08-31,2021-07-31,dcrnn,16991.896970595193,20443.983570802764,spatial_temporal
98045,2019-09-30,2020-09-30,2021-08-31,patchtst,16011.653182589487,19315.905374098827,DL
98045,2019-10-31,2020-10-31,2021-09-30,stgcn,15972.790559048726,19474.020019079406,spatial_temporal
98045,2019-11-30,2020-11-30,2021-10-31,stgformer,15739.839369117262,19667.562155256004,spatial_temporal
98045,2019-12-31,2020-12-31,2021-11-30,itransformer,18666.166947896058,20583.271816590128,DL
98045,2020-01-31,2021-01-31,2021-12-31,itransformer,24432.486040957698,33053.806540491234,DL
98045,2020-02-29,2021-02-28,2022-01-31,itransformer,19699.63401708948,22478.810838538524,DL
98045,2020-03-31,2021-03-31,2022-02-28,stgformer,29384.19529604119,34442.3573396689,spatial_temporal
98045,2020-04-30,2021-04-30,2022-03-31,patchtst,37373.85327841811,44491.25426092748,DL
98045,2020-05-31,2021-05-31,2022-04-30,itransformer,27396.337246483967,30432.352684277088,DL
98045,2020-06-30,2021-06-30,2022-05-31,itransformer,27614.968118802557,38623.49705564963,DL
98045,2020-07-31,2021-07-31,2022-06-30,itransformer,42315.87371839001,58623.24547055033,DL
98045,2020-08-31,2021-08-31,2022-07-31,d2stgnn,45472.866638415995,52694.97784239709,spatial_temporal
98045,2020-09-30,2021-09-30,2022-08-31,timemixer,34030.04756402388,36414.35634383975,DL
98045,2020-10-31,2021-10-31,2022-09-30,dcrnn,37918.60993901459,46387.61167288806,spatial_temporal
98045,2020-11-30,2021-11-30,2022-10-31,dcrnn,33903.68865921941,41960.165707801585,spatial_temporal
98045,2020-12-31,2021-12-31,2022-11-30,graph_wavenet,37231.80383528935,43040.317796079784,spatial_temporal
98045,2021-01-31,2022-01-31,2022-12-31,graph_wavenet,39671.72305836577,46203.19352784372,spatial_temporal
98045,2021-02-28,2022-02-28,2023-01-31,dlinear,54561.70416981974,65377.47756192396,DL
98045,2021-03-31,2022-03-31,2023-02-28,dlinear,48076.87259283949,59315.141952103186,DL
98045,2021-04-30,2022-04-30,2023-03-31,dlinear,53667.690697150676,59844.02477539501,DL
98045,2021-05-31,2022-05-31,2023-04-30,dlinear,47405.459017846886,56707.2340224459,DL
98045,2021-06-30,2022-06-30,2023-05-31,dlinear,46407.962146794416,57854.59074135301,DL
98045,2021-07-31,2022-07-31,2023-06-30,dlinear,24932.63957142929,31457.132724842417,DL
98045,2021-08-31,2022-08-31,2023-07-31,timesfm_zero,34562.51646526151,45336.33779534891,foundation
98045,2021-09-30,2022-09-30,2023-08-31,timesfm_zero,37682.30040582942,48749.62678903556,foundation
98045,2021-10-31,2022-10-31,2023-09-30,itransformer,38496.078921258624,48191.25952896196,DL
98045,2021-11-30,2022-11-30,2023-10-31,chronos2_zero,41234.41853141336,51467.18246074432,foundation
98045,2021-12-31,2022-12-31,2023-11-30,chronos2_zero,55048.78482878718,80099.56379213491,foundation
98045,2022-12-31,2023-12-31,2024-11-30,dcrnn,51904.90116547133,65388.507575038064,spatial_temporal
98045,2023-01-31,2024-01-31,2024-12-31,dcrnn,52006.977551554395,66989.88809880652,spatial_temporal
98045,2024-01-31,2025-01-31,2025-12-31,graph_wavenet,36746.75155143717,48042.13004409347,spatial_temporal
98045,2024-02-29,2025-02-28,2026-01-31,graph_wavenet,34814.81435959643,43584.5289375266,spatial_temporal
98045,2024-03-31,2025-03-31,2026-02-28,patchtst,41313.24988156501,51685.353876050554,DL
98045,2024-04-30,2025-04-30,2026-03-31,patchtst,39668.934909651,46934.84280843427,DL
98045,2024-05-31,2025-05-31,2026-04-30,patchtst,41856.107639718124,50811.14346590102,DL
98045,2024-06-30,2025-06-30,2026-05-31,timemixer,36376.329097682414,44582.27164620954,DL
98045,2024-07-31,2025-07-31,2026-06-30,itransformer,49841.680960813734,63159.356164463956,DL
98045,2024-08-31,2025-08-31,2026-07-31,itransformer,67132.0525611954,77887.69874857103,DL
98047,2016-03-31,2017-03-31,2018-02-28,dcrnn,10553.163358307496,13258.675015237923,spatial_temporal
98047,2016-04-30,2017-04-30,2018-03-31,dcrnn,12841.819619657495,17062.5707379321,spatial_temporal
98047,2016-05-31,2017-05-31,2018-04-30,itransformer,8757.909567569412,12046.33969008901,DL
98047,2016-06-30,2017-06-30,2018-05-31,itransformer,12780.198934940927,16728.277254865647,DL
98047,2016-07-31,2017-07-31,2018-06-30,stgformer,10222.57874257066,12192.884776527066,spatial_temporal
98047,2016-08-31,2017-08-31,2018-07-31,stgcn,13159.408466731247,16694.076444146576,spatial_temporal
98047,2016-09-30,2017-09-30,2018-08-31,timemixer,12006.233037616097,16038.314900274214,DL
98047,2016-10-31,2017-10-31,2018-09-30,timemixer,13153.608596795471,16173.416417274144,DL
98047,2016-11-30,2017-11-30,2018-10-31,timemixer,12837.0218495832,14988.66948055256,DL
98047,2016-12-31,2017-12-31,2018-11-30,timemixer,14658.915551667436,17459.627478176335,DL
98047,2017-01-31,2018-01-31,2018-12-31,d2stgnn,15077.165746050596,20385.13728088725,spatial_temporal
98047,2017-02-28,2018-02-28,2019-01-31,d2stgnn,14433.190364654607,19613.773418923254,spatial_temporal
98047,2017-03-31,2018-03-31,2019-02-28,d2stgnn,8891.407281062857,13374.199449863823,spatial_temporal
98047,2017-04-30,2018-04-30,2019-03-31,d2stgnn,11412.83936843668,15473.504000519877,spatial_temporal
98047,2017-05-31,2018-05-31,2019-04-30,d2stgnn,13534.707583283118,18769.409744905504,spatial_temporal
98047,2017-06-30,2018-06-30,2019-05-31,itransformer,12386.824956297889,15126.724291552864,DL
98047,2017-07-31,2018-07-31,2019-06-30,itransformer,11711.313669427094,14894.543674171933,DL
98047,2017-08-31,2018-08-31,2019-07-31,dcrnn,13068.210332415314,16380.218569344215,spatial_temporal
98047,2017-09-30,2018-09-30,2019-08-31,timemixer,10952.260848320811,15102.190005477181,DL
98047,2017-10-31,2018-10-31,2019-09-30,stgformer,11715.940529816377,16412.593485467696,spatial_temporal
98047,2017-11-30,2018-11-30,2019-10-31,d2stgnn,12842.59479171191,17446.89656219245,spatial_temporal
98047,2017-12-31,2018-12-31,2019-11-30,d2stgnn,14761.31694898603,16616.96441547509,spatial_temporal
98047,2018-01-31,2019-01-31,2019-12-31,d2stgnn,13483.304607566286,17476.541948678238,spatial_temporal
98047,2018-02-28,2019-02-28,2020-01-31,d2stgnn,13649.865665779007,19307.54155432087,spatial_temporal
98047,2018-03-31,2019-03-31,2020-02-29,dlinear,17700.506508273946,21494.055255127136,DL
98047,2018-04-30,2019-04-30,2020-03-31,d2stgnn,18488.491907240463,26679.703843341038,spatial_temporal
98047,2018-05-31,2019-05-31,2020-04-30,dlinear,17781.114542903586,22753.269236059103,DL
98047,2018-06-30,2019-06-30,2020-05-31,dlinear,18811.114911788613,23773.994268286897,DL
98047,2018-07-31,2019-07-31,2020-06-30,dlinear,15079.563682437773,18468.130029123455,DL
98047,2018-08-31,2019-08-31,2020-07-31,dlinear,14952.864228134524,19897.226567433736,DL
98047,2018-09-30,2019-09-30,2020-08-31,d2stgnn,13666.969107201832,15909.728592443214,spatial_temporal
98047,2018-10-31,2019-10-31,2020-09-30,graph_wavenet,12481.968797406458,16060.989138572142,spatial_temporal
98047,2018-11-30,2019-11-30,2020-10-31,graph_wavenet,14601.438605164318,19193.510874094805,spatial_temporal
98047,2018-12-31,2019-12-31,2020-11-30,stgformer,14657.592434856992,18359.179890992553,spatial_temporal
98047,2019-01-31,2020-01-31,2020-12-31,d2stgnn,14481.052041437206,18882.651548699236,spatial_temporal
98047,2019-02-28,2020-02-29,2021-01-31,patchtst,15847.930332935008,22706.26454918261,DL
98047,2019-03-31,2020-03-31,2021-02-28,patchtst,12250.047329665036,18827.64600879982,DL
98047,2019-04-30,2020-04-30,2021-03-31,patchtst,10667.058015372493,14221.761884976679,DL
98047,2019-05-31,2020-05-31,2021-04-30,graph_wavenet,13798.24323323792,16945.42807071321,spatial_temporal
98047,2019-06-30,2020-06-30,2021-05-31,graph_wavenet,11425.465977426085,15654.305234920937,spatial_temporal
98047,2019-07-31,2020-07-31,2021-06-30,d2stgnn,19105.854035331522,21087.009019052162,spatial_temporal
98047,2019-08-31,2020-08-31,2021-07-31,d2stgnn,22252.217084885782,24836.219570179263,spatial_temporal
98047,2019-09-30,2020-09-30,2021-08-31,d2stgnn,21440.585328482295,27563.501597867948,spatial_temporal
98047,2019-10-31,2020-10-31,2021-09-30,graph_wavenet,22445.273777136565,26407.274233716762,spatial_temporal
98047,2019-11-30,2020-11-30,2021-10-31,graph_wavenet,19750.212497275847,23744.43448499849,spatial_temporal
98047,2019-12-31,2020-12-31,2021-11-30,itransformer,25303.213523470655,30183.55791689248,DL
98047,2020-01-31,2021-01-31,2021-12-31,stgcn,18663.564235930742,22371.06780675354,spatial_temporal
98047,2020-02-29,2021-02-28,2022-01-31,stgcn,20200.707990431056,24575.043911207697,spatial_temporal
98047,2020-03-31,2021-03-31,2022-02-28,stgcn,20856.616137687615,24570.36012650893,spatial_temporal
98047,2020-04-30,2021-04-30,2022-03-31,dlinear,21588.833156408607,26811.10728628289,DL
98047,2020-05-31,2021-05-31,2022-04-30,graph_wavenet,20268.43969090519,22754.41957038042,spatial_temporal
98047,2020-06-30,2021-06-30,2022-05-31,graph_wavenet,24703.17164021726,27819.878552942002,spatial_temporal
98047,2020-07-31,2021-07-31,2022-06-30,timemixer,23724.04234774649,28855.971565263597,DL
98047,2020-08-31,2021-08-31,2022-07-31,itransformer,24677.161051661125,30408.68003732902,DL
98047,2020-09-30,2021-09-30,2022-08-31,itransformer,19833.60063481894,22477.904416846017,DL
98047,2020-10-31,2021-10-31,2022-09-30,itransformer,22501.19392238575,25255.940871982308,DL
98047,2020-11-30,2021-11-30,2022-10-31,itransformer,23187.025297031727,31075.732612855692,DL
98047,2020-12-31,2021-12-31,2022-11-30,stgformer,31208.22312085995,37542.876931074345,spatial_temporal
98047,2021-01-31,2022-01-31,2022-12-31,dlinear,25383.156625159507,35092.83981571385,DL
98047,2021-02-28,2022-02-28,2023-01-31,dlinear,18013.46988036888,21435.06637537759,DL
98047,2021-03-31,2022-03-31,2023-02-28,stgformer,20202.28743710209,22809.918126617933,spatial_temporal
98047,2021-04-30,2022-04-30,2023-03-31,stgformer,19230.385890819645,22839.306797841524,spatial_temporal
98047,2021-05-31,2022-05-31,2023-04-30,timesfm_zero,18883.73394510423,25860.48761160189,foundation
98047,2021-06-30,2022-06-30,2023-05-31,timesfm_zero,20257.667012322796,24322.96650502833,foundation
98047,2021-07-31,2022-07-31,2023-06-30,timesfm_zero,15016.51430383999,18681.788238070254,foundation
98047,2021-08-31,2022-08-31,2023-07-31,timesfm_zero,25382.45957132344,26711.761616474054,foundation
98047,2021-09-30,2022-09-30,2023-08-31,graph_wavenet,22110.97702104623,28192.670487228657,spatial_temporal
98047,2021-10-31,2022-10-31,2023-09-30,timesfm_zero,19380.984064963257,24582.12355147221,foundation
98047,2021-11-30,2022-11-30,2023-10-31,timesfm_zero,21708.23699517307,28396.74447513031,foundation
98047,2021-12-31,2022-12-31,2023-11-30,itransformer,20507.440186494034,24967.13720210227,DL
98047,2022-12-31,2023-12-31,2024-11-30,chronos2_zero,36823.912421234716,48157.36394567881,foundation
98047,2023-01-31,2024-01-31,2024-12-31,itransformer,31897.599361559274,35465.07676774338,DL
98047,2024-01-31,2025-01-31,2025-12-31,chronos2_zero,24591.213847615585,32236.65196270646,foundation
98047,2024-02-29,2025-02-28,2026-01-31,timesfm_zero,29519.179213709223,36127.29261779201,foundation
98047,2024-03-31,2025-03-31,2026-02-28,chronos2_zero,19379.417016047315,24687.099080276643,foundation
98047,2024-04-30,2025-04-30,2026-03-31,chronos2_zero,16965.0084260789,19251.986734487764,foundation
98047,2024-05-31,2025-05-31,2026-04-30,chronos2_zero,16277.867247379434,18330.941769015568,foundation
98047,2024-06-30,2025-06-30,2026-05-31,chronos2_zero,15195.150180318256,16847.99876263308,foundation
98047,2024-07-31,2025-07-31,2026-06-30,chronos2_zero,12996.08412993401,17332.39535027617,foundation
98047,2024-08-31,2025-08-31,2026-07-31,dcrnn,10174.474899858746,14360.316739966609,spatial_temporal
98051,2016-03-31,2017-03-31,2018-02-28,timesfm_zero,137686.84895318092,151971.5745943574,foundation
98051,2016-04-30,2017-04-30,2018-03-31,timemixer,119384.51634230756,130402.76142574711,DL
98051,2016-05-31,2017-05-31,2018-04-30,timemixer,125405.8174773365,140403.94192748968,DL
98051,2016-06-30,2017-06-30,2018-05-31,itransformer,115870.53752678396,128393.55962397814,DL
98051,2016-07-31,2017-07-31,2018-06-30,itransformer,131463.15577343156,143680.74805996512,DL
98051,2016-08-31,2017-08-31,2018-07-31,stgformer,149356.08071567412,165031.7839716209,spatial_temporal
98051,2016-09-30,2017-09-30,2018-08-31,itransformer,135399.26195781128,147997.29617081836,DL
98051,2016-10-31,2017-10-31,2018-09-30,itransformer,113569.90433818944,139089.65805864905,DL
98051,2016-11-30,2017-11-30,2018-10-31,itransformer,132939.50478594602,164628.6989559659,DL
98051,2016-12-31,2017-12-31,2018-11-30,itransformer,123083.96491444018,154211.1038258723,DL
98051,2017-01-31,2018-01-31,2018-12-31,itransformer,127040.24215946987,151637.7988471739,DL
98051,2017-02-28,2018-02-28,2019-01-31,itransformer,154555.7989326437,169271.57360820877,DL
98051,2017-03-31,2018-03-31,2019-02-28,timesfm_zero,183569.35739874849,233390.1424664889,foundation
98051,2017-04-30,2018-04-30,2019-03-31,timesfm_zero,146915.4266716478,183139.15603963728,foundation
98051,2017-05-31,2018-05-31,2019-04-30,timesfm_zero,124197.1496084004,154292.57244797514,foundation
98051,2017-06-30,2018-06-30,2019-05-31,timesfm_zero,122994.34030870307,139706.42788465627,foundation
98051,2017-07-31,2018-07-31,2019-06-30,itransformer,81367.89262023442,102353.50475143715,DL
98051,2017-08-31,2018-08-31,2019-07-31,itransformer,93575.630265637,115911.59084028465,DL
98051,2017-09-30,2018-09-30,2019-08-31,timemixer,100505.90095448658,116283.92623760097,DL
98051,2017-10-31,2018-10-31,2019-09-30,timemixer,95386.87918177572,105557.97453895379,DL
98051,2017-11-30,2018-11-30,2019-10-31,timemixer,57474.978543834375,74553.02680019371,DL
98051,2017-12-31,2018-12-31,2019-11-30,chronos2_zero,37743.33738579277,41954.57369392524,foundation
98051,2018-01-31,2019-01-31,2019-12-31,chronos2_zero,40336.098504346235,51048.67895864515,foundation
98051,2018-02-28,2019-02-28,2020-01-31,dcrnn,40412.979469273734,45243.94298900607,spatial_temporal
98051,2018-03-31,2019-03-31,2020-02-29,dcrnn,41173.379482355616,46046.20182960251,spatial_temporal
98051,2018-04-30,2019-04-30,2020-03-31,timesfm_zero,47055.06866986288,59054.35256924363,foundation
98051,2018-05-31,2019-05-31,2020-04-30,stgformer,62314.42620069082,74356.3989546086,spatial_temporal
98051,2018-06-30,2019-06-30,2020-05-31,stgformer,59774.55374606532,80584.48029297777,spatial_temporal
98051,2018-07-31,2019-07-31,2020-06-30,stgformer,65360.38623178133,82278.30603465672,spatial_temporal
98051,2018-08-31,2019-08-31,2020-07-31,itransformer,53862.88078585945,78329.77164666641,DL
98051,2018-09-30,2019-09-30,2020-08-31,itransformer,64763.54352814722,85334.38910890046,DL
98051,2018-10-31,2019-10-31,2020-09-30,patchtst,69903.62042474437,92064.36590536735,DL
98051,2018-11-30,2019-11-30,2020-10-31,patchtst,83872.07895733004,112347.42693540208,DL
98051,2018-12-31,2019-12-31,2020-11-30,patchtst,95920.93486045534,123352.36266500351,DL
98051,2019-01-31,2020-01-31,2020-12-31,patchtst,96485.0835376105,124118.49180605475,DL
98051,2019-02-28,2020-02-29,2021-01-31,graph_wavenet,89728.09395188477,115150.35634755807,spatial_temporal
98051,2019-03-31,2020-03-31,2021-02-28,graph_wavenet,81400.73304728116,101256.81548153613,spatial_temporal
98051,2019-04-30,2020-04-30,2021-03-31,graph_wavenet,97229.2780412155,122139.4525593219,spatial_temporal
98051,2019-05-31,2020-05-31,2021-04-30,stgcn,108270.51335359104,143724.39727134517,spatial_temporal
98051,2019-06-30,2020-06-30,2021-05-31,stgcn,108285.23901829915,137557.47239595585,spatial_temporal
98051,2019-07-31,2020-07-31,2021-06-30,dcrnn,92022.26334913245,119779.58822120725,spatial_temporal
98051,2019-08-31,2020-08-31,2021-07-31,d2stgnn,94570.25472778338,119712.85283108678,spatial_temporal
98051,2019-09-30,2020-09-30,2021-08-31,stgformer,86005.22806921073,115861.37198858875,spatial_temporal
98051,2019-10-31,2020-10-31,2021-09-30,patchtst,84355.00617829715,121910.79078212187,DL
98051,2019-11-30,2020-11-30,2021-10-31,itransformer,59261.93002040329,94367.09557080042,DL
98051,2019-12-31,2020-12-31,2021-11-30,graph_wavenet,89793.85106713983,117682.14236954271,spatial_temporal
98051,2020-01-31,2021-01-31,2021-12-31,itransformer,76585.7677707839,116172.62811775086,DL
98051,2020-02-29,2021-02-28,2022-01-31,timemixer,89474.4882592997,124268.42229489637,DL
98051,2020-03-31,2021-03-31,2022-02-28,itransformer,97009.66872286855,129615.83731388122,DL
98051,2020-04-30,2021-04-30,2022-03-31,chronos2_zero,71682.72847117072,92324.4784226426,foundation
98051,2020-05-31,2021-05-31,2022-04-30,timesfm_zero,89660.65640625737,129482.24750488464,foundation
98051,2020-06-30,2021-06-30,2022-05-31,timesfm_zero,96659.18191073027,135334.1098426839,foundation
98051,2020-07-31,2021-07-31,2022-06-30,timesfm_zero,106823.86798273369,140388.74235512974,foundation
98051,2020-08-31,2021-08-31,2022-07-31,timesfm_zero,105656.64374914397,133059.71624279657,foundation
98051,2020-09-30,2021-09-30,2022-08-31,timesfm_zero,132813.72442614427,200756.98822883086,foundation
98051,2020-10-31,2021-10-31,2022-09-30,itransformer,147967.75988775401,196782.91983967883,DL
98051,2020-11-30,2021-11-30,2022-10-31,timemixer,146990.5806804375,201192.9332055355,DL
98051,2020-12-31,2021-12-31,2022-11-30,itransformer,146110.15898214115,208160.64829442618,DL
98051,2021-01-31,2022-01-31,2022-12-31,timesfm_zero,154551.49391188647,222800.34515799163,foundation
98051,2021-02-28,2022-02-28,2023-01-31,itransformer,177560.71719946075,244061.1583999649,DL
98051,2021-03-31,2022-03-31,2023-02-28,itransformer,181996.41227884157,235682.16999497975,DL
98051,2021-04-30,2022-04-30,2023-03-31,itransformer,223563.00899332346,278771.64368252165,DL
98051,2021-05-31,2022-05-31,2023-04-30,itransformer,184850.85157610264,223167.02644070133,DL
98051,2021-06-30,2022-06-30,2023-05-31,itransformer,228611.79267542952,286542.4118575099,DL
98051,2021-07-31,2022-07-31,2023-06-30,itransformer,226974.09486522686,272370.59677399695,DL
98051,2021-08-31,2022-08-31,2023-07-31,itransformer,230280.78073748053,269920.00749124365,DL
98051,2021-09-30,2022-09-30,2023-08-31,chronos2_zero,196547.76424710997,235301.14955090874,foundation
98051,2021-10-31,2022-10-31,2023-09-30,d2stgnn,186685.18284002485,234365.70774172855,spatial_temporal
98051,2021-11-30,2022-11-30,2023-10-31,timemixer,187942.9790510931,220741.4455078847,DL
98051,2021-12-31,2022-12-31,2023-11-30,timemixer,163441.6799422819,207372.33909405358,DL
98051,2022-12-31,2023-12-31,2024-11-30,graph_wavenet,175443.3943193877,253352.6819286785,spatial_temporal
98051,2023-01-31,2024-01-31,2024-12-31,graph_wavenet,180641.76387104674,290791.66989528306,spatial_temporal
98051,2024-01-31,2025-01-31,2025-12-31,itransformer,166022.10721515227,202491.7950943007,DL
98051,2024-02-29,2025-02-28,2026-01-31,itransformer,168159.69590949675,201901.24221911072,DL
98051,2024-03-31,2025-03-31,2026-02-28,stgformer,160226.48572310878,207472.25423636087,spatial_temporal
98051,2024-04-30,2025-04-30,2026-03-31,dcrnn,153372.15701424843,196726.16828684643,spatial_temporal
98051,2024-05-31,2025-05-31,2026-04-30,patchtst,150236.69400135326,209443.74069780967,DL
98051,2024-06-30,2025-06-30,2026-05-31,timesfm_zero,106855.42832753173,133130.18088885577,foundation
98051,2024-07-31,2025-07-31,2026-06-30,d2stgnn,82221.86837102944,92915.50264913918,spatial_temporal
98051,2024-08-31,2025-08-31,2026-07-31,chronos2_zero,78548.67932526702,114050.03400208203,foundation
98052,2016-03-31,2017-03-31,2018-02-28,d2stgnn,42801.458614618,60093.66525862657,spatial_temporal
98052,2016-04-30,2017-04-30,2018-03-31,timemixer,49080.188665395195,71192.95306746187,DL
98052,2016-05-31,2017-05-31,2018-04-30,itransformer,33358.35343455492,53009.216173152985,DL
98052,2016-06-30,2017-06-30,2018-05-31,itransformer,38591.626756474005,48778.85587397572,DL
98052,2016-07-31,2017-07-31,2018-06-30,dcrnn,39230.23656545539,55914.88932061383,spatial_temporal
98052,2016-08-31,2017-08-31,2018-07-31,dcrnn,39037.12812148341,53938.8142029516,spatial_temporal
98052,2016-09-30,2017-09-30,2018-08-31,d2stgnn,43897.966340016916,62326.685203576664,spatial_temporal
98052,2016-10-31,2017-10-31,2018-09-30,itransformer,39031.77044215801,58510.16485564955,DL
98052,2016-11-30,2017-11-30,2018-10-31,stgcn,38389.46723531134,59702.86901355211,spatial_temporal
98052,2016-12-31,2017-12-31,2018-11-30,stgcn,40994.797378897645,60382.00920078725,spatial_temporal
98052,2017-01-31,2018-01-31,2018-12-31,stgcn,36196.966556578285,52190.18564721655,spatial_temporal
98052,2017-02-28,2018-02-28,2019-01-31,stgformer,31017.56169952136,42568.44606571386,spatial_temporal
98052,2017-03-31,2018-03-31,2019-02-28,itransformer,32738.87922942678,38903.14813861672,DL
98052,2017-04-30,2018-04-30,2019-03-31,itransformer,33411.56835781315,41076.56080292103,DL
98052,2017-05-31,2018-05-31,2019-04-30,patchtst,29385.631714553765,41727.08681408396,DL
98052,2017-06-30,2018-06-30,2019-05-31,patchtst,28234.587706321636,34407.381613768506,DL
98052,2017-07-31,2018-07-31,2019-06-30,patchtst,36588.49210609406,43291.72157495989,DL
98052,2017-08-31,2018-08-31,2019-07-31,timemixer,37207.47804618853,41851.3186231949,DL
98052,2017-09-30,2018-09-30,2019-08-31,timesfm_zero,39107.486069247076,45925.754565972384,foundation
98052,2017-10-31,2018-10-31,2019-09-30,timemixer,39732.68417583967,47522.38109792255,DL
98052,2017-11-30,2018-11-30,2019-10-31,chronos2_zero,37756.3754454836,46695.11286696034,foundation
98052,2017-12-31,2018-12-31,2019-11-30,patchtst,32466.923264674173,40249.38506162177,DL
98052,2018-01-31,2019-01-31,2019-12-31,d2stgnn,31493.09156797502,38496.65068898623,spatial_temporal
98052,2018-02-28,2019-02-28,2020-01-31,d2stgnn,34482.423648660544,41834.355295654794,spatial_temporal
98052,2018-03-31,2019-03-31,2020-02-29,graph_wavenet,33561.20032244831,43649.5708999722,spatial_temporal
98052,2018-04-30,2019-04-30,2020-03-31,dcrnn,32384.540730859375,38360.373527473675,spatial_temporal
98052,2018-05-31,2019-05-31,2020-04-30,timemixer,33057.92859828339,40637.17168705663,DL
98052,2018-06-30,2019-06-30,2020-05-31,dlinear,30995.451582589234,45132.237626976785,DL
98052,2018-07-31,2019-07-31,2020-06-30,graph_wavenet,29065.415835535194,35867.544036561,spatial_temporal
98052,2018-08-31,2019-08-31,2020-07-31,itransformer,26151.738056276994,31943.566694182427,DL
98052,2018-09-30,2019-09-30,2020-08-31,itransformer,27567.74755669684,33374.77956041629,DL
98052,2018-10-31,2019-10-31,2020-09-30,itransformer,25074.164133278362,35339.958588593465,DL
98052,2018-11-30,2019-11-30,2020-10-31,stgcn,25986.06390006498,35285.97310624098,spatial_temporal
98052,2018-12-31,2019-12-31,2020-11-30,stgcn,26024.19114647534,30927.032517672793,spatial_temporal
98052,2019-01-31,2020-01-31,2020-12-31,stgcn,31017.72896107877,37346.73048008009,spatial_temporal
98052,2019-02-28,2020-02-29,2021-01-31,stgcn,36088.30758106431,37659.84850250078,spatial_temporal
98052,2019-03-31,2020-03-31,2021-02-28,patchtst,25993.762122449407,32214.759007077148,DL
98052,2019-04-30,2020-04-30,2021-03-31,stgformer,34961.375627619,42356.71634234454,spatial_temporal
98052,2019-05-31,2020-05-31,2021-04-30,stgformer,41474.38991340072,49178.66277700748,spatial_temporal
98052,2019-06-30,2020-06-30,2021-05-31,timemixer,40585.77337985631,49415.78720351616,DL
98052,2019-07-31,2020-07-31,2021-06-30,timemixer,47783.22151366341,58509.86651804068,DL
98052,2019-08-31,2020-08-31,2021-07-31,timemixer,33161.52599385013,49031.948797695324,DL
98052,2019-09-30,2020-09-30,2021-08-31,timemixer,40904.070036050594,46353.225783239475,DL
98052,2019-10-31,2020-10-31,2021-09-30,dcrnn,35550.21425633414,45148.19367209855,spatial_temporal
98052,2019-11-30,2020-11-30,2021-10-31,dcrnn,42199.0890046276,51574.272808827765,spatial_temporal
98052,2019-12-31,2020-12-31,2021-11-30,dcrnn,37399.69740927761,44486.313183764214,spatial_temporal
98052,2020-01-31,2021-01-31,2021-12-31,dcrnn,24600.5888135479,30344.302048277852,spatial_temporal
98052,2020-02-29,2021-02-28,2022-01-31,timemixer,55574.80124172495,65774.6594123326,DL
98052,2020-03-31,2021-03-31,2022-02-28,timemixer,69527.03155285331,82078.21569483279,DL
98052,2020-04-30,2021-04-30,2022-03-31,timemixer,52554.01193987293,72533.50761554399,DL
98052,2020-05-31,2021-05-31,2022-04-30,timemixer,49761.355853217014,61222.97071490657,DL
98052,2020-06-30,2021-06-30,2022-05-31,timemixer,53201.23843096641,66927.24105910957,DL
98052,2020-07-31,2021-07-31,2022-06-30,timemixer,45576.74456427124,57910.670045976694,DL
98052,2020-08-31,2021-08-31,2022-07-31,itransformer,36854.26189594087,45827.7832000969,DL
98052,2020-09-30,2021-09-30,2022-08-31,itransformer,32345.559939167655,40138.29053708268,DL
98052,2020-10-31,2021-10-31,2022-09-30,itransformer,61944.423021105,70105.90192380804,DL
98052,2020-11-30,2021-11-30,2022-10-31,timemixer,61788.676949458175,76688.56754661052,DL
98052,2020-12-31,2021-12-31,2022-11-30,d2stgnn,66523.27457884194,77129.2787465011,spatial_temporal
98052,2021-01-31,2022-01-31,2022-12-31,d2stgnn,61048.33985221336,68449.94632959254,spatial_temporal
98052,2021-02-28,2022-02-28,2023-01-31,d2stgnn,52160.599126177454,59370.317016768146,spatial_temporal
98052,2021-03-31,2022-03-31,2023-02-28,dcrnn,41145.15207529111,45698.749205094835,spatial_temporal
98052,2021-04-30,2022-04-30,2023-03-31,dcrnn,30603.00875051987,37680.763486442454,spatial_temporal
98052,2021-05-31,2022-05-31,2023-04-30,timesfm_zero,37704.082167887944,52275.70523570771,foundation
98052,2021-06-30,2022-06-30,2023-05-31,d2stgnn,55440.85898709394,63195.4309709183,spatial_temporal
98052,2021-07-31,2022-07-31,2023-06-30,chronos2_zero,57007.24421976113,64396.108179661685,foundation
98052,2021-08-31,2022-08-31,2023-07-31,d2stgnn,55817.25032046335,78513.5617494068,spatial_temporal
98052,2021-09-30,2022-09-30,2023-08-31,timemixer,52287.95440586881,62518.958300154125,DL
98052,2021-10-31,2022-10-31,2023-09-30,chronos2_zero,50212.27542161427,65795.80882173624,foundation
98052,2021-11-30,2022-11-30,2023-10-31,patchtst,45666.94629079272,60683.93504333278,DL
98052,2021-12-31,2022-12-31,2023-11-30,stgcn,53710.547032512455,69756.10289179692,spatial_temporal
98052,2022-12-31,2023-12-31,2024-11-30,dcrnn,72917.0708684136,83300.79144725493,spatial_temporal
98052,2023-01-31,2024-01-31,2024-12-31,chronos2_zero,60886.30871296595,67879.3331604074,foundation
98052,2024-01-31,2025-01-31,2025-12-31,itransformer,58385.89966473583,64932.12724704803,DL
98052,2024-02-29,2025-02-28,2026-01-31,graph_wavenet,54851.97390260125,60885.14742924106,spatial_temporal
98052,2024-03-31,2025-03-31,2026-02-28,patchtst,48536.05859625392,62985.174019842336,DL
98052,2024-04-30,2025-04-30,2026-03-31,chronos2_zero,61227.07376430263,72901.42862001454,foundation
98052,2024-05-31,2025-05-31,2026-04-30,timemixer,63186.75410233826,81639.38391523948,DL
98052,2024-06-30,2025-06-30,2026-05-31,itransformer,68267.18345921849,80649.67949776752,DL
98052,2024-07-31,2025-07-31,2026-06-30,itransformer,72606.94591063564,86984.43145518954,DL
98052,2024-08-31,2025-08-31,2026-07-31,patchtst,71564.49237960686,91620.48147558747,DL
98053,2016-03-31,2017-03-31,2018-02-28,stgcn,27746.576424779272,33491.55353867321,spatial_temporal
98053,2016-04-30,2017-04-30,2018-03-31,dcrnn,27740.508995023538,32680.451134210278,spatial_temporal
98053,2016-05-31,2017-05-31,2018-04-30,graph_wavenet,21486.154052619288,27081.867347990836,spatial_temporal
98053,2016-06-30,2017-06-30,2018-05-31,timemixer,27739.824815088843,33335.08039960928,DL
98053,2016-07-31,2017-07-31,2018-06-30,timemixer,25909.603749454098,34569.94085484889,DL
98053,2016-08-31,2017-08-31,2018-07-31,stgformer,31363.349134918117,38626.81814072886,spatial_temporal
98053,2016-09-30,2017-09-30,2018-08-31,d2stgnn,29122.2643020386,41730.22825378473,spatial_temporal
98053,2016-10-31,2017-10-31,2018-09-30,d2stgnn,32273.437419615442,39846.26867274556,spatial_temporal
98053,2016-11-30,2017-11-30,2018-10-31,d2stgnn,35670.654529621555,45400.45982921025,spatial_temporal
98053,2016-12-31,2017-12-31,2018-11-30,dlinear,39702.64457013226,44796.38709640965,DL
98053,2017-01-31,2018-01-31,2018-12-31,dlinear,34438.93387957356,40177.11388226586,DL
98053,2017-02-28,2018-02-28,2019-01-31,dlinear,33610.576956712,39043.46006894836,DL
98053,2017-03-31,2018-03-31,2019-02-28,dlinear,41544.36706565472,51106.62035949501,DL
98053,2017-04-30,2018-04-30,2019-03-31,d2stgnn,45809.00568457704,54548.958070646564,spatial_temporal
98053,2017-05-31,2018-05-31,2019-04-30,d2stgnn,46132.09728442539,52452.5990270163,spatial_temporal
98053,2017-06-30,2018-06-30,2019-05-31,chronos2_zero,41163.49722764754,49597.03669135284,foundation
98053,2017-07-31,2018-07-31,2019-06-30,stgformer,39476.748103964615,53634.646494601104,spatial_temporal
98053,2017-08-31,2018-08-31,2019-07-31,stgformer,34826.057839723064,45064.43084628067,spatial_temporal
98053,2017-09-30,2018-09-30,2019-08-31,timemixer,32152.053173555498,40612.29450531736,DL
98053,2017-10-31,2018-10-31,2019-09-30,stgformer,28283.22791239954,37370.996933336595,spatial_temporal
98053,2017-11-30,2018-11-30,2019-10-31,stgformer,30058.432152113888,42392.042801953416,spatial_temporal
98053,2017-12-31,2018-12-31,2019-11-30,stgformer,34455.86744385996,47460.79396345049,spatial_temporal
98053,2018-01-31,2019-01-31,2019-12-31,dlinear,29506.719028535415,38239.173400517524,DL
98053,2018-02-28,2019-02-28,2020-01-31,dlinear,25442.28385257039,32788.40838148558,DL
98053,2018-03-31,2019-03-31,2020-02-29,itransformer,25722.341313937533,31782.36966185138,DL
98053,2018-04-30,2019-04-30,2020-03-31,itransformer,27581.713519806846,34039.60538106437,DL
98053,2018-05-31,2019-05-31,2020-04-30,chronos2_zero,32287.21317887832,37902.07387513033,foundation
98053,2018-06-30,2019-06-30,2020-05-31,chronos2_zero,28003.561363828234,35995.97776515999,foundation
98053,2018-07-31,2019-07-31,2020-06-30,timesfm_zero,27475.23983846503,32477.43557968147,foundation
98053,2018-08-31,2019-08-31,2020-07-31,timesfm_zero,26517.494814719666,32565.508186278814,foundation
98053,2018-09-30,2019-09-30,2020-08-31,chronos2_zero,27800.06480269262,33666.947532364764,foundation
98053,2018-10-31,2019-10-31,2020-09-30,patchtst,33549.33718975093,44348.171814004636,DL
98053,2018-11-30,2019-11-30,2020-10-31,graph_wavenet,39317.68862698009,43860.42100169631,spatial_temporal
98053,2018-12-31,2019-12-31,2020-11-30,graph_wavenet,36994.676749229555,44014.50632510072,spatial_temporal
98053,2019-01-31,2020-01-31,2020-12-31,graph_wavenet,42422.189350471774,47659.06400747837,spatial_temporal
98053,2019-02-28,2020-02-29,2021-01-31,patchtst,32853.68835839132,43888.65816532804,DL
98053,2019-03-31,2020-03-31,2021-02-28,timemixer,42165.69159106,52126.553620804916,DL
98053,2019-04-30,2020-04-30,2021-03-31,stgformer,56624.04045021246,71554.98397911112,spatial_temporal
98053,2019-05-31,2020-05-31,2021-04-30,d2stgnn,53212.14599872106,66770.41180589912,spatial_temporal
98053,2019-06-30,2020-06-30,2021-05-31,d2stgnn,67650.79224054592,87461.65761749247,spatial_temporal
98053,2019-07-31,2020-07-31,2021-06-30,d2stgnn,79127.8485029264,102420.76229162166,spatial_temporal
98053,2019-08-31,2020-08-31,2021-07-31,timemixer,74825.47236389607,96591.70969415942,DL
98053,2019-09-30,2020-09-30,2021-08-31,dcrnn,81892.29968898343,100606.38787480883,spatial_temporal
98053,2019-10-31,2020-10-31,2021-09-30,dcrnn,52436.186815116795,58951.59140089017,spatial_temporal
98053,2019-11-30,2020-11-30,2021-10-31,dcrnn,32244.78908185915,37671.21016817156,spatial_temporal
98053,2019-12-31,2020-12-31,2021-11-30,dcrnn,28652.438693802542,34945.94769447934,spatial_temporal
98053,2020-01-31,2021-01-31,2021-12-31,dcrnn,39182.54764992637,52511.16778011251,spatial_temporal
98053,2020-02-29,2021-02-28,2022-01-31,stgcn,59104.94351853137,83542.68625191528,spatial_temporal
98053,2020-03-31,2021-03-31,2022-02-28,stgcn,102356.18136764421,186156.02501745825,spatial_temporal
98053,2020-04-30,2021-04-30,2022-03-31,timemixer,93621.25316947648,170237.33844480204,DL
98053,2020-05-31,2021-05-31,2022-04-30,timemixer,95370.76751222207,157373.69280147093,DL
98053,2020-06-30,2021-06-30,2022-05-31,itransformer,93498.31650451517,138936.26551822684,DL
98053,2020-07-31,2021-07-31,2022-06-30,timemixer,89203.98046845238,148456.95321625494,DL
98053,2020-08-31,2021-08-31,2022-07-31,timemixer,75188.66951658828,120742.32590352283,DL
98053,2020-09-30,2021-09-30,2022-08-31,itransformer,104694.24541650493,161540.69686375017,DL
98053,2020-10-31,2021-10-31,2022-09-30,itransformer,133302.3636323272,180950.4490080743,DL
98053,2020-11-30,2021-11-30,2022-10-31,d2stgnn,144320.44668045777,194797.2707613422,spatial_temporal
98053,2020-12-31,2021-12-31,2022-11-30,d2stgnn,132736.59595158233,171780.168957086,spatial_temporal
98053,2021-01-31,2022-01-31,2022-12-31,d2stgnn,117366.96414780832,162468.57743096445,spatial_temporal
98053,2021-02-28,2022-02-28,2023-01-31,d2stgnn,120909.41836226045,172414.4366805769,spatial_temporal
98053,2021-03-31,2022-03-31,2023-02-28,timemixer,84535.20400595362,101659.96696985449,DL
98053,2021-04-30,2022-04-30,2023-03-31,d2stgnn,76320.45885483608,97091.64396024392,spatial_temporal
98053,2021-05-31,2022-05-31,2023-04-30,d2stgnn,56226.20784324654,80667.5111263942,spatial_temporal
98053,2021-06-30,2022-06-30,2023-05-31,d2stgnn,79707.40399324546,106697.00517671746,spatial_temporal
98053,2021-07-31,2022-07-31,2023-06-30,d2stgnn,68942.86389238195,100856.05807811959,spatial_temporal
98053,2021-08-31,2022-08-31,2023-07-31,timemixer,72825.9139808338,85501.11485653174,DL
98053,2021-09-30,2022-09-30,2023-08-31,stgcn,49430.55808668659,79993.41227225141,spatial_temporal
98053,2021-10-31,2022-10-31,2023-09-30,dcrnn,57234.90594165514,91014.25413263994,spatial_temporal
98053,2021-11-30,2022-11-30,2023-10-31,dcrnn,42352.44934283971,73264.9849989153,spatial_temporal
98053,2021-12-31,2022-12-31,2023-11-30,dcrnn,58357.68451689227,77605.62216894049,spatial_temporal
98053,2022-12-31,2023-12-31,2024-11-30,itransformer,104779.12343921803,132367.96373469135,DL
98053,2023-01-31,2024-01-31,2024-12-31,itransformer,77316.81170031935,93761.88296646776,DL
98053,2024-01-31,2025-01-31,2025-12-31,timesfm_zero,91782.37515324197,112022.76008965255,foundation
98053,2024-02-29,2025-02-28,2026-01-31,timesfm_zero,88473.52276996477,102561.76757264002,foundation
98053,2024-03-31,2025-03-31,2026-02-28,timesfm_zero,93710.55935425333,119955.64408368448,foundation
98053,2024-04-30,2025-04-30,2026-03-31,graph_wavenet,104275.88483115334,130684.55150668338,spatial_temporal
98053,2024-05-31,2025-05-31,2026-04-30,timesfm_zero,77275.33477831185,100294.5254289804,foundation
98053,2024-06-30,2025-06-30,2026-05-31,timesfm_zero,60552.943551132186,68243.99915358252,foundation
98053,2024-07-31,2025-07-31,2026-06-30,timesfm_zero,60493.703238163725,66797.6924645956,foundation
98053,2024-08-31,2025-08-31,2026-07-31,stgcn,57461.93051725017,76533.68232235733,spatial_temporal
98055,2016-03-31,2017-03-31,2018-02-28,dcrnn,25359.96869787147,30051.76402122551,spatial_temporal
98055,2016-04-30,2017-04-30,2018-03-31,itransformer,18781.942260113563,22292.189295213855,DL
98055,2016-05-31,2017-05-31,2018-04-30,dlinear,13441.292021546824,19372.384795264898,DL
98055,2016-06-30,2017-06-30,2018-05-31,dlinear,10966.187501675624,15700.069076988333,DL
98055,2016-07-31,2017-07-31,2018-06-30,d2stgnn,12178.394500059201,14844.198469417626,spatial_temporal
98055,2016-08-31,2017-08-31,2018-07-31,itransformer,7920.785085434822,10123.425213969313,DL
98055,2016-09-30,2017-09-30,2018-08-31,itransformer,8190.09769373031,10941.549935048319,DL
98055,2016-10-31,2017-10-31,2018-09-30,itransformer,10422.937781173276,15368.434230382152,DL
98055,2016-11-30,2017-11-30,2018-10-31,dlinear,12510.926891510215,14315.169073401386,DL
98055,2016-12-31,2017-12-31,2018-11-30,dlinear,17025.661277852036,19461.460484987147,DL
98055,2017-01-31,2018-01-31,2018-12-31,itransformer,19551.43705544857,24186.2253972593,DL
98055,2017-02-28,2018-02-28,2019-01-31,graph_wavenet,15658.426930199485,22568.620848271225,spatial_temporal
98055,2017-03-31,2018-03-31,2019-02-28,dcrnn,18765.280705056168,30756.43322103615,spatial_temporal
98055,2017-04-30,2018-04-30,2019-03-31,graph_wavenet,21465.639765371317,26610.67697016254,spatial_temporal
98055,2017-05-31,2018-05-31,2019-04-30,graph_wavenet,20397.09672259071,30477.451634327463,spatial_temporal
98055,2017-06-30,2018-06-30,2019-05-31,itransformer,16820.56974061708,23305.190947108928,DL
98055,2017-07-31,2018-07-31,2019-06-30,itransformer,21871.27945006792,32115.079505169477,DL
98055,2017-08-31,2018-08-31,2019-07-31,itransformer,23796.965467309008,34918.472447959364,DL
98055,2017-09-30,2018-09-30,2019-08-31,itransformer,23871.411324859775,33979.391390500634,DL
98055,2017-10-31,2018-10-31,2019-09-30,itransformer,24936.280567566002,33598.67082888049,DL
98055,2017-11-30,2018-11-30,2019-10-31,itransformer,27155.961609358303,38106.82676125869,DL
98055,2017-12-31,2018-12-31,2019-11-30,timemixer,28991.64274424523,43130.40137948544,DL
98055,2018-01-31,2019-01-31,2019-12-31,itransformer,21002.943068096793,30971.587444147557,DL
98055,2018-02-28,2019-02-28,2020-01-31,timemixer,20200.098596314583,26524.84664581215,DL
98055,2018-03-31,2019-03-31,2020-02-29,timesfm_zero,10965.152899151517,12422.863608664555,foundation
98055,2018-04-30,2019-04-30,2020-03-31,timesfm_zero,11219.996666427274,14009.685771596205,foundation
98055,2018-05-31,2019-05-31,2020-04-30,patchtst,10330.621277882805,12438.289215832061,DL
98055,2018-06-30,2019-06-30,2020-05-31,patchtst,10475.321270230508,12608.986082399886,DL
98055,2018-07-31,2019-07-31,2020-06-30,patchtst,13244.690345453599,18542.15423725792,DL
98055,2018-08-31,2019-08-31,2020-07-31,timemixer,16454.180954370695,21525.650545997367,DL
98055,2018-09-30,2019-09-30,2020-08-31,timemixer,14681.10961220538,19593.918760304237,DL
98055,2018-10-31,2019-10-31,2020-09-30,itransformer,16602.800761352177,20605.593488968454,DL
98055,2018-11-30,2019-11-30,2020-10-31,chronos2_zero,16982.38473880288,22741.529142665095,foundation
98055,2018-12-31,2019-12-31,2020-11-30,graph_wavenet,15580.270094179714,20194.737778898612,spatial_temporal
98055,2019-01-31,2020-01-31,2020-12-31,dcrnn,16085.459013956008,20913.901781098277,spatial_temporal
98055,2019-02-28,2020-02-29,2021-01-31,timemixer,15738.939443924566,19092.205037152668,DL
98055,2019-03-31,2020-03-31,2021-02-28,stgformer,17665.99781387314,22072.467867144103,spatial_temporal
98055,2019-04-30,2020-04-30,2021-03-31,stgformer,17190.282982437206,21239.836950795856,spatial_temporal
98055,2019-05-31,2020-05-31,2021-04-30,stgformer,14166.56717590816,21528.209145500252,spatial_temporal
98055,2019-06-30,2020-06-30,2021-05-31,stgformer,19754.317234461778,26435.47289613916,spatial_temporal
98055,2019-07-31,2020-07-31,2021-06-30,graph_wavenet,24560.564068759995,30857.83036103789,spatial_temporal
98055,2019-08-31,2020-08-31,2021-07-31,stgformer,25397.33640059039,29515.46300762885,spatial_temporal
98055,2019-09-30,2020-09-30,2021-08-31,stgformer,20900.3618384421,26348.424385131257,spatial_temporal
98055,2019-10-31,2020-10-31,2021-09-30,stgformer,23432.325520816998,30425.707704649743,spatial_temporal
98055,2019-11-30,2020-11-30,2021-10-31,stgformer,21160.41969490454,29055.853003281714,spatial_temporal
98055,2019-12-31,2020-12-31,2021-11-30,dcrnn,21066.662256753625,27249.749536592077,spatial_temporal
98055,2020-01-31,2021-01-31,2021-12-31,dcrnn,20638.23810823225,30025.121925333136,spatial_temporal
98055,2020-02-29,2021-02-28,2022-01-31,stgformer,28775.429656796,38217.20609034318,spatial_temporal
98055,2020-03-31,2021-03-31,2022-02-28,graph_wavenet,28156.631678222242,35742.43355245237,spatial_temporal
98055,2020-04-30,2021-04-30,2022-03-31,stgformer,26243.184289351968,37263.184605923074,spatial_temporal
98055,2020-05-31,2021-05-31,2022-04-30,d2stgnn,24705.232753621927,29128.739523791966,spatial_temporal
98055,2020-06-30,2021-06-30,2022-05-31,d2stgnn,27704.39371390433,31654.745226023857,spatial_temporal
98055,2020-07-31,2021-07-31,2022-06-30,itransformer,28511.345357622136,37282.62763644246,DL
98055,2020-08-31,2021-08-31,2022-07-31,itransformer,26832.127081610728,33820.394231661456,DL
98055,2020-09-30,2021-09-30,2022-08-31,itransformer,24869.321950411046,29619.969194050867,DL
98055,2020-10-31,2021-10-31,2022-09-30,d2stgnn,28076.43195605633,34991.70278537157,spatial_temporal
98055,2020-11-30,2021-11-30,2022-10-31,timemixer,29471.45359388116,36771.0854100028,DL
98055,2020-12-31,2021-12-31,2022-11-30,patchtst,36227.28109754246,42616.63482939099,DL
98055,2021-01-31,2022-01-31,2022-12-31,timemixer,33178.285671447076,37179.443894789336,DL
98055,2021-02-28,2022-02-28,2023-01-31,timemixer,26993.57891681868,32017.803206603534,DL
98055,2021-03-31,2022-03-31,2023-02-28,timemixer,19685.187935484195,22626.114449499484,DL
98055,2021-04-30,2022-04-30,2023-03-31,timemixer,20554.67135882784,26138.46000202727,DL
98055,2021-05-31,2022-05-31,2023-04-30,timemixer,19926.665241196217,25565.35738871038,DL
98055,2021-06-30,2022-06-30,2023-05-31,timemixer,24112.178893680248,29647.088149462423,DL
98055,2021-07-31,2022-07-31,2023-06-30,timemixer,24070.982279032323,34221.735040074454,DL
98055,2021-08-31,2022-08-31,2023-07-31,stgcn,30066.092687745568,36319.64828548502,spatial_temporal
98055,2021-09-30,2022-09-30,2023-08-31,d2stgnn,26585.431448287058,32912.65229477514,spatial_temporal
98055,2021-10-31,2022-10-31,2023-09-30,d2stgnn,27326.191012384323,36422.37860610111,spatial_temporal
98055,2021-11-30,2022-11-30,2023-10-31,d2stgnn,27547.23198659629,35141.39562441423,spatial_temporal
98055,2021-12-31,2022-12-31,2023-11-30,itransformer,28859.88066568728,30029.02258347749,DL
98055,2022-12-31,2023-12-31,2024-11-30,graph_wavenet,14719.825854910616,21625.29278115585,spatial_temporal
98055,2023-01-31,2024-01-31,2024-12-31,stgcn,25353.244526243954,29675.381069198414,spatial_temporal
98055,2024-01-31,2025-01-31,2025-12-31,timesfm_zero,28066.26642582027,39133.37229200028,foundation
98055,2024-02-29,2025-02-28,2026-01-31,timesfm_zero,19659.258956179536,23579.572237524448,foundation
98055,2024-03-31,2025-03-31,2026-02-28,timesfm_zero,30679.527198770025,38695.44198160472,foundation
98055,2024-04-30,2025-04-30,2026-03-31,timesfm_zero,33947.135688658105,41803.38387911995,foundation
98055,2024-05-31,2025-05-31,2026-04-30,timesfm_zero,29715.342750308755,37127.56250335306,foundation
98055,2024-06-30,2025-06-30,2026-05-31,timesfm_zero,30106.623654759722,37544.37342456342,foundation
98055,2024-07-31,2025-07-31,2026-06-30,timesfm_zero,32822.35922338846,41107.85168656883,foundation
98055,2024-08-31,2025-08-31,2026-07-31,stgcn,31964.075403669867,38934.23887757764,spatial_temporal
98056,2016-03-31,2017-03-31,2018-02-28,graph_wavenet,47028.36015045995,57194.64279422114,spatial_temporal
98056,2016-04-30,2017-04-30,2018-03-31,graph_wavenet,45747.34436170486,48522.55402031146,spatial_temporal
98056,2016-05-31,2017-05-31,2018-04-30,stgcn,44773.0304088105,53551.240068323306,spatial_temporal
98056,2016-06-30,2017-06-30,2018-05-31,chronos2_zero,38628.0150799689,49800.213835643204,foundation
98056,2016-07-31,2017-07-31,2018-06-30,itransformer,35828.5679790146,39424.92974703207,DL
98056,2016-08-31,2017-08-31,2018-07-31,timemixer,33383.588824425,46168.226611671926,DL
98056,2016-09-30,2017-09-30,2018-08-31,graph_wavenet,30819.99562806314,44176.80591055505,spatial_temporal
98056,2016-10-31,2017-10-31,2018-09-30,stgcn,31998.63241499713,41768.65857966132,spatial_temporal
98056,2016-11-30,2017-11-30,2018-10-31,stgcn,32983.36784006422,46057.63444281151,spatial_temporal
98056,2016-12-31,2017-12-31,2018-11-30,timesfm_zero,23335.798835052392,41426.1225763275,foundation
98056,2017-01-31,2018-01-31,2018-12-31,timesfm_zero,21911.938734236115,27939.374862844605,foundation
98056,2017-02-28,2018-02-28,2019-01-31,stgcn,20840.852840925625,29514.62986704386,spatial_temporal
98056,2017-03-31,2018-03-31,2019-02-28,stgcn,17442.737830384285,23812.49970769549,spatial_temporal
98056,2017-04-30,2018-04-30,2019-03-31,stgcn,16385.57024227039,23382.82748742395,spatial_temporal
98056,2017-05-31,2018-05-31,2019-04-30,stgcn,15692.350457357485,18202.813931026074,spatial_temporal
98056,2017-06-30,2018-06-30,2019-05-31,timesfm_zero,16980.816099626263,18960.78263427702,foundation
98056,2017-07-31,2018-07-31,2019-06-30,graph_wavenet,18625.134285761742,22728.236736777406,spatial_temporal
98056,2017-08-31,2018-08-31,2019-07-31,dcrnn,18711.901976384514,23255.104385278588,spatial_temporal
98056,2017-09-30,2018-09-30,2019-08-31,dcrnn,18406.05276420308,22052.55765901006,spatial_temporal
98056,2017-10-31,2018-10-31,2019-09-30,itransformer,21766.169915510418,27308.458817180723,DL
98056,2017-11-30,2018-11-30,2019-10-31,itransformer,28461.58809117477,33656.55294004035,DL
98056,2017-12-31,2018-12-31,2019-11-30,itransformer,31770.515995356633,36996.992898292694,DL
98056,2018-01-31,2019-01-31,2019-12-31,itransformer,28033.726759886613,35848.038004298665,DL
98056,2018-02-28,2019-02-28,2020-01-31,dlinear,27561.81116399105,37896.50372139665,DL
98056,2018-03-31,2019-03-31,2020-02-29,dlinear,31046.05068227566,40145.43330637105,DL
98056,2018-04-30,2019-04-30,2020-03-31,graph_wavenet,35611.19292150018,44670.05060444947,spatial_temporal
98056,2018-05-31,2019-05-31,2020-04-30,d2stgnn,38008.70710376763,44216.42283695847,spatial_temporal
98056,2018-06-30,2019-06-30,2020-05-31,dlinear,39765.118349423334,46830.0932391783,DL
98056,2018-07-31,2019-07-31,2020-06-30,stgformer,35805.38499685467,41549.12398138497,spatial_temporal
98056,2018-08-31,2019-08-31,2020-07-31,itransformer,36493.38622066202,44513.882587807246,DL
98056,2018-09-30,2019-09-30,2020-08-31,itransformer,33688.744925996114,40778.184359197534,DL
98056,2018-10-31,2019-10-31,2020-09-30,dlinear,31004.081337655807,35640.92104849792,DL
98056,2018-11-30,2019-11-30,2020-10-31,dlinear,26522.314466276584,30373.131577906115,DL
98056,2018-12-31,2019-12-31,2020-11-30,patchtst,29394.983130581317,35729.23888123018,DL
98056,2019-01-31,2020-01-31,2020-12-31,patchtst,27508.27306636864,32893.09085519269,DL
98056,2019-02-28,2020-02-29,2021-01-31,patchtst,26192.916888986674,30122.323583897563,DL
98056,2019-03-31,2020-03-31,2021-02-28,patchtst,26418.62283726245,33649.549401738914,DL
98056,2019-04-30,2020-04-30,2021-03-31,patchtst,27467.22661073375,33384.659086073065,DL
98056,2019-05-31,2020-05-31,2021-04-30,patchtst,19998.30361658517,24240.60697311787,DL
98056,2019-06-30,2020-06-30,2021-05-31,patchtst,24337.920297908393,31267.75096337856,DL
98056,2019-07-31,2020-07-31,2021-06-30,dcrnn,26759.787908696355,31250.391022141288,spatial_temporal
98056,2019-08-31,2020-08-31,2021-07-31,dcrnn,25713.85590484744,31345.00654199515,spatial_temporal
98056,2019-09-30,2020-09-30,2021-08-31,dcrnn,25411.617220683856,29113.386701479743,spatial_temporal
98056,2019-10-31,2020-10-31,2021-09-30,timemixer,26239.372165865283,31371.12215396261,DL
98056,2019-11-30,2020-11-30,2021-10-31,stgformer,27633.512911811733,30961.927375302002,spatial_temporal
98056,2019-12-31,2020-12-31,2021-11-30,timemixer,26208.711537916544,31513.33953972514,DL
98056,2020-01-31,2021-01-31,2021-12-31,timemixer,26310.288580006785,30288.159178868773,DL
98056,2020-02-29,2021-02-28,2022-01-31,d2stgnn,28855.25996328746,35261.70657321037,spatial_temporal
98056,2020-03-31,2021-03-31,2022-02-28,graph_wavenet,25602.627504441025,29513.77941447647,spatial_temporal
98056,2020-04-30,2021-04-30,2022-03-31,graph_wavenet,19465.837808117998,23503.373397223975,spatial_temporal
98056,2020-05-31,2021-05-31,2022-04-30,stgformer,20607.385529256066,24249.525479800817,spatial_temporal
98056,2020-06-30,2021-06-30,2022-05-31,stgformer,25942.129944193486,32605.401144963213,spatial_temporal
98056,2020-07-31,2021-07-31,2022-06-30,stgformer,27661.992320121266,38320.004215638524,spatial_temporal
98056,2020-08-31,2021-08-31,2022-07-31,stgformer,38467.12345176281,52173.53772901641,spatial_temporal
98056,2020-09-30,2021-09-30,2022-08-31,timemixer,36302.47107845108,48145.00708939452,DL
98056,2020-10-31,2021-10-31,2022-09-30,d2stgnn,43926.298813795314,57619.52796752089,spatial_temporal
98056,2020-11-30,2021-11-30,2022-10-31,dcrnn,46136.206744685005,54160.63855608679,spatial_temporal
98056,2020-12-31,2021-12-31,2022-11-30,timemixer,34536.78161252022,44705.356562390145,DL
98056,2021-01-31,2022-01-31,2022-12-31,d2stgnn,43740.45725898395,54486.014225332285,spatial_temporal
98056,2021-02-28,2022-02-28,2023-01-31,d2stgnn,40319.05482267408,52092.38375750903,spatial_temporal
98056,2021-03-31,2022-03-31,2023-02-28,timemixer,45769.37055873502,62517.87151895596,DL
98056,2021-04-30,2022-04-30,2023-03-31,stgformer,40838.43677584845,55098.60031406393,spatial_temporal
98056,2021-05-31,2022-05-31,2023-04-30,dcrnn,32897.620019764116,49438.0758345816,spatial_temporal
98056,2021-06-30,2022-06-30,2023-05-31,stgformer,33925.23938856139,51051.845549818376,spatial_temporal
98056,2021-07-31,2022-07-31,2023-06-30,dcrnn,38514.683484587855,51200.804973987106,spatial_temporal
98056,2021-08-31,2022-08-31,2023-07-31,dcrnn,36209.209792567584,49066.372147960894,spatial_temporal
98056,2021-09-30,2022-09-30,2023-08-31,timesfm_zero,36561.42651870814,48923.38586033546,foundation
98056,2021-10-31,2022-10-31,2023-09-30,stgformer,36385.39185326066,51535.652769782995,spatial_temporal
98056,2021-11-30,2022-11-30,2023-10-31,graph_wavenet,34347.84820455504,45836.5507138747,spatial_temporal
98056,2021-12-31,2022-12-31,2023-11-30,graph_wavenet,38731.230552654604,49357.85418667132,spatial_temporal
98056,2022-12-31,2023-12-31,2024-11-30,stgformer,69519.13278393283,87839.82959945253,spatial_temporal
98056,2023-01-31,2024-01-31,2024-12-31,graph_wavenet,46382.9193089643,53019.15506387636,spatial_temporal
98056,2024-01-31,2025-01-31,2025-12-31,chronos2_zero,77860.56317834945,95339.26563007083,foundation
98056,2024-02-29,2025-02-28,2026-01-31,graph_wavenet,49774.37080545351,58403.91656406506,spatial_temporal
98056,2024-03-31,2025-03-31,2026-02-28,stgcn,45926.32588131085,58164.27841794961,spatial_temporal
98056,2024-04-30,2025-04-30,2026-03-31,graph_wavenet,52349.95767221586,66105.45484089882,spatial_temporal
98056,2024-05-31,2025-05-31,2026-04-30,timemixer,41015.668009065084,53605.23512284935,DL
98056,2024-06-30,2025-06-30,2026-05-31,graph_wavenet,43605.47306742094,54445.717448413685,spatial_temporal
98056,2024-07-31,2025-07-31,2026-06-30,timemixer,50789.468807480385,69073.76549668999,DL
98056,2024-08-31,2025-08-31,2026-07-31,dcrnn,59803.32856578939,84393.66257591074,spatial_temporal
98057,2016-03-31,2017-03-31,2018-02-28,timemixer,12978.03720538422,16623.84598580446,DL
98057,2016-04-30,2017-04-30,2018-03-31,timemixer,12523.261019685446,17438.738864133575,DL
98057,2016-05-31,2017-05-31,2018-04-30,graph_wavenet,15418.763376850577,27804.556461493597,spatial_temporal
98057,2016-06-30,2017-06-30,2018-05-31,itransformer,19523.09121005841,35137.27075088397,DL
98057,2016-07-31,2017-07-31,2018-06-30,stgformer,20565.281079092063,25297.304936614622,spatial_temporal
98057,2016-08-31,2017-08-31,2018-07-31,stgformer,20520.84302370532,24696.23242566022,spatial_temporal
98057,2016-09-30,2017-09-30,2018-08-31,stgformer,28442.02869015491,33260.97408721854,spatial_temporal
98057,2016-10-31,2017-10-31,2018-09-30,d2stgnn,29758.36367399192,36497.86219357979,spatial_temporal
98057,2016-11-30,2017-11-30,2018-10-31,stgformer,31891.445418714105,36635.65363575511,spatial_temporal
98057,2016-12-31,2017-12-31,2018-11-30,stgformer,31477.744658926076,34979.06624091416,spatial_temporal
98057,2017-01-31,2018-01-31,2018-12-31,dlinear,26432.71715964879,34009.6682007747,DL
98057,2017-02-28,2018-02-28,2019-01-31,stgformer,34811.48936018768,37949.12215001306,spatial_temporal
98057,2017-03-31,2018-03-31,2019-02-28,dlinear,32355.83752186982,38360.72029474375,DL
98057,2017-04-30,2018-04-30,2019-03-31,d2stgnn,28823.246994597244,32612.3919532863,spatial_temporal
98057,2017-05-31,2018-05-31,2019-04-30,itransformer,26926.714838197648,33180.59420282809,DL
98057,2017-06-30,2018-06-30,2019-05-31,dlinear,23066.76858849749,26787.600975000943,DL
98057,2017-07-31,2018-07-31,2019-06-30,dlinear,24054.969108149657,29835.833552395037,DL
98057,2017-08-31,2018-08-31,2019-07-31,dlinear,25149.11266223001,28213.163287346684,DL
98057,2017-09-30,2018-09-30,2019-08-31,stgformer,25594.70289673097,30328.24230014039,spatial_temporal
98057,2017-10-31,2018-10-31,2019-09-30,itransformer,26483.813887016528,30779.78467855423,DL
98057,2017-11-30,2018-11-30,2019-10-31,dcrnn,27000.87581770138,32747.816616994794,spatial_temporal
98057,2017-12-31,2018-12-31,2019-11-30,itransformer,27884.325906609203,35733.4628694346,DL
98057,2018-01-31,2019-01-31,2019-12-31,stgcn,31650.329386043886,38313.82746204759,spatial_temporal
98057,2018-02-28,2019-02-28,2020-01-31,dlinear,23994.19057472725,29269.08364576971,DL
98057,2018-03-31,2019-03-31,2020-02-29,dlinear,21883.43945396547,25329.25235445344,DL
98057,2018-04-30,2019-04-30,2020-03-31,dlinear,32268.550286168713,36931.38274801539,DL
98057,2018-05-31,2019-05-31,2020-04-30,dlinear,30296.207565566507,34807.05964723385,DL
98057,2018-06-30,2019-06-30,2020-05-31,graph_wavenet,19200.64565614748,22522.663400369944,spatial_temporal
98057,2018-07-31,2019-07-31,2020-06-30,stgformer,19053.896145632756,23883.596079516898,spatial_temporal
98057,2018-08-31,2019-08-31,2020-07-31,patchtst,17349.946818153956,22966.82107927005,DL
98057,2018-09-30,2019-09-30,2020-08-31,stgcn,19617.465722834484,27694.302141702687,spatial_temporal
98057,2018-10-31,2019-10-31,2020-09-30,stgcn,28889.38807913521,40288.59553911979,spatial_temporal
98057,2018-11-30,2019-11-30,2020-10-31,stgcn,32329.44842809603,45027.461814998576,spatial_temporal
98057,2018-12-31,2019-12-31,2020-11-30,itransformer,36204.40980136392,49513.69606065402,DL
98057,2019-01-31,2020-01-31,2020-12-31,timesfm_zero,37847.43517176742,43469.49102177518,foundation
98057,2019-02-28,2020-02-29,2021-01-31,timesfm_zero,39002.9280511545,44153.401083251214,foundation
98057,2019-03-31,2020-03-31,2021-02-28,chronos2_zero,26785.02874382206,36562.158607636055,foundation
98057,2019-04-30,2020-04-30,2021-03-31,timesfm_zero,26674.722430000747,37616.122255954724,foundation
98057,2019-05-31,2020-05-31,2021-04-30,timesfm_zero,27773.664802119198,38939.86756275468,foundation
98057,2019-06-30,2020-06-30,2021-05-31,timesfm_zero,31754.636896842585,41159.325787268135,foundation
98057,2019-07-31,2020-07-31,2021-06-30,stgcn,33417.44620057823,39951.770376445966,spatial_temporal
98057,2019-08-31,2020-08-31,2021-07-31,timemixer,18648.561360534706,24502.65626520426,DL
98057,2019-09-30,2020-09-30,2021-08-31,timemixer,14863.813275028568,19832.098054915852,DL
98057,2019-10-31,2020-10-31,2021-09-30,dcrnn,13330.468789996094,16136.231593345861,spatial_temporal
98057,2019-11-30,2020-11-30,2021-10-31,dcrnn,14882.24101276021,17343.87341489813,spatial_temporal
98057,2019-12-31,2020-12-31,2021-11-30,dcrnn,12759.313750993775,14291.399876893862,spatial_temporal
98057,2020-01-31,2021-01-31,2021-12-31,patchtst,19360.955360759675,23521.64147481792,DL
98057,2020-02-29,2021-02-28,2022-01-31,patchtst,23430.09755823934,28559.616531061274,DL
98057,2020-03-31,2021-03-31,2022-02-28,graph_wavenet,18164.961632678165,22710.18030477074,spatial_temporal
98057,2020-04-30,2021-04-30,2022-03-31,stgformer,18186.784759363363,22449.518526062377,spatial_temporal
98057,2020-05-31,2021-05-31,2022-04-30,stgformer,19455.89212823105,25236.72168097364,spatial_temporal
98057,2020-06-30,2021-06-30,2022-05-31,stgformer,23823.676553445315,29488.98771104363,spatial_temporal
98057,2020-07-31,2021-07-31,2022-06-30,d2stgnn,33123.426990652435,42979.514159857325,spatial_temporal
98057,2020-08-31,2021-08-31,2022-07-31,itransformer,34259.64486453592,38421.995272641776,DL
98057,2020-09-30,2021-09-30,2022-08-31,itransformer,36426.77542241547,38702.947215535714,DL
98057,2020-10-31,2021-10-31,2022-09-30,itransformer,17478.24160167959,23148.414596718336,DL
98057,2020-11-30,2021-11-30,2022-10-31,dcrnn,31532.546366338927,36124.51135035858,spatial_temporal
98057,2020-12-31,2021-12-31,2022-11-30,d2stgnn,27487.316055001855,31698.56413838534,spatial_temporal
98057,2021-01-31,2022-01-31,2022-12-31,d2stgnn,24026.943723856773,29017.28288557735,spatial_temporal
98057,2021-02-28,2022-02-28,2023-01-31,d2stgnn,18762.27204780954,24699.5534659662,spatial_temporal
98057,2021-03-31,2022-03-31,2023-02-28,d2stgnn,16150.887629085104,19212.262418360297,spatial_temporal
98057,2021-04-30,2022-04-30,2023-03-31,stgformer,23489.399540000664,26008.893007826715,spatial_temporal
98057,2021-05-31,2022-05-31,2023-04-30,stgformer,25945.218097032815,29172.396298940057,spatial_temporal
98057,2021-06-30,2022-06-30,2023-05-31,stgformer,26393.25702241006,30177.888363302707,spatial_temporal
98057,2021-07-31,2022-07-31,2023-06-30,timemixer,28718.706498048286,33501.52440428449,DL
98057,2021-08-31,2022-08-31,2023-07-31,graph_wavenet,22099.49912674332,29672.710153340235,spatial_temporal
98057,2021-09-30,2022-09-30,2023-08-31,timesfm_zero,20622.81837471564,27673.150836142337,foundation
98057,2021-10-31,2022-10-31,2023-09-30,timesfm_zero,27949.585112085857,33813.168749607554,foundation
98057,2021-11-30,2022-11-30,2023-10-31,timesfm_zero,22126.08430401648,26985.94283517296,foundation
98057,2021-12-31,2022-12-31,2023-11-30,timesfm_zero,28631.573050629184,31118.829670278887,foundation
98057,2022-12-31,2023-12-31,2024-11-30,chronos2_zero,34498.778936972274,38534.96153728872,foundation
98057,2023-01-31,2024-01-31,2024-12-31,chronos2_zero,34211.71024225526,43060.00069693763,foundation
98057,2024-01-31,2025-01-31,2025-12-31,chronos2_zero,54820.3871011643,67285.21513959563,foundation
98057,2024-02-29,2025-02-28,2026-01-31,timesfm_zero,57505.75097610394,67152.78378223677,foundation
98057,2024-03-31,2025-03-31,2026-02-28,stgformer,56418.226282632735,67364.12785768833,spatial_temporal
98057,2024-04-30,2025-04-30,2026-03-31,stgformer,55136.09287712002,63217.91991909761,spatial_temporal
98057,2024-05-31,2025-05-31,2026-04-30,timesfm_zero,50157.7778085288,62208.90215796446,foundation
98057,2024-06-30,2025-06-30,2026-05-31,timesfm_zero,49029.06728244891,54332.813401444844,foundation
98057,2024-07-31,2025-07-31,2026-06-30,d2stgnn,43517.72373581217,52390.17957133495,spatial_temporal
98057,2024-08-31,2025-08-31,2026-07-31,chronos2_zero,45020.262275369976,52369.09631722475,foundation
98058,2016-03-31,2017-03-31,2018-02-28,chronos2_zero,9333.549070205301,11557.701916121765,foundation
98058,2016-04-30,2017-04-30,2018-03-31,timesfm_zero,6879.6112703758745,8763.590212569274,foundation
98058,2016-05-31,2017-05-31,2018-04-30,itransformer,8663.377123916716,12426.567853982453,DL
98058,2016-06-30,2017-06-30,2018-05-31,timemixer,12086.23309674371,13901.272955871826,DL
98058,2016-07-31,2017-07-31,2018-06-30,itransformer,12803.332777870071,15314.973476127263,DL
98058,2016-08-31,2017-08-31,2018-07-31,graph_wavenet,12357.842157161105,15371.706375270047,spatial_temporal
98058,2016-09-30,2017-09-30,2018-08-31,timemixer,9822.801409020743,13215.797175594182,DL
98058,2016-10-31,2017-10-31,2018-09-30,timemixer,11075.414707551818,14678.100385078043,DL
98058,2016-11-30,2017-11-30,2018-10-31,timemixer,8178.995842610282,10995.44776386393,DL
98058,2016-12-31,2017-12-31,2018-11-30,timemixer,9876.032760261742,13234.548612446762,DL
98058,2017-01-31,2018-01-31,2018-12-31,stgformer,11950.44373351631,14483.634248673812,spatial_temporal
98058,2017-02-28,2018-02-28,2019-01-31,patchtst,17509.564812655346,19786.618562734267,DL
98058,2017-03-31,2018-03-31,2019-02-28,timemixer,15255.524745009045,17526.31001026048,DL
98058,2017-04-30,2018-04-30,2019-03-31,dlinear,13328.288500733353,18945.844406351163,DL
98058,2017-05-31,2018-05-31,2019-04-30,dcrnn,8309.918202138992,8956.621355547202,spatial_temporal
98058,2017-06-30,2018-06-30,2019-05-31,dcrnn,6976.94158149986,7979.949660925936,spatial_temporal
98058,2017-07-31,2018-07-31,2019-06-30,dcrnn,8905.257506979377,10344.296267327103,spatial_temporal
98058,2017-08-31,2018-08-31,2019-07-31,graph_wavenet,14282.918213600351,16636.96071357433,spatial_temporal
98058,2017-09-30,2018-09-30,2019-08-31,itransformer,16755.416673574004,18491.73531789246,DL
98058,2017-10-31,2018-10-31,2019-09-30,itransformer,13418.20441985205,17241.872424928206,DL
98058,2017-11-30,2018-11-30,2019-10-31,itransformer,15295.576250375636,18871.33481275627,DL
98058,2017-12-31,2018-12-31,2019-11-30,itransformer,6270.305676707765,7624.424814270921,DL
98058,2018-01-31,2019-01-31,2019-12-31,dcrnn,9133.13470914094,11209.378464662132,spatial_temporal
98058,2018-02-28,2019-02-28,2020-01-31,dcrnn,10094.69663619929,14583.429290077183,spatial_temporal
98058,2018-03-31,2019-03-31,2020-02-29,itransformer,11873.776502604815,14712.402896643165,DL
98058,2018-04-30,2019-04-30,2020-03-31,itransformer,9102.824625410061,12651.06816925833,DL
98058,2018-05-31,2019-05-31,2020-04-30,dlinear,14417.319419988562,17646.512271149815,DL
98058,2018-06-30,2019-06-30,2020-05-31,graph_wavenet,9120.284984841803,12125.61189893862,spatial_temporal
98058,2018-07-31,2019-07-31,2020-06-30,graph_wavenet,10513.930162771707,13027.435363721916,spatial_temporal
98058,2018-08-31,2019-08-31,2020-07-31,graph_wavenet,10981.281651273073,14704.460841393728,spatial_temporal
98058,2018-09-30,2019-09-30,2020-08-31,graph_wavenet,12096.674950503415,17255.632911977318,spatial_temporal
98058,2018-10-31,2019-10-31,2020-09-30,dcrnn,13953.133081231383,15945.616909590737,spatial_temporal
98058,2018-11-30,2019-11-30,2020-10-31,dcrnn,10586.216930069233,12954.839150338621,spatial_temporal
98058,2018-12-31,2019-12-31,2020-11-30,dcrnn,12928.99640519626,15136.011646133973,spatial_temporal
98058,2019-01-31,2020-01-31,2020-12-31,graph_wavenet,8143.396725388225,11106.965388247896,spatial_temporal
98058,2019-02-28,2020-02-29,2021-01-31,timemixer,11569.311185192346,13275.124277369634,DL
98058,2019-03-31,2020-03-31,2021-02-28,timemixer,9503.987435943418,12709.263536068998,DL
98058,2019-04-30,2020-04-30,2021-03-31,graph_wavenet,8041.665089182255,10006.731065923277,spatial_temporal
98058,2019-05-31,2020-05-31,2021-04-30,graph_wavenet,9002.804530207513,15447.835594265609,spatial_temporal
98058,2019-06-30,2020-06-30,2021-05-31,graph_wavenet,15937.089789658834,27184.239167423282,spatial_temporal
98058,2019-07-31,2020-07-31,2021-06-30,d2stgnn,15009.33332890147,19731.021223178475,spatial_temporal
98058,2019-08-31,2020-08-31,2021-07-31,d2stgnn,16986.342758602095,21591.639642296297,spatial_temporal
98058,2019-09-30,2020-09-30,2021-08-31,d2stgnn,14465.186915483131,17611.942643717997,spatial_temporal
98058,2019-10-31,2020-10-31,2021-09-30,stgformer,12698.836926820271,16256.712065520234,spatial_temporal
98058,2019-11-30,2020-11-30,2021-10-31,stgformer,13311.160752279751,16458.68227617181,spatial_temporal
98058,2019-12-31,2020-12-31,2021-11-30,stgformer,14505.181014332076,16723.585985299844,spatial_temporal
98058,2020-01-31,2021-01-31,2021-12-31,stgformer,15074.696621677847,17812.921003306503,spatial_temporal
98058,2020-02-29,2021-02-28,2022-01-31,dcrnn,13336.680989138005,16081.069719052539,spatial_temporal
98058,2020-03-31,2021-03-31,2022-02-28,d2stgnn,14796.009764736615,19680.716283828842,spatial_temporal
98058,2020-04-30,2021-04-30,2022-03-31,stgformer,15719.253399721996,20262.522550438392,spatial_temporal
98058,2020-05-31,2021-05-31,2022-04-30,d2stgnn,17726.156390557648,19979.561898873348,spatial_temporal
98058,2020-06-30,2021-06-30,2022-05-31,timemixer,20775.689717504807,29876.618125421606,DL
98058,2020-07-31,2021-07-31,2022-06-30,itransformer,13586.25138824725,17781.62824735697,DL
98058,2020-08-31,2021-08-31,2022-07-31,d2stgnn,16710.149301011406,22316.008154063504,spatial_temporal
98058,2020-09-30,2021-09-30,2022-08-31,itransformer,22527.675369981054,29083.717632006672,DL
98058,2020-10-31,2021-10-31,2022-09-30,timemixer,23793.312305165357,28306.6562891525,DL
98058,2020-11-30,2021-11-30,2022-10-31,d2stgnn,27119.805318179842,30373.441278011145,spatial_temporal
98058,2020-12-31,2021-12-31,2022-11-30,d2stgnn,19985.269391275226,23740.10410093832,spatial_temporal
98058,2021-01-31,2022-01-31,2022-12-31,d2stgnn,21622.709664508915,26794.593575772746,spatial_temporal
98058,2021-02-28,2022-02-28,2023-01-31,timemixer,17839.291067465092,19055.741314339568,DL
98058,2021-03-31,2022-03-31,2023-02-28,dcrnn,15911.497838620873,18828.065744406555,spatial_temporal
98058,2021-04-30,2022-04-30,2023-03-31,timemixer,23386.770187400823,27768.781853544522,DL
98058,2021-05-31,2022-05-31,2023-04-30,timemixer,17680.78719010898,22664.578283782474,DL
98058,2021-06-30,2022-06-30,2023-05-31,timemixer,22805.967308101983,27412.333136128927,DL
98058,2021-07-31,2022-07-31,2023-06-30,timemixer,18055.31430654997,22523.762736782322,DL
98058,2021-08-31,2022-08-31,2023-07-31,d2stgnn,14534.639389148613,17245.733707399442,spatial_temporal
98058,2021-09-30,2022-09-30,2023-08-31,graph_wavenet,10080.115181908011,11613.730328783085,spatial_temporal
98058,2021-10-31,2022-10-31,2023-09-30,graph_wavenet,12714.310586968902,14826.941378426927,spatial_temporal
98058,2021-11-30,2022-11-30,2023-10-31,itransformer,14109.93640634242,17889.977525702026,DL
98058,2021-12-31,2022-12-31,2023-11-30,itransformer,13317.49300640091,18404.849254654735,DL
98058,2022-12-31,2023-12-31,2024-11-30,timesfm_zero,23019.322747645365,30734.431213848464,foundation
98058,2023-01-31,2024-01-31,2024-12-31,timesfm_zero,17649.147096541437,20101.890024606997,foundation
98058,2024-01-31,2025-01-31,2025-12-31,chronos2_zero,26572.80229812033,31802.24823090173,foundation
98058,2024-02-29,2025-02-28,2026-01-31,chronos2_zero,27348.944628575566,33554.66588497798,foundation
98058,2024-03-31,2025-03-31,2026-02-28,chronos2_zero,30839.146474160556,36367.063584579046,foundation
98058,2024-04-30,2025-04-30,2026-03-31,chronos2_zero,34231.438087433744,39141.77020166288,foundation
98058,2024-05-31,2025-05-31,2026-04-30,chronos2_zero,25852.40041618865,33801.09669263611,foundation
98058,2024-06-30,2025-06-30,2026-05-31,chronos2_zero,26781.527164033323,32842.61429237672,foundation
98058,2024-07-31,2025-07-31,2026-06-30,stgcn,27787.969419300516,44816.97091524639,spatial_temporal
98058,2024-08-31,2025-08-31,2026-07-31,stgcn,21926.773428478733,34259.76515930252,spatial_temporal
98059,2016-03-31,2017-03-31,2018-02-28,d2stgnn,15566.892476391784,22367.388040701437,spatial_temporal
98059,2016-04-30,2017-04-30,2018-03-31,d2stgnn,18469.832597343804,29912.31482146805,spatial_temporal
98059,2016-05-31,2017-05-31,2018-04-30,graph_wavenet,19396.01735220352,25116.344433677918,spatial_temporal
98059,2016-06-30,2017-06-30,2018-05-31,stgcn,21106.90887909432,26197.324444256625,spatial_temporal
98059,2016-07-31,2017-07-31,2018-06-30,d2stgnn,20098.589992654615,28798.807855737028,spatial_temporal
98059,2016-08-31,2017-08-31,2018-07-31,patchtst,22080.158514517145,28213.57811930098,DL
98059,2016-09-30,2017-09-30,2018-08-31,patchtst,25109.82969606014,32263.320341399547,DL
98059,2016-10-31,2017-10-31,2018-09-30,stgformer,24687.10741105732,31225.798973425386,spatial_temporal
98059,2016-11-30,2017-11-30,2018-10-31,graph_wavenet,25573.094813852756,27757.142699355918,spatial_temporal
98059,2016-12-31,2017-12-31,2018-11-30,stgcn,25457.79341955936,32294.2353314032,spatial_temporal
98059,2017-01-31,2018-01-31,2018-12-31,timesfm_zero,29593.975792811572,36081.96647899345,foundation
98059,2017-02-28,2018-02-28,2019-01-31,itransformer,32860.1009882603,40560.07208661313,DL
98059,2017-03-31,2018-03-31,2019-02-28,itransformer,31362.80754087807,41401.21495695293,DL
98059,2017-04-30,2018-04-30,2019-03-31,itransformer,32764.06461588462,42384.56045338003,DL
98059,2017-05-31,2018-05-31,2019-04-30,timemixer,29713.866439685255,39369.148619966414,DL
98059,2017-06-30,2018-06-30,2019-05-31,stgformer,28577.885981249605,39826.75487033073,spatial_temporal
98059,2017-07-31,2018-07-31,2019-06-30,stgformer,26441.482597781636,37674.035211388706,spatial_temporal
98059,2017-08-31,2018-08-31,2019-07-31,stgformer,29324.486276250584,38725.23441903604,spatial_temporal
98059,2017-09-30,2018-09-30,2019-08-31,stgformer,27308.741653650883,36808.37800765249,spatial_temporal
98059,2017-10-31,2018-10-31,2019-09-30,stgformer,28883.117586065986,37206.65148868182,spatial_temporal
98059,2017-11-30,2018-11-30,2019-10-31,stgformer,35831.06613233083,40336.103829445085,spatial_temporal
98059,2017-12-31,2018-12-31,2019-11-30,stgformer,40753.81740478721,45322.330950055155,spatial_temporal
98059,2018-01-31,2019-01-31,2019-12-31,d2stgnn,38392.581498953725,44917.495789247776,spatial_temporal
98059,2018-02-28,2019-02-28,2020-01-31,dlinear,31391.05227456523,46957.758495459515,DL
98059,2018-03-31,2019-03-31,2020-02-29,d2stgnn,35849.63917592596,38350.80858700711,spatial_temporal
98059,2018-04-30,2019-04-30,2020-03-31,d2stgnn,34393.09029832428,38675.44874248996,spatial_temporal
98059,2018-05-31,2019-05-31,2020-04-30,d2stgnn,35655.48177404822,39325.65627573575,spatial_temporal
98059,2018-06-30,2019-06-30,2020-05-31,timesfm_zero,31287.619455462565,36676.48665537708,foundation
98059,2018-07-31,2019-07-31,2020-06-30,timesfm_zero,27163.352582586347,32320.937488299416,foundation
98059,2018-08-31,2019-08-31,2020-07-31,stgformer,28002.84164565074,34171.589348212896,spatial_temporal
98059,2018-09-30,2019-09-30,2020-08-31,timemixer,25412.526144444768,30697.19062793951,DL
98059,2018-10-31,2019-10-31,2020-09-30,timemixer,24991.60929740875,33862.38519290985,DL
98059,2018-11-30,2019-11-30,2020-10-31,stgformer,23474.60173365298,26755.111808812366,spatial_temporal
98059,2018-12-31,2019-12-31,2020-11-30,dcrnn,21541.881253761017,26282.865345808517,spatial_temporal
98059,2019-01-31,2020-01-31,2020-12-31,stgformer,15251.1677196943,19374.190566995036,spatial_temporal
98059,2019-02-28,2020-02-29,2021-01-31,dcrnn,17767.40119937882,21692.359314659472,spatial_temporal
98059,2019-03-31,2020-03-31,2021-02-28,timemixer,16833.515119836928,22148.08842462042,DL
98059,2019-04-30,2020-04-30,2021-03-31,patchtst,20421.72358217848,26145.20535325337,DL
98059,2019-05-31,2020-05-31,2021-04-30,patchtst,29780.356032944856,38281.63274503563,DL
98059,2019-06-30,2020-06-30,2021-05-31,d2stgnn,37564.43864163897,49077.083039170655,spatial_temporal
98059,2019-07-31,2020-07-31,2021-06-30,d2stgnn,51437.300394717495,69662.95092842978,spatial_temporal
98059,2019-08-31,2020-08-31,2021-07-31,d2stgnn,60050.65381737688,81595.72573938807,spatial_temporal
98059,2019-09-30,2020-09-30,2021-08-31,dcrnn,61062.286947560846,73332.97459332664,spatial_temporal
98059,2019-10-31,2020-10-31,2021-09-30,dcrnn,51906.93577109458,58296.04161514546,spatial_temporal
98059,2019-11-30,2020-11-30,2021-10-31,d2stgnn,42581.410071625716,56920.250897648184,spatial_temporal
98059,2019-12-31,2020-12-31,2021-11-30,d2stgnn,51184.218115541094,61653.69103515834,spatial_temporal
98059,2020-01-31,2021-01-31,2021-12-31,d2stgnn,48658.10240066237,58022.78694307949,spatial_temporal
98059,2020-02-29,2021-02-28,2022-01-31,d2stgnn,44454.943488988996,53808.967134843864,spatial_temporal
98059,2020-03-31,2021-03-31,2022-02-28,graph_wavenet,56026.59966990675,66327.92298685435,spatial_temporal
98059,2020-04-30,2021-04-30,2022-03-31,d2stgnn,62154.56720247667,72444.86130241508,spatial_temporal
98059,2020-05-31,2021-05-31,2022-04-30,stgformer,67687.38824436784,76875.16252133694,spatial_temporal
98059,2020-06-30,2021-06-30,2022-05-31,stgformer,71486.01736160489,76988.97725277575,spatial_temporal
98059,2020-07-31,2021-07-31,2022-06-30,stgformer,60947.50114451924,71097.14581920569,spatial_temporal
98059,2020-08-31,2021-08-31,2022-07-31,dlinear,72845.77757436786,89557.82822072283,DL
98059,2020-09-30,2021-09-30,2022-08-31,stgformer,70889.45293371378,81260.87816587235,spatial_temporal
98059,2020-10-31,2021-10-31,2022-09-30,itransformer,67809.12592612208,76956.52846140652,DL
98059,2020-11-30,2021-11-30,2022-10-31,itransformer,68486.68951389594,78686.97649962505,DL
98059,2020-12-31,2021-12-31,2022-11-30,itransformer,66560.62100942375,92863.12380526384,DL
98059,2021-01-31,2022-01-31,2022-12-31,dlinear,68849.35389417667,80962.8460406643,DL
98059,2021-02-28,2022-02-28,2023-01-31,timemixer,67535.44849360945,73292.12179714591,DL
98059,2021-03-31,2022-03-31,2023-02-28,timemixer,37577.90807086456,46259.98287446645,DL
98059,2021-04-30,2022-04-30,2023-03-31,dcrnn,52498.309971442446,62318.34351182117,spatial_temporal
98059,2021-05-31,2022-05-31,2023-04-30,timemixer,54835.57030651048,60440.44589607062,DL
98059,2021-06-30,2022-06-30,2023-05-31,timemixer,49126.38280802515,53405.85760298751,DL
98059,2021-07-31,2022-07-31,2023-06-30,stgformer,27695.555804528867,30975.949004539416,spatial_temporal
98059,2021-08-31,2022-08-31,2023-07-31,stgformer,32211.336994353926,42434.536728309926,spatial_temporal
98059,2021-09-30,2022-09-30,2023-08-31,stgformer,35731.85220462965,50033.44271299919,spatial_temporal
98059,2021-10-31,2022-10-31,2023-09-30,graph_wavenet,30180.939915488136,36628.20663449782,spatial_temporal
98059,2021-11-30,2022-11-30,2023-10-31,itransformer,32383.38790919581,36311.989631947756,DL
98059,2021-12-31,2022-12-31,2023-11-30,itransformer,38701.4180164049,44866.45114141871,DL
98059,2022-12-31,2023-12-31,2024-11-30,dcrnn,80733.52030615647,99437.15430885377,spatial_temporal
98059,2023-01-31,2024-01-31,2024-12-31,patchtst,77037.28994023593,101722.22741096566,DL
98059,2024-01-31,2025-01-31,2025-12-31,timesfm_zero,68961.24273872994,91417.78251812982,foundation
98059,2024-02-29,2025-02-28,2026-01-31,itransformer,67413.65407968599,93779.94066039009,DL
98059,2024-03-31,2025-03-31,2026-02-28,timemixer,65836.46503669153,86498.65025508682,DL
98059,2024-04-30,2025-04-30,2026-03-31,chronos2_zero,72911.97757037646,95621.22943555586,foundation
98059,2024-05-31,2025-05-31,2026-04-30,timesfm_zero,59212.068579462466,65123.94504416241,foundation
98059,2024-06-30,2025-06-30,2026-05-31,stgcn,59707.15996467576,76282.5190786359,spatial_temporal
98059,2024-07-31,2025-07-31,2026-06-30,chronos2_zero,41293.064536196005,54414.24530598174,foundation
98059,2024-08-31,2025-08-31,2026-07-31,itransformer,45390.81788045686,62660.47364704282,DL
98065,2016-03-31,2017-03-31,2018-02-28,d2stgnn,20336.820207148354,24296.70734410106,spatial_temporal
98065,2016-04-30,2017-04-30,2018-03-31,d2stgnn,17232.986003903363,23550.176540087672,spatial_temporal
98065,2016-05-31,2017-05-31,2018-04-30,d2stgnn,17923.040562097787,22823.98988746882,spatial_temporal
98065,2016-06-30,2017-06-30,2018-05-31,dcrnn,18585.739240754086,25361.56784268772,spatial_temporal
98065,2016-07-31,2017-07-31,2018-06-30,dcrnn,14162.101299355048,20599.83284752236,spatial_temporal
98065,2016-08-31,2017-08-31,2018-07-31,dcrnn,15432.184272117525,20804.94877595471,spatial_temporal
98065,2016-09-30,2017-09-30,2018-08-31,itransformer,25449.647362486732,34143.83874071132,DL
98065,2016-10-31,2017-10-31,2018-09-30,itransformer,32717.9029010817,44049.93398467266,DL
98065,2016-11-30,2017-11-30,2018-10-31,patchtst,43601.84455791333,55054.61544521477,DL
98065,2016-12-31,2017-12-31,2018-11-30,dlinear,39924.38512079464,48903.30320871773,DL
98065,2017-01-31,2018-01-31,2018-12-31,chronos2_zero,34068.788206108635,40133.185585379986,foundation
98065,2017-02-28,2018-02-28,2019-01-31,chronos2_zero,45503.21572193682,51144.27073303969,foundation
98065,2017-03-31,2018-03-31,2019-02-28,chronos2_zero,51082.025122211235,52119.709478690456,foundation
98065,2017-04-30,2018-04-30,2019-03-31,chronos2_zero,55136.44081629787,64116.53861141394,foundation
98065,2017-05-31,2018-05-31,2019-04-30,chronos2_zero,53322.5540857697,60423.81754279732,foundation
98065,2017-06-30,2018-06-30,2019-05-31,timemixer,55248.715086116754,60113.69088294829,DL
98065,2017-07-31,2018-07-31,2019-06-30,timemixer,45146.94415149698,51318.334075813,DL
98065,2017-08-31,2018-08-31,2019-07-31,timemixer,38455.492068628875,48145.52118769456,DL
98065,2017-09-30,2018-09-30,2019-08-31,chronos2_zero,18816.69523626729,23435.749492108924,foundation
98065,2017-10-31,2018-10-31,2019-09-30,chronos2_zero,17593.86782254818,21323.339544279734,foundation
98065,2017-11-30,2018-11-30,2019-10-31,graph_wavenet,21337.446732368768,26257.52601788623,spatial_temporal
98065,2017-12-31,2018-12-31,2019-11-30,dcrnn,16072.482512466764,19668.714835284307,spatial_temporal
98065,2018-01-31,2019-01-31,2019-12-31,timemixer,17789.534394742095,23115.966225128752,DL
98065,2018-02-28,2019-02-28,2020-01-31,chronos2_zero,24719.055812025385,29062.979161217892,foundation
98065,2018-03-31,2019-03-31,2020-02-29,timesfm_zero,25037.25168297665,34477.76110673363,foundation
98065,2018-04-30,2019-04-30,2020-03-31,itransformer,22433.122387273306,25089.963071248232,DL
98065,2018-05-31,2019-05-31,2020-04-30,itransformer,18344.769184090303,23255.664798590275,DL
98065,2018-06-30,2019-06-30,2020-05-31,itransformer,20004.623120588356,26329.830668314087,DL
98065,2018-07-31,2019-07-31,2020-06-30,chronos2_zero,20644.649949504335,24271.93154031774,foundation
98065,2018-08-31,2019-08-31,2020-07-31,patchtst,18874.93504034488,23928.57243395876,DL
98065,2018-09-30,2019-09-30,2020-08-31,patchtst,20573.05476953294,24584.76492149939,DL
98065,2018-10-31,2019-10-31,2020-09-30,patchtst,27144.44064459902,31064.440455129927,DL
98065,2018-11-30,2019-11-30,2020-10-31,dcrnn,25876.556066294743,33969.13747775509,spatial_temporal
98065,2018-12-31,2019-12-31,2020-11-30,stgcn,31736.5612077282,40323.27514995555,spatial_temporal
98065,2019-01-31,2020-01-31,2020-12-31,d2stgnn,30192.291111873736,41656.632029397675,spatial_temporal
98065,2019-02-28,2020-02-29,2021-01-31,patchtst,34776.94062810596,38734.03222678925,DL
98065,2019-03-31,2020-03-31,2021-02-28,d2stgnn,25374.939507177798,30874.555355468492,spatial_temporal
98065,2019-04-30,2020-04-30,2021-03-31,d2stgnn,30023.828856486885,39582.64517646215,spatial_temporal
98065,2019-05-31,2020-05-31,2021-04-30,patchtst,33087.690718333375,45912.680406468346,DL
98065,2019-06-30,2020-06-30,2021-05-31,patchtst,42003.35734794193,61210.866179027784,DL
98065,2019-07-31,2020-07-31,2021-06-30,timemixer,54531.96925199523,71646.32703324748,DL
98065,2019-08-31,2020-08-31,2021-07-31,patchtst,66126.09075324736,85080.37287164715,DL
98065,2019-09-30,2020-09-30,2021-08-31,dcrnn,64677.29561193978,84348.3977354048,spatial_temporal
98065,2019-10-31,2020-10-31,2021-09-30,dcrnn,58309.90071952247,71334.13904302164,spatial_temporal
98065,2019-11-30,2020-11-30,2021-10-31,d2stgnn,60986.90959408241,79958.64288972384,spatial_temporal
98065,2019-12-31,2020-12-31,2021-11-30,timemixer,63920.52024590686,82199.13226320238,DL
98065,2020-01-31,2021-01-31,2021-12-31,timemixer,62800.52176235275,77708.8797342182,DL
98065,2020-02-29,2021-02-28,2022-01-31,timemixer,60553.71130906526,74634.07499750207,DL
98065,2020-03-31,2021-03-31,2022-02-28,timemixer,59666.74594864554,73941.16005306157,DL
98065,2020-04-30,2021-04-30,2022-03-31,timemixer,63828.35787566502,76029.74597427821,DL
98065,2020-05-31,2021-05-31,2022-04-30,timemixer,79417.601671193,93351.3277448519,DL
98065,2020-06-30,2021-06-30,2022-05-31,itransformer,66980.61453264496,70751.65729321609,DL
98065,2020-07-31,2021-07-31,2022-06-30,itransformer,48958.73187246196,57043.36267346463,DL
98065,2020-08-31,2021-08-31,2022-07-31,timemixer,57000.49139849481,64308.47417861282,DL
98065,2020-09-30,2021-09-30,2022-08-31,timemixer,47113.896426490035,59489.26923857331,DL
98065,2020-10-31,2021-10-31,2022-09-30,timemixer,73342.3033327815,82192.4342415064,DL
98065,2020-11-30,2021-11-30,2022-10-31,timemixer,75695.8340624725,85795.17121346595,DL
98065,2020-12-31,2021-12-31,2022-11-30,timemixer,83246.5917473581,92274.2579867364,DL
98065,2021-01-31,2022-01-31,2022-12-31,timemixer,97597.6195100717,105317.5474708685,DL
98065,2021-02-28,2022-02-28,2023-01-31,graph_wavenet,69703.24306746681,77228.39097115982,spatial_temporal
98065,2021-03-31,2022-03-31,2023-02-28,graph_wavenet,68338.66519609845,97509.19945408788,spatial_temporal
98065,2021-04-30,2022-04-30,2023-03-31,chronos2_zero,54648.44639066167,78840.47479873733,foundation
98065,2021-05-31,2022-05-31,2023-04-30,timemixer,63957.133440511774,74154.79158783583,DL
98065,2021-06-30,2022-06-30,2023-05-31,d2stgnn,58153.72384377958,72563.01237577897,spatial_temporal
98065,2021-07-31,2022-07-31,2023-06-30,dcrnn,55733.45170046953,71368.61590721017,spatial_temporal
98065,2021-08-31,2022-08-31,2023-07-31,dcrnn,53289.02083467367,73337.79127528514,spatial_temporal
98065,2021-09-30,2022-09-30,2023-08-31,dcrnn,61197.267468712205,79966.86572171,spatial_temporal
98065,2021-10-31,2022-10-31,2023-09-30,graph_wavenet,59302.70492381183,79062.1939760092,spatial_temporal
98065,2021-11-30,2022-11-30,2023-10-31,stgcn,55299.57264161518,73783.10231648915,spatial_temporal
98065,2021-12-31,2022-12-31,2023-11-30,graph_wavenet,49283.60951674496,60865.79690171353,spatial_temporal
98065,2022-12-31,2023-12-31,2024-11-30,itransformer,53284.326171171444,63161.55326138018,DL
98065,2023-01-31,2024-01-31,2024-12-31,itransformer,52346.68263765089,67638.30638010515,DL
98065,2024-01-31,2025-01-31,2025-12-31,itransformer,60615.663411222886,77451.37923465023,DL
98065,2024-02-29,2025-02-28,2026-01-31,timemixer,60444.82451232187,76827.99577753512,DL
98065,2024-03-31,2025-03-31,2026-02-28,timemixer,74131.45430453971,86545.98734625417,DL
98065,2024-04-30,2025-04-30,2026-03-31,chronos2_zero,65674.99378401693,88296.2385951434,foundation
98065,2024-05-31,2025-05-31,2026-04-30,timesfm_zero,81732.0971241416,107586.18123057851,foundation
98065,2024-06-30,2025-06-30,2026-05-31,timesfm_zero,84494.57228730181,117490.09959725948,foundation
98065,2024-07-31,2025-07-31,2026-06-30,chronos2_zero,81685.31966326949,105051.75078899725,foundation
98065,2024-08-31,2025-08-31,2026-07-31,chronos2_zero,78074.14185443464,98727.36629969503,foundation
98068,2016-03-31,2017-03-31,2018-02-28,itransformer,65553.02412598458,87589.43290266713,DL
98068,2016-04-30,2017-04-30,2018-03-31,itransformer,64822.77255046098,78083.15774889963,DL
98068,2016-05-31,2017-05-31,2018-04-30,timemixer,57922.80354430212,80086.97004376215,DL
98068,2016-06-30,2017-06-30,2018-05-31,patchtst,64501.37636770543,75866.51628805192,DL
98068,2016-07-31,2017-07-31,2018-06-30,itransformer,55662.38880269803,69067.95235892528,DL
98068,2016-08-31,2017-08-31,2018-07-31,itransformer,49748.969678795744,60498.77600874571,DL
98068,2016-09-30,2017-09-30,2018-08-31,itransformer,84191.40666146639,108358.5438155786,DL
98068,2016-10-31,2017-10-31,2018-09-30,dlinear,95514.15524241787,117537.80880461606,DL
98068,2016-11-30,2017-11-30,2018-10-31,itransformer,84321.27544901393,103538.9022126835,DL
98068,2016-12-31,2017-12-31,2018-11-30,itransformer,87513.0103648622,107127.96699668512,DL
98068,2017-01-31,2018-01-31,2018-12-31,itransformer,94582.80794246618,108201.79736363231,DL
98068,2017-02-28,2018-02-28,2019-01-31,chronos2_zero,72964.29585209815,90017.8352215041,foundation
98068,2017-03-31,2018-03-31,2019-02-28,chronos2_zero,72770.0400930931,92993.67272284364,foundation
98068,2017-04-30,2018-04-30,2019-03-31,d2stgnn,73251.8683087494,93295.8519570005,spatial_temporal
98068,2017-05-31,2018-05-31,2019-04-30,itransformer,71693.9953633852,86579.37373571142,DL
98068,2017-06-30,2018-06-30,2019-05-31,patchtst,78999.17360241675,96686.64216738997,DL
98068,2017-07-31,2018-07-31,2019-06-30,itransformer,70656.56211314302,88758.08525108968,DL
98068,2017-08-31,2018-08-31,2019-07-31,itransformer,92815.98694247859,122577.7599157345,DL
98068,2017-09-30,2018-09-30,2019-08-31,patchtst,79947.78936999432,105568.28471235486,DL
98068,2017-10-31,2018-10-31,2019-09-30,graph_wavenet,87762.82369377454,120575.73526525358,spatial_temporal
98068,2017-11-30,2018-11-30,2019-10-31,d2stgnn,89964.57195841614,123092.68150502529,spatial_temporal
98068,2017-12-31,2018-12-31,2019-11-30,chronos2_zero,106732.61280135362,126933.48769417623,foundation
98068,2018-01-31,2019-01-31,2019-12-31,timesfm_zero,115070.75744185859,140705.34058843018,foundation
98068,2018-02-28,2019-02-28,2020-01-31,d2stgnn,121736.90354798858,145747.37507410345,spatial_temporal
98068,2018-03-31,2019-03-31,2020-02-29,dlinear,125818.62869914969,158290.98343650985,DL
98068,2018-04-30,2019-04-30,2020-03-31,stgformer,138010.46524157058,147182.08757469058,spatial_temporal
98068,2018-05-31,2019-05-31,2020-04-30,patchtst,137407.55536349624,172215.82021856905,DL
98068,2018-06-30,2019-06-30,2020-05-31,stgformer,139548.62029748774,160790.73243185697,spatial_temporal
98068,2018-07-31,2019-07-31,2020-06-30,stgformer,129762.19496612651,152312.32244748247,spatial_temporal
98068,2018-08-31,2019-08-31,2020-07-31,itransformer,106697.88529818889,115857.9614721611,DL
98068,2018-09-30,2019-09-30,2020-08-31,itransformer,127031.9510341736,148402.61191043825,DL
98068,2018-10-31,2019-10-31,2020-09-30,dlinear,102313.69851065992,120601.48898372737,DL
98068,2018-11-30,2019-11-30,2020-10-31,dlinear,105254.95162199762,121980.19726490104,DL
98068,2018-12-31,2019-12-31,2020-11-30,d2stgnn,105910.69737422086,134911.80430177145,spatial_temporal
98068,2019-01-31,2020-01-31,2020-12-31,timemixer,96864.60224553345,113891.48230789145,DL
98068,2019-02-28,2020-02-29,2021-01-31,itransformer,68817.56382689081,83798.8957429895,DL
98068,2019-03-31,2020-03-31,2021-02-28,graph_wavenet,64130.70253641667,79892.06091930604,spatial_temporal
98068,2019-04-30,2020-04-30,2021-03-31,stgcn,68135.6631070685,87624.72392696625,spatial_temporal
98068,2019-05-31,2020-05-31,2021-04-30,patchtst,73147.10299991947,92316.10975715968,DL
98068,2019-06-30,2020-06-30,2021-05-31,patchtst,78790.53497834818,97768.4185159207,DL
98068,2019-07-31,2020-07-31,2021-06-30,patchtst,86337.40186925897,104173.8836735408,DL
98068,2019-08-31,2020-08-31,2021-07-31,itransformer,79677.63869031424,103367.65767185272,DL
98068,2019-09-30,2020-09-30,2021-08-31,timemixer,108994.93537368573,151010.11163991806,DL
98068,2019-10-31,2020-10-31,2021-09-30,itransformer,109315.91249033669,153714.54344782786,DL
98068,2019-11-30,2020-11-30,2021-10-31,timemixer,116649.79233721468,203059.13275543222,DL
98068,2019-12-31,2020-12-31,2021-11-30,timemixer,107348.50589090922,193493.18958499792,DL
98068,2020-01-31,2021-01-31,2021-12-31,d2stgnn,116411.27966348866,194438.14810481653,spatial_temporal
98068,2020-02-29,2021-02-28,2022-01-31,d2stgnn,130825.28632907938,214307.91136993593,spatial_temporal
98068,2020-03-31,2021-03-31,2022-02-28,d2stgnn,144794.0701322544,218021.00801419056,spatial_temporal
98068,2020-04-30,2021-04-30,2022-03-31,graph_wavenet,136708.36511741157,213756.40730784697,spatial_temporal
98068,2020-05-31,2021-05-31,2022-04-30,graph_wavenet,133730.91455041338,210328.02682958782,spatial_temporal
98068,2020-06-30,2021-06-30,2022-05-31,graph_wavenet,133996.26575843454,201238.47067707643,spatial_temporal
98068,2020-07-31,2021-07-31,2022-06-30,graph_wavenet,146809.05278508473,210901.91300485947,spatial_temporal
98068,2020-08-31,2021-08-31,2022-07-31,itransformer,173145.47205948702,237886.55076881178,DL
98068,2020-09-30,2021-09-30,2022-08-31,itransformer,109737.69490187302,157540.48396428424,DL
98068,2020-10-31,2021-10-31,2022-09-30,dcrnn,87571.83333646723,120199.1900127821,spatial_temporal
98068,2020-11-30,2021-11-30,2022-10-31,dcrnn,86279.8417386868,116522.34941960798,spatial_temporal
98068,2020-12-31,2021-12-31,2022-11-30,dcrnn,84333.50189336047,118986.52850080714,spatial_temporal
98068,2021-01-31,2022-01-31,2022-12-31,d2stgnn,95891.32496474202,127384.55779234612,spatial_temporal
98068,2021-02-28,2022-02-28,2023-01-31,d2stgnn,97552.25848969196,121705.17366467645,spatial_temporal
98068,2021-03-31,2022-03-31,2023-02-28,d2stgnn,107144.70517778494,133193.43734268483,spatial_temporal
98068,2021-04-30,2022-04-30,2023-03-31,d2stgnn,122187.44048659201,142830.73992073996,spatial_temporal
98068,2021-05-31,2022-05-31,2023-04-30,dlinear,134138.01686159914,156186.24502673995,DL
98068,2021-06-30,2022-06-30,2023-05-31,itransformer,139664.66789713112,191498.56969151628,DL
98068,2021-07-31,2022-07-31,2023-06-30,timesfm_zero,139398.5524437545,208973.3158284875,foundation
98068,2021-08-31,2022-08-31,2023-07-31,chronos2_zero,152280.5763512009,203304.01220945304,foundation
98068,2021-09-30,2022-09-30,2023-08-31,itransformer,145091.85422511303,189001.0820808215,DL
98068,2021-10-31,2022-10-31,2023-09-30,chronos2_zero,179865.83351622176,239150.6471060254,foundation
98068,2021-11-30,2022-11-30,2023-10-31,itransformer,182213.54376318384,226775.64424463277,DL
98068,2021-12-31,2022-12-31,2023-11-30,d2stgnn,193709.1441606564,237927.8640990116,spatial_temporal
98068,2022-12-31,2023-12-31,2024-11-30,timemixer,160168.56671620786,196902.89099441352,DL
98068,2023-01-31,2024-01-31,2024-12-31,dlinear,137535.8129452891,194397.93116114955,DL
98068,2024-01-31,2025-01-31,2025-12-31,dcrnn,236820.94286308682,341848.0656120764,spatial_temporal
98068,2024-02-29,2025-02-28,2026-01-31,graph_wavenet,248729.21381568417,334991.1363518725,spatial_temporal
98068,2024-03-31,2025-03-31,2026-02-28,graph_wavenet,246195.65606849073,343284.27979298786,spatial_temporal
98068,2024-04-30,2025-04-30,2026-03-31,graph_wavenet,254923.55401511685,351273.258400858,spatial_temporal
98068,2024-05-31,2025-05-31,2026-04-30,timemixer,261468.1453462618,368849.7051205852,DL
98068,2024-06-30,2025-06-30,2026-05-31,timemixer,290553.9137049106,392928.3085899273,DL
98068,2024-07-31,2025-07-31,2026-06-30,dcrnn,271009.516520759,373565.520925106,spatial_temporal
98068,2024-08-31,2025-08-31,2026-07-31,patchtst,266440.50060910714,361202.4762961947,DL
98070,2016-03-31,2017-03-31,2018-02-28,d2stgnn,49864.73238591923,62981.43931178214,spatial_temporal
98070,2016-04-30,2017-04-30,2018-03-31,graph_wavenet,44315.316154062275,59913.279611928345,spatial_temporal
98070,2016-05-31,2017-05-31,2018-04-30,graph_wavenet,43751.90623728541,58424.7391132386,spatial_temporal
98070,2016-06-30,2017-06-30,2018-05-31,dcrnn,45064.06132575598,60859.72982573989,spatial_temporal
98070,2016-07-31,2017-07-31,2018-06-30,stgformer,46965.0570462473,58820.519403648745,spatial_temporal
98070,2016-08-31,2017-08-31,2018-07-31,chronos2_zero,40786.01333356085,50659.25512551391,foundation
98070,2016-09-30,2017-09-30,2018-08-31,patchtst,40332.48669241953,58525.28519339712,DL
98070,2016-10-31,2017-10-31,2018-09-30,timemixer,37938.145668593155,55396.17425999939,DL
98070,2016-11-30,2017-11-30,2018-10-31,timemixer,39860.61366607597,55267.34479156951,DL
98070,2016-12-31,2017-12-31,2018-11-30,graph_wavenet,37907.029108341034,51453.43906994958,spatial_temporal
98070,2017-01-31,2018-01-31,2018-12-31,graph_wavenet,45647.86449950337,57405.869154149375,spatial_temporal
98070,2017-02-28,2018-02-28,2019-01-31,itransformer,40805.83515441205,52476.20845875454,DL
98070,2017-03-31,2018-03-31,2019-02-28,stgcn,38764.52353900756,50985.07663383623,spatial_temporal
98070,2017-04-30,2018-04-30,2019-03-31,patchtst,42353.90565221395,51749.320915785596,DL
98070,2017-05-31,2018-05-31,2019-04-30,chronos2_zero,42139.41688750073,56960.045929538595,foundation
98070,2017-06-30,2018-06-30,2019-05-31,chronos2_zero,42639.83367161774,56652.62457988975,foundation
98070,2017-07-31,2018-07-31,2019-06-30,patchtst,45227.20882202876,51299.02196820416,DL
98070,2017-08-31,2018-08-31,2019-07-31,timesfm_zero,44803.37684813249,57632.22220064861,foundation
98070,2017-09-30,2018-09-30,2019-08-31,timesfm_zero,39180.294137093646,50558.3953700752,foundation
98070,2017-10-31,2018-10-31,2019-09-30,timesfm_zero,38081.8723463678,47981.95314162994,foundation
98070,2017-11-30,2018-11-30,2019-10-31,patchtst,36002.66070873624,47764.04890059547,DL
98070,2017-12-31,2018-12-31,2019-11-30,timemixer,29994.65058041758,46880.722414312906,DL
98070,2018-01-31,2019-01-31,2019-12-31,timemixer,22623.14881212142,30774.90070996283,DL
98070,2018-02-28,2019-02-28,2020-01-31,timemixer,21377.43887871619,30732.57655483715,DL
98070,2018-03-31,2019-03-31,2020-02-29,graph_wavenet,19867.524765834107,22731.455465654424,spatial_temporal
98070,2018-04-30,2019-04-30,2020-03-31,graph_wavenet,15969.40592551702,21739.279649119067,spatial_temporal
98070,2018-05-31,2019-05-31,2020-04-30,d2stgnn,18301.704513698623,23020.035183687585,spatial_temporal
98070,2018-06-30,2019-06-30,2020-05-31,timemixer,13256.60499927325,21335.693444628072,DL
98070,2018-07-31,2019-07-31,2020-06-30,chronos2_zero,12925.049256379696,18688.898764799138,foundation
98070,2018-08-31,2019-08-31,2020-07-31,chronos2_zero,18760.925855228154,23140.51446539281,foundation
98070,2018-09-30,2019-09-30,2020-08-31,timemixer,29427.57529328938,44468.327307449574,DL
98070,2018-10-31,2019-10-31,2020-09-30,stgformer,35463.658804069295,43667.94502775961,spatial_temporal
98070,2018-11-30,2019-11-30,2020-10-31,stgformer,32939.698101164395,46334.20515629845,spatial_temporal
98070,2018-12-31,2019-12-31,2020-11-30,stgformer,35848.40464963586,46818.05522712227,spatial_temporal
98070,2019-01-31,2020-01-31,2020-12-31,stgformer,33777.10323491696,45884.67638411749,spatial_temporal
98070,2019-02-28,2020-02-29,2021-01-31,patchtst,37177.76597465915,45177.07062030834,DL
98070,2019-03-31,2020-03-31,2021-02-28,patchtst,41106.13807581421,49492.26498462347,DL
98070,2019-04-30,2020-04-30,2021-03-31,patchtst,41526.77973852912,51953.46627687846,DL
98070,2019-05-31,2020-05-31,2021-04-30,patchtst,37377.95727747416,49195.02934568804,DL
98070,2019-06-30,2020-06-30,2021-05-31,patchtst,34046.75496857794,45315.65353890482,DL
98070,2019-07-31,2020-07-31,2021-06-30,patchtst,40197.9386490146,50010.70284092887,DL
98070,2019-08-31,2020-08-31,2021-07-31,patchtst,48887.627497004236,59121.58753968836,DL
98070,2019-09-30,2020-09-30,2021-08-31,patchtst,48388.709865252975,66010.58618501236,DL
98070,2019-10-31,2020-10-31,2021-09-30,dcrnn,39228.68996185208,49280.46786530171,spatial_temporal
98070,2019-11-30,2020-11-30,2021-10-31,dcrnn,32620.829126084467,39187.941909884656,spatial_temporal
98070,2019-12-31,2020-12-31,2021-11-30,dcrnn,31341.24968165297,37862.17468359298,spatial_temporal
98070,2020-01-31,2021-01-31,2021-12-31,dcrnn,32299.431848060533,39509.16569065074,spatial_temporal
98070,2020-02-29,2021-02-28,2022-01-31,stgformer,54443.486923125056,63193.261788449505,spatial_temporal
98070,2020-03-31,2021-03-31,2022-02-28,d2stgnn,71781.63360293255,87129.34548306778,spatial_temporal
98070,2020-04-30,2021-04-30,2022-03-31,d2stgnn,57964.970510596504,72268.77125981238,spatial_temporal
98070,2020-05-31,2021-05-31,2022-04-30,d2stgnn,52911.10361276307,67679.24426640176,spatial_temporal
98070,2020-06-30,2021-06-30,2022-05-31,patchtst,58932.97096825472,80039.52888052892,DL
98070,2020-07-31,2021-07-31,2022-06-30,graph_wavenet,43636.97824348798,60950.26990797687,spatial_temporal
98070,2020-08-31,2021-08-31,2022-07-31,chronos2_zero,39403.196275866656,58701.77795054889,foundation
98070,2020-09-30,2021-09-30,2022-08-31,patchtst,49543.542549590165,61049.61596631593,DL
98070,2020-10-31,2021-10-31,2022-09-30,patchtst,49986.54605024099,65073.41775817639,DL
98070,2020-11-30,2021-11-30,2022-10-31,timesfm_zero,45629.804648466124,66665.9181260813,foundation
98070,2020-12-31,2021-12-31,2022-11-30,timesfm_zero,45226.334529568565,63888.648000741865,foundation
98070,2021-01-31,2022-01-31,2022-12-31,timesfm_zero,46590.97892816888,63638.828348727235,foundation
98070,2021-02-28,2022-02-28,2023-01-31,timesfm_zero,53438.04093952702,68835.26841003567,foundation
98070,2021-03-31,2022-03-31,2023-02-28,timemixer,40265.22594081426,45803.800563616096,DL
98070,2021-04-30,2022-04-30,2023-03-31,chronos2_zero,27122.638385455804,29858.242337307798,foundation
98070,2021-05-31,2022-05-31,2023-04-30,timesfm_zero,46526.199440822005,57863.22846641421,foundation
98070,2021-06-30,2022-06-30,2023-05-31,timemixer,47373.57144437014,55042.617552784715,DL
98070,2021-07-31,2022-07-31,2023-06-30,graph_wavenet,32376.740940342406,42295.278224783055,spatial_temporal
98070,2021-08-31,2022-08-31,2023-07-31,graph_wavenet,28991.684491598327,38218.4726909689,spatial_temporal
98070,2021-09-30,2022-09-30,2023-08-31,graph_wavenet,37714.321632726445,48206.885343084374,spatial_temporal
98070,2021-10-31,2022-10-31,2023-09-30,graph_wavenet,38650.320005213,51701.00267478887,spatial_temporal
98070,2021-11-30,2022-11-30,2023-10-31,timemixer,30843.49730972445,45248.43167099905,DL
98070,2021-12-31,2022-12-31,2023-11-30,stgcn,44453.0144634248,62227.99108206654,spatial_temporal
98070,2022-12-31,2023-12-31,2024-11-30,d2stgnn,35032.465198150334,46718.702128253535,spatial_temporal
98070,2023-01-31,2024-01-31,2024-12-31,itransformer,37454.96043512149,48539.076508415725,DL
98070,2024-01-31,2025-01-31,2025-12-31,patchtst,24815.00264182947,26635.088168574068,DL
98070,2024-02-29,2025-02-28,2026-01-31,timemixer,28284.849394607154,32244.32994219156,DL
98070,2024-03-31,2025-03-31,2026-02-28,timemixer,26412.831383911853,35830.5811763902,DL
98070,2024-04-30,2025-04-30,2026-03-31,itransformer,32540.095332910034,47607.94425016093,DL
98070,2024-05-31,2025-05-31,2026-04-30,itransformer,33342.061413524614,46701.003543054336,DL
98070,2024-06-30,2025-06-30,2026-05-31,graph_wavenet,36671.58807642746,46486.460544280606,spatial_temporal
98070,2024-07-31,2025-07-31,2026-06-30,itransformer,33152.213370846985,45303.05347947443,DL
98070,2024-08-31,2025-08-31,2026-07-31,itransformer,36700.83541016307,48272.24910185349,DL
98072,2016-03-31,2017-03-31,2018-02-28,dlinear,48277.90856535122,73019.7356086206,DL
98072,2016-04-30,2017-04-30,2018-03-31,stgcn,59784.93226379535,83346.71698875132,spatial_temporal
98072,2016-05-31,2017-05-31,2018-04-30,timemixer,61079.24999525276,82663.8535036317,DL
98072,2016-06-30,2017-06-30,2018-05-31,d2stgnn,58755.41678928237,81642.44648418418,spatial_temporal
98072,2016-07-31,2017-07-31,2018-06-30,d2stgnn,55608.99081554845,78562.31498171393,spatial_temporal
98072,2016-08-31,2017-08-31,2018-07-31,d2stgnn,59758.313668596944,77793.77575291926,spatial_temporal
98072,2016-09-30,2017-09-30,2018-08-31,d2stgnn,62047.313961895976,78298.48854715787,spatial_temporal
98072,2016-10-31,2017-10-31,2018-09-30,itransformer,50363.3942443489,67298.10422664175,DL
98072,2016-11-30,2017-11-30,2018-10-31,dcrnn,61787.37447085042,78106.84825559582,spatial_temporal
98072,2016-12-31,2017-12-31,2018-11-30,d2stgnn,54876.09123277184,70597.08486493322,spatial_temporal
98072,2017-01-31,2018-01-31,2018-12-31,dcrnn,57012.59975179853,74398.53245133664,spatial_temporal
98072,2017-02-28,2018-02-28,2019-01-31,graph_wavenet,34111.628420121444,46100.15259766797,spatial_temporal
98072,2017-03-31,2018-03-31,2019-02-28,stgcn,29676.64673362595,37529.9997204802,spatial_temporal
98072,2017-04-30,2018-04-30,2019-03-31,stgcn,25950.154726335255,36092.489789934574,spatial_temporal
98072,2017-05-31,2018-05-31,2019-04-30,d2stgnn,23263.87746207196,26679.76189332775,spatial_temporal
98072,2017-06-30,2018-06-30,2019-05-31,d2stgnn,32689.01699408986,46419.24207905106,spatial_temporal
98072,2017-07-31,2018-07-31,2019-06-30,graph_wavenet,36289.97197442275,49804.51147595255,spatial_temporal
98072,2017-08-31,2018-08-31,2019-07-31,chronos2_zero,24903.068252936686,32925.29852237674,foundation
98072,2017-09-30,2018-09-30,2019-08-31,chronos2_zero,25248.090941562714,31517.18137976262,foundation
98072,2017-10-31,2018-10-31,2019-09-30,patchtst,38318.254923344706,53436.610207189435,DL
98072,2017-11-30,2018-11-30,2019-10-31,timesfm_zero,36422.67922043134,39729.26684813294,foundation
98072,2017-12-31,2018-12-31,2019-11-30,chronos2_zero,34251.882093392654,41400.09247334383,foundation
98072,2018-01-31,2019-01-31,2019-12-31,chronos2_zero,44193.75943623224,53399.75407031232,foundation
98072,2018-02-28,2019-02-28,2020-01-31,timemixer,49670.17916325279,52439.49855928572,DL
98072,2018-03-31,2019-03-31,2020-02-29,patchtst,54604.18993098703,62672.08195618497,DL
98072,2018-04-30,2019-04-30,2020-03-31,timemixer,29780.593595849892,41090.92298806591,DL
98072,2018-05-31,2019-05-31,2020-04-30,timemixer,33078.8950317828,42319.05508130174,DL
98072,2018-06-30,2019-06-30,2020-05-31,timemixer,34801.88891539545,43690.7444091316,DL
98072,2018-07-31,2019-07-31,2020-06-30,timemixer,31835.29130966676,41496.95994891667,DL
98072,2018-08-31,2019-08-31,2020-07-31,chronos2_zero,27189.82566693654,34741.95253134592,foundation
98072,2018-09-30,2019-09-30,2020-08-31,timemixer,24979.055801750965,27014.64093428373,DL
98072,2018-10-31,2019-10-31,2020-09-30,timemixer,23834.979255592316,28766.86657322721,DL
98072,2018-11-30,2019-11-30,2020-10-31,chronos2_zero,18334.389621021826,23635.75471771683,foundation
98072,2018-12-31,2019-12-31,2020-11-30,chronos2_zero,21254.33076385128,28926.526582311875,foundation
98072,2019-01-31,2020-01-31,2020-12-31,timemixer,28139.74402856261,41300.46083023401,DL
98072,2019-02-28,2020-02-29,2021-01-31,timemixer,38351.13371930318,62925.90773997813,DL
98072,2019-03-31,2020-03-31,2021-02-28,stgformer,39758.75795079113,47766.12905858965,spatial_temporal
98072,2019-04-30,2020-04-30,2021-03-31,stgformer,55493.72907594698,62571.10227883429,spatial_temporal
98072,2019-05-31,2020-05-31,2021-04-30,patchtst,63770.776018954195,77483.94272550556,DL
98072,2019-06-30,2020-06-30,2021-05-31,patchtst,72969.56002398038,90272.34879124233,DL
98072,2019-07-31,2020-07-31,2021-06-30,patchtst,84566.95820778185,100508.7481867546,DL
98072,2019-08-31,2020-08-31,2021-07-31,timemixer,71603.18371485433,84480.98679590534,DL
98072,2019-09-30,2020-09-30,2021-08-31,patchtst,67215.33054778278,82749.38273672754,DL
98072,2019-10-31,2020-10-31,2021-09-30,dcrnn,51494.74645686601,63828.362352915006,spatial_temporal
98072,2019-11-30,2020-11-30,2021-10-31,patchtst,48886.088953739556,66171.19930968196,DL
98072,2019-12-31,2020-12-31,2021-11-30,graph_wavenet,31920.12779517921,37279.273153060254,spatial_temporal
98072,2020-01-31,2021-01-31,2021-12-31,stgcn,28668.48518795434,36129.49584519719,spatial_temporal
98072,2020-02-29,2021-02-28,2022-01-31,stgcn,37387.07901579863,45905.08416900715,spatial_temporal
98072,2020-03-31,2021-03-31,2022-02-28,stgcn,36985.90009006365,48883.3746486544,spatial_temporal
98072,2020-04-30,2021-04-30,2022-03-31,itransformer,54798.37639367316,115454.24383776356,DL
98072,2020-05-31,2021-05-31,2022-04-30,timemixer,89013.78372994276,121580.38970718806,DL
98072,2020-06-30,2021-06-30,2022-05-31,timemixer,113465.17460522537,135427.88196731496,DL
98072,2020-07-31,2021-07-31,2022-06-30,timemixer,86183.38350664383,104515.00242509345,DL
98072,2020-08-31,2021-08-31,2022-07-31,timemixer,91455.17557295745,127083.89973547599,DL
98072,2020-09-30,2021-09-30,2022-08-31,timemixer,102694.57911884645,133173.1658759571,DL
98072,2020-10-31,2021-10-31,2022-09-30,d2stgnn,142365.32788574017,183589.0859117698,spatial_temporal
98072,2020-11-30,2021-11-30,2022-10-31,d2stgnn,124384.48228363828,174535.74210252162,spatial_temporal
98072,2020-12-31,2021-12-31,2022-11-30,d2stgnn,131834.84123313177,156479.63018592237,spatial_temporal
98072,2021-01-31,2022-01-31,2022-12-31,d2stgnn,126385.40143711906,157208.73158353905,spatial_temporal
98072,2021-02-28,2022-02-28,2023-01-31,d2stgnn,133521.92372317388,154525.8038144803,spatial_temporal
98072,2021-03-31,2022-03-31,2023-02-28,d2stgnn,125809.58273037635,148111.47226337672,spatial_temporal
98072,2021-04-30,2022-04-30,2023-03-31,d2stgnn,104915.97540578956,120329.4616857188,spatial_temporal
98072,2021-05-31,2022-05-31,2023-04-30,d2stgnn,94503.35256494275,104963.04975181863,spatial_temporal
98072,2021-06-30,2022-06-30,2023-05-31,stgformer,80299.78612493337,101082.56219301357,spatial_temporal
98072,2021-07-31,2022-07-31,2023-06-30,stgformer,78894.3073415129,92338.11086571863,spatial_temporal
98072,2021-08-31,2022-08-31,2023-07-31,timemixer,93958.40985053482,109051.11209421566,DL
98072,2021-09-30,2022-09-30,2023-08-31,graph_wavenet,76030.9590559169,97259.08992937759,spatial_temporal
98072,2021-10-31,2022-10-31,2023-09-30,itransformer,73672.47635739228,89207.1979326488,DL
98072,2021-11-30,2022-11-30,2023-10-31,itransformer,80935.58646926966,93562.33066975002,DL
98072,2021-12-31,2022-12-31,2023-11-30,dcrnn,86502.62651042205,101754.93320124778,spatial_temporal
98072,2022-12-31,2023-12-31,2024-11-30,d2stgnn,67610.8190195691,77508.3694191377,spatial_temporal
98072,2023-01-31,2024-01-31,2024-12-31,d2stgnn,63360.61710300989,69951.28378481333,spatial_temporal
98072,2024-01-31,2025-01-31,2025-12-31,timesfm_zero,148880.42076403656,163349.09317976757,foundation
98072,2024-02-29,2025-02-28,2026-01-31,timemixer,145490.48482775255,160134.04765919354,DL
98072,2024-03-31,2025-03-31,2026-02-28,timemixer,143556.82879568057,158218.82626121806,DL
98072,2024-04-30,2025-04-30,2026-03-31,timemixer,142038.63153082575,164346.9599932088,DL
98072,2024-05-31,2025-05-31,2026-04-30,timemixer,146537.55227575518,165947.9566647832,DL
98072,2024-06-30,2025-06-30,2026-05-31,timemixer,124119.32413999915,142027.1712072984,DL
98072,2024-07-31,2025-07-31,2026-06-30,stgcn,133659.6003804153,159100.99534170498,spatial_temporal
98072,2024-08-31,2025-08-31,2026-07-31,timemixer,131752.81767436865,154378.11518067963,DL
98074,2016-03-31,2017-03-31,2018-02-28,patchtst,23913.841407717235,35379.64348198304,DL
98074,2016-04-30,2017-04-30,2018-03-31,patchtst,27420.49599992769,32192.73145061861,DL
98074,2016-05-31,2017-05-31,2018-04-30,itransformer,23946.191332780756,26400.8690392223,DL
98074,2016-06-30,2017-06-30,2018-05-31,itransformer,22376.777638555348,27765.225142926167,DL
98074,2016-07-31,2017-07-31,2018-06-30,dcrnn,22494.89386553553,25888.29728504509,spatial_temporal
98074,2016-08-31,2017-08-31,2018-07-31,dcrnn,19216.6796703849,23541.31492247291,spatial_temporal
98074,2016-09-30,2017-09-30,2018-08-31,stgcn,20961.945309389732,24877.93310384192,spatial_temporal
98074,2016-10-31,2017-10-31,2018-09-30,patchtst,17367.36550932597,19865.87452466104,DL
98074,2016-11-30,2017-11-30,2018-10-31,dlinear,21145.593806628913,26551.034104884267,DL
98074,2016-12-31,2017-12-31,2018-11-30,timemixer,17075.158804452774,19925.242487666004,DL
98074,2017-01-31,2018-01-31,2018-12-31,timemixer,20064.66430255602,25497.68184544896,DL
98074,2017-02-28,2018-02-28,2019-01-31,stgformer,18209.482744603865,24057.540429975965,spatial_temporal
98074,2017-03-31,2018-03-31,2019-02-28,timemixer,19770.908886087826,24587.185586155905,DL
98074,2017-04-30,2018-04-30,2019-03-31,patchtst,21428.44107662868,27456.22544320659,DL
98074,2017-05-31,2018-05-31,2019-04-30,patchtst,21241.67307723987,29937.662140420718,DL
98074,2017-06-30,2018-06-30,2019-05-31,timesfm_zero,29995.34066468652,35793.916206748945,foundation
98074,2017-07-31,2018-07-31,2019-06-30,timesfm_zero,27268.930267995678,31923.007914507674,foundation
98074,2017-08-31,2018-08-31,2019-07-31,timesfm_zero,20568.32594427734,25343.357848699437,foundation
98074,2017-09-30,2018-09-30,2019-08-31,timesfm_zero,17852.689193636226,23765.44400747627,foundation
98074,2017-10-31,2018-10-31,2019-09-30,timesfm_zero,17213.161050655657,23094.776061732216,foundation
98074,2017-11-30,2018-11-30,2019-10-31,chronos2_zero,14730.34384582377,19647.568950218054,foundation
98074,2017-12-31,2018-12-31,2019-11-30,timesfm_zero,19967.572051793908,24561.895205010234,foundation
98074,2018-01-31,2019-01-31,2019-12-31,chronos2_zero,17045.93565391109,20004.58262885997,foundation
98074,2018-02-28,2019-02-28,2020-01-31,timemixer,20697.067446618155,24142.294131943207,DL
98074,2018-03-31,2019-03-31,2020-02-29,timemixer,14589.93612465728,18181.95916112656,DL
98074,2018-04-30,2019-04-30,2020-03-31,timemixer,13387.069849892752,18564.85458234835,DL
98074,2018-05-31,2019-05-31,2020-04-30,dcrnn,17452.965431923745,21524.466184473644,spatial_temporal
98074,2018-06-30,2019-06-30,2020-05-31,d2stgnn,18531.216106864256,22384.872374266997,spatial_temporal
98074,2018-07-31,2019-07-31,2020-06-30,d2stgnn,16252.510615034718,21114.83494823279,spatial_temporal
98074,2018-08-31,2019-08-31,2020-07-31,d2stgnn,21772.72466464526,26989.51119582154,spatial_temporal
98074,2018-09-30,2019-09-30,2020-08-31,d2stgnn,25692.792846916942,32471.861680662398,spatial_temporal
98074,2018-10-31,2019-10-31,2020-09-30,d2stgnn,19452.99359848232,24229.726499503464,spatial_temporal
98074,2018-11-30,2019-11-30,2020-10-31,dcrnn,29217.543940282456,37337.417423544095,spatial_temporal
98074,2018-12-31,2019-12-31,2020-11-30,dcrnn,36025.9179026245,46473.20949583905,spatial_temporal
98074,2019-01-31,2020-01-31,2020-12-31,dcrnn,43540.78645288373,55535.427533908536,spatial_temporal
98074,2019-02-28,2020-02-29,2021-01-31,stgcn,44638.34218894458,61231.34806341188,spatial_temporal
98074,2019-03-31,2020-03-31,2021-02-28,timemixer,47184.818775112355,55414.36265243768,DL
98074,2019-04-30,2020-04-30,2021-03-31,d2stgnn,48907.94971718191,58007.38878957371,spatial_temporal
98074,2019-05-31,2020-05-31,2021-04-30,d2stgnn,57622.01868514131,63213.236980343296,spatial_temporal
98074,2019-06-30,2020-06-30,2021-05-31,timemixer,67366.65498677937,83511.12447749556,DL
98074,2019-07-31,2020-07-31,2021-06-30,timemixer,43171.00328745897,49134.11189000679,DL
98074,2019-08-31,2020-08-31,2021-07-31,timemixer,42501.63336906384,49949.24287242634,DL
98074,2019-09-30,2020-09-30,2021-08-31,timemixer,34133.525262709125,43700.60690446511,DL
98074,2019-10-31,2020-10-31,2021-09-30,dcrnn,31156.221004616546,45090.28132695666,spatial_temporal
98074,2019-11-30,2020-11-30,2021-10-31,timemixer,31849.7715161252,40576.674335106574,DL
98074,2019-12-31,2020-12-31,2021-11-30,timemixer,44764.92675729501,62275.372427808215,DL
98074,2020-01-31,2021-01-31,2021-12-31,timemixer,45018.69438954769,55132.97562380292,DL
98074,2020-02-29,2021-02-28,2022-01-31,dcrnn,32097.447654654447,44476.71429628596,spatial_temporal
98074,2020-03-31,2021-03-31,2022-02-28,dcrnn,45608.01496932324,75716.90517631508,spatial_temporal
98074,2020-04-30,2021-04-30,2022-03-31,timemixer,77134.76628865734,121315.04946810802,DL
98074,2020-05-31,2021-05-31,2022-04-30,timemixer,73060.42076664731,110829.83154041291,DL
98074,2020-06-30,2021-06-30,2022-05-31,timemixer,76926.41490517149,112397.82231266118,DL
98074,2020-07-31,2021-07-31,2022-06-30,timemixer,64015.02410594347,89164.192756649,DL
98074,2020-08-31,2021-08-31,2022-07-31,timemixer,85313.62036822671,107587.21804810391,DL
98074,2020-09-30,2021-09-30,2022-08-31,timemixer,89551.17644768504,112865.35843999454,DL
98074,2020-10-31,2021-10-31,2022-09-30,timemixer,121310.50665511489,147706.2819772919,DL
98074,2020-11-30,2021-11-30,2022-10-31,d2stgnn,116270.39790460379,158163.54361254524,spatial_temporal
98074,2020-12-31,2021-12-31,2022-11-30,d2stgnn,111163.45956160664,152619.63219146934,spatial_temporal
98074,2021-01-31,2022-01-31,2022-12-31,d2stgnn,95200.00112859033,122249.71862156327,spatial_temporal
98074,2021-02-28,2022-02-28,2023-01-31,d2stgnn,79260.022837659,106828.49140059623,spatial_temporal
98074,2021-03-31,2022-03-31,2023-02-28,d2stgnn,85465.86307201722,112204.83466755746,spatial_temporal
98074,2021-04-30,2022-04-30,2023-03-31,d2stgnn,75498.6576159369,101163.77908420339,spatial_temporal
98074,2021-05-31,2022-05-31,2023-04-30,graph_wavenet,69463.2980253049,103397.65819801492,spatial_temporal
98074,2021-06-30,2022-06-30,2023-05-31,d2stgnn,52145.96123979206,69309.94127520095,spatial_temporal
98074,2021-07-31,2022-07-31,2023-06-30,dcrnn,40916.87067171858,49430.377898240484,spatial_temporal
98074,2021-08-31,2022-08-31,2023-07-31,dcrnn,35363.905572137526,43430.37642268564,spatial_temporal
98074,2021-09-30,2022-09-30,2023-08-31,dcrnn,29374.198163489444,41407.796795308015,spatial_temporal
98074,2021-10-31,2022-10-31,2023-09-30,dcrnn,34534.60169236269,44783.49438398282,spatial_temporal
98074,2021-11-30,2022-11-30,2023-10-31,dcrnn,34144.71726813171,48838.76493861578,spatial_temporal
98074,2021-12-31,2022-12-31,2023-11-30,dcrnn,38047.52352504362,55799.11077930441,spatial_temporal
98074,2022-12-31,2023-12-31,2024-11-30,stgformer,81380.1964733627,100377.0469996043,spatial_temporal
98074,2023-01-31,2024-01-31,2024-12-31,stgformer,70763.99526008383,87503.44955895777,spatial_temporal
98074,2024-01-31,2025-01-31,2025-12-31,chronos2_zero,176087.74836461907,189148.86359877355,foundation
98074,2024-02-29,2025-02-28,2026-01-31,stgformer,158583.23887685197,168743.49571003753,spatial_temporal
98074,2024-03-31,2025-03-31,2026-02-28,graph_wavenet,141718.9994704293,153818.13014023696,spatial_temporal
98074,2024-04-30,2025-04-30,2026-03-31,graph_wavenet,78079.00255453387,89885.90327145225,spatial_temporal
98074,2024-05-31,2025-05-31,2026-04-30,stgcn,48865.80399903958,71159.36039470746,spatial_temporal
98074,2024-06-30,2025-06-30,2026-05-31,stgcn,57603.332867843994,67571.25956979136,spatial_temporal
98074,2024-07-31,2025-07-31,2026-06-30,timesfm_zero,63762.14033397861,82682.622792732,foundation
98074,2024-08-31,2025-08-31,2026-07-31,chronos2_zero,40758.77880544766,62033.902361782646,foundation
98075,2016-03-31,2017-03-31,2018-02-28,graph_wavenet,21425.544866261014,26594.771212396852,spatial_temporal
98075,2016-04-30,2017-04-30,2018-03-31,graph_wavenet,18907.07490191412,23618.548857261052,spatial_temporal
98075,2016-05-31,2017-05-31,2018-04-30,graph_wavenet,15050.716769996274,20834.457284651577,spatial_temporal
98075,2016-06-30,2017-06-30,2018-05-31,graph_wavenet,14733.285433826202,19123.844548596346,spatial_temporal
98075,2016-07-31,2017-07-31,2018-06-30,dcrnn,16345.888094384145,20820.450208340364,spatial_temporal
98075,2016-08-31,2017-08-31,2018-07-31,dcrnn,17544.71440005964,21929.223912948855,spatial_temporal
98075,2016-09-30,2017-09-30,2018-08-31,graph_wavenet,17759.95484552781,21102.585835053345,spatial_temporal
98075,2016-10-31,2017-10-31,2018-09-30,graph_wavenet,15015.751352066582,20156.98563838682,spatial_temporal
98075,2016-11-30,2017-11-30,2018-10-31,graph_wavenet,18183.317164187243,22268.850027588054,spatial_temporal
98075,2016-12-31,2017-12-31,2018-11-30,dlinear,22429.591537324264,25863.547571105046,DL
98075,2017-01-31,2018-01-31,2018-12-31,graph_wavenet,22479.50943351013,28746.87208661165,spatial_temporal
98075,2017-02-28,2018-02-28,2019-01-31,timemixer,23581.008739459252,26221.767946505133,DL
98075,2017-03-31,2018-03-31,2019-02-28,timemixer,13330.55956081689,17465.89570744971,DL
98075,2017-04-30,2018-04-30,2019-03-31,itransformer,25732.985596413997,39013.684329789554,DL
98075,2017-05-31,2018-05-31,2019-04-30,chronos2_zero,42299.42443440645,49470.99267988552,foundation
98075,2017-06-30,2018-06-30,2019-05-31,chronos2_zero,38887.830478944794,44852.11606273185,foundation
98075,2017-07-31,2018-07-31,2019-06-30,chronos2_zero,37830.1738425734,42140.06720428177,foundation
98075,2017-08-31,2018-08-31,2019-07-31,chronos2_zero,30628.34465360494,40180.914501149455,foundation
98075,2017-09-30,2018-09-30,2019-08-31,chronos2_zero,29267.937753835926,36378.58370011801,foundation
98075,2017-10-31,2018-10-31,2019-09-30,timesfm_zero,39007.63389992836,54012.20111940815,foundation
98075,2017-11-30,2018-11-30,2019-10-31,chronos2_zero,32199.547728195303,39369.22533708296,foundation
98075,2017-12-31,2018-12-31,2019-11-30,dcrnn,31185.95215142402,36838.049504269824,spatial_temporal
98075,2018-01-31,2019-01-31,2019-12-31,dcrnn,27923.518236285017,33014.319639046,spatial_temporal
98075,2018-02-28,2019-02-28,2020-01-31,dcrnn,29603.34752929129,36323.93000584094,spatial_temporal
98075,2018-03-31,2019-03-31,2020-02-29,timemixer,33754.40364525913,41486.30285957579,DL
98075,2018-04-30,2019-04-30,2020-03-31,dlinear,35542.63556185559,45590.224505349346,DL
98075,2018-05-31,2019-05-31,2020-04-30,timemixer,39154.06965323023,47606.90720461176,DL
98075,2018-06-30,2019-06-30,2020-05-31,d2stgnn,38430.74353989408,50513.42254997574,spatial_temporal
98075,2018-07-31,2019-07-31,2020-06-30,d2stgnn,45886.887419958366,55488.83902237135,spatial_temporal
98075,2018-08-31,2019-08-31,2020-07-31,d2stgnn,48396.44211635628,58047.6895603764,spatial_temporal
98075,2018-09-30,2019-09-30,2020-08-31,timemixer,42525.81189954452,49245.90004561539,DL
98075,2018-10-31,2019-10-31,2020-09-30,dcrnn,43230.04348841057,54769.092878162606,spatial_temporal
98075,2018-11-30,2019-11-30,2020-10-31,dcrnn,42366.27550508394,53358.71870456326,spatial_temporal
98075,2018-12-31,2019-12-31,2020-11-30,graph_wavenet,26566.632906976523,31054.1226810756,spatial_temporal
98075,2019-01-31,2020-01-31,2020-12-31,dcrnn,23990.741078704672,30746.270911236526,spatial_temporal
98075,2019-02-28,2020-02-29,2021-01-31,dcrnn,20870.763345371273,23287.233669113608,spatial_temporal
98075,2019-03-31,2020-03-31,2021-02-28,timemixer,28599.954505240603,33638.64317143173,DL
98075,2019-04-30,2020-04-30,2021-03-31,timemixer,34629.481203959826,51157.4199813961,DL
98075,2019-05-31,2020-05-31,2021-04-30,timemixer,40203.70417376121,57710.48817514275,DL
98075,2019-06-30,2020-06-30,2021-05-31,timemixer,39287.79971865846,58871.078647889524,DL
98075,2019-07-31,2020-07-31,2021-06-30,timemixer,46119.52410138963,51271.071852226014,DL
98075,2019-08-31,2020-08-31,2021-07-31,timemixer,51663.36171996143,65756.76820066737,DL
98075,2019-09-30,2020-09-30,2021-08-31,timemixer,35390.243455672404,45804.83647003858,DL
98075,2019-10-31,2020-10-31,2021-09-30,timemixer,47718.352437465954,62134.360239576614,DL
98075,2019-11-30,2020-11-30,2021-10-31,timemixer,38039.38127390885,46573.569999288935,DL
98075,2019-12-31,2020-12-31,2021-11-30,timemixer,50118.39525008283,55934.32207699668,DL
98075,2020-01-31,2021-01-31,2021-12-31,dcrnn,48846.10853726397,60253.314480103916,spatial_temporal
98075,2020-02-29,2021-02-28,2022-01-31,dcrnn,47554.044512194196,77565.88597638709,spatial_temporal
98075,2020-03-31,2021-03-31,2022-02-28,timemixer,67692.91731258958,122948.23210335562,DL
98075,2020-04-30,2021-04-30,2022-03-31,timemixer,95063.92313766321,132114.85015665172,DL
98075,2020-05-31,2021-05-31,2022-04-30,timemixer,93950.09036129568,113859.09031000486,DL
98075,2020-06-30,2021-06-30,2022-05-31,timemixer,77070.23074410745,102215.83297333178,DL
98075,2020-07-31,2021-07-31,2022-06-30,itransformer,96194.85082010306,127744.3335548181,DL
98075,2020-08-31,2021-08-31,2022-07-31,itransformer,97348.34821704628,135488.06780588967,DL
98075,2020-09-30,2021-09-30,2022-08-31,itransformer,115853.33105161645,141602.03299247177,DL
98075,2020-10-31,2021-10-31,2022-09-30,d2stgnn,125785.59602749081,158699.33192542128,spatial_temporal
98075,2020-11-30,2021-11-30,2022-10-31,d2stgnn,110574.33032126179,149115.0254369284,spatial_temporal
98075,2020-12-31,2021-12-31,2022-11-30,d2stgnn,103466.29001599323,120089.524049548,spatial_temporal
98075,2021-01-31,2022-01-31,2022-12-31,timemixer,104552.88612693183,142359.11084186137,DL
98075,2021-02-28,2022-02-28,2023-01-31,timemixer,112270.72465189698,141582.99089972448,DL
98075,2021-03-31,2022-03-31,2023-02-28,timemixer,113988.98150951916,137839.98231425995,DL
98075,2021-04-30,2022-04-30,2023-03-31,timemixer,80122.9321898172,94195.38193830321,DL
98075,2021-05-31,2022-05-31,2023-04-30,timemixer,57447.452794777615,90661.96333336542,DL
98075,2021-06-30,2022-06-30,2023-05-31,timemixer,70172.9074570819,86356.58475579572,DL
98075,2021-07-31,2022-07-31,2023-06-30,chronos2_zero,81127.39770635507,101744.0915312129,foundation
98075,2021-08-31,2022-08-31,2023-07-31,stgformer,83302.91804869099,99841.7086862636,spatial_temporal
98075,2021-09-30,2022-09-30,2023-08-31,timemixer,77059.25772667961,94834.64318547628,DL
98075,2021-10-31,2022-10-31,2023-09-30,graph_wavenet,81973.97850030092,96392.17095402606,spatial_temporal
98075,2021-11-30,2022-11-30,2023-10-31,graph_wavenet,79570.21265970122,91930.42849709069,spatial_temporal
98075,2021-12-31,2022-12-31,2023-11-30,dcrnn,89014.2825094036,106260.71926034895,spatial_temporal
98075,2022-12-31,2023-12-31,2024-11-30,itransformer,51799.90263777791,60590.4411792332,DL
98075,2023-01-31,2024-01-31,2024-12-31,itransformer,69820.6962393357,87641.3572003151,DL
98075,2024-01-31,2025-01-31,2025-12-31,timesfm_zero,103154.22827216226,133539.44678158552,foundation
98075,2024-02-29,2025-02-28,2026-01-31,timesfm_zero,121409.8670569199,144704.14460453214,foundation
98075,2024-03-31,2025-03-31,2026-02-28,timesfm_zero,107758.93387147319,137848.27779174584,foundation
98075,2024-04-30,2025-04-30,2026-03-31,stgcn,118415.66953228558,137114.2090490402,spatial_temporal
98075,2024-05-31,2025-05-31,2026-04-30,stgcn,100040.1384693795,118701.78359350486,spatial_temporal
98075,2024-06-30,2025-06-30,2026-05-31,stgcn,81232.78566366462,96737.92598180597,spatial_temporal
98075,2024-07-31,2025-07-31,2026-06-30,stgcn,77052.0147205541,82975.31347287698,spatial_temporal
98075,2024-08-31,2025-08-31,2026-07-31,stgcn,65388.260081479115,89059.91629646649,spatial_temporal
98077,2016-03-31,2017-03-31,2018-02-28,chronos2_zero,36291.190264471625,41103.088464200126,foundation
98077,2016-04-30,2017-04-30,2018-03-31,chronos2_zero,28945.55744089389,39230.79069496408,foundation
98077,2016-05-31,2017-05-31,2018-04-30,itransformer,27386.739308716515,34362.31625207539,DL
98077,2016-06-30,2017-06-30,2018-05-31,itransformer,36303.59976154143,48748.08045990754,DL
98077,2016-07-31,2017-07-31,2018-06-30,itransformer,32408.10535030259,43890.87294336148,DL
98077,2016-08-31,2017-08-31,2018-07-31,itransformer,44880.15433712572,53991.20974944064,DL
98077,2016-09-30,2017-09-30,2018-08-31,timemixer,39298.11701982437,47762.97741597906,DL
98077,2016-10-31,2017-10-31,2018-09-30,stgcn,33956.50115257699,40624.453562461575,spatial_temporal
98077,2016-11-30,2017-11-30,2018-10-31,itransformer,31151.85943418776,34913.04398212241,DL
98077,2016-12-31,2017-12-31,2018-11-30,itransformer,26073.77626085884,34674.68821078153,DL
98077,2017-01-31,2018-01-31,2018-12-31,itransformer,33517.609924445474,38818.84841542144,DL
98077,2017-02-28,2018-02-28,2019-01-31,timesfm_zero,36685.23124090338,51990.86797572894,foundation
98077,2017-03-31,2018-03-31,2019-02-28,itransformer,42751.96172321996,46196.4577059643,DL
98077,2017-04-30,2018-04-30,2019-03-31,patchtst,39503.28421108642,42794.93354939786,DL
98077,2017-05-31,2018-05-31,2019-04-30,itransformer,38911.179726296374,42898.86592258817,DL
98077,2017-06-30,2018-06-30,2019-05-31,timesfm_zero,39585.990344910104,56804.21046612698,foundation
98077,2017-07-31,2018-07-31,2019-06-30,timesfm_zero,41071.698877032824,52933.767732411034,foundation
98077,2017-08-31,2018-08-31,2019-07-31,timemixer,39749.13105322855,48252.3809860132,DL
98077,2017-09-30,2018-09-30,2019-08-31,dlinear,39413.35497797871,47495.435392230116,DL
98077,2017-10-31,2018-10-31,2019-09-30,d2stgnn,42765.55863821107,53490.58815324296,spatial_temporal
98077,2017-11-30,2018-11-30,2019-10-31,dlinear,46630.393741437845,61195.58139003249,DL
98077,2017-12-31,2018-12-31,2019-11-30,stgformer,49667.14854063987,61871.22714265707,spatial_temporal
98077,2018-01-31,2019-01-31,2019-12-31,dlinear,47069.59497138305,68485.52401754473,DL
98077,2018-02-28,2019-02-28,2020-01-31,dlinear,48313.907697605864,60041.16249737835,DL
98077,2018-03-31,2019-03-31,2020-02-29,dlinear,40493.92079799369,47294.07328790323,DL
98077,2018-04-30,2019-04-30,2020-03-31,itransformer,39273.704075014626,57155.91992234448,DL
98077,2018-05-31,2019-05-31,2020-04-30,dcrnn,45194.45479412945,64738.9038623823,spatial_temporal
98077,2018-06-30,2019-06-30,2020-05-31,graph_wavenet,53053.59137967368,68051.51981524586,spatial_temporal
98077,2018-07-31,2019-07-31,2020-06-30,graph_wavenet,46311.79103651217,60142.58425544459,spatial_temporal
98077,2018-08-31,2019-08-31,2020-07-31,stgcn,43473.409965721636,54148.394857466374,spatial_temporal
98077,2018-09-30,2019-09-30,2020-08-31,stgcn,30648.4104949506,39906.03560297421,spatial_temporal
98077,2018-10-31,2019-10-31,2020-09-30,patchtst,27559.371335551336,32326.950420664743,DL
98077,2018-11-30,2019-11-30,2020-10-31,patchtst,34252.63669038242,40204.78637845439,DL
98077,2018-12-31,2019-12-31,2020-11-30,patchtst,34296.151365161444,40301.38925004586,DL
98077,2019-01-31,2020-01-31,2020-12-31,dcrnn,32962.34034073604,45900.234828973415,spatial_temporal
98077,2019-02-28,2020-02-29,2021-01-31,patchtst,37711.9279115802,52214.075271375375,DL
98077,2019-03-31,2020-03-31,2021-02-28,patchtst,40155.69633529831,51565.90359209713,DL
98077,2019-04-30,2020-04-30,2021-03-31,d2stgnn,48639.58901157434,67476.93981383584,spatial_temporal
98077,2019-05-31,2020-05-31,2021-04-30,d2stgnn,40578.80638974136,54666.74993350763,spatial_temporal
98077,2019-06-30,2020-06-30,2021-05-31,d2stgnn,45320.94650135225,62509.16414867516,spatial_temporal
98077,2019-07-31,2020-07-31,2021-06-30,d2stgnn,42846.16423550432,58912.87286706576,spatial_temporal
98077,2019-08-31,2020-08-31,2021-07-31,stgformer,45359.26929551339,57300.48227163392,spatial_temporal
98077,2019-09-30,2020-09-30,2021-08-31,d2stgnn,42925.89525519414,49329.081339154596,spatial_temporal
98077,2019-10-31,2020-10-31,2021-09-30,dcrnn,42948.30113513322,56260.62551045851,spatial_temporal
98077,2019-11-30,2020-11-30,2021-10-31,stgformer,44210.62586623678,50940.63119131177,spatial_temporal
98077,2019-12-31,2020-12-31,2021-11-30,stgformer,40264.393000318996,50502.42936576088,spatial_temporal
98077,2020-01-31,2021-01-31,2021-12-31,stgformer,44297.36702800309,55637.565050539975,spatial_temporal
98077,2020-02-29,2021-02-28,2022-01-31,dcrnn,38517.83536336317,56435.5078844772,spatial_temporal
98077,2020-03-31,2021-03-31,2022-02-28,dcrnn,27434.0050617497,32735.4546798684,spatial_temporal
98077,2020-04-30,2021-04-30,2022-03-31,stgformer,71528.14267718547,133830.97547623512,spatial_temporal
98077,2020-05-31,2021-05-31,2022-04-30,d2stgnn,99192.24633052557,164681.9387642108,spatial_temporal
98077,2020-06-30,2021-06-30,2022-05-31,d2stgnn,130825.08273061313,183900.2133947042,spatial_temporal
98077,2020-07-31,2021-07-31,2022-06-30,itransformer,140702.67425083756,201470.66831371433,DL
98077,2020-08-31,2021-08-31,2022-07-31,timemixer,132787.56277360464,180411.51597917333,DL
98077,2020-09-30,2021-09-30,2022-08-31,timemixer,154964.16077284166,201866.4257645189,DL
98077,2020-10-31,2021-10-31,2022-09-30,d2stgnn,141223.32911918734,195651.237018072,spatial_temporal
98077,2020-11-30,2021-11-30,2022-10-31,d2stgnn,155900.4182474568,203932.06046630075,spatial_temporal
98077,2020-12-31,2021-12-31,2022-11-30,d2stgnn,167506.64598797815,205128.9277756903,spatial_temporal
98077,2021-01-31,2022-01-31,2022-12-31,d2stgnn,149555.795462086,191729.56189512234,spatial_temporal
98077,2021-02-28,2022-02-28,2023-01-31,d2stgnn,145174.72089265098,189058.96703580377,spatial_temporal
98077,2021-03-31,2022-03-31,2023-02-28,d2stgnn,135485.79696494856,165835.53922293978,spatial_temporal
98077,2021-04-30,2022-04-30,2023-03-31,d2stgnn,129081.8865937796,140877.5835854962,spatial_temporal
98077,2021-05-31,2022-05-31,2023-04-30,timesfm_zero,96982.42307472815,115289.03038663973,foundation
98077,2021-06-30,2022-06-30,2023-05-31,patchtst,101076.43303082291,128726.92608907746,DL
98077,2021-07-31,2022-07-31,2023-06-30,timemixer,70446.81342382153,100528.22472130532,DL
98077,2021-08-31,2022-08-31,2023-07-31,patchtst,79552.7813512832,97170.74998422338,DL
98077,2021-09-30,2022-09-30,2023-08-31,timemixer,50542.96618615425,63000.90372850523,DL
98077,2021-10-31,2022-10-31,2023-09-30,chronos2_zero,35444.879055545294,43036.51688524283,foundation
98077,2021-11-30,2022-11-30,2023-10-31,graph_wavenet,31769.066742756346,45491.46088477482,spatial_temporal
98077,2021-12-31,2022-12-31,2023-11-30,graph_wavenet,34445.16827593043,43995.712989405794,spatial_temporal
98077,2022-12-31,2023-12-31,2024-11-30,d2stgnn,90876.08596765737,112664.30180531669,spatial_temporal
98077,2023-01-31,2024-01-31,2024-12-31,dlinear,80341.03426977276,94141.77613840955,DL
98077,2024-01-31,2025-01-31,2025-12-31,timesfm_zero,68454.89961639479,83818.58202044449,foundation
98077,2024-02-29,2025-02-28,2026-01-31,timesfm_zero,83235.20543863006,99854.91729974412,foundation
98077,2024-03-31,2025-03-31,2026-02-28,chronos2_zero,71882.69282426905,84094.43877788122,foundation
98077,2024-04-30,2025-04-30,2026-03-31,graph_wavenet,72366.91864885984,89101.51479336,spatial_temporal
98077,2024-05-31,2025-05-31,2026-04-30,timesfm_zero,79251.11613871976,93073.64642278498,foundation
98077,2024-06-30,2025-06-30,2026-05-31,timemixer,61222.76457718257,78890.36699136728,DL
98077,2024-07-31,2025-07-31,2026-06-30,graph_wavenet,45162.87384753682,56118.21253840462,spatial_temporal
98077,2024-08-31,2025-08-31,2026-07-31,patchtst,48700.950517496305,58700.433337294446,DL
98087,2016-03-31,2017-03-31,2018-02-28,dlinear,15460.446276354021,21203.32149918991,DL
98087,2016-04-30,2017-04-30,2018-03-31,dlinear,14129.631711832917,20719.21050173101,DL
98087,2016-05-31,2017-05-31,2018-04-30,d2stgnn,15340.253953470756,18386.659206222805,spatial_temporal
98087,2016-06-30,2017-06-30,2018-05-31,d2stgnn,13297.143086499671,16593.14320138858,spatial_temporal
98087,2016-07-31,2017-07-31,2018-06-30,d2stgnn,12602.059489533349,15843.693278711635,spatial_temporal
98087,2016-08-31,2017-08-31,2018-07-31,d2stgnn,14492.22819700969,19107.99210309892,spatial_temporal
98087,2016-09-30,2017-09-30,2018-08-31,itransformer,19820.22275064624,26741.956719227932,DL
98087,2016-10-31,2017-10-31,2018-09-30,itransformer,19509.309260659993,25882.122106585266,DL
98087,2016-11-30,2017-11-30,2018-10-31,dlinear,19938.1944603837,23246.68612750098,DL
98087,2016-12-31,2017-12-31,2018-11-30,dlinear,22133.87357498131,26693.194739542316,DL
98087,2017-01-31,2018-01-31,2018-12-31,dlinear,21701.67447703186,25692.39787245787,DL
98087,2017-02-28,2018-02-28,2019-01-31,d2stgnn,22514.18757542124,25057.450670393864,spatial_temporal
98087,2017-03-31,2018-03-31,2019-02-28,d2stgnn,19871.718926154397,24517.19939728849,spatial_temporal
98087,2017-04-30,2018-04-30,2019-03-31,chronos2_zero,24025.939952050616,29568.971169226017,foundation
98087,2017-05-31,2018-05-31,2019-04-30,chronos2_zero,23728.76147249808,30113.334159694787,foundation
98087,2017-06-30,2018-06-30,2019-05-31,chronos2_zero,22379.884834174754,26609.252455326492,foundation
98087,2017-07-31,2018-07-31,2019-06-30,stgformer,26645.99975745488,32771.62033042521,spatial_temporal
98087,2017-08-31,2018-08-31,2019-07-31,stgformer,27755.013355691186,32017.840100876474,spatial_temporal
98087,2017-09-30,2018-09-30,2019-08-31,stgformer,19798.029628598346,24990.72884304871,spatial_temporal
98087,2017-10-31,2018-10-31,2019-09-30,stgformer,20771.748155215977,24164.025723424347,spatial_temporal
98087,2017-11-30,2018-11-30,2019-10-31,stgformer,22310.07458860564,24492.707570873237,spatial_temporal
98087,2017-12-31,2018-12-31,2019-11-30,timesfm_zero,27776.450411499478,34746.98618794044,foundation
98087,2018-01-31,2019-01-31,2019-12-31,dlinear,32799.99665411128,38451.55216535777,DL
98087,2018-02-28,2019-02-28,2020-01-31,dlinear,24803.03638977154,30661.305419545868,DL
98087,2018-03-31,2019-03-31,2020-02-29,dlinear,25040.108440624568,29490.817061892663,DL
98087,2018-04-30,2019-04-30,2020-03-31,dlinear,32305.006241579194,38219.996907985216,DL
98087,2018-05-31,2019-05-31,2020-04-30,dlinear,29234.32744324223,34400.82044460246,DL
98087,2018-06-30,2019-06-30,2020-05-31,chronos2_zero,6089.290252158719,7034.20802815067,foundation
98087,2018-07-31,2019-07-31,2020-06-30,chronos2_zero,8828.698936045781,11374.717690095606,foundation
98087,2018-08-31,2019-08-31,2020-07-31,chronos2_zero,9556.19954007345,11173.310134417996,foundation
98087,2018-09-30,2019-09-30,2020-08-31,stgcn,14591.261139259412,18485.964491635215,spatial_temporal
98087,2018-10-31,2019-10-31,2020-09-30,graph_wavenet,14751.772121039647,17990.129611022945,spatial_temporal
98087,2018-11-30,2019-11-30,2020-10-31,graph_wavenet,11223.417435967052,13526.018544763216,spatial_temporal
98087,2018-12-31,2019-12-31,2020-11-30,timemixer,13361.866405593164,16513.943440278053,DL
98087,2019-01-31,2020-01-31,2020-12-31,timemixer,14046.754580366201,17071.858065404187,DL
98087,2019-02-28,2020-02-29,2021-01-31,stgformer,16843.220261304774,20201.892623973927,spatial_temporal
98087,2019-03-31,2020-03-31,2021-02-28,timemixer,16528.469262012815,22086.00052076506,DL
98087,2019-04-30,2020-04-30,2021-03-31,timemixer,14364.504885366177,17457.503200134543,DL
98087,2019-05-31,2020-05-31,2021-04-30,stgformer,18021.42770729764,20948.205119186532,spatial_temporal
98087,2019-06-30,2020-06-30,2021-05-31,stgformer,21883.74031292068,26851.39677275655,spatial_temporal
98087,2019-07-31,2020-07-31,2021-06-30,dcrnn,28122.244095610542,42567.50369461569,spatial_temporal
98087,2019-08-31,2020-08-31,2021-07-31,d2stgnn,27153.891623470146,36941.76075838998,spatial_temporal
98087,2019-09-30,2020-09-30,2021-08-31,dcrnn,28120.854369103927,39642.99391639679,spatial_temporal
98087,2019-10-31,2020-10-31,2021-09-30,dcrnn,24047.778092768025,31148.14823952428,spatial_temporal
98087,2019-11-30,2020-11-30,2021-10-31,dcrnn,31441.387787652948,37041.898699208454,spatial_temporal
98087,2019-12-31,2020-12-31,2021-11-30,dcrnn,23478.62385967492,28495.37317488962,spatial_temporal
98087,2020-01-31,2021-01-31,2021-12-31,dcrnn,24563.356742820248,29452.55095585676,spatial_temporal
98087,2020-02-29,2021-02-28,2022-01-31,graph_wavenet,31327.881782532397,36289.14790380418,spatial_temporal
98087,2020-03-31,2021-03-31,2022-02-28,d2stgnn,42730.32255073246,51196.34319489057,spatial_temporal
98087,2020-04-30,2021-04-30,2022-03-31,d2stgnn,39469.588063711875,52045.34310705081,spatial_temporal
98087,2020-05-31,2021-05-31,2022-04-30,dcrnn,38137.47921555528,57729.850601066886,spatial_temporal
98087,2020-06-30,2021-06-30,2022-05-31,itransformer,30377.142247553693,39657.24267958822,DL
98087,2020-07-31,2021-07-31,2022-06-30,itransformer,24078.021172767254,31422.172424174576,DL
98087,2020-08-31,2021-08-31,2022-07-31,dcrnn,28487.510679955,39892.314525951435,spatial_temporal
98087,2020-09-30,2021-09-30,2022-08-31,dcrnn,32477.08752259583,42334.50164784027,spatial_temporal
98087,2020-10-31,2021-10-31,2022-09-30,d2stgnn,31793.40591269062,43092.66380992369,spatial_temporal
98087,2020-11-30,2021-11-30,2022-10-31,d2stgnn,35943.702981513285,44352.2398422663,spatial_temporal
98087,2020-12-31,2021-12-31,2022-11-30,stgformer,35465.17425490592,44614.46289856111,spatial_temporal
98087,2021-01-31,2022-01-31,2022-12-31,itransformer,30902.338929246616,42071.63662977608,DL
98087,2021-02-28,2022-02-28,2023-01-31,stgformer,31271.096001989412,42613.820182457705,spatial_temporal
98087,2021-03-31,2022-03-31,2023-02-28,stgformer,26443.93102246286,33505.08813001146,spatial_temporal
98087,2021-04-30,2022-04-30,2023-03-31,stgformer,27483.972196049785,33288.755800023355,spatial_temporal
98087,2021-05-31,2022-05-31,2023-04-30,stgformer,29476.986314241087,37155.495448512804,spatial_temporal
98087,2021-06-30,2022-06-30,2023-05-31,timesfm_zero,23002.531928463326,29268.28166589652,foundation
98087,2021-07-31,2022-07-31,2023-06-30,dcrnn,19442.151676899153,24042.875023852896,spatial_temporal
98087,2021-08-31,2022-08-31,2023-07-31,stgformer,25154.727148130256,35610.44826775673,spatial_temporal
98087,2021-09-30,2022-09-30,2023-08-31,graph_wavenet,21848.818506686366,28625.915428714045,spatial_temporal
98087,2021-10-31,2022-10-31,2023-09-30,graph_wavenet,21703.476102287957,29067.986609122447,spatial_temporal
98087,2021-11-30,2022-11-30,2023-10-31,itransformer,19486.872295844583,26741.70648748885,DL
98087,2021-12-31,2022-12-31,2023-11-30,itransformer,20968.05108203771,27102.76123174684,DL
98087,2022-12-31,2023-12-31,2024-11-30,itransformer,21180.937568959216,26925.514790327215,DL
98087,2023-01-31,2024-01-31,2024-12-31,graph_wavenet,25129.314837840328,29304.680771970045,spatial_temporal
98087,2024-01-31,2025-01-31,2025-12-31,dlinear,28617.78022425712,37202.6815924343,DL
98087,2024-02-29,2025-02-28,2026-01-31,graph_wavenet,26174.483569326712,32759.466847149277,spatial_temporal
98087,2024-03-31,2025-03-31,2026-02-28,timemixer,32445.96235644985,39739.59334908138,DL
98087,2024-04-30,2025-04-30,2026-03-31,itransformer,36694.66934905247,46008.58252577213,DL
98087,2024-05-31,2025-05-31,2026-04-30,chronos2_zero,37961.13597747443,44737.44827240693,foundation
98087,2024-06-30,2025-06-30,2026-05-31,timesfm_zero,35504.8624249899,42889.06704555371,foundation
98087,2024-07-31,2025-07-31,2026-06-30,timesfm_zero,39401.538893999656,51540.331639591044,foundation
98087,2024-08-31,2025-08-31,2026-07-31,chronos2_zero,37011.914026408565,41083.8407297486,foundation
98092,2016-03-31,2017-03-31,2018-02-28,d2stgnn,11624.945534695638,14149.726647348805,spatial_temporal
98092,2016-04-30,2017-04-30,2018-03-31,d2stgnn,9545.475884171121,11264.767716855238,spatial_temporal
98092,2016-05-31,2017-05-31,2018-04-30,d2stgnn,11085.709934890765,12876.710961388802,spatial_temporal
98092,2016-06-30,2017-06-30,2018-05-31,d2stgnn,11921.706757734544,14644.276974224686,spatial_temporal
98092,2016-07-31,2017-07-31,2018-06-30,d2stgnn,12721.465795529206,14888.174210054764,spatial_temporal
98092,2016-08-31,2017-08-31,2018-07-31,d2stgnn,13139.07066136423,16406.880953607495,spatial_temporal
98092,2016-09-30,2017-09-30,2018-08-31,d2stgnn,10894.25683592163,13448.505441062847,spatial_temporal
98092,2016-10-31,2017-10-31,2018-09-30,d2stgnn,9624.929644670638,11846.14900433278,spatial_temporal
98092,2016-11-30,2017-11-30,2018-10-31,d2stgnn,11002.086317618383,13852.612347695007,spatial_temporal
98092,2016-12-31,2017-12-31,2018-11-30,d2stgnn,12960.146876697094,16393.893836439256,spatial_temporal
98092,2017-01-31,2018-01-31,2018-12-31,d2stgnn,15827.54192259181,19393.666886993797,spatial_temporal
98092,2017-02-28,2018-02-28,2019-01-31,itransformer,14406.346205160551,16589.913127799824,DL
98092,2017-03-31,2018-03-31,2019-02-28,itransformer,17592.071425740258,21146.604587445894,DL
98092,2017-04-30,2018-04-30,2019-03-31,chronos2_zero,14788.390611277859,18972.662561360277,foundation
98092,2017-05-31,2018-05-31,2019-04-30,timesfm_zero,13493.644627256368,15861.035211556697,foundation
98092,2017-06-30,2018-06-30,2019-05-31,stgformer,10127.243527437391,14139.433530212604,spatial_temporal
98092,2017-07-31,2018-07-31,2019-06-30,stgformer,7709.4248228294455,9503.094682794106,spatial_temporal
98092,2017-08-31,2018-08-31,2019-07-31,stgformer,9491.169744744344,10826.866864834232,spatial_temporal
98092,2017-09-30,2018-09-30,2019-08-31,timemixer,7074.381304909155,9857.118262173843,DL
98092,2017-10-31,2018-10-31,2019-09-30,timemixer,7463.874394387744,9391.084409051002,DL
98092,2017-11-30,2018-11-30,2019-10-31,timemixer,9630.911431642884,10273.738444711367,DL
98092,2017-12-31,2018-12-31,2019-11-30,d2stgnn,13134.981903882252,16179.368906093447,spatial_temporal
98092,2018-01-31,2019-01-31,2019-12-31,patchtst,11501.255186883884,15606.335235484761,DL
98092,2018-02-28,2019-02-28,2020-01-31,patchtst,8805.486676364953,10949.18637812455,DL
98092,2018-03-31,2019-03-31,2020-02-29,d2stgnn,7152.02189770417,8485.1391016009,spatial_temporal
98092,2018-04-30,2019-04-30,2020-03-31,d2stgnn,8699.683508051248,10459.849264354138,spatial_temporal
98092,2018-05-31,2019-05-31,2020-04-30,d2stgnn,9312.271791027699,10404.992068337115,spatial_temporal
98092,2018-06-30,2019-06-30,2020-05-31,dcrnn,10186.662737640896,12847.298685406204,spatial_temporal
98092,2018-07-31,2019-07-31,2020-06-30,dcrnn,11917.322706727713,13733.562583485276,spatial_temporal
98092,2018-08-31,2019-08-31,2020-07-31,patchtst,10741.940311741113,12609.818295980345,DL
98092,2018-09-30,2019-09-30,2020-08-31,itransformer,10922.519798270558,13813.47108307023,DL
98092,2018-10-31,2019-10-31,2020-09-30,d2stgnn,10014.758856376773,12715.420319025683,spatial_temporal
98092,2018-11-30,2019-11-30,2020-10-31,dlinear,11172.224963854722,16448.49106722073,DL
98092,2018-12-31,2019-12-31,2020-11-30,dcrnn,12272.749429517178,14583.057962154306,spatial_temporal
98092,2019-01-31,2020-01-31,2020-12-31,patchtst,10019.53270854051,13591.910740012563,DL
98092,2019-02-28,2020-02-29,2021-01-31,patchtst,10023.503603063611,12729.55815338627,DL
98092,2019-03-31,2020-03-31,2021-02-28,patchtst,9601.662029112695,11716.760253515557,DL
98092,2019-04-30,2020-04-30,2021-03-31,patchtst,15357.73647459659,18937.548728303296,DL
98092,2019-05-31,2020-05-31,2021-04-30,d2stgnn,13446.342403652825,17084.810543130687,spatial_temporal
98092,2019-06-30,2020-06-30,2021-05-31,d2stgnn,13804.394759855999,17019.30605564347,spatial_temporal
98092,2019-07-31,2020-07-31,2021-06-30,d2stgnn,13261.32507917982,14869.006480799115,spatial_temporal
98092,2019-08-31,2020-08-31,2021-07-31,d2stgnn,10252.07210977392,13520.748542925543,spatial_temporal
98092,2019-09-30,2020-09-30,2021-08-31,d2stgnn,12845.354448988344,15497.182390883729,spatial_temporal
98092,2019-10-31,2020-10-31,2021-09-30,dcrnn,11484.013589040938,14129.636993389133,spatial_temporal
98092,2019-11-30,2020-11-30,2021-10-31,dcrnn,9140.063837090614,12280.433509328563,spatial_temporal
98092,2019-12-31,2020-12-31,2021-11-30,dcrnn,7127.888352989529,9382.258362973045,spatial_temporal
98092,2020-01-31,2021-01-31,2021-12-31,dcrnn,17218.498048951296,18468.407277765167,spatial_temporal
98092,2020-02-29,2021-02-28,2022-01-31,d2stgnn,20559.914171121636,26819.248890864998,spatial_temporal
98092,2020-03-31,2021-03-31,2022-02-28,d2stgnn,16249.759058921336,20350.33434537284,spatial_temporal
98092,2020-04-30,2021-04-30,2022-03-31,dcrnn,10662.238699527079,17982.37644700233,spatial_temporal
98092,2020-05-31,2021-05-31,2022-04-30,graph_wavenet,15082.694819304064,25036.500209707374,spatial_temporal
98092,2020-06-30,2021-06-30,2022-05-31,d2stgnn,13303.02395394297,14730.239215854337,spatial_temporal
98092,2020-07-31,2021-07-31,2022-06-30,d2stgnn,12815.010142468886,19423.459518139487,spatial_temporal
98092,2020-08-31,2021-08-31,2022-07-31,timemixer,13789.711778938314,15067.593716379855,DL
98092,2020-09-30,2021-09-30,2022-08-31,timemixer,14089.63352968733,19106.287412147492,DL
98092,2020-10-31,2021-10-31,2022-09-30,itransformer,17476.202908688574,19713.78890437438,DL
98092,2020-11-30,2021-11-30,2022-10-31,d2stgnn,14134.526747285418,16289.391452110718,spatial_temporal
98092,2020-12-31,2021-12-31,2022-11-30,d2stgnn,16037.68973068178,20497.597306083157,spatial_temporal
98092,2021-01-31,2022-01-31,2022-12-31,d2stgnn,13033.778655199896,17864.411662128176,spatial_temporal
98092,2021-02-28,2022-02-28,2023-01-31,timemixer,18911.389777210028,23431.32733552803,DL
98092,2021-03-31,2022-03-31,2023-02-28,timemixer,7848.709846496892,13701.198033534327,DL
98092,2021-04-30,2022-04-30,2023-03-31,dcrnn,11525.054971020805,13510.950618237744,spatial_temporal
98092,2021-05-31,2022-05-31,2023-04-30,dcrnn,10444.182249487863,12271.895031625634,spatial_temporal
98092,2021-06-30,2022-06-30,2023-05-31,dcrnn,11894.39291192301,16321.943511083018,spatial_temporal
98092,2021-07-31,2022-07-31,2023-06-30,d2stgnn,15765.029531678776,18959.545417215482,spatial_temporal
98092,2021-08-31,2022-08-31,2023-07-31,patchtst,17119.850849155035,26371.953617343104,DL
98092,2021-09-30,2022-09-30,2023-08-31,itransformer,8981.686678585907,10523.833169432715,DL
98092,2021-10-31,2022-10-31,2023-09-30,itransformer,13232.451108059438,15799.663186436572,DL
98092,2021-11-30,2022-11-30,2023-10-31,d2stgnn,13110.723765364955,15795.540967699066,spatial_temporal
98092,2021-12-31,2022-12-31,2023-11-30,chronos2_zero,15411.4361730404,18251.895335157886,foundation
98092,2022-12-31,2023-12-31,2024-11-30,graph_wavenet,14132.29846124647,17090.1389272535,spatial_temporal
98092,2023-01-31,2024-01-31,2024-12-31,itransformer,15124.539948386082,19342.258348774696,DL
98092,2024-01-31,2025-01-31,2025-12-31,itransformer,17164.42839900965,20474.70324119563,DL
98092,2024-02-29,2025-02-28,2026-01-31,graph_wavenet,16170.093240327134,19064.51163273568,spatial_temporal
98092,2024-03-31,2025-03-31,2026-02-28,chronos2_zero,16171.401876979731,20532.26917524715,foundation
98092,2024-04-30,2025-04-30,2026-03-31,chronos2_zero,12709.346287909828,15065.43152530179,foundation
98092,2024-05-31,2025-05-31,2026-04-30,timesfm_zero,12769.594155439418,16295.548694331734,foundation
98092,2024-06-30,2025-06-30,2026-05-31,timesfm_zero,10110.98168708742,13348.877351814048,foundation
98092,2024-07-31,2025-07-31,2026-06-30,itransformer,10929.779010028084,13988.958883520614,DL
98092,2024-08-31,2025-08-31,2026-07-31,itransformer,11144.075517244675,14538.020487807613,DL
98102,2016-03-31,2017-03-31,2018-02-28,patchtst,95558.43358792253,150841.8273847553,DL
98102,2016-04-30,2017-04-30,2018-03-31,timemixer,90813.01652761351,146095.72620406555,DL
98102,2016-05-31,2017-05-31,2018-04-30,d2stgnn,102101.34640010768,132105.1336408333,spatial_temporal
98102,2016-06-30,2017-06-30,2018-05-31,d2stgnn,118242.83367304144,147185.64950863842,spatial_temporal
98102,2016-07-31,2017-07-31,2018-06-30,d2stgnn,136013.21219936022,159100.81464489517,spatial_temporal
98102,2016-08-31,2017-08-31,2018-07-31,dcrnn,140739.75988111264,171546.32879887804,spatial_temporal
98102,2016-09-30,2017-09-30,2018-08-31,dcrnn,130570.47047855268,170012.0664652755,spatial_temporal
98102,2016-10-31,2017-10-31,2018-09-30,dcrnn,130896.6906855787,183237.8603815852,spatial_temporal
98102,2016-11-30,2017-11-30,2018-10-31,dcrnn,122338.83539343877,160609.7352535473,spatial_temporal
98102,2016-12-31,2017-12-31,2018-11-30,d2stgnn,81716.78670853876,102450.27977667327,spatial_temporal
98102,2017-01-31,2018-01-31,2018-12-31,itransformer,96248.49734950565,121166.3414313546,DL
98102,2017-02-28,2018-02-28,2019-01-31,dcrnn,117816.19161356501,134636.59972436,spatial_temporal
98102,2017-03-31,2018-03-31,2019-02-28,dcrnn,117615.83582977367,129299.97769763137,spatial_temporal
98102,2017-04-30,2018-04-30,2019-03-31,dcrnn,142294.0964026841,174690.2832087207,spatial_temporal
98102,2017-05-31,2018-05-31,2019-04-30,chronos2_zero,103557.71517564186,127916.42829708214,foundation
98102,2017-06-30,2018-06-30,2019-05-31,chronos2_zero,104929.35304957065,134544.56178792013,foundation
98102,2017-07-31,2018-07-31,2019-06-30,chronos2_zero,110887.41860167088,148356.10695949203,foundation
98102,2017-08-31,2018-08-31,2019-07-31,chronos2_zero,91471.29476991105,127033.10590970502,foundation
98102,2017-09-30,2018-09-30,2019-08-31,chronos2_zero,118386.7538124901,152147.38226767466,foundation
98102,2017-10-31,2018-10-31,2019-09-30,patchtst,116407.321719365,152242.3785657908,DL
98102,2017-11-30,2018-11-30,2019-10-31,patchtst,111756.09025095997,150789.59988075058,DL
98102,2017-12-31,2018-12-31,2019-11-30,stgformer,102750.20456148281,144905.9867547221,spatial_temporal
98102,2018-01-31,2019-01-31,2019-12-31,timemixer,86419.60207835052,106614.61787792775,DL
98102,2018-02-28,2019-02-28,2020-01-31,timemixer,89146.19648566528,110949.44778735784,DL
98102,2018-03-31,2019-03-31,2020-02-29,d2stgnn,83493.48472567786,123908.51554698395,spatial_temporal
98102,2018-04-30,2019-04-30,2020-03-31,d2stgnn,78599.59134335608,105216.70531244688,spatial_temporal
98102,2018-05-31,2019-05-31,2020-04-30,itransformer,69601.09475075925,92814.65479361198,DL
98102,2018-06-30,2019-06-30,2020-05-31,itransformer,90899.62404940801,113924.40226301683,DL
98102,2018-07-31,2019-07-31,2020-06-30,dlinear,101375.94093757785,133759.0873092194,DL
98102,2018-08-31,2019-08-31,2020-07-31,dlinear,108405.16131924087,142822.81419077807,DL
98102,2018-09-30,2019-09-30,2020-08-31,dlinear,117801.2680507633,156495.68638945482,DL
98102,2018-10-31,2019-10-31,2020-09-30,itransformer,127424.47184211218,154809.81519202105,DL
98102,2018-11-30,2019-11-30,2020-10-31,itransformer,119521.03880554419,164121.90790114756,DL
98102,2018-12-31,2019-12-31,2020-11-30,dlinear,194006.71859245477,248511.34085120086,DL
98102,2019-01-31,2020-01-31,2020-12-31,stgformer,228106.03535153018,264954.73774790653,spatial_temporal
98102,2019-02-28,2020-02-29,2021-01-31,dlinear,232147.3789346076,278052.7280496047,DL
98102,2019-03-31,2020-03-31,2021-02-28,itransformer,204415.3774372742,238502.44855777544,DL
98102,2019-04-30,2020-04-30,2021-03-31,chronos2_zero,177117.92753402874,213695.54423222708,foundation
98102,2019-05-31,2020-05-31,2021-04-30,chronos2_zero,197273.92733631004,227637.88339835845,foundation
98102,2019-06-30,2020-06-30,2021-05-31,chronos2_zero,170804.7455448185,211923.87628534203,foundation
98102,2019-07-31,2020-07-31,2021-06-30,chronos2_zero,142422.87949169808,190061.69382701177,foundation
98102,2019-08-31,2020-08-31,2021-07-31,patchtst,175085.4712926921,223012.48242314532,DL
98102,2019-09-30,2020-09-30,2021-08-31,patchtst,156546.9715955263,211180.38725546692,DL
98102,2019-10-31,2020-10-31,2021-09-30,patchtst,128521.47487673147,156507.52501002557,DL
98102,2019-11-30,2020-11-30,2021-10-31,timemixer,106597.2564176133,127549.45442227146,DL
98102,2019-12-31,2020-12-31,2021-11-30,timemixer,99548.07364285087,120375.38462018568,DL
98102,2020-01-31,2021-01-31,2021-12-31,timemixer,107451.10844036628,132761.38113066574,DL
98102,2020-02-29,2021-02-28,2022-01-31,timemixer,102515.68038830964,130983.9569360377,DL
98102,2020-03-31,2021-03-31,2022-02-28,itransformer,79641.38986982404,103981.20383748326,DL
98102,2020-04-30,2021-04-30,2022-03-31,itransformer,81187.18504611659,94509.28909377013,DL
98102,2020-05-31,2021-05-31,2022-04-30,itransformer,61746.94336649417,74442.86159163756,DL
98102,2020-06-30,2021-06-30,2022-05-31,chronos2_zero,54807.96258449985,66791.2347325767,foundation
98102,2020-07-31,2021-07-31,2022-06-30,graph_wavenet,51495.414069158585,64420.54947215415,spatial_temporal
98102,2020-08-31,2021-08-31,2022-07-31,graph_wavenet,67769.49957936059,89554.7856935071,spatial_temporal
98102,2020-09-30,2021-09-30,2022-08-31,chronos2_zero,93444.09948165818,155054.2651259581,foundation
98102,2020-10-31,2021-10-31,2022-09-30,itransformer,119402.81258254389,172991.3225626338,DL
98102,2020-11-30,2021-11-30,2022-10-31,timemixer,122624.04351767502,183349.18415699326,DL
98102,2020-12-31,2021-12-31,2022-11-30,itransformer,140349.8667725003,189329.6804042496,DL
98102,2021-01-31,2022-01-31,2022-12-31,patchtst,126302.43824905716,191757.5328800694,DL
98102,2021-02-28,2022-02-28,2023-01-31,stgcn,117443.50064155455,152454.77040704113,spatial_temporal
98102,2021-03-31,2022-03-31,2023-02-28,itransformer,149817.68209770927,222800.67889642192,DL
98102,2021-04-30,2022-04-30,2023-03-31,graph_wavenet,184727.1149957849,241591.14663109722,spatial_temporal
98102,2021-05-31,2022-05-31,2023-04-30,graph_wavenet,183201.23831254034,245492.5323199153,spatial_temporal
98102,2021-06-30,2022-06-30,2023-05-31,d2stgnn,165826.43316601802,207551.38894829474,spatial_temporal
98102,2021-07-31,2022-07-31,2023-06-30,d2stgnn,171092.93176812265,226446.18639683787,spatial_temporal
98102,2021-08-31,2022-08-31,2023-07-31,dcrnn,159008.18213438088,225445.72698021316,spatial_temporal
98102,2021-09-30,2022-09-30,2023-08-31,dcrnn,134687.43265492073,185597.0094144409,spatial_temporal
98102,2021-10-31,2022-10-31,2023-09-30,dcrnn,122771.74617031164,178909.93169502684,spatial_temporal
98102,2021-11-30,2022-11-30,2023-10-31,dcrnn,107901.84545144181,174392.1386141753,spatial_temporal
98102,2021-12-31,2022-12-31,2023-11-30,patchtst,104307.82026317202,163254.86294975004,DL
98102,2022-12-31,2023-12-31,2024-11-30,graph_wavenet,159345.28826921593,204420.95735624066,spatial_temporal
98102,2023-01-31,2024-01-31,2024-12-31,graph_wavenet,129759.396558028,163704.6167507397,spatial_temporal
98102,2024-01-31,2025-01-31,2025-12-31,chronos2_zero,120191.0813711445,149458.3502216622,foundation
98102,2024-02-29,2025-02-28,2026-01-31,chronos2_zero,109623.14832278511,136360.91586765053,foundation
98102,2024-03-31,2025-03-31,2026-02-28,timesfm_zero,189702.1360947801,260454.58200439584,foundation
98102,2024-04-30,2025-04-30,2026-03-31,timesfm_zero,217151.47136073225,292376.46410012746,foundation
98102,2024-05-31,2025-05-31,2026-04-30,stgformer,188415.62374666458,282011.4211507328,spatial_temporal
98102,2024-06-30,2025-06-30,2026-05-31,stgformer,142670.96308279943,250151.4288910412,spatial_temporal
98102,2024-07-31,2025-07-31,2026-06-30,stgformer,133286.29092985066,218366.17908426851,spatial_temporal
98102,2024-08-31,2025-08-31,2026-07-31,stgformer,135128.91030212762,209856.75651415592,spatial_temporal
98103,2016-03-31,2017-03-31,2018-02-28,graph_wavenet,27151.2679484769,29574.644665523272,spatial_temporal
98103,2016-04-30,2017-04-30,2018-03-31,graph_wavenet,25464.21190137224,29328.633913187095,spatial_temporal
98103,2016-05-31,2017-05-31,2018-04-30,stgcn,17582.065557929443,24170.314003355797,spatial_temporal
98103,2016-06-30,2017-06-30,2018-05-31,stgcn,20456.99407453796,26001.50928416499,spatial_temporal
98103,2016-07-31,2017-07-31,2018-06-30,dcrnn,19802.975178028468,26096.24092127452,spatial_temporal
98103,2016-08-31,2017-08-31,2018-07-31,dcrnn,20192.478193690826,25543.49534132591,spatial_temporal
98103,2016-09-30,2017-09-30,2018-08-31,dcrnn,25430.53921096737,32260.494237904983,spatial_temporal
98103,2016-10-31,2017-10-31,2018-09-30,timemixer,22773.754142614885,28277.502306851056,DL
98103,2016-11-30,2017-11-30,2018-10-31,d2stgnn,22490.214818984376,28761.058571363596,spatial_temporal
98103,2016-12-31,2017-12-31,2018-11-30,d2stgnn,19235.58767263309,24434.779908923618,spatial_temporal
98103,2017-01-31,2018-01-31,2018-12-31,d2stgnn,17683.67071161758,22136.078620786713,spatial_temporal
98103,2017-02-28,2018-02-28,2019-01-31,patchtst,31574.516065143864,41254.28601259393,DL
98103,2017-03-31,2018-03-31,2019-02-28,d2stgnn,24631.254372888954,41292.426759677146,spatial_temporal
98103,2017-04-30,2018-04-30,2019-03-31,timemixer,26147.117879389232,37383.499929566664,DL
98103,2017-05-31,2018-05-31,2019-04-30,timemixer,29867.55458144443,41066.79027487509,DL
98103,2017-06-30,2018-06-30,2019-05-31,stgformer,32807.6790025835,47064.847348793555,spatial_temporal
98103,2017-07-31,2018-07-31,2019-06-30,stgformer,34358.063110169525,44542.36709345256,spatial_temporal
98103,2017-08-31,2018-08-31,2019-07-31,timemixer,28365.242476888543,40443.409562158624,DL
98103,2017-09-30,2018-09-30,2019-08-31,stgformer,27415.9251122412,39260.74063953365,spatial_temporal
98103,2017-10-31,2018-10-31,2019-09-30,graph_wavenet,24533.925460747694,33001.75169035018,spatial_temporal
98103,2017-11-30,2018-11-30,2019-10-31,dcrnn,24569.222005175554,31956.74178715833,spatial_temporal
98103,2017-12-31,2018-12-31,2019-11-30,dcrnn,25508.03377647135,34868.86209095779,spatial_temporal
98103,2018-01-31,2019-01-31,2019-12-31,dcrnn,32050.698079715814,45329.955056997,spatial_temporal
98103,2018-02-28,2019-02-28,2020-01-31,itransformer,19657.68677906178,24603.59646984769,DL
98103,2018-03-31,2019-03-31,2020-02-29,stgcn,16891.14976831022,21056.546658896827,spatial_temporal
98103,2018-04-30,2019-04-30,2020-03-31,stgcn,18278.997882144515,21846.414785894023,spatial_temporal
98103,2018-05-31,2019-05-31,2020-04-30,chronos2_zero,19571.476218788757,25228.9189274961,foundation
98103,2018-06-30,2019-06-30,2020-05-31,itransformer,19690.943356554268,28036.4000082848,DL
98103,2018-07-31,2019-07-31,2020-06-30,chronos2_zero,20272.57056241309,30133.381152311136,foundation
98103,2018-08-31,2019-08-31,2020-07-31,patchtst,22172.66247825565,27052.76970917162,DL
98103,2018-09-30,2019-09-30,2020-08-31,itransformer,16754.94684897429,27275.95586447949,DL
98103,2018-10-31,2019-10-31,2020-09-30,itransformer,25782.313530456653,32859.40080048076,DL
98103,2018-11-30,2019-11-30,2020-10-31,itransformer,28096.459142198844,39334.79172149516,DL
98103,2018-12-31,2019-12-31,2020-11-30,itransformer,17533.63829976741,24902.75852739331,DL
98103,2019-01-31,2020-01-31,2020-12-31,itransformer,23569.920854121225,31732.37234369553,DL
98103,2019-02-28,2020-02-29,2021-01-31,itransformer,23589.657579270366,29884.727913116745,DL
98103,2019-03-31,2020-03-31,2021-02-28,itransformer,20598.265914952983,28188.279270432475,DL
98103,2019-04-30,2020-04-30,2021-03-31,chronos2_zero,27759.30589439069,51943.438008724675,foundation
98103,2019-05-31,2020-05-31,2021-04-30,itransformer,27046.638606599783,44536.55282426118,DL
98103,2019-06-30,2020-06-30,2021-05-31,graph_wavenet,34575.753932716405,46977.26442612383,spatial_temporal
98103,2019-07-31,2020-07-31,2021-06-30,itransformer,33861.218138769524,44871.483272756,DL
98103,2019-08-31,2020-08-31,2021-07-31,stgformer,33076.49898645264,41917.041475268765,spatial_temporal
98103,2019-09-30,2020-09-30,2021-08-31,dlinear,27000.456603704137,35612.59315879637,DL
98103,2019-10-31,2020-10-31,2021-09-30,dlinear,37494.8796841067,47174.9758779241,DL
98103,2019-11-30,2020-11-30,2021-10-31,timemixer,34467.182100839884,41434.14587456394,DL
98103,2019-12-31,2020-12-31,2021-11-30,timemixer,29899.740235000772,40468.75121917597,DL
98103,2020-01-31,2021-01-31,2021-12-31,stgformer,34040.69990473852,42635.85520371317,spatial_temporal
98103,2020-02-29,2021-02-28,2022-01-31,stgformer,36046.472862533825,40299.324452428395,spatial_temporal
98103,2020-03-31,2021-03-31,2022-02-28,timemixer,38530.336240795936,48245.9044480273,DL
98103,2020-04-30,2021-04-30,2022-03-31,stgformer,35085.65192901964,43777.68383318707,spatial_temporal
98103,2020-05-31,2021-05-31,2022-04-30,timemixer,39543.213347247016,47508.526138867375,DL
98103,2020-06-30,2021-06-30,2022-05-31,graph_wavenet,41435.95573070299,52586.3262080646,spatial_temporal
98103,2020-07-31,2021-07-31,2022-06-30,graph_wavenet,38316.10020071836,47873.30757209539,spatial_temporal
98103,2020-08-31,2021-08-31,2022-07-31,itransformer,27184.646438005253,31017.181383436546,DL
98103,2020-09-30,2021-09-30,2022-08-31,itransformer,32946.47566175603,43776.86351154509,DL
98103,2020-10-31,2021-10-31,2022-09-30,d2stgnn,34489.36425641996,45786.354599966515,spatial_temporal
98103,2020-11-30,2021-11-30,2022-10-31,d2stgnn,31724.84684710912,35719.91399268836,spatial_temporal
98103,2020-12-31,2021-12-31,2022-11-30,patchtst,37553.473230638774,43156.82175979923,DL
98103,2021-01-31,2022-01-31,2022-12-31,patchtst,32812.421363704816,38919.094683451534,DL
98103,2021-02-28,2022-02-28,2023-01-31,dcrnn,28843.169291623868,31933.141487095796,spatial_temporal
98103,2021-03-31,2022-03-31,2023-02-28,dcrnn,19063.377110374044,24343.308328587274,spatial_temporal
98103,2021-04-30,2022-04-30,2023-03-31,chronos2_zero,24847.983742199915,27917.1981496398,foundation
98103,2021-05-31,2022-05-31,2023-04-30,graph_wavenet,15123.15756669495,19678.052210574242,spatial_temporal
98103,2021-06-30,2022-06-30,2023-05-31,timemixer,17570.672427503217,20435.59397559613,DL
98103,2021-07-31,2022-07-31,2023-06-30,timemixer,27536.944631987175,36651.86159568084,DL
98103,2021-08-31,2022-08-31,2023-07-31,timemixer,33847.425073327446,44990.673329392004,DL
98103,2021-09-30,2022-09-30,2023-08-31,itransformer,17220.41840805771,22046.31421669412,DL
98103,2021-10-31,2022-10-31,2023-09-30,itransformer,15367.022859626237,18063.56401474904,DL
98103,2021-11-30,2022-11-30,2023-10-31,itransformer,28452.760849475384,40870.654939839274,DL
98103,2021-12-31,2022-12-31,2023-11-30,timesfm_zero,35530.702238593054,41676.52060449879,foundation
98103,2022-12-31,2023-12-31,2024-11-30,itransformer,31286.295007365075,38245.66659232529,DL
98103,2023-01-31,2024-01-31,2024-12-31,itransformer,37210.98330265516,43152.623908065376,DL
98103,2024-01-31,2025-01-31,2025-12-31,itransformer,29548.280687893584,38817.34240033356,DL
98103,2024-02-29,2025-02-28,2026-01-31,dcrnn,24834.28496780842,44617.62923023147,spatial_temporal
98103,2024-03-31,2025-03-31,2026-02-28,chronos2_zero,48860.603313861415,58695.76244990146,foundation
98103,2024-04-30,2025-04-30,2026-03-31,d2stgnn,43068.16466138184,69377.95850267232,spatial_temporal
98103,2024-05-31,2025-05-31,2026-04-30,d2stgnn,48676.20876707827,62815.961849224055,spatial_temporal
98103,2024-06-30,2025-06-30,2026-05-31,timemixer,44573.633570405735,63171.84980982989,DL
98103,2024-07-31,2025-07-31,2026-06-30,itransformer,49854.35733035721,66121.22874386804,DL
98103,2024-08-31,2025-08-31,2026-07-31,timesfm_zero,54105.70545955724,69084.74530074831,foundation
98105,2016-03-31,2017-03-31,2018-02-28,itransformer,60933.86993700875,74856.7093517181,DL
98105,2016-04-30,2017-04-30,2018-03-31,dlinear,61082.186632237215,80593.27750145408,DL
98105,2016-05-31,2017-05-31,2018-04-30,dlinear,55239.739557640954,78256.6739436168,DL
98105,2016-06-30,2017-06-30,2018-05-31,dlinear,66129.00481051843,82704.39115206501,DL
98105,2016-07-31,2017-07-31,2018-06-30,dlinear,72122.31120748068,84891.40621047965,DL
98105,2016-08-31,2017-08-31,2018-07-31,dcrnn,70085.7100025628,85297.59961506224,spatial_temporal
98105,2016-09-30,2017-09-30,2018-08-31,dcrnn,67071.5881295411,82494.2098216223,spatial_temporal
98105,2016-10-31,2017-10-31,2018-09-30,timemixer,39726.028407737416,59141.34766549353,DL
98105,2016-11-30,2017-11-30,2018-10-31,timemixer,32668.803123237984,47217.56820364396,DL
98105,2016-12-31,2017-12-31,2018-11-30,stgcn,37313.80302414808,59214.227705425095,spatial_temporal
98105,2017-01-31,2018-01-31,2018-12-31,stgcn,31389.46519064515,44803.9353815193,spatial_temporal
98105,2017-02-28,2018-02-28,2019-01-31,graph_wavenet,39823.49287665897,57641.09757402931,spatial_temporal
98105,2017-03-31,2018-03-31,2019-02-28,graph_wavenet,46776.79541289591,73070.95519740353,spatial_temporal
98105,2017-04-30,2018-04-30,2019-03-31,patchtst,31963.15789087306,43522.896409958936,DL
98105,2017-05-31,2018-05-31,2019-04-30,patchtst,31350.169208655105,43511.05645945462,DL
98105,2017-06-30,2018-06-30,2019-05-31,patchtst,38555.660976885636,63360.017327271366,DL
98105,2017-07-31,2018-07-31,2019-06-30,chronos2_zero,44110.0344607541,63848.064664017314,foundation
98105,2017-08-31,2018-08-31,2019-07-31,chronos2_zero,42714.501068690595,63221.94495584366,foundation
98105,2017-09-30,2018-09-30,2019-08-31,chronos2_zero,49207.52178475903,66134.86433518233,foundation
98105,2017-10-31,2018-10-31,2019-09-30,dcrnn,65227.99285755673,80568.81381352949,spatial_temporal
98105,2017-11-30,2018-11-30,2019-10-31,dcrnn,65894.09578376042,84703.10714208099,spatial_temporal
98105,2017-12-31,2018-12-31,2019-11-30,dcrnn,65608.44232442217,74928.68315889935,spatial_temporal
98105,2018-01-31,2019-01-31,2019-12-31,dcrnn,76247.64138822332,82974.58444559785,spatial_temporal
98105,2018-02-28,2019-02-28,2020-01-31,graph_wavenet,70525.14727979818,89246.7727610191,spatial_temporal
98105,2018-03-31,2019-03-31,2020-02-29,timemixer,68229.56313000432,80601.0929204801,DL
98105,2018-04-30,2019-04-30,2020-03-31,timesfm_zero,65365.51854073365,82315.26061689571,foundation
98105,2018-05-31,2019-05-31,2020-04-30,dlinear,63509.98861404879,76728.61408260769,DL
98105,2018-06-30,2019-06-30,2020-05-31,timesfm_zero,65455.854907442605,78095.35652472221,foundation
98105,2018-07-31,2019-07-31,2020-06-30,timesfm_zero,70031.6476168005,90673.63181026625,foundation
98105,2018-08-31,2019-08-31,2020-07-31,stgformer,80875.67596993345,86093.29489827059,spatial_temporal
98105,2018-09-30,2019-09-30,2020-08-31,stgcn,85029.90175714772,95430.76792836646,spatial_temporal
98105,2018-10-31,2019-10-31,2020-09-30,d2stgnn,75266.43910472227,83971.42890894474,spatial_temporal
98105,2018-11-30,2019-11-30,2020-10-31,stgformer,73523.58712406058,84008.89226974754,spatial_temporal
98105,2018-12-31,2019-12-31,2020-11-30,dcrnn,74677.95202536705,82830.18157642554,spatial_temporal
98105,2019-01-31,2020-01-31,2020-12-31,dcrnn,84061.5909956652,89989.20184919238,spatial_temporal
98105,2019-02-28,2020-02-29,2021-01-31,dlinear,86660.29224304463,103826.21881646181,DL
98105,2019-03-31,2020-03-31,2021-02-28,dlinear,102631.00546078652,116764.84847110075,DL
98105,2019-04-30,2020-04-30,2021-03-31,d2stgnn,85152.20845011425,101613.74219060072,spatial_temporal
98105,2019-05-31,2020-05-31,2021-04-30,d2stgnn,82685.78933929752,98058.955326467,spatial_temporal
98105,2019-06-30,2020-06-30,2021-05-31,d2stgnn,84217.09737924644,93595.24998708873,spatial_temporal
98105,2019-07-31,2020-07-31,2021-06-30,graph_wavenet,55387.55557348116,67596.14439918146,spatial_temporal
98105,2019-08-31,2020-08-31,2021-07-31,stgcn,59292.4949143748,70325.6192091445,spatial_temporal
98105,2019-09-30,2020-09-30,2021-08-31,chronos2_zero,26012.3649766094,36374.66401578424,foundation
98105,2019-10-31,2020-10-31,2021-09-30,chronos2_zero,48055.633480008284,60272.79420810281,foundation
98105,2019-11-30,2020-11-30,2021-10-31,chronos2_zero,40695.74119454052,47295.836858403665,foundation
98105,2019-12-31,2020-12-31,2021-11-30,timesfm_zero,36238.41441378422,40379.395496236364,foundation
98105,2020-01-31,2021-01-31,2021-12-31,timesfm_zero,25826.99464514355,39885.784338547164,foundation
98105,2020-02-29,2021-02-28,2022-01-31,timesfm_zero,32513.117791875808,45363.31682181472,foundation
98105,2020-03-31,2021-03-31,2022-02-28,chronos2_zero,42178.574097428565,60211.37978707883,foundation
98105,2020-04-30,2021-04-30,2022-03-31,chronos2_zero,38166.10076821677,71317.25268486323,foundation
98105,2020-05-31,2021-05-31,2022-04-30,chronos2_zero,93915.41877946384,155224.88648471862,foundation
98105,2020-06-30,2021-06-30,2022-05-31,graph_wavenet,119226.97601191507,206530.0817259513,spatial_temporal
98105,2020-07-31,2021-07-31,2022-06-30,timemixer,130389.70077372673,164378.2847333205,DL
98105,2020-08-31,2021-08-31,2022-07-31,timemixer,137412.6651757673,156638.3967240908,DL
98105,2020-09-30,2021-09-30,2022-08-31,timemixer,103180.43378373352,156565.29544145105,DL
98105,2020-10-31,2021-10-31,2022-09-30,timemixer,116646.38607123726,174448.04402282948,DL
98105,2020-11-30,2021-11-30,2022-10-31,timemixer,113116.02062732576,174498.77886691835,DL
98105,2020-12-31,2021-12-31,2022-11-30,d2stgnn,125328.13959993959,154784.31492291178,spatial_temporal
98105,2021-01-31,2022-01-31,2022-12-31,d2stgnn,144876.6162992041,171069.7836427687,spatial_temporal
98105,2021-02-28,2022-02-28,2023-01-31,d2stgnn,171402.58624757142,194641.29929844913,spatial_temporal
98105,2021-03-31,2022-03-31,2023-02-28,dlinear,182001.1978114197,229395.35639340238,DL
98105,2021-04-30,2022-04-30,2023-03-31,graph_wavenet,122432.46084808178,171406.3119266208,spatial_temporal
98105,2021-05-31,2022-05-31,2023-04-30,graph_wavenet,88681.8530160766,123554.12024465947,spatial_temporal
98105,2021-06-30,2022-06-30,2023-05-31,itransformer,73314.15713056822,78979.29142767683,DL
98105,2021-07-31,2022-07-31,2023-06-30,d2stgnn,41531.5667649011,54528.3400445172,spatial_temporal
98105,2021-08-31,2022-08-31,2023-07-31,dcrnn,43297.2309614437,59686.24670711581,spatial_temporal
98105,2021-09-30,2022-09-30,2023-08-31,dcrnn,56629.359765866735,70660.1305446467,spatial_temporal
98105,2021-10-31,2022-10-31,2023-09-30,stgformer,62491.83202183732,67866.3413510448,spatial_temporal
98105,2021-11-30,2022-11-30,2023-10-31,chronos2_zero,40209.57734066341,55549.110419462384,foundation
98105,2021-12-31,2022-12-31,2023-11-30,d2stgnn,52920.540286236246,61037.559240626724,spatial_temporal
98105,2022-12-31,2023-12-31,2024-11-30,itransformer,39324.31684023803,53761.369044191735,DL
98105,2023-01-31,2024-01-31,2024-12-31,itransformer,42456.8842991931,60589.835051634305,DL
98105,2024-01-31,2025-01-31,2025-12-31,timesfm_zero,63802.77714389933,76663.94723698475,foundation
98105,2024-02-29,2025-02-28,2026-01-31,timesfm_zero,77284.44399264581,88345.80379672798,foundation
98105,2024-03-31,2025-03-31,2026-02-28,chronos2_zero,76741.14709992662,91898.8779158915,foundation
98105,2024-04-30,2025-04-30,2026-03-31,timesfm_zero,79564.86653602375,91121.39222021637,foundation
98105,2024-05-31,2025-05-31,2026-04-30,timesfm_zero,75399.85563214065,88114.9880795095,foundation
98105,2024-06-30,2025-06-30,2026-05-31,stgformer,66097.85602476716,88250.23735978325,spatial_temporal
98105,2024-07-31,2025-07-31,2026-06-30,stgformer,68876.52977924091,85149.14094518972,spatial_temporal
98105,2024-08-31,2025-08-31,2026-07-31,timemixer,72668.15424846807,90701.86652310319,DL
98106,2016-03-31,2017-03-31,2018-02-28,itransformer,52929.926792688646,60559.14367767075,DL
98106,2016-04-30,2017-04-30,2018-03-31,itransformer,49553.5279872868,58500.88944222908,DL
98106,2016-05-31,2017-05-31,2018-04-30,d2stgnn,44846.29584688492,59020.44357388307,spatial_temporal
98106,2016-06-30,2017-06-30,2018-05-31,graph_wavenet,43158.051493448234,53682.272061166215,spatial_temporal
98106,2016-07-31,2017-07-31,2018-06-30,dcrnn,41830.164220439896,52510.192640446105,spatial_temporal
98106,2016-08-31,2017-08-31,2018-07-31,itransformer,19574.993173248487,24763.35697592913,DL
98106,2016-09-30,2017-09-30,2018-08-31,itransformer,17874.310217579536,24719.558646450707,DL
98106,2016-10-31,2017-10-31,2018-09-30,d2stgnn,25680.424360273286,33828.238519642895,spatial_temporal
98106,2016-11-30,2017-11-30,2018-10-31,d2stgnn,29603.499281634697,37970.40652329034,spatial_temporal
98106,2016-12-31,2017-12-31,2018-11-30,dlinear,27317.258640626285,33782.75518180115,DL
98106,2017-01-31,2018-01-31,2018-12-31,stgformer,30732.32312648141,35857.855061035596,spatial_temporal
98106,2017-02-28,2018-02-28,2019-01-31,timemixer,19403.341738582967,23483.271581852056,DL
98106,2017-03-31,2018-03-31,2019-02-28,timemixer,13715.206706219722,18126.83025849065,DL
98106,2017-04-30,2018-04-30,2019-03-31,chronos2_zero,12524.136922162064,17294.43294005601,foundation
98106,2017-05-31,2018-05-31,2019-04-30,timemixer,11066.995385890847,14696.219977078976,DL
98106,2017-06-30,2018-06-30,2019-05-31,timemixer,15652.304065444323,19771.535022554344,DL
98106,2017-07-31,2018-07-31,2019-06-30,timemixer,13028.700190619778,16304.450317724202,DL
98106,2017-08-31,2018-08-31,2019-07-31,timemixer,22109.427644029678,26741.768723039266,DL
98106,2017-09-30,2018-09-30,2019-08-31,d2stgnn,20466.56046753103,24871.347415278644,spatial_temporal
98106,2017-10-31,2018-10-31,2019-09-30,stgcn,19022.93196203715,21201.294930663727,spatial_temporal
98106,2017-11-30,2018-11-30,2019-10-31,graph_wavenet,18901.537186960457,22926.00343172005,spatial_temporal
98106,2017-12-31,2018-12-31,2019-11-30,stgcn,17845.656999899482,23051.634628075008,spatial_temporal
98106,2018-01-31,2019-01-31,2019-12-31,itransformer,17027.838274611666,19353.776447856202,DL
98106,2018-02-28,2019-02-28,2020-01-31,graph_wavenet,19502.561231389398,24260.931319922347,spatial_temporal
98106,2018-03-31,2019-03-31,2020-02-29,dlinear,19595.305793558684,24342.875481804193,DL
98106,2018-04-30,2019-04-30,2020-03-31,dlinear,19294.408958296506,22612.17892288443,DL
98106,2018-05-31,2019-05-31,2020-04-30,dcrnn,17591.58134049024,20861.054822309532,spatial_temporal
98106,2018-06-30,2019-06-30,2020-05-31,itransformer,18929.243762884435,21370.74911526514,DL
98106,2018-07-31,2019-07-31,2020-06-30,itransformer,19668.880620632437,21891.483042030235,DL
98106,2018-08-31,2019-08-31,2020-07-31,stgcn,20487.990240361698,25485.699851572754,spatial_temporal
98106,2018-09-30,2019-09-30,2020-08-31,stgcn,20358.132998245565,25522.2690101421,spatial_temporal
98106,2018-10-31,2019-10-31,2020-09-30,itransformer,17762.82596475213,21766.28203282004,DL
98106,2018-11-30,2019-11-30,2020-10-31,itransformer,17685.98769045275,21614.714126544168,DL
98106,2018-12-31,2019-12-31,2020-11-30,stgcn,18935.620377891824,24317.67243912442,spatial_temporal
98106,2019-01-31,2020-01-31,2020-12-31,graph_wavenet,18609.383876567998,21568.812745023126,spatial_temporal
98106,2019-02-28,2020-02-29,2021-01-31,itransformer,16926.54525050354,18646.406921363017,DL
98106,2019-03-31,2020-03-31,2021-02-28,stgcn,13052.671199698301,17423.523239389255,spatial_temporal
98106,2019-04-30,2020-04-30,2021-03-31,itransformer,14772.260701118881,19707.714739045718,DL
98106,2019-05-31,2020-05-31,2021-04-30,timemixer,11787.201186756158,15964.458984001007,DL
98106,2019-06-30,2020-06-30,2021-05-31,timemixer,11823.622482644781,15550.647816936933,DL
98106,2019-07-31,2020-07-31,2021-06-30,graph_wavenet,14717.624945366959,18490.735632561085,spatial_temporal
98106,2019-08-31,2020-08-31,2021-07-31,timemixer,12284.917072766548,15660.38404927069,DL
98106,2019-09-30,2020-09-30,2021-08-31,timemixer,9765.986741602033,11906.973913697739,DL
98106,2019-10-31,2020-10-31,2021-09-30,dcrnn,11542.754373460144,15437.125098376238,spatial_temporal
98106,2019-11-30,2020-11-30,2021-10-31,dlinear,12023.189232553705,16276.25615270834,DL
98106,2019-12-31,2020-12-31,2021-11-30,dlinear,15652.979097382777,18258.063423336807,DL
98106,2020-01-31,2021-01-31,2021-12-31,dcrnn,13328.491747323947,21555.92366350534,spatial_temporal
98106,2020-02-29,2021-02-28,2022-01-31,dlinear,16756.769413320086,18714.468775280275,DL
98106,2020-03-31,2021-03-31,2022-02-28,dlinear,16473.197821771377,19192.131404763655,DL
98106,2020-04-30,2021-04-30,2022-03-31,graph_wavenet,13997.269350003742,16423.604296713987,spatial_temporal
98106,2020-05-31,2021-05-31,2022-04-30,stgformer,13344.241327205566,15865.613052141094,spatial_temporal
98106,2020-06-30,2021-06-30,2022-05-31,stgformer,16115.841882099883,19278.179622729956,spatial_temporal
98106,2020-07-31,2021-07-31,2022-06-30,stgformer,20025.986536845634,25098.26539838043,spatial_temporal
98106,2020-08-31,2021-08-31,2022-07-31,stgformer,23500.84503208,30790.846265701464,spatial_temporal
98106,2020-09-30,2021-09-30,2022-08-31,d2stgnn,17179.957751228358,21476.806397684344,spatial_temporal
98106,2020-10-31,2021-10-31,2022-09-30,timemixer,18105.45008887489,21598.505784636476,DL
98106,2020-11-30,2021-11-30,2022-10-31,d2stgnn,21978.34845994671,26327.61926239915,spatial_temporal
98106,2020-12-31,2021-12-31,2022-11-30,d2stgnn,18373.723156857723,22560.40125893836,spatial_temporal
98106,2021-01-31,2022-01-31,2022-12-31,d2stgnn,14235.617693231441,20523.021060302523,spatial_temporal
98106,2021-02-28,2022-02-28,2023-01-31,d2stgnn,18097.636038139713,20709.40491370923,spatial_temporal
98106,2021-03-31,2022-03-31,2023-02-28,timemixer,27729.94108409224,32646.9264264552,DL
98106,2021-04-30,2022-04-30,2023-03-31,dcrnn,19308.08393061097,25034.675997162394,spatial_temporal
98106,2021-05-31,2022-05-31,2023-04-30,dcrnn,13929.804568834263,17537.41116495518,spatial_temporal
98106,2021-06-30,2022-06-30,2023-05-31,timemixer,17830.154986972124,22298.567229024822,DL
98106,2021-07-31,2022-07-31,2023-06-30,d2stgnn,16707.84457034933,18934.20992296147,spatial_temporal
98106,2021-08-31,2022-08-31,2023-07-31,itransformer,17717.8450145652,22182.290459494012,DL
98106,2021-09-30,2022-09-30,2023-08-31,itransformer,17660.943855247053,20371.495049374993,DL
98106,2021-10-31,2022-10-31,2023-09-30,itransformer,16594.88134798694,20290.470929591702,DL
98106,2021-11-30,2022-11-30,2023-10-31,itransformer,19014.385912317823,21143.733770515213,DL
98106,2021-12-31,2022-12-31,2023-11-30,itransformer,18028.711427000922,20158.326695355336,DL
98106,2022-12-31,2023-12-31,2024-11-30,dcrnn,16135.39117033704,20504.189702882763,spatial_temporal
98106,2023-01-31,2024-01-31,2024-12-31,dlinear,17775.507850766822,22968.024238743954,DL
98106,2024-01-31,2025-01-31,2025-12-31,chronos2_zero,22657.017258187727,28276.989751508892,foundation
98106,2024-02-29,2025-02-28,2026-01-31,timesfm_zero,24306.315901216236,34239.32682156188,foundation
98106,2024-03-31,2025-03-31,2026-02-28,graph_wavenet,26209.215123803227,34483.421524513826,spatial_temporal
98106,2024-04-30,2025-04-30,2026-03-31,chronos2_zero,23133.03724869134,29761.458212912796,foundation
98106,2024-05-31,2025-05-31,2026-04-30,graph_wavenet,25547.616318837052,32289.66308054345,spatial_temporal
98106,2024-06-30,2025-06-30,2026-05-31,graph_wavenet,26384.72412147176,29536.981069484904,spatial_temporal
98106,2024-07-31,2025-07-31,2026-06-30,chronos2_zero,24108.41782879425,27321.245337792083,foundation
98106,2024-08-31,2025-08-31,2026-07-31,chronos2_zero,18233.211463817435,20964.13987186209,foundation
98107,2016-03-31,2017-03-31,2018-02-28,graph_wavenet,52183.935197257575,59288.47928916368,spatial_temporal
98107,2016-04-30,2017-04-30,2018-03-31,dlinear,42059.81005548205,51924.37704408602,DL
98107,2016-05-31,2017-05-31,2018-04-30,dlinear,43253.63612274141,52937.95255431721,DL
98107,2016-06-30,2017-06-30,2018-05-31,stgcn,34493.90589626802,39112.42645254388,spatial_temporal
98107,2016-07-31,2017-07-31,2018-06-30,patchtst,34235.69063427026,45162.32322393748,DL
98107,2016-08-31,2017-08-31,2018-07-31,itransformer,29541.01409169562,35304.282600795,DL
98107,2016-09-30,2017-09-30,2018-08-31,patchtst,30045.27912161351,38999.46225997167,DL
98107,2016-10-31,2017-10-31,2018-09-30,patchtst,25362.47298349386,33160.35408755972,DL
98107,2016-11-30,2017-11-30,2018-10-31,patchtst,26346.82864365131,37563.52447064669,DL
98107,2016-12-31,2017-12-31,2018-11-30,patchtst,30316.602332855662,37927.70335809876,DL
98107,2017-01-31,2018-01-31,2018-12-31,patchtst,30371.964928981102,40113.619821276334,DL
98107,2017-02-28,2018-02-28,2019-01-31,patchtst,34347.37650468948,43404.36293628856,DL
98107,2017-03-31,2018-03-31,2019-02-28,timemixer,28386.061373477674,37193.84884549419,DL
98107,2017-04-30,2018-04-30,2019-03-31,stgformer,28264.212420415442,35619.17172754669,spatial_temporal
98107,2017-05-31,2018-05-31,2019-04-30,stgformer,33486.66416168116,41277.12043989576,spatial_temporal
98107,2017-06-30,2018-06-30,2019-05-31,chronos2_zero,37509.33686720688,49221.92256327488,foundation
98107,2017-07-31,2018-07-31,2019-06-30,timemixer,37865.90932605064,47974.38093093037,DL
98107,2017-08-31,2018-08-31,2019-07-31,timemixer,27553.65390308863,34308.7835107848,DL
98107,2017-09-30,2018-09-30,2019-08-31,stgcn,23089.815065082115,29129.65451578635,spatial_temporal
98107,2017-10-31,2018-10-31,2019-09-30,stgformer,22266.829056804552,26595.22543697917,spatial_temporal
98107,2017-11-30,2018-11-30,2019-10-31,stgformer,14829.163021999431,19176.698389663597,spatial_temporal
98107,2017-12-31,2018-12-31,2019-11-30,chronos2_zero,20621.232449336472,25273.833153078856,foundation
98107,2018-01-31,2019-01-31,2019-12-31,graph_wavenet,19735.69139983537,27183.693997245104,spatial_temporal
98107,2018-02-28,2019-02-28,2020-01-31,stgcn,15359.248630725031,20026.566936106938,spatial_temporal
98107,2018-03-31,2019-03-31,2020-02-29,graph_wavenet,20654.381658299564,25801.82679343595,spatial_temporal
98107,2018-04-30,2019-04-30,2020-03-31,stgcn,16348.959650797246,19012.290611659413,spatial_temporal
98107,2018-05-31,2019-05-31,2020-04-30,dcrnn,15220.510406883064,17922.06884747703,spatial_temporal
98107,2018-06-30,2019-06-30,2020-05-31,stgcn,17073.201137886517,18983.02666228854,spatial_temporal
98107,2018-07-31,2019-07-31,2020-06-30,patchtst,14760.517618801901,17671.889576204594,DL
98107,2018-08-31,2019-08-31,2020-07-31,graph_wavenet,13417.588188113266,16547.132517504942,spatial_temporal
98107,2018-09-30,2019-09-30,2020-08-31,graph_wavenet,19728.690623555874,21927.63545248974,spatial_temporal
98107,2018-10-31,2019-10-31,2020-09-30,itransformer,17424.83748694,20742.926384826547,DL
98107,2018-11-30,2019-11-30,2020-10-31,graph_wavenet,21030.172630614736,27620.696999642136,spatial_temporal
98107,2018-12-31,2019-12-31,2020-11-30,itransformer,28320.524107407797,30975.847777922503,DL
98107,2019-01-31,2020-01-31,2020-12-31,timemixer,16224.885150337874,22115.378207497248,DL
98107,2019-02-28,2020-02-29,2021-01-31,itransformer,13825.708863404696,17389.877862838002,DL
98107,2019-03-31,2020-03-31,2021-02-28,timemixer,19558.2034123139,23195.895669313704,DL
98107,2019-04-30,2020-04-30,2021-03-31,timemixer,15313.544952574885,20607.674992509896,DL
98107,2019-05-31,2020-05-31,2021-04-30,graph_wavenet,18580.424230956396,25415.37188166637,spatial_temporal
98107,2019-06-30,2020-06-30,2021-05-31,stgformer,21429.54105475252,24966.167100609637,spatial_temporal
98107,2019-07-31,2020-07-31,2021-06-30,d2stgnn,11361.958148371903,12812.082432146379,spatial_temporal
98107,2019-08-31,2020-08-31,2021-07-31,d2stgnn,22706.648280896497,27666.15795937124,spatial_temporal
98107,2019-09-30,2020-09-30,2021-08-31,stgformer,20547.33329345708,28420.17717699761,spatial_temporal
98107,2019-10-31,2020-10-31,2021-09-30,stgformer,29214.559628815245,41414.87545629316,spatial_temporal
98107,2019-11-30,2020-11-30,2021-10-31,stgformer,29385.285275226615,36768.37521090414,spatial_temporal
98107,2019-12-31,2020-12-31,2021-11-30,dlinear,25340.21033034464,31704.535254778097,DL
98107,2020-01-31,2021-01-31,2021-12-31,d2stgnn,32003.40771084209,38783.490047904656,spatial_temporal
98107,2020-02-29,2021-02-28,2022-01-31,dcrnn,37460.82099020056,47795.7361239561,spatial_temporal
98107,2020-03-31,2021-03-31,2022-02-28,stgformer,46103.09800603845,64452.81895310365,spatial_temporal
98107,2020-04-30,2021-04-30,2022-03-31,stgformer,48180.473670683685,66022.30803087381,spatial_temporal
98107,2020-05-31,2021-05-31,2022-04-30,timemixer,49555.976249316016,67919.27341592516,DL
98107,2020-06-30,2021-06-30,2022-05-31,timemixer,51584.662815674594,66969.36886216958,DL
98107,2020-07-31,2021-07-31,2022-06-30,stgcn,54546.30598171584,78924.452231144,spatial_temporal
98107,2020-08-31,2021-08-31,2022-07-31,d2stgnn,43157.556938785834,61325.84444463124,spatial_temporal
98107,2020-09-30,2021-09-30,2022-08-31,d2stgnn,54117.60878842237,72652.62149191732,spatial_temporal
98107,2020-10-31,2021-10-31,2022-09-30,d2stgnn,72034.80035702711,101603.73276356622,spatial_temporal
98107,2020-11-30,2021-11-30,2022-10-31,d2stgnn,83742.76894487884,113705.67079315617,spatial_temporal
98107,2020-12-31,2021-12-31,2022-11-30,dlinear,91819.87786733075,121969.51375246677,DL
98107,2021-01-31,2022-01-31,2022-12-31,patchtst,99571.35524391774,124765.541020482,DL
98107,2021-02-28,2022-02-28,2023-01-31,chronos2_zero,97257.3715536911,106711.0973303794,foundation
98107,2021-03-31,2022-03-31,2023-02-28,timemixer,73054.46512713637,88902.64267345211,DL
98107,2021-04-30,2022-04-30,2023-03-31,stgformer,86364.09695806216,103406.48861443061,spatial_temporal
98107,2021-05-31,2022-05-31,2023-04-30,stgformer,87657.0521450396,104701.93410893567,spatial_temporal
98107,2021-06-30,2022-06-30,2023-05-31,stgformer,93058.61216136238,112084.7672244133,spatial_temporal
98107,2021-07-31,2022-07-31,2023-06-30,stgformer,97340.5506740639,117074.33406296048,spatial_temporal
98107,2021-08-31,2022-08-31,2023-07-31,stgcn,83120.84622076833,92527.8936750023,spatial_temporal
98107,2021-09-30,2022-09-30,2023-08-31,stgcn,74717.93393863188,87117.37642582999,spatial_temporal
98107,2021-10-31,2022-10-31,2023-09-30,itransformer,76176.68262245005,85207.40045778555,DL
98107,2021-11-30,2022-11-30,2023-10-31,timemixer,64115.096033121605,79669.71778257203,DL
98107,2021-12-31,2022-12-31,2023-11-30,chronos2_zero,76004.64373671162,97897.27801552518,foundation
98107,2022-12-31,2023-12-31,2024-11-30,chronos2_zero,64252.83075796083,86848.38095989109,foundation
98107,2023-01-31,2024-01-31,2024-12-31,chronos2_zero,87248.96916447367,106223.79932657427,foundation
98107,2024-01-31,2025-01-31,2025-12-31,itransformer,42595.726609385434,61714.140343133935,DL
98107,2024-02-29,2025-02-28,2026-01-31,itransformer,37399.283706951996,47898.4146600529,DL
98107,2024-03-31,2025-03-31,2026-02-28,dcrnn,42598.74412031136,61595.4241656515,spatial_temporal
98107,2024-04-30,2025-04-30,2026-03-31,dcrnn,46435.015345925116,66564.52618052224,spatial_temporal
98107,2024-05-31,2025-05-31,2026-04-30,chronos2_zero,53810.37657665877,70179.66007570828,foundation
98107,2024-06-30,2025-06-30,2026-05-31,patchtst,59984.9259866298,78474.64952832689,DL
98107,2024-07-31,2025-07-31,2026-06-30,stgcn,63196.765599562415,89932.33058195763,spatial_temporal
98107,2024-08-31,2025-08-31,2026-07-31,stgcn,61820.02869001091,89238.61395247956,spatial_temporal
98108,2016-03-31,2017-03-31,2018-02-28,stgformer,28138.99329111136,36070.648567592616,spatial_temporal
98108,2016-04-30,2017-04-30,2018-03-31,stgformer,33538.96700216783,46452.59953628346,spatial_temporal
98108,2016-05-31,2017-05-31,2018-04-30,graph_wavenet,31524.442011406583,43247.47966725011,spatial_temporal
98108,2016-06-30,2017-06-30,2018-05-31,stgformer,40557.9713081752,52118.76580360172,spatial_temporal
98108,2016-07-31,2017-07-31,2018-06-30,stgformer,39650.7316078652,51324.37312878958,spatial_temporal
98108,2016-08-31,2017-08-31,2018-07-31,itransformer,31626.9205869737,40063.94734444662,DL
98108,2016-09-30,2017-09-30,2018-08-31,itransformer,30939.888796483443,35988.443161194285,DL
98108,2016-10-31,2017-10-31,2018-09-30,dcrnn,33297.41494430237,41563.059883927286,spatial_temporal
98108,2016-11-30,2017-11-30,2018-10-31,d2stgnn,32926.85366187888,43083.156086889474,spatial_temporal
98108,2016-12-31,2017-12-31,2018-11-30,d2stgnn,30447.422976855956,40364.204141784554,spatial_temporal
98108,2017-01-31,2018-01-31,2018-12-31,d2stgnn,31757.252043851255,40343.99699566556,spatial_temporal
98108,2017-02-28,2018-02-28,2019-01-31,timemixer,31460.8519168503,36449.968317994055,DL
98108,2017-03-31,2018-03-31,2019-02-28,chronos2_zero,30445.593728710093,36241.747771441136,foundation
98108,2017-04-30,2018-04-30,2019-03-31,timesfm_zero,22648.58209564333,29633.15978496671,foundation
98108,2017-05-31,2018-05-31,2019-04-30,timesfm_zero,26201.19650998405,32072.139873947337,foundation
98108,2017-06-30,2018-06-30,2019-05-31,timesfm_zero,28942.091876097304,31667.432996443447,foundation
98108,2017-07-31,2018-07-31,2019-06-30,timemixer,24527.82936003494,26831.302185216777,DL
98108,2017-08-31,2018-08-31,2019-07-31,timemixer,24529.22494572302,29844.57743241501,DL
98108,2017-09-30,2018-09-30,2019-08-31,graph_wavenet,25915.36454527243,29056.831456316155,spatial_temporal
98108,2017-10-31,2018-10-31,2019-09-30,itransformer,20534.598153112165,24354.842976272495,DL
98108,2017-11-30,2018-11-30,2019-10-31,d2stgnn,17777.85915230656,21250.5411942182,spatial_temporal
98108,2017-12-31,2018-12-31,2019-11-30,d2stgnn,14949.568238947977,18177.909837460218,spatial_temporal
98108,2018-01-31,2019-01-31,2019-12-31,d2stgnn,20115.598092265805,24342.617502027195,spatial_temporal
98108,2018-02-28,2019-02-28,2020-01-31,dlinear,19557.014545821195,25606.303921958435,DL
98108,2018-03-31,2019-03-31,2020-02-29,dlinear,10679.760946227761,13043.746521191111,DL
98108,2018-04-30,2019-04-30,2020-03-31,dlinear,15305.5176949879,20908.064270607807,DL
98108,2018-05-31,2019-05-31,2020-04-30,graph_wavenet,13840.179650021688,17384.543012436756,spatial_temporal
98108,2018-06-30,2019-06-30,2020-05-31,graph_wavenet,10042.882567027913,12817.098506006687,spatial_temporal
98108,2018-07-31,2019-07-31,2020-06-30,graph_wavenet,10903.295243341126,14196.578933142515,spatial_temporal
98108,2018-08-31,2019-08-31,2020-07-31,itransformer,11622.886857621683,13834.53093606689,DL
98108,2018-09-30,2019-09-30,2020-08-31,itransformer,11902.039472781762,16014.732827762593,DL
98108,2018-10-31,2019-10-31,2020-09-30,dcrnn,11084.23373843971,13021.092163139472,spatial_temporal
98108,2018-11-30,2019-11-30,2020-10-31,dcrnn,10323.418248259297,13428.942659526692,spatial_temporal
98108,2018-12-31,2019-12-31,2020-11-30,dcrnn,13685.936830717139,16751.289775853194,spatial_temporal
98108,2019-01-31,2020-01-31,2020-12-31,dcrnn,17714.165371558356,23999.43864611498,spatial_temporal
98108,2019-02-28,2020-02-29,2021-01-31,stgformer,23149.54751765725,28644.508415452834,spatial_temporal
98108,2019-03-31,2020-03-31,2021-02-28,graph_wavenet,24395.934344570094,32008.014850135918,spatial_temporal
98108,2019-04-30,2020-04-30,2021-03-31,dcrnn,19249.28263311928,26404.198118477725,spatial_temporal
98108,2019-05-31,2020-05-31,2021-04-30,dcrnn,17581.939095666592,23076.67743861694,spatial_temporal
98108,2019-06-30,2020-06-30,2021-05-31,itransformer,16086.54414473931,20093.311839988433,DL
98108,2019-07-31,2020-07-31,2021-06-30,graph_wavenet,17830.049746690755,23389.770406722106,spatial_temporal
98108,2019-08-31,2020-08-31,2021-07-31,graph_wavenet,21552.539515636297,25790.15510160665,spatial_temporal
98108,2019-09-30,2020-09-30,2021-08-31,graph_wavenet,21763.041692339903,25054.663522019517,spatial_temporal
98108,2019-10-31,2020-10-31,2021-09-30,graph_wavenet,21281.387167431345,25127.11322019837,spatial_temporal
98108,2019-11-30,2020-11-30,2021-10-31,stgcn,25163.782662263595,29438.73682633719,spatial_temporal
98108,2019-12-31,2020-12-31,2021-11-30,itransformer,32697.97561091046,36817.589286340204,DL
98108,2020-01-31,2021-01-31,2021-12-31,chronos2_zero,22261.319901528757,32317.798467975845,foundation
98108,2020-02-29,2021-02-28,2022-01-31,chronos2_zero,22193.468569714216,33034.26418655627,foundation
98108,2020-03-31,2021-03-31,2022-02-28,chronos2_zero,24997.230299332132,34503.67898307203,foundation
98108,2020-04-30,2021-04-30,2022-03-31,timemixer,32356.64759098711,36880.627520875554,DL
98108,2020-05-31,2021-05-31,2022-04-30,graph_wavenet,31685.841117207892,35680.65961036322,spatial_temporal
98108,2020-06-30,2021-06-30,2022-05-31,graph_wavenet,37217.98680015391,42049.957710285205,spatial_temporal
98108,2020-07-31,2021-07-31,2022-06-30,stgcn,44146.28164103237,50906.193872585885,spatial_temporal
98108,2020-08-31,2021-08-31,2022-07-31,timemixer,38521.03955115296,45508.13750276132,DL
98108,2020-09-30,2021-09-30,2022-08-31,timemixer,28471.10925364606,33519.08443674997,DL
98108,2020-10-31,2021-10-31,2022-09-30,timemixer,27051.08867627711,35732.68506967961,DL
98108,2020-11-30,2021-11-30,2022-10-31,timemixer,33276.50659868214,39673.77731657069,DL
98108,2020-12-31,2021-12-31,2022-11-30,timemixer,38044.11913784575,49753.55645553637,DL
98108,2021-01-31,2022-01-31,2022-12-31,d2stgnn,31046.51100034843,39190.10751677256,spatial_temporal
98108,2021-02-28,2022-02-28,2023-01-31,d2stgnn,33055.68674908247,38780.30196132945,spatial_temporal
98108,2021-03-31,2022-03-31,2023-02-28,d2stgnn,26942.231932197767,35467.370502666854,spatial_temporal
98108,2021-04-30,2022-04-30,2023-03-31,d2stgnn,36824.24606907306,48844.42087712054,spatial_temporal
98108,2021-05-31,2022-05-31,2023-04-30,d2stgnn,39386.10755002918,49989.29852982359,spatial_temporal
98108,2021-06-30,2022-06-30,2023-05-31,d2stgnn,49209.29204491698,57654.053914310745,spatial_temporal
98108,2021-07-31,2022-07-31,2023-06-30,d2stgnn,39708.59918333302,47956.441816193925,spatial_temporal
98108,2021-08-31,2022-08-31,2023-07-31,timemixer,37567.719022225116,44661.2871871272,DL
98108,2021-09-30,2022-09-30,2023-08-31,timemixer,36360.51533676421,45509.749971096535,DL
98108,2021-10-31,2022-10-31,2023-09-30,chronos2_zero,32001.360602300672,41916.641027515405,foundation
98108,2021-11-30,2022-11-30,2023-10-31,stgcn,40957.160141274995,48453.2400088523,spatial_temporal
98108,2021-12-31,2022-12-31,2023-11-30,d2stgnn,45917.24983550105,57180.23774249227,spatial_temporal
98108,2022-12-31,2023-12-31,2024-11-30,dlinear,36293.4363732658,55230.748040497594,DL
98108,2023-01-31,2024-01-31,2024-12-31,dlinear,40816.12052013577,56989.23252482512,DL
98108,2024-01-31,2025-01-31,2025-12-31,stgcn,21614.767388717195,30583.386108119954,spatial_temporal
98108,2024-02-29,2025-02-28,2026-01-31,patchtst,23664.50162440095,31285.962411791308,DL
98108,2024-03-31,2025-03-31,2026-02-28,patchtst,26032.41433651593,33220.61745788616,DL
98108,2024-04-30,2025-04-30,2026-03-31,dcrnn,29469.52375229354,35413.40894709202,spatial_temporal
98108,2024-05-31,2025-05-31,2026-04-30,stgcn,26875.77384072648,35349.69211601943,spatial_temporal
98108,2024-06-30,2025-06-30,2026-05-31,patchtst,29833.995702615997,34253.50283549772,DL
98108,2024-07-31,2025-07-31,2026-06-30,patchtst,28965.146580365563,35277.03478341064,DL
98108,2024-08-31,2025-08-31,2026-07-31,patchtst,31290.991771376586,36582.11008781353,DL
98109,2016-03-31,2017-03-31,2018-02-28,itransformer,87175.47768847147,113835.53011804081,DL
98109,2016-04-30,2017-04-30,2018-03-31,stgcn,76710.06965782729,103138.22679697187,spatial_temporal
98109,2016-05-31,2017-05-31,2018-04-30,stgcn,66689.32901647834,85216.8681286865,spatial_temporal
98109,2016-06-30,2017-06-30,2018-05-31,timemixer,59007.17113078761,79937.74846161633,DL
98109,2016-07-31,2017-07-31,2018-06-30,stgformer,62990.21979917032,76832.88690289574,spatial_temporal
98109,2016-08-31,2017-08-31,2018-07-31,stgformer,97151.19573818617,111083.77575180268,spatial_temporal
98109,2016-09-30,2017-09-30,2018-08-31,timemixer,107415.79426125805,132468.65043039547,DL
98109,2016-10-31,2017-10-31,2018-09-30,d2stgnn,97046.64704197661,115032.17873945087,spatial_temporal
98109,2016-11-30,2017-11-30,2018-10-31,d2stgnn,95252.92932926945,118844.13408950176,spatial_temporal
98109,2016-12-31,2017-12-31,2018-11-30,d2stgnn,91547.70148335076,110347.47074953759,spatial_temporal
98109,2017-01-31,2018-01-31,2018-12-31,d2stgnn,81044.81431996265,100468.47072909976,spatial_temporal
98109,2017-02-28,2018-02-28,2019-01-31,dlinear,95195.77858454459,119323.45056712645,DL
98109,2017-03-31,2018-03-31,2019-02-28,dlinear,90257.04605542554,110288.2388169226,DL
98109,2017-04-30,2018-04-30,2019-03-31,graph_wavenet,106300.40845591317,130991.89296530504,spatial_temporal
98109,2017-05-31,2018-05-31,2019-04-30,graph_wavenet,115970.45910008445,139798.36869669016,spatial_temporal
98109,2017-06-30,2018-06-30,2019-05-31,graph_wavenet,89208.6120788501,100393.79022760631,spatial_temporal
98109,2017-07-31,2018-07-31,2019-06-30,itransformer,79410.75247497082,94698.46678931218,DL
98109,2017-08-31,2018-08-31,2019-07-31,timesfm_zero,86313.85977379298,110711.19917537831,foundation
98109,2017-09-30,2018-09-30,2019-08-31,d2stgnn,60209.73391356531,80350.6316031799,spatial_temporal
98109,2017-10-31,2018-10-31,2019-09-30,graph_wavenet,80912.8503231156,99315.2301370877,spatial_temporal
98109,2017-11-30,2018-11-30,2019-10-31,dcrnn,87545.53516006681,111379.4120653693,spatial_temporal
98109,2017-12-31,2018-12-31,2019-11-30,timesfm_zero,92435.84719712689,116366.58539218707,foundation
98109,2018-01-31,2019-01-31,2019-12-31,dcrnn,101933.1636290151,119074.35692568388,spatial_temporal
98109,2018-02-28,2019-02-28,2020-01-31,dcrnn,104761.67165304614,125681.98839614187,spatial_temporal
98109,2018-03-31,2019-03-31,2020-02-29,dcrnn,117478.07980831341,137894.15353509237,spatial_temporal
98109,2018-04-30,2019-04-30,2020-03-31,timemixer,127187.52841364343,150266.0720947299,DL
98109,2018-05-31,2019-05-31,2020-04-30,patchtst,123515.19168899163,143049.00858402404,DL
98109,2018-06-30,2019-06-30,2020-05-31,dlinear,114896.41753623226,135921.16330474947,DL
98109,2018-07-31,2019-07-31,2020-06-30,graph_wavenet,130609.63954645145,148022.14640425835,spatial_temporal
98109,2018-08-31,2019-08-31,2020-07-31,graph_wavenet,128205.13838251668,149615.1456958436,spatial_temporal
98109,2018-09-30,2019-09-30,2020-08-31,patchtst,135093.5557180979,155966.832270158,DL
98109,2018-10-31,2019-10-31,2020-09-30,d2stgnn,116189.70162611018,136837.9617002639,spatial_temporal
98109,2018-11-30,2019-11-30,2020-10-31,dcrnn,123864.67581344652,146463.1509998532,spatial_temporal
98109,2018-12-31,2019-12-31,2020-11-30,itransformer,107289.7622144551,138967.38199492023,DL
98109,2019-01-31,2020-01-31,2020-12-31,graph_wavenet,117614.91616679654,144597.04850760446,spatial_temporal
98109,2019-02-28,2020-02-29,2021-01-31,stgformer,110912.5587729161,141127.91467925487,spatial_temporal
98109,2019-03-31,2020-03-31,2021-02-28,dlinear,109741.1022307946,133101.2910675523,DL
98109,2019-04-30,2020-04-30,2021-03-31,graph_wavenet,90165.93846551779,115307.61203814064,spatial_temporal
98109,2019-05-31,2020-05-31,2021-04-30,graph_wavenet,89215.96690973942,114190.48635213428,spatial_temporal
98109,2019-06-30,2020-06-30,2021-05-31,graph_wavenet,97789.34702505845,124595.25157464904,spatial_temporal
98109,2019-07-31,2020-07-31,2021-06-30,stgformer,103930.06825711182,121895.46735054575,spatial_temporal
98109,2019-08-31,2020-08-31,2021-07-31,graph_wavenet,108362.61193610898,145386.0222933421,spatial_temporal
98109,2019-09-30,2020-09-30,2021-08-31,dlinear,94864.97930347982,113485.24733501166,DL
98109,2019-10-31,2020-10-31,2021-09-30,dlinear,67732.3777791192,81211.16701326205,DL
98109,2019-11-30,2020-11-30,2021-10-31,dlinear,92545.52476941816,107850.00777930842,DL
98109,2019-12-31,2020-12-31,2021-11-30,dlinear,125641.56350101909,165557.95841628403,DL
98109,2020-01-31,2021-01-31,2021-12-31,itransformer,117100.09599640442,158004.58577763045,DL
98109,2020-02-29,2021-02-28,2022-01-31,dcrnn,108709.6849424795,140171.47461151783,spatial_temporal
98109,2020-03-31,2021-03-31,2022-02-28,dcrnn,122512.76449141432,164468.79394599493,spatial_temporal
98109,2020-04-30,2021-04-30,2022-03-31,dcrnn,144926.11082644862,199060.70164291016,spatial_temporal
98109,2020-05-31,2021-05-31,2022-04-30,dcrnn,164207.93478615404,218709.3862685012,spatial_temporal
98109,2020-06-30,2021-06-30,2022-05-31,graph_wavenet,174102.98346399475,221043.1502529685,spatial_temporal
98109,2020-07-31,2021-07-31,2022-06-30,d2stgnn,186311.80140574634,262521.2234706505,spatial_temporal
98109,2020-08-31,2021-08-31,2022-07-31,dcrnn,192509.33406209844,263760.21371717565,spatial_temporal
98109,2020-09-30,2021-09-30,2022-08-31,dcrnn,186693.33385578217,254747.34409120484,spatial_temporal
98109,2020-10-31,2021-10-31,2022-09-30,dcrnn,198669.12334426027,256035.53086181276,spatial_temporal
98109,2020-11-30,2021-11-30,2022-10-31,dcrnn,210436.91784728607,272638.130450514,spatial_temporal
98109,2020-12-31,2021-12-31,2022-11-30,d2stgnn,206554.14753739684,253865.25651007652,spatial_temporal
98109,2021-01-31,2022-01-31,2022-12-31,d2stgnn,216146.99370860137,273295.6145905238,spatial_temporal
98109,2021-02-28,2022-02-28,2023-01-31,d2stgnn,206249.47123539724,240829.21368270164,spatial_temporal
98109,2021-03-31,2022-03-31,2023-02-28,d2stgnn,211968.7829261447,239488.86244183884,spatial_temporal
98109,2021-04-30,2022-04-30,2023-03-31,d2stgnn,192206.23762440603,214544.40716246323,spatial_temporal
98109,2021-05-31,2022-05-31,2023-04-30,timesfm_zero,171485.07852945742,191930.319344903,foundation
98109,2021-06-30,2022-06-30,2023-05-31,d2stgnn,192391.21009004142,221355.24649328066,spatial_temporal
98109,2021-07-31,2022-07-31,2023-06-30,d2stgnn,165839.9543735286,189840.6509843989,spatial_temporal
98109,2021-08-31,2022-08-31,2023-07-31,stgformer,162365.12192087245,222165.28144361058,spatial_temporal
98109,2021-09-30,2022-09-30,2023-08-31,stgcn,156423.58744018688,205518.4598625339,spatial_temporal
98109,2021-10-31,2022-10-31,2023-09-30,timemixer,128992.56763465209,144858.1350749382,DL
98109,2021-11-30,2022-11-30,2023-10-31,timemixer,114038.24634566682,125966.33504808284,DL
98109,2021-12-31,2022-12-31,2023-11-30,timemixer,119426.74730453968,139155.6916606806,DL
98109,2022-12-31,2023-12-31,2024-11-30,dlinear,171902.20581847194,211730.8505485285,DL
98109,2023-01-31,2024-01-31,2024-12-31,graph_wavenet,174606.59193933095,202971.87966095115,spatial_temporal
98109,2024-01-31,2025-01-31,2025-12-31,chronos2_zero,73425.9905388464,100666.25983371571,foundation
98109,2024-02-29,2025-02-28,2026-01-31,dcrnn,84214.84078418817,98878.57843227946,spatial_temporal
98109,2024-03-31,2025-03-31,2026-02-28,graph_wavenet,95886.67875746048,135490.50099872774,spatial_temporal
98109,2024-04-30,2025-04-30,2026-03-31,d2stgnn,118301.51934493287,136480.7376501314,spatial_temporal
98109,2024-05-31,2025-05-31,2026-04-30,d2stgnn,116648.00518812834,136317.749727395,spatial_temporal
98109,2024-06-30,2025-06-30,2026-05-31,itransformer,127249.571209898,150658.1916785028,DL
98109,2024-07-31,2025-07-31,2026-06-30,dlinear,150546.51595610785,182236.6724628589,DL
98109,2024-08-31,2025-08-31,2026-07-31,graph_wavenet,132921.00085398133,154148.43285118582,spatial_temporal
98112,2016-03-31,2017-03-31,2018-02-28,d2stgnn,43188.19301925417,55425.001222336236,spatial_temporal
98112,2016-04-30,2017-04-30,2018-03-31,stgformer,51094.56691519768,66543.0448030489,spatial_temporal
98112,2016-05-31,2017-05-31,2018-04-30,stgformer,41923.13837688975,51425.15515413958,spatial_temporal
98112,2016-06-30,2017-06-30,2018-05-31,d2stgnn,40314.91970374823,48110.90833211232,spatial_temporal
98112,2016-07-31,2017-07-31,2018-06-30,d2stgnn,54973.06603734434,72686.74457744276,spatial_temporal
98112,2016-08-31,2017-08-31,2018-07-31,stgformer,67012.37416663331,85341.63694807267,spatial_temporal
98112,2016-09-30,2017-09-30,2018-08-31,stgformer,50818.9944530689,75487.17183014809,spatial_temporal
98112,2016-10-31,2017-10-31,2018-09-30,timemixer,66032.85825093696,88610.48489324655,DL
98112,2016-11-30,2017-11-30,2018-10-31,patchtst,65877.44405754509,97231.27591997896,DL
98112,2016-12-31,2017-12-31,2018-11-30,patchtst,66118.16989474156,88235.09609080308,DL
98112,2017-01-31,2018-01-31,2018-12-31,d2stgnn,64123.37593862003,79083.1044087369,spatial_temporal
98112,2017-02-28,2018-02-28,2019-01-31,timemixer,64698.25460490555,85197.12242021959,DL
98112,2017-03-31,2018-03-31,2019-02-28,itransformer,78384.29984429093,100371.20092708034,DL
98112,2017-04-30,2018-04-30,2019-03-31,d2stgnn,64361.510699114064,76867.89675253915,spatial_temporal
98112,2017-05-31,2018-05-31,2019-04-30,d2stgnn,88676.09786835889,106926.45420487454,spatial_temporal
98112,2017-06-30,2018-06-30,2019-05-31,timesfm_zero,75964.46861636975,99629.01986520864,foundation
98112,2017-07-31,2018-07-31,2019-06-30,timemixer,76732.09791697726,99876.22573210367,DL
98112,2017-08-31,2018-08-31,2019-07-31,patchtst,80207.35510865318,101257.21969641869,DL
98112,2017-09-30,2018-09-30,2019-08-31,chronos2_zero,64706.091281155765,79649.98101509045,foundation
98112,2017-10-31,2018-10-31,2019-09-30,chronos2_zero,65353.992421237635,82089.76453075482,foundation
98112,2017-11-30,2018-11-30,2019-10-31,patchtst,69067.43290022832,83635.0621167145,DL
98112,2017-12-31,2018-12-31,2019-11-30,dcrnn,82704.57870921014,96211.99651120327,spatial_temporal
98112,2018-01-31,2019-01-31,2019-12-31,timemixer,79152.83472430288,99741.1679328424,DL
98112,2018-02-28,2019-02-28,2020-01-31,graph_wavenet,99340.6097336047,123018.10945410031,spatial_temporal
98112,2018-03-31,2019-03-31,2020-02-29,timemixer,95918.16706157177,139345.52707597325,DL
98112,2018-04-30,2019-04-30,2020-03-31,stgcn,98435.66719116812,119831.38637918315,spatial_temporal
98112,2018-05-31,2019-05-31,2020-04-30,dlinear,82525.29679531431,122413.22560694012,DL
98112,2018-06-30,2019-06-30,2020-05-31,stgcn,88748.1084036038,119662.03130250897,spatial_temporal
98112,2018-07-31,2019-07-31,2020-06-30,dlinear,91269.24286039529,128921.06012738514,DL
98112,2018-08-31,2019-08-31,2020-07-31,stgcn,95572.96067145525,134428.8707863672,spatial_temporal
98112,2018-09-30,2019-09-30,2020-08-31,d2stgnn,86486.01949412045,124205.36253729773,spatial_temporal
98112,2018-10-31,2019-10-31,2020-09-30,graph_wavenet,68532.9489263326,92895.00542419023,spatial_temporal
98112,2018-11-30,2019-11-30,2020-10-31,stgcn,69982.17015916212,87298.68732532645,spatial_temporal
98112,2018-12-31,2019-12-31,2020-11-30,chronos2_zero,48353.866241097705,71430.98072894108,foundation
98112,2019-01-31,2020-01-31,2020-12-31,chronos2_zero,58444.86539393801,72467.37574519278,foundation
98112,2019-02-28,2020-02-29,2021-01-31,timesfm_zero,64348.065923902126,85851.96637017206,foundation
98112,2019-03-31,2020-03-31,2021-02-28,dlinear,52724.81382754325,62772.46812381668,DL
98112,2019-04-30,2020-04-30,2021-03-31,stgformer,70151.53527583269,93862.97238759737,spatial_temporal
98112,2019-05-31,2020-05-31,2021-04-30,stgformer,93194.94361169367,110809.94995990023,spatial_temporal
98112,2019-06-30,2020-06-30,2021-05-31,stgformer,105033.89170370542,118566.96628684088,spatial_temporal
98112,2019-07-31,2020-07-31,2021-06-30,timemixer,111680.15714468465,130489.5856193276,DL
98112,2019-08-31,2020-08-31,2021-07-31,stgformer,114053.88101383123,130922.41111528788,spatial_temporal
98112,2019-09-30,2020-09-30,2021-08-31,stgformer,113141.23561274225,129076.43769015816,spatial_temporal
98112,2019-10-31,2020-10-31,2021-09-30,timemixer,92239.92609458842,126972.87607514986,DL
98112,2019-11-30,2020-11-30,2021-10-31,dcrnn,111670.83026677846,127312.57516919976,spatial_temporal
98112,2019-12-31,2020-12-31,2021-11-30,stgformer,100044.15482068183,125235.5472446114,spatial_temporal
98112,2020-01-31,2021-01-31,2021-12-31,d2stgnn,84920.29015425035,105630.94232977099,spatial_temporal
98112,2020-02-29,2021-02-28,2022-01-31,d2stgnn,77305.5261381124,89030.71677366714,spatial_temporal
98112,2020-03-31,2021-03-31,2022-02-28,stgformer,78719.00842203923,97435.19721026532,spatial_temporal
98112,2020-04-30,2021-04-30,2022-03-31,stgcn,82366.81856431569,96455.80469204344,spatial_temporal
98112,2020-05-31,2021-05-31,2022-04-30,timemixer,68931.77371890274,84795.32582480958,DL
98112,2020-06-30,2021-06-30,2022-05-31,timemixer,79516.3890709667,120839.24423612967,DL
98112,2020-07-31,2021-07-31,2022-06-30,timemixer,100974.34579578892,136719.17539346442,DL
98112,2020-08-31,2021-08-31,2022-07-31,timemixer,107027.2257315805,146721.1600736542,DL
98112,2020-09-30,2021-09-30,2022-08-31,timemixer,99807.48630733562,141771.62847022538,DL
98112,2020-10-31,2021-10-31,2022-09-30,timemixer,114899.21053948872,148089.82505288272,DL
98112,2020-11-30,2021-11-30,2022-10-31,dlinear,120023.59864484733,146355.25612099995,DL
98112,2020-12-31,2021-12-31,2022-11-30,dlinear,123067.87538971494,139480.90134178798,DL
98112,2021-01-31,2022-01-31,2022-12-31,timesfm_zero,131204.55841345343,190729.36216305377,foundation
98112,2021-02-28,2022-02-28,2023-01-31,timesfm_zero,144431.23718017805,194632.94209914474,foundation
98112,2021-03-31,2022-03-31,2023-02-28,graph_wavenet,147793.5080814823,191331.54203138742,spatial_temporal
98112,2021-04-30,2022-04-30,2023-03-31,graph_wavenet,142987.49474996858,189436.09476520124,spatial_temporal
98112,2021-05-31,2022-05-31,2023-04-30,graph_wavenet,148650.71378582815,187829.67367596793,spatial_temporal
98112,2021-06-30,2022-06-30,2023-05-31,timesfm_zero,99122.99826900013,118676.28915832726,foundation
98112,2021-07-31,2022-07-31,2023-06-30,timesfm_zero,104032.78131907627,126175.95759247874,foundation
98112,2021-08-31,2022-08-31,2023-07-31,timemixer,78243.92683212255,98391.7143551997,DL
98112,2021-09-30,2022-09-30,2023-08-31,timemixer,78847.22555418384,102096.33981310068,DL
98112,2021-10-31,2022-10-31,2023-09-30,timemixer,92045.47202102904,117066.19041768594,DL
98112,2021-11-30,2022-11-30,2023-10-31,graph_wavenet,96448.80858835879,125681.3840815779,spatial_temporal
98112,2021-12-31,2022-12-31,2023-11-30,graph_wavenet,100458.10110192515,131154.01289907462,spatial_temporal
98112,2022-12-31,2023-12-31,2024-11-30,dlinear,176783.78645080855,226317.51302337646,DL
98112,2023-01-31,2024-01-31,2024-12-31,stgformer,184513.21949013256,224053.07074183857,spatial_temporal
98112,2024-01-31,2025-01-31,2025-12-31,timesfm_zero,107020.39608824589,134765.72625251228,foundation
98112,2024-02-29,2025-02-28,2026-01-31,dlinear,94372.92057215427,125927.1632254301,DL
98112,2024-03-31,2025-03-31,2026-02-28,timesfm_zero,127481.43377244992,165629.7903881454,foundation
98112,2024-04-30,2025-04-30,2026-03-31,timesfm_zero,139775.37098211877,172000.32394288204,foundation
98112,2024-05-31,2025-05-31,2026-04-30,timesfm_zero,129768.60698001471,157140.62654753437,foundation
98112,2024-06-30,2025-06-30,2026-05-31,timesfm_zero,138047.03677238352,162579.9613605094,foundation
98112,2024-07-31,2025-07-31,2026-06-30,stgformer,126502.04314668708,149152.32006895685,spatial_temporal
98112,2024-08-31,2025-08-31,2026-07-31,stgformer,129573.36464667984,158453.17524352565,spatial_temporal
98115,2016-03-31,2017-03-31,2018-02-28,d2stgnn,19223.65597226271,25411.800643328017,spatial_temporal
98115,2016-04-30,2017-04-30,2018-03-31,chronos2_zero,22602.7474234418,36519.91072203019,foundation
98115,2016-05-31,2017-05-31,2018-04-30,graph_wavenet,24608.773411798396,29781.296759795234,spatial_temporal
98115,2016-06-30,2017-06-30,2018-05-31,d2stgnn,22644.95360677897,32658.101058492266,spatial_temporal
98115,2016-07-31,2017-07-31,2018-06-30,itransformer,25013.534256880055,32395.62425384384,DL
98115,2016-08-31,2017-08-31,2018-07-31,timemixer,19664.262627570035,25369.771793921223,DL
98115,2016-09-30,2017-09-30,2018-08-31,timemixer,16436.06241311676,21292.466345283705,DL
98115,2016-10-31,2017-10-31,2018-09-30,itransformer,15359.517225058467,21284.721935308255,DL
98115,2016-11-30,2017-11-30,2018-10-31,d2stgnn,14921.729336506289,18587.785669473444,spatial_temporal
98115,2016-12-31,2017-12-31,2018-11-30,itransformer,16361.688388418901,22550.13885261572,DL
98115,2017-01-31,2018-01-31,2018-12-31,timemixer,19725.677582306293,25096.032661175857,DL
98115,2017-02-28,2018-02-28,2019-01-31,stgformer,17635.10210568999,19551.035519777044,spatial_temporal
98115,2017-03-31,2018-03-31,2019-02-28,stgformer,18427.730610288894,27039.516805497504,spatial_temporal
98115,2017-04-30,2018-04-30,2019-03-31,timemixer,22084.147698325454,29669.26679037807,DL
98115,2017-05-31,2018-05-31,2019-04-30,itransformer,21377.993587689096,30342.984046260928,DL
98115,2017-06-30,2018-06-30,2019-05-31,itransformer,23695.393073234194,30083.66699058685,DL
98115,2017-07-31,2018-07-31,2019-06-30,chronos2_zero,22441.349280372513,31021.988690505957,foundation
98115,2017-08-31,2018-08-31,2019-07-31,stgformer,22878.82247903942,26226.84899791012,spatial_temporal
98115,2017-09-30,2018-09-30,2019-08-31,stgformer,22316.936199308915,26526.297174205574,spatial_temporal
98115,2017-10-31,2018-10-31,2019-09-30,timemixer,21477.35311742684,27389.063064353064,DL
98115,2017-11-30,2018-11-30,2019-10-31,chronos2_zero,23203.675756687666,30806.698311641358,foundation
98115,2017-12-31,2018-12-31,2019-11-30,timemixer,22848.632415208587,29229.366295296964,DL
98115,2018-01-31,2019-01-31,2019-12-31,d2stgnn,21764.451690624486,26475.380610457483,spatial_temporal
98115,2018-02-28,2019-02-28,2020-01-31,timemixer,21062.44643842128,27489.54546766825,DL
98115,2018-03-31,2019-03-31,2020-02-29,timemixer,19569.897344554367,28012.543625060523,DL
98115,2018-04-30,2019-04-30,2020-03-31,d2stgnn,19709.252425766346,23748.338420653854,spatial_temporal
98115,2018-05-31,2019-05-31,2020-04-30,d2stgnn,23181.240903247875,28459.919837968362,spatial_temporal
98115,2018-06-30,2019-06-30,2020-05-31,stgformer,16470.320373389026,20665.855650119087,spatial_temporal
98115,2018-07-31,2019-07-31,2020-06-30,timemixer,19413.393397243974,22491.567679420245,DL
98115,2018-08-31,2019-08-31,2020-07-31,timemixer,24499.766493239895,28424.218154262722,DL
98115,2018-09-30,2019-09-30,2020-08-31,graph_wavenet,17169.783877110178,22836.26348653865,spatial_temporal
98115,2018-10-31,2019-10-31,2020-09-30,dcrnn,21960.570283433935,27227.637641900918,spatial_temporal
98115,2018-11-30,2019-11-30,2020-10-31,dcrnn,15178.4006706298,17418.452690547136,spatial_temporal
98115,2018-12-31,2019-12-31,2020-11-30,dcrnn,12650.41068209961,15448.678900481158,spatial_temporal
98115,2019-01-31,2020-01-31,2020-12-31,dcrnn,10557.546151849208,12973.658076654065,spatial_temporal
98115,2019-02-28,2020-02-29,2021-01-31,dcrnn,15430.18703765008,20702.447513983378,spatial_temporal
98115,2019-03-31,2020-03-31,2021-02-28,dcrnn,20892.678269761138,25162.687129603197,spatial_temporal
98115,2019-04-30,2020-04-30,2021-03-31,graph_wavenet,20119.16988115848,24220.36979552641,spatial_temporal
98115,2019-05-31,2020-05-31,2021-04-30,patchtst,25711.523665551347,32636.662477714293,DL
98115,2019-06-30,2020-06-30,2021-05-31,patchtst,29663.095514331228,36959.86374695796,DL
98115,2019-07-31,2020-07-31,2021-06-30,d2stgnn,16984.444419979856,20242.785622718908,spatial_temporal
98115,2019-08-31,2020-08-31,2021-07-31,d2stgnn,29368.6660244042,38865.82128359733,spatial_temporal
98115,2019-09-30,2020-09-30,2021-08-31,d2stgnn,31214.92264671257,38508.83709612843,spatial_temporal
98115,2019-10-31,2020-10-31,2021-09-30,timemixer,34938.00436460594,48973.37703743344,DL
98115,2019-11-30,2020-11-30,2021-10-31,graph_wavenet,39440.36121979079,46386.567541618366,spatial_temporal
98115,2019-12-31,2020-12-31,2021-11-30,timemixer,35633.80914837433,44764.87970795565,DL
98115,2020-01-31,2021-01-31,2021-12-31,timemixer,31513.212201767183,37416.98860149566,DL
98115,2020-02-29,2021-02-28,2022-01-31,timemixer,38833.17257969492,46142.05103290448,DL
98115,2020-03-31,2021-03-31,2022-02-28,d2stgnn,38970.14111417631,54268.5877183801,spatial_temporal
98115,2020-04-30,2021-04-30,2022-03-31,d2stgnn,39445.52151894564,51301.09315800321,spatial_temporal
98115,2020-05-31,2021-05-31,2022-04-30,timemixer,41569.406856988666,56257.93678487487,DL
98115,2020-06-30,2021-06-30,2022-05-31,timemixer,44591.595644402645,67989.02417242384,DL
98115,2020-07-31,2021-07-31,2022-06-30,timemixer,44543.54697518578,56932.69627171028,DL
98115,2020-08-31,2021-08-31,2022-07-31,itransformer,46859.5589673282,65785.87184344555,DL
98115,2020-09-30,2021-09-30,2022-08-31,d2stgnn,54911.6160316112,68458.92245511903,spatial_temporal
98115,2020-10-31,2021-10-31,2022-09-30,d2stgnn,61195.25257668103,73919.05090998653,spatial_temporal
98115,2020-11-30,2021-11-30,2022-10-31,itransformer,57466.07922293801,64753.90333581672,DL
98115,2020-12-31,2021-12-31,2022-11-30,itransformer,54489.32784650669,64239.63752796101,DL
98115,2021-01-31,2022-01-31,2022-12-31,dlinear,51324.65905685422,69197.90889441106,DL
98115,2021-02-28,2022-02-28,2023-01-31,stgformer,60046.794897059495,73922.57808280311,spatial_temporal
98115,2021-03-31,2022-03-31,2023-02-28,timemixer,55158.13883118997,67163.468144075,DL
98115,2021-04-30,2022-04-30,2023-03-31,dcrnn,49867.87573688073,61736.72503382037,spatial_temporal
98115,2021-05-31,2022-05-31,2023-04-30,dcrnn,50238.433768797615,56369.92361457143,spatial_temporal
98115,2021-06-30,2022-06-30,2023-05-31,timesfm_zero,51021.848001275124,63845.88467218166,foundation
98115,2021-07-31,2022-07-31,2023-06-30,graph_wavenet,53490.00074864595,68557.0082011022,spatial_temporal
98115,2021-08-31,2022-08-31,2023-07-31,itransformer,49546.091933813965,55009.20366739627,DL
98115,2021-09-30,2022-09-30,2023-08-31,itransformer,49938.000410549816,56525.505544728374,DL
98115,2021-10-31,2022-10-31,2023-09-30,graph_wavenet,50726.46256848818,64545.821719862506,spatial_temporal
98115,2021-11-30,2022-11-30,2023-10-31,itransformer,46629.23429301347,67633.43951657381,DL
98115,2021-12-31,2022-12-31,2023-11-30,dcrnn,48625.60720315819,61474.597575102285,spatial_temporal
98115,2022-12-31,2023-12-31,2024-11-30,timesfm_zero,53581.58438147221,64745.55849405284,foundation
98115,2023-01-31,2024-01-31,2024-12-31,timesfm_zero,48984.590759596176,61723.95605234641,foundation
98115,2024-01-31,2025-01-31,2025-12-31,timemixer,38717.220311368386,49047.68136073006,DL
98115,2024-02-29,2025-02-28,2026-01-31,timemixer,38776.27843975122,47977.50818646479,DL
98115,2024-03-31,2025-03-31,2026-02-28,chronos2_zero,34016.376198966056,40192.81397644408,foundation
98115,2024-04-30,2025-04-30,2026-03-31,itransformer,31522.556782518495,36754.07993124414,DL
98115,2024-05-31,2025-05-31,2026-04-30,itransformer,24077.180677006487,31011.61861785709,DL
98115,2024-06-30,2025-06-30,2026-05-31,itransformer,30407.582225520997,39954.60395037858,DL
98115,2024-07-31,2025-07-31,2026-06-30,timesfm_zero,34908.32320062034,40808.17106227665,foundation
98115,2024-08-31,2025-08-31,2026-07-31,patchtst,38348.84081628445,42661.1609265795,DL
98116,2016-03-31,2017-03-31,2018-02-28,dlinear,23823.859988595883,31846.41605131179,DL
98116,2016-04-30,2017-04-30,2018-03-31,stgformer,31174.86679587424,46463.87980709116,spatial_temporal
98116,2016-05-31,2017-05-31,2018-04-30,dlinear,35271.04565388803,45150.684849429104,DL
98116,2016-06-30,2017-06-30,2018-05-31,d2stgnn,35830.649156163905,48233.14604341914,spatial_temporal
98116,2016-07-31,2017-07-31,2018-06-30,itransformer,25559.210557261697,29947.665997048483,DL
98116,2016-08-31,2017-08-31,2018-07-31,itransformer,24273.263621707574,30424.943007856982,DL
98116,2016-09-30,2017-09-30,2018-08-31,itransformer,18247.489459909073,20003.531022613224,DL
98116,2016-10-31,2017-10-31,2018-09-30,itransformer,35601.62426904108,43426.61936107979,DL
98116,2016-11-30,2017-11-30,2018-10-31,itransformer,30007.154198183725,40531.57721127093,DL
98116,2016-12-31,2017-12-31,2018-11-30,dlinear,32841.94935151745,40847.34673530326,DL
98116,2017-01-31,2018-01-31,2018-12-31,dlinear,29616.00438161046,34608.29688409911,DL
98116,2017-02-28,2018-02-28,2019-01-31,dlinear,23367.45096205431,32559.734844418443,DL
98116,2017-03-31,2018-03-31,2019-02-28,chronos2_zero,12954.69860681027,17578.495265368736,foundation
98116,2017-04-30,2018-04-30,2019-03-31,timemixer,23173.398681830004,26743.524799047333,DL
98116,2017-05-31,2018-05-31,2019-04-30,chronos2_zero,17468.649400613707,20092.140067974782,foundation
98116,2017-06-30,2018-06-30,2019-05-31,patchtst,21660.94950950336,27948.67512365061,DL
98116,2017-07-31,2018-07-31,2019-06-30,patchtst,18271.516611939733,21172.152335535186,DL
98116,2017-08-31,2018-08-31,2019-07-31,patchtst,16354.237189909114,19018.839563614558,DL
98116,2017-09-30,2018-09-30,2019-08-31,patchtst,21411.433498282877,27342.165808497793,DL
98116,2017-10-31,2018-10-31,2019-09-30,stgcn,15127.698827828639,17349.865278144705,spatial_temporal
98116,2017-11-30,2018-11-30,2019-10-31,dcrnn,13133.05641919551,17121.852642613692,spatial_temporal
98116,2017-12-31,2018-12-31,2019-11-30,dcrnn,12721.474796725573,17118.38080557772,spatial_temporal
98116,2018-01-31,2019-01-31,2019-12-31,dcrnn,12670.456141637434,18617.717640919367,spatial_temporal
98116,2018-02-28,2019-02-28,2020-01-31,chronos2_zero,21290.59880429019,35990.41243980149,foundation
98116,2018-03-31,2019-03-31,2020-02-29,chronos2_zero,36275.39452765689,51057.443342884064,foundation
98116,2018-04-30,2019-04-30,2020-03-31,itransformer,33356.8900828349,42465.54286206841,DL
98116,2018-05-31,2019-05-31,2020-04-30,dcrnn,31231.7968727961,47699.2062443148,spatial_temporal
98116,2018-06-30,2019-06-30,2020-05-31,stgcn,36968.94759321241,51836.67917706059,spatial_temporal
98116,2018-07-31,2019-07-31,2020-06-30,graph_wavenet,28434.979884635453,40515.833608718756,spatial_temporal
98116,2018-08-31,2019-08-31,2020-07-31,patchtst,30998.68360172516,43312.32713180836,DL
98116,2018-09-30,2019-09-30,2020-08-31,stgcn,33132.70505470473,46903.06124539307,spatial_temporal
98116,2018-10-31,2019-10-31,2020-09-30,itransformer,31032.930252155784,45926.922271566786,DL
98116,2018-11-30,2019-11-30,2020-10-31,itransformer,33019.357660234666,50341.089974949806,DL
98116,2018-12-31,2019-12-31,2020-11-30,itransformer,35267.69253835397,51219.41605250084,DL
98116,2019-01-31,2020-01-31,2020-12-31,itransformer,49220.33304195939,63627.10955923446,DL
98116,2019-02-28,2020-02-29,2021-01-31,itransformer,29695.73066241623,35491.04429683752,DL
98116,2019-03-31,2020-03-31,2021-02-28,chronos2_zero,29117.769026558806,38697.293061675686,foundation
98116,2019-04-30,2020-04-30,2021-03-31,chronos2_zero,29182.750424678554,38238.63848459593,foundation
98116,2019-05-31,2020-05-31,2021-04-30,timemixer,17980.492009717575,20507.181638364716,DL
98116,2019-06-30,2020-06-30,2021-05-31,graph_wavenet,27613.18012516112,35485.286386039494,spatial_temporal
98116,2019-07-31,2020-07-31,2021-06-30,timemixer,21943.312148194545,25957.58961436103,DL
98116,2019-08-31,2020-08-31,2021-07-31,dcrnn,19219.876094867388,22925.038927399833,spatial_temporal
98116,2019-09-30,2020-09-30,2021-08-31,graph_wavenet,23930.362247124413,29671.95591572019,spatial_temporal
98116,2019-10-31,2020-10-31,2021-09-30,graph_wavenet,27216.248167979356,30880.338816483807,spatial_temporal
98116,2019-11-30,2020-11-30,2021-10-31,dlinear,22456.067579704075,34548.79368886167,DL
98116,2019-12-31,2020-12-31,2021-11-30,graph_wavenet,22186.93259703947,27531.98653708627,spatial_temporal
98116,2020-01-31,2021-01-31,2021-12-31,graph_wavenet,24885.81441982588,29326.8270120313,spatial_temporal
98116,2020-02-29,2021-02-28,2022-01-31,stgformer,27237.757253150117,30342.513689972813,spatial_temporal
98116,2020-03-31,2021-03-31,2022-02-28,stgformer,13397.465885378158,18923.846756830153,spatial_temporal
98116,2020-04-30,2021-04-30,2022-03-31,patchtst,40002.206109404775,74509.68006850535,DL
98116,2020-05-31,2021-05-31,2022-04-30,stgformer,57695.87566843075,95726.61119303246,spatial_temporal
98116,2020-06-30,2021-06-30,2022-05-31,timemixer,71374.8997466156,81227.67715143306,DL
98116,2020-07-31,2021-07-31,2022-06-30,timemixer,52079.557988022105,63647.75244062359,DL
98116,2020-08-31,2021-08-31,2022-07-31,timemixer,76493.10894738177,111861.78581649039,DL
98116,2020-09-30,2021-09-30,2022-08-31,d2stgnn,76650.2596168665,101014.2903052643,spatial_temporal
98116,2020-10-31,2021-10-31,2022-09-30,d2stgnn,79746.06986771712,103721.67284792526,spatial_temporal
98116,2020-11-30,2021-11-30,2022-10-31,d2stgnn,69295.93680947898,97573.73286977733,spatial_temporal
98116,2020-12-31,2021-12-31,2022-11-30,d2stgnn,82047.3542568912,103041.81466266328,spatial_temporal
98116,2021-01-31,2022-01-31,2022-12-31,d2stgnn,87150.85755077642,103565.16080372933,spatial_temporal
98116,2021-02-28,2022-02-28,2023-01-31,d2stgnn,77538.15572572841,99838.50093430902,spatial_temporal
98116,2021-03-31,2022-03-31,2023-02-28,timemixer,76568.69835374445,99105.11517499221,DL
98116,2021-04-30,2022-04-30,2023-03-31,d2stgnn,62703.36506263121,81345.78491986345,spatial_temporal
98116,2021-05-31,2022-05-31,2023-04-30,d2stgnn,66062.9004046556,87732.1254718773,spatial_temporal
98116,2021-06-30,2022-06-30,2023-05-31,stgformer,69720.87105133972,85019.10279577516,spatial_temporal
98116,2021-07-31,2022-07-31,2023-06-30,timemixer,66954.3573637206,86784.7900262729,DL
98116,2021-08-31,2022-08-31,2023-07-31,timemixer,60050.11195745925,73073.07153654163,DL
98116,2021-09-30,2022-09-30,2023-08-31,itransformer,63566.884064588485,79335.15049305391,DL
98116,2021-10-31,2022-10-31,2023-09-30,itransformer,73804.0653844117,87524.98494080993,DL
98116,2021-11-30,2022-11-30,2023-10-31,dlinear,79336.36061381373,96750.54719244424,DL
98116,2021-12-31,2022-12-31,2023-11-30,dlinear,75277.00926026683,97114.12746345164,DL
98116,2022-12-31,2023-12-31,2024-11-30,chronos2_zero,68344.12793426773,94001.85329573596,foundation
98116,2023-01-31,2024-01-31,2024-12-31,graph_wavenet,67915.14003551482,90312.9323387203,spatial_temporal
98116,2024-01-31,2025-01-31,2025-12-31,timemixer,38901.6469892925,54605.12892311168,DL
98116,2024-02-29,2025-02-28,2026-01-31,patchtst,43971.59573765977,66382.39658068203,DL
98116,2024-03-31,2025-03-31,2026-02-28,timemixer,47421.86036363477,61824.04412455739,DL
98116,2024-04-30,2025-04-30,2026-03-31,dlinear,58102.93519216183,92262.93876741553,DL
98116,2024-05-31,2025-05-31,2026-04-30,chronos2_zero,72710.79381490815,90508.79434120086,foundation
98116,2024-06-30,2025-06-30,2026-05-31,chronos2_zero,74875.62003010427,85045.34669159871,foundation
98116,2024-07-31,2025-07-31,2026-06-30,chronos2_zero,72714.75014361851,83380.74691717602,foundation
98116,2024-08-31,2025-08-31,2026-07-31,chronos2_zero,78475.55883931943,90192.41296763092,foundation
98117,2016-03-31,2017-03-31,2018-02-28,d2stgnn,15206.484663999765,18937.509810119296,spatial_temporal
98117,2016-04-30,2017-04-30,2018-03-31,stgformer,13140.65445345221,15880.127540256026,spatial_temporal
98117,2016-05-31,2017-05-31,2018-04-30,timemixer,21273.521968658664,35133.46092410819,DL
98117,2016-06-30,2017-06-30,2018-05-31,timemixer,26304.718161511846,40126.32624377299,DL
98117,2016-07-31,2017-07-31,2018-06-30,stgformer,38607.59769622016,45757.09871111793,spatial_temporal
98117,2016-08-31,2017-08-31,2018-07-31,timemixer,36555.08575372444,52131.886317333716,DL
98117,2016-09-30,2017-09-30,2018-08-31,timemixer,28877.094000713067,37313.94703656572,DL
98117,2016-10-31,2017-10-31,2018-09-30,itransformer,28826.12815074908,39916.52367416384,DL
98117,2016-11-30,2017-11-30,2018-10-31,d2stgnn,29009.319364684587,31715.177163991073,spatial_temporal
98117,2016-12-31,2017-12-31,2018-11-30,d2stgnn,21710.499669461347,24829.26789923043,spatial_temporal
98117,2017-01-31,2018-01-31,2018-12-31,d2stgnn,32154.50880946308,36944.20272751385,spatial_temporal
98117,2017-02-28,2018-02-28,2019-01-31,d2stgnn,27633.18032829154,31252.217812753148,spatial_temporal
98117,2017-03-31,2018-03-31,2019-02-28,d2stgnn,23803.895653427713,28021.71403990259,spatial_temporal
98117,2017-04-30,2018-04-30,2019-03-31,stgformer,31598.118345776962,38758.22943680186,spatial_temporal
98117,2017-05-31,2018-05-31,2019-04-30,dcrnn,26165.685216811486,31185.155947652296,spatial_temporal
98117,2017-06-30,2018-06-30,2019-05-31,timesfm_zero,23412.971476084476,30293.043615373525,foundation
98117,2017-07-31,2018-07-31,2019-06-30,itransformer,26820.861844435985,31041.676051765775,DL
98117,2017-08-31,2018-08-31,2019-07-31,graph_wavenet,21539.145263706043,26141.910575014273,spatial_temporal
98117,2017-09-30,2018-09-30,2019-08-31,graph_wavenet,23932.380794527824,32954.815379948406,spatial_temporal
98117,2017-10-31,2018-10-31,2019-09-30,d2stgnn,25932.438073526864,32128.94844526359,spatial_temporal
98117,2017-11-30,2018-11-30,2019-10-31,dlinear,24176.144512970302,30916.605379446675,DL
98117,2017-12-31,2018-12-31,2019-11-30,chronos2_zero,26968.11403374246,32907.51727892241,foundation
98117,2018-01-31,2019-01-31,2019-12-31,patchtst,18166.821607308975,23349.315193323215,DL
98117,2018-02-28,2019-02-28,2020-01-31,timemixer,25683.14775918268,30764.221236863967,DL
98117,2018-03-31,2019-03-31,2020-02-29,timemixer,23079.077124374675,26432.700798809594,DL
98117,2018-04-30,2019-04-30,2020-03-31,d2stgnn,22416.744598310866,27372.947738369716,spatial_temporal
98117,2018-05-31,2019-05-31,2020-04-30,d2stgnn,19423.09228166092,23583.432045864338,spatial_temporal
98117,2018-06-30,2019-06-30,2020-05-31,d2stgnn,21590.17732512974,24020.4357690434,spatial_temporal
98117,2018-07-31,2019-07-31,2020-06-30,stgformer,13243.268284355863,16681.758112915148,spatial_temporal
98117,2018-08-31,2019-08-31,2020-07-31,stgformer,12649.998274589714,15357.426880002644,spatial_temporal
98117,2018-09-30,2019-09-30,2020-08-31,stgformer,15173.180327479766,19692.52371987733,spatial_temporal
98117,2018-10-31,2019-10-31,2020-09-30,stgformer,18511.568960785196,23003.733468476286,spatial_temporal
98117,2018-11-30,2019-11-30,2020-10-31,stgformer,19036.487303720776,22814.480422651923,spatial_temporal
98117,2018-12-31,2019-12-31,2020-11-30,stgformer,20197.69982516072,26498.053327806418,spatial_temporal
98117,2019-01-31,2020-01-31,2020-12-31,graph_wavenet,21308.673479040834,25660.761648057112,spatial_temporal
98117,2019-02-28,2020-02-29,2021-01-31,stgcn,25484.931013103836,38940.81534202345,spatial_temporal
98117,2019-03-31,2020-03-31,2021-02-28,dcrnn,28209.49278536496,37605.28536218876,spatial_temporal
98117,2019-04-30,2020-04-30,2021-03-31,dlinear,22195.270650416427,24065.096335122882,DL
98117,2019-05-31,2020-05-31,2021-04-30,dlinear,26037.945308289305,36395.960206779855,DL
98117,2019-06-30,2020-06-30,2021-05-31,stgcn,31020.06717960616,41079.228402776826,spatial_temporal
98117,2019-07-31,2020-07-31,2021-06-30,stgformer,26903.912765490095,32162.784881074553,spatial_temporal
98117,2019-08-31,2020-08-31,2021-07-31,stgformer,32392.716157118248,36072.92816948564,spatial_temporal
98117,2019-09-30,2020-09-30,2021-08-31,stgformer,35459.03481624509,41419.76453923749,spatial_temporal
98117,2019-10-31,2020-10-31,2021-09-30,dlinear,27032.155735425913,35042.781524667036,DL
98117,2019-11-30,2020-11-30,2021-10-31,dlinear,29570.17359377599,37469.03031649422,DL
98117,2019-12-31,2020-12-31,2021-11-30,dlinear,32549.62503519568,39679.73403825385,DL
98117,2020-01-31,2021-01-31,2021-12-31,itransformer,30608.228349002555,39136.5159002757,DL
98117,2020-02-29,2021-02-28,2022-01-31,graph_wavenet,36582.83342618251,44971.80830920222,spatial_temporal
98117,2020-03-31,2021-03-31,2022-02-28,timemixer,30251.1960605519,42149.7377509862,DL
98117,2020-04-30,2021-04-30,2022-03-31,timemixer,26165.337114073733,36770.56009771739,DL
98117,2020-05-31,2021-05-31,2022-04-30,timemixer,35244.33301811348,49580.328387265065,DL
98117,2020-06-30,2021-06-30,2022-05-31,timemixer,38705.368798668824,43318.24635916067,DL
98117,2020-07-31,2021-07-31,2022-06-30,timemixer,35720.39338889118,39206.121510034944,DL
98117,2020-08-31,2021-08-31,2022-07-31,timemixer,34817.97871943601,39505.729029760434,DL
98117,2020-09-30,2021-09-30,2022-08-31,timemixer,29338.616244806122,39961.130222361724,DL
98117,2020-10-31,2021-10-31,2022-09-30,itransformer,27730.530635331426,35300.572456102025,DL
98117,2020-11-30,2021-11-30,2022-10-31,d2stgnn,30166.773623150908,36342.51968816866,spatial_temporal
98117,2020-12-31,2021-12-31,2022-11-30,d2stgnn,37635.64616420982,43910.60861718143,spatial_temporal
98117,2021-01-31,2022-01-31,2022-12-31,d2stgnn,35734.13162844018,40352.2953214387,spatial_temporal
98117,2021-02-28,2022-02-28,2023-01-31,d2stgnn,30743.741150318634,41593.87217727551,spatial_temporal
98117,2021-03-31,2022-03-31,2023-02-28,d2stgnn,40180.764856695394,55488.60379514597,spatial_temporal
98117,2021-04-30,2022-04-30,2023-03-31,d2stgnn,56158.41753984871,76262.70686696205,spatial_temporal
98117,2021-05-31,2022-05-31,2023-04-30,d2stgnn,56410.58007599512,74768.24087701383,spatial_temporal
98117,2021-06-30,2022-06-30,2023-05-31,d2stgnn,57698.42543320689,82194.88033066149,spatial_temporal
98117,2021-07-31,2022-07-31,2023-06-30,stgformer,53062.2972429624,70385.79106324662,spatial_temporal
98117,2021-08-31,2022-08-31,2023-07-31,stgformer,48331.32141770401,66874.874747095,spatial_temporal
98117,2021-09-30,2022-09-30,2023-08-31,stgformer,45494.67857636631,64595.692382670015,spatial_temporal
98117,2021-10-31,2022-10-31,2023-09-30,stgformer,50191.41519637645,63957.29860586307,spatial_temporal
98117,2021-11-30,2022-11-30,2023-10-31,graph_wavenet,47784.66780129431,56763.26686171948,spatial_temporal
98117,2021-12-31,2022-12-31,2023-11-30,chronos2_zero,46416.007007285916,58565.05570383398,foundation
98117,2022-12-31,2023-12-31,2024-11-30,stgcn,39514.47009796535,46656.98883354356,spatial_temporal
98117,2023-01-31,2024-01-31,2024-12-31,itransformer,40908.61430921112,57810.3514131237,DL
98117,2024-01-31,2025-01-31,2025-12-31,dlinear,54294.95269728589,74281.3257100309,DL
98117,2024-02-29,2025-02-28,2026-01-31,chronos2_zero,70522.58386216262,89889.81728075152,foundation
98117,2024-03-31,2025-03-31,2026-02-28,timemixer,66545.4084786757,85024.54017973691,DL
98117,2024-04-30,2025-04-30,2026-03-31,patchtst,71124.36308780198,86189.42889003018,DL
98117,2024-05-31,2025-05-31,2026-04-30,chronos2_zero,58440.35424122407,71901.9172324125,foundation
98117,2024-06-30,2025-06-30,2026-05-31,timemixer,55544.09774809281,63454.85925695495,DL
98117,2024-07-31,2025-07-31,2026-06-30,d2stgnn,48201.60877096338,58924.5310470838,spatial_temporal
98117,2024-08-31,2025-08-31,2026-07-31,stgformer,49448.04356531988,57360.35279163124,spatial_temporal
98118,2016-03-31,2017-03-31,2018-02-28,stgformer,46205.09980746405,52982.86744902891,spatial_temporal
98118,2016-04-30,2017-04-30,2018-03-31,stgformer,42923.1918782858,48924.5866073414,spatial_temporal
98118,2016-05-31,2017-05-31,2018-04-30,stgformer,42389.24570418202,50314.76187142636,spatial_temporal
98118,2016-06-30,2017-06-30,2018-05-31,stgformer,40894.11490362612,50926.37097613796,spatial_temporal
98118,2016-07-31,2017-07-31,2018-06-30,graph_wavenet,36072.435007394,42224.31023080352,spatial_temporal
98118,2016-08-31,2017-08-31,2018-07-31,graph_wavenet,29927.548582900123,35948.80442165201,spatial_temporal
98118,2016-09-30,2017-09-30,2018-08-31,dcrnn,28498.5210894373,34574.39912740744,spatial_temporal
98118,2016-10-31,2017-10-31,2018-09-30,itransformer,32199.932104497002,37179.35806844788,DL
98118,2016-11-30,2017-11-30,2018-10-31,itransformer,40656.95243635959,45812.039066948055,DL
98118,2016-12-31,2017-12-31,2018-11-30,d2stgnn,41151.18026641754,48205.13343951177,spatial_temporal
98118,2017-01-31,2018-01-31,2018-12-31,d2stgnn,27391.056094466167,31958.855642618135,spatial_temporal
98118,2017-02-28,2018-02-28,2019-01-31,timemixer,28171.707162410323,35514.935136871085,DL
98118,2017-03-31,2018-03-31,2019-02-28,timemixer,23789.287133961654,28136.572537983036,DL
98118,2017-04-30,2018-04-30,2019-03-31,timemixer,24205.118486514733,30822.820413393238,DL
98118,2017-05-31,2018-05-31,2019-04-30,timemixer,25013.054043692555,29395.99695537799,DL
98118,2017-06-30,2018-06-30,2019-05-31,patchtst,32019.6793463082,36750.0497350182,DL
98118,2017-07-31,2018-07-31,2019-06-30,stgcn,29891.106666857842,34546.042562307994,spatial_temporal
98118,2017-08-31,2018-08-31,2019-07-31,timemixer,20387.993602729566,23181.107631336985,DL
98118,2017-09-30,2018-09-30,2019-08-31,timemixer,15099.486053228184,19586.624683392703,DL
98118,2017-10-31,2018-10-31,2019-09-30,dcrnn,13089.500619991391,14905.225691567113,spatial_temporal
98118,2017-11-30,2018-11-30,2019-10-31,dcrnn,16023.215040925648,19289.638024924578,spatial_temporal
98118,2017-12-31,2018-12-31,2019-11-30,itransformer,13427.424331216287,15010.990136320632,DL
98118,2018-01-31,2019-01-31,2019-12-31,chronos2_zero,14253.785436867367,18615.515655728745,foundation
98118,2018-02-28,2019-02-28,2020-01-31,itransformer,12019.25393400678,15921.562424890413,DL
98118,2018-03-31,2019-03-31,2020-02-29,itransformer,10420.59107041615,15810.984721962735,DL
98118,2018-04-30,2019-04-30,2020-03-31,itransformer,15443.478127421075,20583.093337447994,DL
98118,2018-05-31,2019-05-31,2020-04-30,itransformer,17605.720467517956,22874.161425504186,DL
98118,2018-06-30,2019-06-30,2020-05-31,itransformer,17860.07211560752,24317.578813306423,DL
98118,2018-07-31,2019-07-31,2020-06-30,d2stgnn,19023.42220848404,23629.43163087971,spatial_temporal
98118,2018-08-31,2019-08-31,2020-07-31,graph_wavenet,21579.306305098977,29875.523763389738,spatial_temporal
98118,2018-09-30,2019-09-30,2020-08-31,d2stgnn,18299.33703711882,24983.665981865477,spatial_temporal
98118,2018-10-31,2019-10-31,2020-09-30,d2stgnn,19340.01313010446,23456.385044363615,spatial_temporal
98118,2018-11-30,2019-11-30,2020-10-31,d2stgnn,14965.81036670731,18071.59326099739,spatial_temporal
98118,2018-12-31,2019-12-31,2020-11-30,stgformer,20124.846816374804,25195.746805539584,spatial_temporal
98118,2019-01-31,2020-01-31,2020-12-31,dlinear,22001.799304622586,27742.456871176604,DL
98118,2019-02-28,2020-02-29,2021-01-31,d2stgnn,21916.67386062744,25656.977923408613,spatial_temporal
98118,2019-03-31,2020-03-31,2021-02-28,d2stgnn,19931.87987353616,23286.546154229713,spatial_temporal
98118,2019-04-30,2020-04-30,2021-03-31,dcrnn,21766.441719654307,26278.25857639003,spatial_temporal
98118,2019-05-31,2020-05-31,2021-04-30,stgformer,20192.576018831034,23949.218986276806,spatial_temporal
98118,2019-06-30,2020-06-30,2021-05-31,stgformer,19115.876907312748,21277.949979557074,spatial_temporal
98118,2019-07-31,2020-07-31,2021-06-30,stgformer,16631.445372628175,18474.940383490928,spatial_temporal
98118,2019-08-31,2020-08-31,2021-07-31,timemixer,17661.822331213294,22388.32824547564,DL
98118,2019-09-30,2020-09-30,2021-08-31,itransformer,16663.636291609077,22241.899300388028,DL
98118,2019-10-31,2020-10-31,2021-09-30,itransformer,13700.05465010932,16198.173921212621,DL
98118,2019-11-30,2020-11-30,2021-10-31,timemixer,16599.7239459422,20401.735896971837,DL
98118,2019-12-31,2020-12-31,2021-11-30,stgformer,18434.011594070373,27481.829844553726,spatial_temporal
98118,2020-01-31,2021-01-31,2021-12-31,d2stgnn,13450.851470142894,17495.134343700163,spatial_temporal
98118,2020-02-29,2021-02-28,2022-01-31,stgformer,17908.18413601574,21048.601993529162,spatial_temporal
98118,2020-03-31,2021-03-31,2022-02-28,stgformer,20502.384570877824,27893.4860220518,spatial_temporal
98118,2020-04-30,2021-04-30,2022-03-31,stgformer,21965.236402313818,28404.645294074566,spatial_temporal
98118,2020-05-31,2021-05-31,2022-04-30,stgformer,26117.346498443414,30871.60265350623,spatial_temporal
98118,2020-06-30,2021-06-30,2022-05-31,graph_wavenet,25915.527744645264,35739.75154233571,spatial_temporal
98118,2020-07-31,2021-07-31,2022-06-30,graph_wavenet,26706.885648922995,32108.057418987435,spatial_temporal
98118,2020-08-31,2021-08-31,2022-07-31,timemixer,22484.829626716335,29420.208342067017,DL
98118,2020-09-30,2021-09-30,2022-08-31,timemixer,24524.782653414248,30638.017987420004,DL
98118,2020-10-31,2021-10-31,2022-09-30,itransformer,20880.31565314958,24730.16099844352,DL
98118,2020-11-30,2021-11-30,2022-10-31,itransformer,21609.407573614346,27606.72490673372,DL
98118,2020-12-31,2021-12-31,2022-11-30,stgformer,32580.440407260427,42644.4038512329,spatial_temporal
98118,2021-01-31,2022-01-31,2022-12-31,stgformer,36685.34234105385,47725.19861039752,spatial_temporal
98118,2021-02-28,2022-02-28,2023-01-31,dcrnn,39543.20482651269,63768.02522752981,spatial_temporal
98118,2021-03-31,2022-03-31,2023-02-28,chronos2_zero,47265.16205540297,57435.582350657925,foundation
98118,2021-04-30,2022-04-30,2023-03-31,patchtst,47265.24764814033,57767.38550071019,DL
98118,2021-05-31,2022-05-31,2023-04-30,timesfm_zero,49502.863626016915,56677.481850573284,foundation
98118,2021-06-30,2022-06-30,2023-05-31,d2stgnn,56739.52169949895,62501.524992513885,spatial_temporal
98118,2021-07-31,2022-07-31,2023-06-30,d2stgnn,47112.698927237856,57710.372071433994,spatial_temporal
98118,2021-08-31,2022-08-31,2023-07-31,d2stgnn,47207.88360679327,55902.459310182734,spatial_temporal
98118,2021-09-30,2022-09-30,2023-08-31,stgcn,40375.249717566214,47019.91134231046,spatial_temporal
98118,2021-10-31,2022-10-31,2023-09-30,stgcn,29282.073997077823,41674.061686760644,spatial_temporal
98118,2021-11-30,2022-11-30,2023-10-31,timemixer,29395.533115396236,36303.13110128462,DL
98118,2021-12-31,2022-12-31,2023-11-30,graph_wavenet,24034.475913507176,29981.635032409464,spatial_temporal
98118,2022-12-31,2023-12-31,2024-11-30,timemixer,51922.07961704504,65268.31914570843,DL
98118,2023-01-31,2024-01-31,2024-12-31,itransformer,55454.46434055371,64456.01772806083,DL
98118,2024-01-31,2025-01-31,2025-12-31,timesfm_zero,29882.987135858246,34338.77403015077,foundation
98118,2024-02-29,2025-02-28,2026-01-31,chronos2_zero,20933.616378811817,25992.71525351796,foundation
98118,2024-03-31,2025-03-31,2026-02-28,timesfm_zero,21807.015084244882,27221.756210665204,foundation
98118,2024-04-30,2025-04-30,2026-03-31,timesfm_zero,28579.288042378816,35915.09006737747,foundation
98118,2024-05-31,2025-05-31,2026-04-30,timesfm_zero,31209.90819023696,39078.382758802094,foundation
98118,2024-06-30,2025-06-30,2026-05-31,timesfm_zero,34571.4067768758,40377.584857577094,foundation
98118,2024-07-31,2025-07-31,2026-06-30,timesfm_zero,30024.47863043974,39389.74188441432,foundation
98118,2024-08-31,2025-08-31,2026-07-31,timesfm_zero,39804.3245367624,48506.87340416092,foundation
98119,2016-03-31,2017-03-31,2018-02-28,dcrnn,70950.52187292013,89701.90989997439,spatial_temporal
98119,2016-04-30,2017-04-30,2018-03-31,timemixer,62552.49422987451,86682.68893675624,DL
98119,2016-05-31,2017-05-31,2018-04-30,stgcn,56905.54926911107,74325.67049369568,spatial_temporal
98119,2016-06-30,2017-06-30,2018-05-31,dlinear,47389.792064230576,66878.32724485383,DL
98119,2016-07-31,2017-07-31,2018-06-30,d2stgnn,59658.09027605682,65751.82617603806,spatial_temporal
98119,2016-08-31,2017-08-31,2018-07-31,timemixer,48811.21280637147,70159.81521004603,DL
98119,2016-09-30,2017-09-30,2018-08-31,d2stgnn,66370.74485488959,75916.68910453648,spatial_temporal
98119,2016-10-31,2017-10-31,2018-09-30,d2stgnn,85397.5212535275,104135.48043724305,spatial_temporal
98119,2016-11-30,2017-11-30,2018-10-31,timemixer,83188.65822596174,93057.2271092523,DL
98119,2016-12-31,2017-12-31,2018-11-30,graph_wavenet,77849.32539362439,84285.60174082,spatial_temporal
98119,2017-01-31,2018-01-31,2018-12-31,graph_wavenet,42283.034776635875,63783.66000691759,spatial_temporal
98119,2017-02-28,2018-02-28,2019-01-31,itransformer,61545.84293488536,75517.04152104465,DL
98119,2017-03-31,2018-03-31,2019-02-28,dlinear,69341.91152318395,82727.23220107937,DL
98119,2017-04-30,2018-04-30,2019-03-31,chronos2_zero,66701.1923184819,77082.8460243838,foundation
98119,2017-05-31,2018-05-31,2019-04-30,dlinear,68300.30051569587,87520.69655167309,DL
98119,2017-06-30,2018-06-30,2019-05-31,d2stgnn,71410.68869940257,87665.94285022134,spatial_temporal
98119,2017-07-31,2018-07-31,2019-06-30,stgformer,65667.16849756717,76601.09418270408,spatial_temporal
98119,2017-08-31,2018-08-31,2019-07-31,stgformer,64752.13323406166,76349.1993560701,spatial_temporal
98119,2017-09-30,2018-09-30,2019-08-31,dcrnn,64520.92011345998,86614.19076990905,spatial_temporal
98119,2017-10-31,2018-10-31,2019-09-30,dcrnn,61169.31351764686,77524.62584684037,spatial_temporal
98119,2017-11-30,2018-11-30,2019-10-31,dcrnn,58601.963857203365,77811.62265382305,spatial_temporal
98119,2017-12-31,2018-12-31,2019-11-30,itransformer,68721.97944461727,85646.26159237605,DL
98119,2018-01-31,2019-01-31,2019-12-31,itransformer,69049.20180579575,77638.43432754256,DL
98119,2018-02-28,2019-02-28,2020-01-31,timesfm_zero,58772.59508749301,66302.69081005747,foundation
98119,2018-03-31,2019-03-31,2020-02-29,itransformer,74650.83214216691,88335.58716627379,DL
98119,2018-04-30,2019-04-30,2020-03-31,itransformer,62708.35510077281,74737.86528123183,DL
98119,2018-05-31,2019-05-31,2020-04-30,timesfm_zero,36673.81861382348,44512.8165958995,foundation
98119,2018-06-30,2019-06-30,2020-05-31,timesfm_zero,47710.19492498209,50158.574709428794,foundation
98119,2018-07-31,2019-07-31,2020-06-30,chronos2_zero,32500.094860590645,56313.15665237056,foundation
98119,2018-08-31,2019-08-31,2020-07-31,timesfm_zero,29836.367234986217,36024.95765109136,foundation
98119,2018-09-30,2019-09-30,2020-08-31,timesfm_zero,31289.15588765473,37040.19456044822,foundation
98119,2018-10-31,2019-10-31,2020-09-30,timesfm_zero,29579.813853842963,36417.16831197356,foundation
98119,2018-11-30,2019-11-30,2020-10-31,timesfm_zero,34928.31964738729,44075.94725003474,foundation
98119,2018-12-31,2019-12-31,2020-11-30,d2stgnn,36385.245036252774,49970.945144850455,spatial_temporal
98119,2019-01-31,2020-01-31,2020-12-31,d2stgnn,45968.63920819003,61355.21154039872,spatial_temporal
98119,2019-02-28,2020-02-29,2021-01-31,itransformer,34216.53113630905,38891.172611942435,DL
98119,2019-03-31,2020-03-31,2021-02-28,dcrnn,35875.37142971362,44583.20085906551,spatial_temporal
98119,2019-04-30,2020-04-30,2021-03-31,itransformer,29946.024323759677,41083.98847575118,DL
98119,2019-05-31,2020-05-31,2021-04-30,dlinear,39116.30855747437,50670.01377069702,DL
98119,2019-06-30,2020-06-30,2021-05-31,stgformer,41565.3557034565,48778.350256284306,spatial_temporal
98119,2019-07-31,2020-07-31,2021-06-30,d2stgnn,31438.05792104352,39117.12044034291,spatial_temporal
98119,2019-08-31,2020-08-31,2021-07-31,d2stgnn,37503.4539975962,47104.60898520263,spatial_temporal
98119,2019-09-30,2020-09-30,2021-08-31,d2stgnn,33801.260309242934,48537.35716875063,spatial_temporal
98119,2019-10-31,2020-10-31,2021-09-30,d2stgnn,43748.05007614583,56432.04497113946,spatial_temporal
98119,2019-11-30,2020-11-30,2021-10-31,d2stgnn,47511.588126783514,56676.33860186924,spatial_temporal
98119,2019-12-31,2020-12-31,2021-11-30,d2stgnn,41859.36478701956,49690.14410002972,spatial_temporal
98119,2020-01-31,2021-01-31,2021-12-31,d2stgnn,33840.40880038964,41771.0072397795,spatial_temporal
98119,2020-02-29,2021-02-28,2022-01-31,d2stgnn,59436.781314280386,82939.85252848544,spatial_temporal
98119,2020-03-31,2021-03-31,2022-02-28,d2stgnn,83491.2015340586,121685.56797511748,spatial_temporal
98119,2020-04-30,2021-04-30,2022-03-31,stgformer,80172.82764724533,119528.35715208572,spatial_temporal
98119,2020-05-31,2021-05-31,2022-04-30,stgformer,96133.14976786416,139507.90331880076,spatial_temporal
98119,2020-06-30,2021-06-30,2022-05-31,timemixer,105774.0025640471,123227.62655568619,DL
98119,2020-07-31,2021-07-31,2022-06-30,stgformer,113083.00881608717,147163.32999489788,spatial_temporal
98119,2020-08-31,2021-08-31,2022-07-31,timemixer,103019.12884866301,122610.03678101294,DL
98119,2020-09-30,2021-09-30,2022-08-31,itransformer,97469.28769288975,124187.46403891762,DL
98119,2020-10-31,2021-10-31,2022-09-30,d2stgnn,109698.19355599997,160188.36112215003,spatial_temporal
98119,2020-11-30,2021-11-30,2022-10-31,itransformer,114520.05481265891,125782.11196203431,DL
98119,2020-12-31,2021-12-31,2022-11-30,d2stgnn,119707.10513170368,169782.5554005033,spatial_temporal
98119,2021-01-31,2022-01-31,2022-12-31,d2stgnn,114920.87672135826,158328.49459706803,spatial_temporal
98119,2021-02-28,2022-02-28,2023-01-31,d2stgnn,89488.61959805973,108177.62807520361,spatial_temporal
98119,2021-03-31,2022-03-31,2023-02-28,d2stgnn,98044.19167564884,102644.14251616519,spatial_temporal
98119,2021-04-30,2022-04-30,2023-03-31,timesfm_zero,107418.67328997777,122877.63501499126,foundation
98119,2021-05-31,2022-05-31,2023-04-30,dcrnn,135284.84186999232,159123.36544027965,spatial_temporal
98119,2021-06-30,2022-06-30,2023-05-31,stgformer,144202.05216597358,181643.99996321328,spatial_temporal
98119,2021-07-31,2022-07-31,2023-06-30,stgformer,130322.97400708118,167713.44936305317,spatial_temporal
98119,2021-08-31,2022-08-31,2023-07-31,stgformer,117814.40780244106,165660.4383443582,spatial_temporal
98119,2021-09-30,2022-09-30,2023-08-31,timemixer,105753.19595579263,143871.52919329144,DL
98119,2021-10-31,2022-10-31,2023-09-30,patchtst,110992.75177738203,139186.02970682783,DL
98119,2021-11-30,2022-11-30,2023-10-31,chronos2_zero,102314.09615658374,130591.83045100803,foundation
98119,2021-12-31,2022-12-31,2023-11-30,chronos2_zero,106238.38094671375,135473.4867474644,foundation
98119,2022-12-31,2023-12-31,2024-11-30,dcrnn,61165.10746816979,77548.42821758064,spatial_temporal
98119,2023-01-31,2024-01-31,2024-12-31,dcrnn,50142.52183271749,65300.60184194105,spatial_temporal
98119,2024-01-31,2025-01-31,2025-12-31,dlinear,78186.66598035545,100899.75763500432,DL
98119,2024-02-29,2025-02-28,2026-01-31,dlinear,91946.203985436,117283.05672708448,DL
98119,2024-03-31,2025-03-31,2026-02-28,dcrnn,115622.60527168564,134339.61741731517,spatial_temporal
98119,2024-04-30,2025-04-30,2026-03-31,dcrnn,103331.22798354854,125936.6808990951,spatial_temporal
98119,2024-05-31,2025-05-31,2026-04-30,chronos2_zero,95330.63252287397,121900.35701173161,foundation
98119,2024-06-30,2025-06-30,2026-05-31,chronos2_zero,89198.03756694973,125942.33678908877,foundation
98119,2024-07-31,2025-07-31,2026-06-30,itransformer,92862.04194548783,123030.13235190697,DL
98119,2024-08-31,2025-08-31,2026-07-31,patchtst,104585.93753407527,142665.8010237113,DL
98122,2016-03-31,2017-03-31,2018-02-28,dlinear,79183.83257384523,108059.44972475921,DL
98122,2016-04-30,2017-04-30,2018-03-31,dlinear,90447.81626867829,119198.52533460945,DL
98122,2016-05-31,2017-05-31,2018-04-30,dlinear,86166.78449359706,107367.49837023049,DL
98122,2016-06-30,2017-06-30,2018-05-31,graph_wavenet,61201.550086854615,86782.64822327903,spatial_temporal
98122,2016-07-31,2017-07-31,2018-06-30,graph_wavenet,55315.94001279491,75423.3484754545,spatial_temporal
98122,2016-08-31,2017-08-31,2018-07-31,patchtst,56493.22556861254,75022.42559291703,DL
98122,2016-09-30,2017-09-30,2018-08-31,stgcn,64174.4337508546,75687.40120414326,spatial_temporal
98122,2016-10-31,2017-10-31,2018-09-30,dlinear,59154.78126406757,69943.71364626005,DL
98122,2016-11-30,2017-11-30,2018-10-31,dlinear,51679.086664041,65360.682519827,DL
98122,2016-12-31,2017-12-31,2018-11-30,patchtst,65279.95398338329,74007.82987360569,DL
98122,2017-01-31,2018-01-31,2018-12-31,timesfm_zero,51262.4624180835,69662.93479967663,foundation
98122,2017-02-28,2018-02-28,2019-01-31,timesfm_zero,60904.790248342346,68727.06172777688,foundation
98122,2017-03-31,2018-03-31,2019-02-28,chronos2_zero,46063.64728784276,66848.07889462491,foundation
98122,2017-04-30,2018-04-30,2019-03-31,chronos2_zero,48462.54202718766,73984.64775716858,foundation
98122,2017-05-31,2018-05-31,2019-04-30,timemixer,46894.74202293959,62190.26511540235,DL
98122,2017-06-30,2018-06-30,2019-05-31,timemixer,44267.54995260624,52671.404754688476,DL
98122,2017-07-31,2018-07-31,2019-06-30,timemixer,44077.88644097367,62015.421559304246,DL
98122,2017-08-31,2018-08-31,2019-07-31,timemixer,37688.88978180851,52124.45945303505,DL
98122,2017-09-30,2018-09-30,2019-08-31,timemixer,31955.19634668755,43956.087827330506,DL
98122,2017-10-31,2018-10-31,2019-09-30,timemixer,27999.767301149288,36034.42970690374,DL
98122,2017-11-30,2018-11-30,2019-10-31,graph_wavenet,23298.242012277286,29787.652582592505,spatial_temporal
98122,2017-12-31,2018-12-31,2019-11-30,timemixer,19263.770398414606,26686.388191868602,DL
98122,2018-01-31,2019-01-31,2019-12-31,timemixer,18929.464400779678,27906.39076203241,DL
98122,2018-02-28,2019-02-28,2020-01-31,graph_wavenet,20048.169132788433,24236.961405257458,spatial_temporal
98122,2018-03-31,2019-03-31,2020-02-29,chronos2_zero,22743.801722148404,30314.32129919145,foundation
98122,2018-04-30,2019-04-30,2020-03-31,dcrnn,29218.579555545013,49019.71499305251,spatial_temporal
98122,2018-05-31,2019-05-31,2020-04-30,dcrnn,47918.91852619194,85819.21315101556,spatial_temporal
98122,2018-06-30,2019-06-30,2020-05-31,dlinear,64022.04189960923,84620.59906793838,DL
98122,2018-07-31,2019-07-31,2020-06-30,dlinear,76029.36147554532,111914.24492868953,DL
98122,2018-08-31,2019-08-31,2020-07-31,dlinear,82064.149062527,115400.98560845887,DL
98122,2018-09-30,2019-09-30,2020-08-31,d2stgnn,76582.9139643862,117206.47321263648,spatial_temporal
98122,2018-10-31,2019-10-31,2020-09-30,d2stgnn,71601.40772091398,101919.32745918357,spatial_temporal
98122,2018-11-30,2019-11-30,2020-10-31,dlinear,83989.57492070278,117715.6189669565,DL
98122,2018-12-31,2019-12-31,2020-11-30,d2stgnn,95868.4765933305,122153.74883978377,spatial_temporal
98122,2019-01-31,2020-01-31,2020-12-31,dlinear,98808.46876434924,132620.3775795282,DL
98122,2019-02-28,2020-02-29,2021-01-31,dlinear,97937.32627142292,134202.2664707163,DL
98122,2019-03-31,2020-03-31,2021-02-28,dcrnn,109351.34065724297,134365.18923846565,spatial_temporal
98122,2019-04-30,2020-04-30,2021-03-31,chronos2_zero,102825.61565325987,128747.42510416759,foundation
98122,2019-05-31,2020-05-31,2021-04-30,timesfm_zero,84626.4429142374,104280.89643580678,foundation
98122,2019-06-30,2020-06-30,2021-05-31,timesfm_zero,68218.26819654267,85726.3619515914,foundation
98122,2019-07-31,2020-07-31,2021-06-30,stgformer,87047.90726522983,123025.95638308546,spatial_temporal
98122,2019-08-31,2020-08-31,2021-07-31,timemixer,89585.8476135168,111675.29857230955,DL
98122,2019-09-30,2020-09-30,2021-08-31,timemixer,77197.92133146994,100788.43639811217,DL
98122,2019-10-31,2020-10-31,2021-09-30,timemixer,69869.86324340903,96278.74464163743,DL
98122,2019-11-30,2020-11-30,2021-10-31,timemixer,73552.89037227788,94506.75088580164,DL
98122,2019-12-31,2020-12-31,2021-11-30,dlinear,82260.02522085169,97599.18729975465,DL
98122,2020-01-31,2021-01-31,2021-12-31,dlinear,92244.31155266966,116201.64655930352,DL
98122,2020-02-29,2021-02-28,2022-01-31,itransformer,94012.54391750197,111060.12981789348,DL
98122,2020-03-31,2021-03-31,2022-02-28,d2stgnn,78565.5692019291,92501.19179208261,spatial_temporal
98122,2020-04-30,2021-04-30,2022-03-31,itransformer,73269.17802776476,81381.9048209717,DL
98122,2020-05-31,2021-05-31,2022-04-30,stgformer,74125.27595107218,84569.17484940359,spatial_temporal
98122,2020-06-30,2021-06-30,2022-05-31,chronos2_zero,62731.2576546221,67732.40203135098,foundation
98122,2020-07-31,2021-07-31,2022-06-30,stgformer,56218.35246509281,63370.88042864016,spatial_temporal
98122,2020-08-31,2021-08-31,2022-07-31,stgformer,60608.58678208538,76715.70660580465,spatial_temporal
98122,2020-09-30,2021-09-30,2022-08-31,itransformer,51301.35032394881,57069.16716453711,DL
98122,2020-10-31,2021-10-31,2022-09-30,itransformer,43187.23532988096,51460.04718264378,DL
98122,2020-11-30,2021-11-30,2022-10-31,itransformer,44350.32898115311,52756.41472000495,DL
98122,2020-12-31,2021-12-31,2022-11-30,itransformer,55352.57244718422,67527.09873017085,DL
98122,2021-01-31,2022-01-31,2022-12-31,itransformer,63307.10888424863,81858.13226572148,DL
98122,2021-02-28,2022-02-28,2023-01-31,dlinear,68938.3152008812,89170.46097537168,DL
98122,2021-03-31,2022-03-31,2023-02-28,d2stgnn,84799.04213343684,100071.92454415606,spatial_temporal
98122,2021-04-30,2022-04-30,2023-03-31,d2stgnn,84498.63587614892,100300.81686879288,spatial_temporal
98122,2021-05-31,2022-05-31,2023-04-30,d2stgnn,81823.15865501131,96382.02879078101,spatial_temporal
98122,2021-06-30,2022-06-30,2023-05-31,dcrnn,97077.60835932905,108127.04438647645,spatial_temporal
98122,2021-07-31,2022-07-31,2023-06-30,d2stgnn,100808.88797548454,113849.3800390792,spatial_temporal
98122,2021-08-31,2022-08-31,2023-07-31,dcrnn,105907.67906501259,117511.05292336455,spatial_temporal
98122,2021-09-30,2022-09-30,2023-08-31,d2stgnn,105334.25034595611,118984.04591368478,spatial_temporal
98122,2021-10-31,2022-10-31,2023-09-30,patchtst,74337.23837792856,87276.01233122306,DL
98122,2021-11-30,2022-11-30,2023-10-31,patchtst,62888.05712388435,74814.98399861246,DL
98122,2021-12-31,2022-12-31,2023-11-30,timemixer,57405.517562505265,62297.48893736799,DL
98122,2022-12-31,2023-12-31,2024-11-30,graph_wavenet,60916.82930376326,82807.00775249729,spatial_temporal
98122,2023-01-31,2024-01-31,2024-12-31,timemixer,69217.78201711102,92182.64198600409,DL
98122,2024-01-31,2025-01-31,2025-12-31,dcrnn,48269.79504483342,67345.51840697648,spatial_temporal
98122,2024-02-29,2025-02-28,2026-01-31,dcrnn,44111.63271922267,62739.07608431428,spatial_temporal
98122,2024-03-31,2025-03-31,2026-02-28,graph_wavenet,42685.14352789263,54911.17463800002,spatial_temporal
98122,2024-04-30,2025-04-30,2026-03-31,graph_wavenet,40682.5959210817,55038.91334082824,spatial_temporal
98122,2024-05-31,2025-05-31,2026-04-30,graph_wavenet,36690.94976203501,54715.78675420271,spatial_temporal
98122,2024-06-30,2025-06-30,2026-05-31,dcrnn,45059.05980232926,58681.15371590844,spatial_temporal
98122,2024-07-31,2025-07-31,2026-06-30,chronos2_zero,42617.183020775694,55193.089753195476,foundation
98122,2024-08-31,2025-08-31,2026-07-31,timesfm_zero,53861.73769060982,68561.04479839627,foundation
98125,2016-03-31,2017-03-31,2018-02-28,dlinear,40341.466106592234,47851.7919043971,DL
98125,2016-04-30,2017-04-30,2018-03-31,dlinear,44848.81019864627,55841.712656782125,DL
98125,2016-05-31,2017-05-31,2018-04-30,stgformer,45886.881576981796,56699.53177739286,spatial_temporal
98125,2016-06-30,2017-06-30,2018-05-31,d2stgnn,36058.160010989384,51304.70000119918,spatial_temporal
98125,2016-07-31,2017-07-31,2018-06-30,d2stgnn,28258.800933804694,39062.96818474672,spatial_temporal
98125,2016-08-31,2017-08-31,2018-07-31,itransformer,25960.27971433067,29792.932804216907,DL
98125,2016-09-30,2017-09-30,2018-08-31,stgformer,24279.488447486172,34910.23140716673,spatial_temporal
98125,2016-10-31,2017-10-31,2018-09-30,d2stgnn,18473.16984821916,24546.233395585856,spatial_temporal
98125,2016-11-30,2017-11-30,2018-10-31,d2stgnn,15521.584861220763,22028.076161384077,spatial_temporal
98125,2016-12-31,2017-12-31,2018-11-30,d2stgnn,22764.87400100121,27337.75463895818,spatial_temporal
98125,2017-01-31,2018-01-31,2018-12-31,itransformer,18271.640095636278,23151.162379609123,DL
98125,2017-02-28,2018-02-28,2019-01-31,stgformer,17120.899988476693,20853.57104885655,spatial_temporal
98125,2017-03-31,2018-03-31,2019-02-28,itransformer,20860.383606952975,27895.27326839328,DL
98125,2017-04-30,2018-04-30,2019-03-31,chronos2_zero,11563.801400236358,13146.905788816866,foundation
98125,2017-05-31,2018-05-31,2019-04-30,timemixer,16799.31700462742,20826.427839061027,DL
98125,2017-06-30,2018-06-30,2019-05-31,chronos2_zero,13831.720697616867,17859.42643673537,foundation
98125,2017-07-31,2018-07-31,2019-06-30,chronos2_zero,10620.237687622954,14016.582382614397,foundation
98125,2017-08-31,2018-08-31,2019-07-31,chronos2_zero,11650.00323803328,12792.185714622665,foundation
98125,2017-09-30,2018-09-30,2019-08-31,graph_wavenet,18597.079074659163,24184.96650039832,spatial_temporal
98125,2017-10-31,2018-10-31,2019-09-30,chronos2_zero,18161.613659715716,21931.916066096273,foundation
98125,2017-11-30,2018-11-30,2019-10-31,timesfm_zero,16637.31811392242,21114.70180123339,foundation
98125,2017-12-31,2018-12-31,2019-11-30,patchtst,14333.160557098387,17858.04929345737,DL
98125,2018-01-31,2019-01-31,2019-12-31,chronos2_zero,11964.616506579789,14905.553888784185,foundation
98125,2018-02-28,2019-02-28,2020-01-31,dcrnn,13138.228599568809,15786.12718147516,spatial_temporal
98125,2018-03-31,2019-03-31,2020-02-29,dcrnn,11519.148972382332,12742.579257273801,spatial_temporal
98125,2018-04-30,2019-04-30,2020-03-31,dcrnn,12867.075862507152,14695.911613468648,spatial_temporal
98125,2018-05-31,2019-05-31,2020-04-30,graph_wavenet,14161.990147825136,15857.27604438596,spatial_temporal
98125,2018-06-30,2019-06-30,2020-05-31,graph_wavenet,14878.55611872639,16599.35636108751,spatial_temporal
98125,2018-07-31,2019-07-31,2020-06-30,stgcn,14683.08308319824,18007.342263842045,spatial_temporal
98125,2018-08-31,2019-08-31,2020-07-31,stgcn,13539.211851924347,15574.245823565296,spatial_temporal
98125,2018-09-30,2019-09-30,2020-08-31,patchtst,12332.95271067821,14808.118734911033,DL
98125,2018-10-31,2019-10-31,2020-09-30,patchtst,11782.033073979206,12991.260132451667,DL
98125,2018-11-30,2019-11-30,2020-10-31,graph_wavenet,12643.352783933873,15031.181626967631,spatial_temporal
98125,2018-12-31,2019-12-31,2020-11-30,stgcn,11628.890493693625,13894.59517966588,spatial_temporal
98125,2019-01-31,2020-01-31,2020-12-31,stgformer,16900.912476450885,20879.58872711412,spatial_temporal
98125,2019-02-28,2020-02-29,2021-01-31,dcrnn,12501.964146801687,13821.454737525284,spatial_temporal
98125,2019-03-31,2020-03-31,2021-02-28,dcrnn,13914.846594655692,14645.154885872416,spatial_temporal
98125,2019-04-30,2020-04-30,2021-03-31,patchtst,14927.436388468856,16906.888614628893,DL
98125,2019-05-31,2020-05-31,2021-04-30,graph_wavenet,11760.600852015787,15493.107782642295,spatial_temporal
98125,2019-06-30,2020-06-30,2021-05-31,patchtst,14687.624984984499,20745.150030653793,DL
98125,2019-07-31,2020-07-31,2021-06-30,d2stgnn,17337.954962671745,19060.513082587535,spatial_temporal
98125,2019-08-31,2020-08-31,2021-07-31,d2stgnn,24834.18743446348,31421.228225483894,spatial_temporal
98125,2019-09-30,2020-09-30,2021-08-31,timemixer,19344.066034993826,22408.84620970192,DL
98125,2019-10-31,2020-10-31,2021-09-30,d2stgnn,22139.9022025559,27399.534121127603,spatial_temporal
98125,2019-11-30,2020-11-30,2021-10-31,timemixer,21231.319675206574,23277.030388826985,DL
98125,2019-12-31,2020-12-31,2021-11-30,d2stgnn,20051.27534841334,24579.564114578385,spatial_temporal
98125,2020-01-31,2021-01-31,2021-12-31,d2stgnn,20231.102827095136,23035.776137012654,spatial_temporal
98125,2020-02-29,2021-02-28,2022-01-31,d2stgnn,20533.582298484107,27928.6209514394,spatial_temporal
98125,2020-03-31,2021-03-31,2022-02-28,timemixer,28635.916728613094,33055.68063315089,DL
98125,2020-04-30,2021-04-30,2022-03-31,graph_wavenet,28512.777522943565,34882.50638967529,spatial_temporal
98125,2020-05-31,2021-05-31,2022-04-30,stgformer,25653.20661657995,32401.62037197992,spatial_temporal
98125,2020-06-30,2021-06-30,2022-05-31,stgformer,30010.48697575266,37068.08064175505,spatial_temporal
98125,2020-07-31,2021-07-31,2022-06-30,itransformer,34950.05165667143,44294.151898083874,DL
98125,2020-08-31,2021-08-31,2022-07-31,dlinear,29754.138750486774,41450.79408723059,DL
98125,2020-09-30,2021-09-30,2022-08-31,itransformer,29572.030379081814,38545.69931564718,DL
98125,2020-10-31,2021-10-31,2022-09-30,timemixer,28509.51379762623,34231.87294380588,DL
98125,2020-11-30,2021-11-30,2022-10-31,itransformer,36734.42400197269,46012.77377728357,DL
98125,2020-12-31,2021-12-31,2022-11-30,stgformer,53945.29433322244,63983.38791009124,spatial_temporal
98125,2021-01-31,2022-01-31,2022-12-31,timemixer,53235.792023988644,60103.83784394231,DL
98125,2021-02-28,2022-02-28,2023-01-31,d2stgnn,50823.21497368752,59367.38350327325,spatial_temporal
98125,2021-03-31,2022-03-31,2023-02-28,d2stgnn,39371.716215206165,46271.45323880476,spatial_temporal
98125,2021-04-30,2022-04-30,2023-03-31,d2stgnn,47353.265493639345,54869.245212919916,spatial_temporal
98125,2021-05-31,2022-05-31,2023-04-30,timemixer,48307.926288294104,53548.3134616209,DL
98125,2021-06-30,2022-06-30,2023-05-31,stgformer,59078.124741024054,69025.80811201035,spatial_temporal
98125,2021-07-31,2022-07-31,2023-06-30,timemixer,48871.91909167836,55307.90804884497,DL
98125,2021-08-31,2022-08-31,2023-07-31,timemixer,53822.604229638295,63587.002687500615,DL
98125,2021-09-30,2022-09-30,2023-08-31,timemixer,37059.36635010009,47931.89770655387,DL
98125,2021-10-31,2022-10-31,2023-09-30,chronos2_zero,28624.26429836154,36074.06375591103,foundation
98125,2021-11-30,2022-11-30,2023-10-31,chronos2_zero,35889.53466530088,42607.84543303503,foundation
98125,2021-12-31,2022-12-31,2023-11-30,chronos2_zero,29173.186359868083,37380.139763142055,foundation
98125,2022-12-31,2023-12-31,2024-11-30,d2stgnn,30931.439035375428,35019.97426839134,spatial_temporal
98125,2023-01-31,2024-01-31,2024-12-31,stgformer,33527.86881365645,42976.584507293286,spatial_temporal
98125,2024-01-31,2025-01-31,2025-12-31,stgformer,39160.28329105861,53119.18639484025,spatial_temporal
98125,2024-02-29,2025-02-28,2026-01-31,timemixer,39473.577185119844,49050.14758829729,DL
98125,2024-03-31,2025-03-31,2026-02-28,chronos2_zero,29822.38413696412,38819.59198550476,foundation
98125,2024-04-30,2025-04-30,2026-03-31,timesfm_zero,27212.522857365926,37811.11350742888,foundation
98125,2024-05-31,2025-05-31,2026-04-30,timesfm_zero,27232.894998702785,39616.19645545204,foundation
98125,2024-06-30,2025-06-30,2026-05-31,timesfm_zero,31958.449883352674,44549.97866288651,foundation
98125,2024-07-31,2025-07-31,2026-06-30,chronos2_zero,33757.04332865661,42864.219892198904,foundation
98125,2024-08-31,2025-08-31,2026-07-31,chronos2_zero,46588.04833678223,56764.56842225797,foundation
98126,2016-03-31,2017-03-31,2018-02-28,d2stgnn,59060.15669764383,80643.82439473944,spatial_temporal
98126,2016-04-30,2017-04-30,2018-03-31,dlinear,62569.21078611205,82915.18484794252,DL
98126,2016-05-31,2017-05-31,2018-04-30,dlinear,67419.68365651523,81828.66228766678,DL
98126,2016-06-30,2017-06-30,2018-05-31,timemixer,57427.308876221454,73617.67218016575,DL
98126,2016-07-31,2017-07-31,2018-06-30,d2stgnn,49825.31044735581,64501.726927232354,spatial_temporal
98126,2016-08-31,2017-08-31,2018-07-31,timemixer,36391.454534216784,48939.77895004016,DL
98126,2016-09-30,2017-09-30,2018-08-31,itransformer,33724.872663509894,48047.02064262003,DL
98126,2016-10-31,2017-10-31,2018-09-30,d2stgnn,38404.9666808004,51290.31898959984,spatial_temporal
98126,2016-11-30,2017-11-30,2018-10-31,d2stgnn,36197.52441245753,49893.46131115366,spatial_temporal
98126,2016-12-31,2017-12-31,2018-11-30,dlinear,39074.2457446887,44796.00419298061,DL
98126,2017-01-31,2018-01-31,2018-12-31,timemixer,33310.304750973475,39711.287740569234,DL
98126,2017-02-28,2018-02-28,2019-01-31,chronos2_zero,15061.433134319048,17393.010085428494,foundation
98126,2017-03-31,2018-03-31,2019-02-28,chronos2_zero,17398.681080522463,20956.61729573331,foundation
98126,2017-04-30,2018-04-30,2019-03-31,timemixer,16002.194767195944,21215.934633555076,DL
98126,2017-05-31,2018-05-31,2019-04-30,timemixer,12796.234323034858,18699.59719962427,DL
98126,2017-06-30,2018-06-30,2019-05-31,timemixer,20685.08930423688,24293.071569858745,DL
98126,2017-07-31,2018-07-31,2019-06-30,timemixer,23596.638677595463,29134.183735138424,DL
98126,2017-08-31,2018-08-31,2019-07-31,stgcn,19189.1419507898,22088.03522854375,spatial_temporal
98126,2017-09-30,2018-09-30,2019-08-31,stgcn,15461.869455544249,16985.250894577483,spatial_temporal
98126,2017-10-31,2018-10-31,2019-09-30,d2stgnn,16005.615668411852,19685.123744336208,spatial_temporal
98126,2017-11-30,2018-11-30,2019-10-31,d2stgnn,13291.98827724577,17785.43192410512,spatial_temporal
98126,2017-12-31,2018-12-31,2019-11-30,itransformer,11491.957600811767,13543.282959577005,DL
98126,2018-01-31,2019-01-31,2019-12-31,stgformer,14451.544147268432,18791.636161660637,spatial_temporal
98126,2018-02-28,2019-02-28,2020-01-31,patchtst,16780.1691852126,21868.562145811404,DL
98126,2018-03-31,2019-03-31,2020-02-29,timemixer,17843.8672102155,20281.107231534577,DL
98126,2018-04-30,2019-04-30,2020-03-31,timemixer,14245.46471486,17057.625180504474,DL
98126,2018-05-31,2019-05-31,2020-04-30,d2stgnn,14286.725857420786,17615.551203340117,spatial_temporal
98126,2018-06-30,2019-06-30,2020-05-31,stgformer,14626.504575121895,19273.66815196546,spatial_temporal
98126,2018-07-31,2019-07-31,2020-06-30,timesfm_zero,14910.808554270237,20616.370633892668,foundation
98126,2018-08-31,2019-08-31,2020-07-31,timesfm_zero,15093.383403220301,20968.048307446094,foundation
98126,2018-09-30,2019-09-30,2020-08-31,timesfm_zero,18695.39648678532,24142.940314870935,foundation
98126,2018-10-31,2019-10-31,2020-09-30,timemixer,15788.2012885385,20291.84519654973,DL
98126,2018-11-30,2019-11-30,2020-10-31,graph_wavenet,17323.827207681083,23197.897002390702,spatial_temporal
98126,2018-12-31,2019-12-31,2020-11-30,timemixer,13608.69276623879,20946.607798908783,DL
98126,2019-01-31,2020-01-31,2020-12-31,stgcn,20813.943734366127,26476.080187978416,spatial_temporal
98126,2019-02-28,2020-02-29,2021-01-31,timemixer,20096.587197278655,26261.552730949108,DL
98126,2019-03-31,2020-03-31,2021-02-28,timemixer,18708.745538530115,23158.155210541714,DL
98126,2019-04-30,2020-04-30,2021-03-31,stgcn,16886.756632761168,22450.45524172978,spatial_temporal
98126,2019-05-31,2020-05-31,2021-04-30,itransformer,14248.548563211263,16122.804905945928,DL
98126,2019-06-30,2020-06-30,2021-05-31,timemixer,14612.681484175866,16998.01262200511,DL
98126,2019-07-31,2020-07-31,2021-06-30,graph_wavenet,12426.614289042665,17252.181532891398,spatial_temporal
98126,2019-08-31,2020-08-31,2021-07-31,stgformer,10699.646570449317,12930.774127417977,spatial_temporal
98126,2019-09-30,2020-09-30,2021-08-31,stgformer,15816.898221388159,19893.97753316787,spatial_temporal
98126,2019-10-31,2020-10-31,2021-09-30,dlinear,13697.993887050796,19139.675313026713,DL
98126,2019-11-30,2020-11-30,2021-10-31,dlinear,13099.713756232455,16612.918237836697,DL
98126,2019-12-31,2020-12-31,2021-11-30,dlinear,17050.229967214033,20499.947030922423,DL
98126,2020-01-31,2021-01-31,2021-12-31,timemixer,20331.393379134475,26329.789428424327,DL
98126,2020-02-29,2021-02-28,2022-01-31,dlinear,13702.54745934176,15986.0151541925,DL
98126,2020-03-31,2021-03-31,2022-02-28,graph_wavenet,15272.078151222193,18664.889578160015,spatial_temporal
98126,2020-04-30,2021-04-30,2022-03-31,stgformer,20055.997120092117,24424.73136737719,spatial_temporal
98126,2020-05-31,2021-05-31,2022-04-30,stgformer,25260.214556968316,33910.06057701882,spatial_temporal
98126,2020-06-30,2021-06-30,2022-05-31,stgformer,26687.08729556488,39902.32755608867,spatial_temporal
98126,2020-07-31,2021-07-31,2022-06-30,timemixer,22885.84240402715,27554.151703498534,DL
98126,2020-08-31,2021-08-31,2022-07-31,timemixer,25760.116424707823,32256.24950785679,DL
98126,2020-09-30,2021-09-30,2022-08-31,itransformer,28952.178244632727,40886.1317648038,DL
98126,2020-10-31,2021-10-31,2022-09-30,itransformer,27593.19667504923,33714.08026561301,DL
98126,2020-11-30,2021-11-30,2022-10-31,d2stgnn,25022.260029876896,35058.94931181767,spatial_temporal
98126,2020-12-31,2021-12-31,2022-11-30,d2stgnn,29435.16876086163,33306.83059564706,spatial_temporal
98126,2021-01-31,2022-01-31,2022-12-31,d2stgnn,29872.03030016147,38126.512291201994,spatial_temporal
98126,2021-02-28,2022-02-28,2023-01-31,d2stgnn,27069.96089578771,32802.345359888524,spatial_temporal
98126,2021-03-31,2022-03-31,2023-02-28,timemixer,23072.002583155107,31239.77756675267,DL
98126,2021-04-30,2022-04-30,2023-03-31,dcrnn,9318.501004116124,12466.16545616336,spatial_temporal
98126,2021-05-31,2022-05-31,2023-04-30,stgformer,18721.010975245048,27387.16748602646,spatial_temporal
98126,2021-06-30,2022-06-30,2023-05-31,timesfm_zero,17489.69775711193,20981.41996085672,foundation
98126,2021-07-31,2022-07-31,2023-06-30,stgformer,21222.932175549173,27829.045290598548,spatial_temporal
98126,2021-08-31,2022-08-31,2023-07-31,itransformer,21835.617755376017,30794.605810833924,DL
98126,2021-09-30,2022-09-30,2023-08-31,d2stgnn,28793.30132798488,35559.894448994106,spatial_temporal
98126,2021-10-31,2022-10-31,2023-09-30,chronos2_zero,28530.5920515302,40657.3881681919,foundation
98126,2021-11-30,2022-11-30,2023-10-31,patchtst,30186.313391694468,42302.35972082096,DL
98126,2021-12-31,2022-12-31,2023-11-30,d2stgnn,41316.37336140984,61738.12291100988,spatial_temporal
98126,2022-12-31,2023-12-31,2024-11-30,itransformer,24919.46857032497,34152.417839609,DL
98126,2023-01-31,2024-01-31,2024-12-31,chronos2_zero,25425.912574189704,28973.730283114666,foundation
98126,2024-01-31,2025-01-31,2025-12-31,graph_wavenet,14919.355749830973,17198.684894989943,spatial_temporal
98126,2024-02-29,2025-02-28,2026-01-31,stgcn,14988.862696345235,20463.510032969185,spatial_temporal
98126,2024-03-31,2025-03-31,2026-02-28,d2stgnn,18122.144085810927,23740.049992746175,spatial_temporal
98126,2024-04-30,2025-04-30,2026-03-31,itransformer,19455.191952701203,23092.071076319382,DL
98126,2024-05-31,2025-05-31,2026-04-30,itransformer,19310.585601551633,22877.365194572958,DL
98126,2024-06-30,2025-06-30,2026-05-31,stgcn,19588.932530111797,26833.66018299036,spatial_temporal
98126,2024-07-31,2025-07-31,2026-06-30,stgcn,23783.113900181896,34938.47773411736,spatial_temporal
98126,2024-08-31,2025-08-31,2026-07-31,itransformer,19188.335457640544,28934.69097889024,DL
98133,2016-03-31,2017-03-31,2018-02-28,stgformer,35300.57876921453,39426.26643114506,spatial_temporal
98133,2016-04-30,2017-04-30,2018-03-31,d2stgnn,27837.744351609184,36319.41821931346,spatial_temporal
98133,2016-05-31,2017-05-31,2018-04-30,d2stgnn,33035.772246209286,40108.01517986906,spatial_temporal
98133,2016-06-30,2017-06-30,2018-05-31,dcrnn,27181.957841671847,31127.996132920955,spatial_temporal
98133,2016-07-31,2017-07-31,2018-06-30,dcrnn,23651.119615564443,26869.427570470023,spatial_temporal
98133,2016-08-31,2017-08-31,2018-07-31,dcrnn,16337.681625125106,19870.41880841103,spatial_temporal
98133,2016-09-30,2017-09-30,2018-08-31,itransformer,15767.132709821453,17639.15054841376,DL
98133,2016-10-31,2017-10-31,2018-09-30,d2stgnn,20903.307256428914,24471.753625627414,spatial_temporal
98133,2016-11-30,2017-11-30,2018-10-31,timemixer,17669.500422441255,20304.122506589632,DL
98133,2016-12-31,2017-12-31,2018-11-30,d2stgnn,20770.66349774925,24818.721385145516,spatial_temporal
98133,2017-01-31,2018-01-31,2018-12-31,itransformer,16784.896636546036,21427.60349104876,DL
98133,2017-02-28,2018-02-28,2019-01-31,d2stgnn,14792.948785886527,21927.97482949963,spatial_temporal
98133,2017-03-31,2018-03-31,2019-02-28,timemixer,15016.315824135896,16605.042482264562,DL
98133,2017-04-30,2018-04-30,2019-03-31,timemixer,16034.640623832665,19125.420258943166,DL
98133,2017-05-31,2018-05-31,2019-04-30,timemixer,14213.833534010191,17244.183352468783,DL
98133,2017-06-30,2018-06-30,2019-05-31,timemixer,21138.01840730732,25210.503372081123,DL
98133,2017-07-31,2018-07-31,2019-06-30,timemixer,18089.836071211885,22867.841025573827,DL
98133,2017-08-31,2018-08-31,2019-07-31,timemixer,14126.702796066771,17766.336491422226,DL
98133,2017-09-30,2018-09-30,2019-08-31,timemixer,11543.990226498097,12933.07193651482,DL
98133,2017-10-31,2018-10-31,2019-09-30,chronos2_zero,8543.58203069983,12159.276575155673,foundation
98133,2017-11-30,2018-11-30,2019-10-31,chronos2_zero,8970.387976731357,11473.993078346157,foundation
98133,2017-12-31,2018-12-31,2019-11-30,timemixer,12468.687325030507,16718.346367628666,DL
98133,2018-01-31,2019-01-31,2019-12-31,chronos2_zero,8984.234799244781,12340.113705096155,foundation
98133,2018-02-28,2019-02-28,2020-01-31,timemixer,11211.603330821023,14324.285054453228,DL
98133,2018-03-31,2019-03-31,2020-02-29,stgformer,11888.32908516161,13404.155522603414,spatial_temporal
98133,2018-04-30,2019-04-30,2020-03-31,stgformer,10728.233089976586,12757.735083568805,spatial_temporal
98133,2018-05-31,2019-05-31,2020-04-30,stgformer,13294.421024269706,17997.252441458004,spatial_temporal
98133,2018-06-30,2019-06-30,2020-05-31,timemixer,14671.588228076871,20390.68400602752,DL
98133,2018-07-31,2019-07-31,2020-06-30,timemixer,14871.34468808742,20505.160099950626,DL
98133,2018-08-31,2019-08-31,2020-07-31,timemixer,12891.335976932605,15433.927937838638,DL
98133,2018-09-30,2019-09-30,2020-08-31,timemixer,17191.87228012537,21800.878586465144,DL
98133,2018-10-31,2019-10-31,2020-09-30,dlinear,17384.381843991298,22104.19620512426,DL
98133,2018-11-30,2019-11-30,2020-10-31,d2stgnn,13874.029310296793,17023.924901144594,spatial_temporal
98133,2018-12-31,2019-12-31,2020-11-30,d2stgnn,15946.972878872542,21244.17483112377,spatial_temporal
98133,2019-01-31,2020-01-31,2020-12-31,graph_wavenet,17499.123898069287,22199.481548837295,spatial_temporal
98133,2019-02-28,2020-02-29,2021-01-31,dcrnn,13330.781506434287,16577.924546352435,spatial_temporal
98133,2019-03-31,2020-03-31,2021-02-28,dcrnn,13928.404465102785,16546.591433589685,spatial_temporal
98133,2019-04-30,2020-04-30,2021-03-31,patchtst,15860.14363227286,21055.240566628632,DL
98133,2019-05-31,2020-05-31,2021-04-30,stgformer,15555.556130956073,20829.698122958896,spatial_temporal
98133,2019-06-30,2020-06-30,2021-05-31,stgformer,14918.751433156596,19942.222862215218,spatial_temporal
98133,2019-07-31,2020-07-31,2021-06-30,stgformer,13918.546734246038,17936.202632977518,spatial_temporal
98133,2019-08-31,2020-08-31,2021-07-31,timemixer,15369.129385413797,17680.211910578226,DL
98133,2019-09-30,2020-09-30,2021-08-31,stgformer,17074.186217941326,21831.033520796707,spatial_temporal
98133,2019-10-31,2020-10-31,2021-09-30,stgformer,11182.356451624693,13991.174814649272,spatial_temporal
98133,2019-11-30,2020-11-30,2021-10-31,stgformer,17145.840850824665,25222.41001654359,spatial_temporal
98133,2019-12-31,2020-12-31,2021-11-30,stgformer,18495.338088799344,21884.284250017055,spatial_temporal
98133,2020-01-31,2021-01-31,2021-12-31,stgformer,14399.775838912368,16687.182814454616,spatial_temporal
98133,2020-02-29,2021-02-28,2022-01-31,graph_wavenet,14423.980413257485,17451.136261112115,spatial_temporal
98133,2020-03-31,2021-03-31,2022-02-28,dcrnn,12536.041092496258,16022.434933298746,spatial_temporal
98133,2020-04-30,2021-04-30,2022-03-31,stgformer,16748.547334982693,24475.53733035214,spatial_temporal
98133,2020-05-31,2021-05-31,2022-04-30,stgformer,24145.236306082264,36381.21058978576,spatial_temporal
98133,2020-06-30,2021-06-30,2022-05-31,stgformer,28693.533811640013,42785.506314416736,spatial_temporal
98133,2020-07-31,2021-07-31,2022-06-30,itransformer,31931.98206330142,42890.1135416558,DL
98133,2020-08-31,2021-08-31,2022-07-31,d2stgnn,33413.200054452755,43121.15522071105,spatial_temporal
98133,2020-09-30,2021-09-30,2022-08-31,timemixer,25709.454203742236,34621.08673743504,DL
98133,2020-10-31,2021-10-31,2022-09-30,itransformer,25296.84423027209,32667.820781624996,DL
98133,2020-11-30,2021-11-30,2022-10-31,itransformer,20880.755325281498,29832.065139267554,DL
98133,2020-12-31,2021-12-31,2022-11-30,d2stgnn,34768.39060343488,44396.432890087824,spatial_temporal
98133,2021-01-31,2022-01-31,2022-12-31,timemixer,42685.571871600805,49981.43638452146,DL
98133,2021-02-28,2022-02-28,2023-01-31,timemixer,31087.284644551237,36038.30662369931,DL
98133,2021-03-31,2022-03-31,2023-02-28,timemixer,22477.717852500587,28682.852893430194,DL
98133,2021-04-30,2022-04-30,2023-03-31,timemixer,21222.834177595494,26950.8416090405,DL
98133,2021-05-31,2022-05-31,2023-04-30,timemixer,27756.481619728613,31955.73880275209,DL
98133,2021-06-30,2022-06-30,2023-05-31,stgformer,33739.227956676965,40102.086464439395,spatial_temporal
98133,2021-07-31,2022-07-31,2023-06-30,stgformer,38946.7337908925,44843.3551905202,spatial_temporal
98133,2021-08-31,2022-08-31,2023-07-31,patchtst,40864.33790585551,49059.94403127926,DL
98133,2021-09-30,2022-09-30,2023-08-31,patchtst,34363.437879640616,41546.19706701264,DL
98133,2021-10-31,2022-10-31,2023-09-30,stgcn,18398.00567091364,22040.134923613226,spatial_temporal
98133,2021-11-30,2022-11-30,2023-10-31,stgcn,12543.672869634853,14474.435736403506,spatial_temporal
98133,2021-12-31,2022-12-31,2023-11-30,graph_wavenet,9680.750196940693,11294.623244872842,spatial_temporal
98133,2022-12-31,2023-12-31,2024-11-30,d2stgnn,16483.487632045308,22160.860907482336,spatial_temporal
98133,2023-01-31,2024-01-31,2024-12-31,timemixer,17134.30682553638,26225.657415635516,DL
98133,2024-01-31,2025-01-31,2025-12-31,timesfm_zero,29471.46690711258,31931.333303077306,foundation
98133,2024-02-29,2025-02-28,2026-01-31,timesfm_zero,35066.6799955997,39900.207957791696,foundation
98133,2024-03-31,2025-03-31,2026-02-28,chronos2_zero,34863.21840498678,48789.27513248699,foundation
98133,2024-04-30,2025-04-30,2026-03-31,timesfm_zero,42373.65256555302,45853.36078354933,foundation
98133,2024-05-31,2025-05-31,2026-04-30,timesfm_zero,44199.69699054685,49843.8787612773,foundation
98133,2024-06-30,2025-06-30,2026-05-31,timemixer,21779.693314566073,26460.80989089827,DL
98133,2024-07-31,2025-07-31,2026-06-30,timemixer,33671.53671496256,39727.013094827584,DL
98133,2024-08-31,2025-08-31,2026-07-31,chronos2_zero,31169.369145918015,37310.069227019456,foundation
98136,2016-03-31,2017-03-31,2018-02-28,dlinear,51810.93601595147,61722.29387142961,DL
98136,2016-04-30,2017-04-30,2018-03-31,dlinear,60141.18467166085,70256.76194335108,DL
98136,2016-05-31,2017-05-31,2018-04-30,dlinear,57883.188558337075,67125.12126195617,DL
98136,2016-06-30,2017-06-30,2018-05-31,graph_wavenet,46043.63255112269,57168.677157544305,spatial_temporal
98136,2016-07-31,2017-07-31,2018-06-30,dcrnn,33022.08908041613,42942.61952517266,spatial_temporal
98136,2016-08-31,2017-08-31,2018-07-31,dcrnn,25490.11790603506,30784.17836577524,spatial_temporal
98136,2016-09-30,2017-09-30,2018-08-31,dcrnn,23392.58026274412,33869.658805024155,spatial_temporal
98136,2016-10-31,2017-10-31,2018-09-30,itransformer,21654.626132579462,25396.3165297903,DL
98136,2016-11-30,2017-11-30,2018-10-31,dlinear,40428.737315462844,49845.583145507655,DL
98136,2016-12-31,2017-12-31,2018-11-30,graph_wavenet,28379.030127744423,33240.64665360637,spatial_temporal
98136,2017-01-31,2018-01-31,2018-12-31,graph_wavenet,24848.835715050158,32715.61945742687,spatial_temporal
98136,2017-02-28,2018-02-28,2019-01-31,itransformer,23756.029624748266,27076.43494874992,DL
98136,2017-03-31,2018-03-31,2019-02-28,dcrnn,24120.805411589798,28781.178675934934,spatial_temporal
98136,2017-04-30,2018-04-30,2019-03-31,chronos2_zero,21017.041243606287,24979.206990253813,foundation
98136,2017-05-31,2018-05-31,2019-04-30,d2stgnn,20833.19729889712,24275.426974565056,spatial_temporal
98136,2017-06-30,2018-06-30,2019-05-31,patchtst,18833.013800206914,21623.503635863643,DL
98136,2017-07-31,2018-07-31,2019-06-30,d2stgnn,21728.334077148796,27589.26536734679,spatial_temporal
98136,2017-08-31,2018-08-31,2019-07-31,timesfm_zero,24156.329731339927,28282.530550345065,foundation
98136,2017-09-30,2018-09-30,2019-08-31,timesfm_zero,21766.29674581323,27288.072761130934,foundation
98136,2017-10-31,2018-10-31,2019-09-30,chronos2_zero,22233.400276453223,31163.48615067862,foundation
98136,2017-11-30,2018-11-30,2019-10-31,chronos2_zero,21417.45533402717,29748.135651696757,foundation
98136,2017-12-31,2018-12-31,2019-11-30,d2stgnn,22938.42379489646,27119.461110403634,spatial_temporal
98136,2018-01-31,2019-01-31,2019-12-31,d2stgnn,23647.044794649042,27198.667834563825,spatial_temporal
98136,2018-02-28,2019-02-28,2020-01-31,d2stgnn,13602.888428759305,18414.102513856637,spatial_temporal
98136,2018-03-31,2019-03-31,2020-02-29,stgformer,18400.631081517437,22753.117687925,spatial_temporal
98136,2018-04-30,2019-04-30,2020-03-31,stgformer,17200.041435422452,23075.45146712331,spatial_temporal
98136,2018-05-31,2019-05-31,2020-04-30,stgformer,20746.259186746243,26227.704361923057,spatial_temporal
98136,2018-06-30,2019-06-30,2020-05-31,stgformer,24627.1132005941,26935.10566192872,spatial_temporal
98136,2018-07-31,2019-07-31,2020-06-30,timemixer,18250.11130555683,24330.758366951643,DL
98136,2018-08-31,2019-08-31,2020-07-31,timemixer,21632.0225729768,27559.50002064364,DL
98136,2018-09-30,2019-09-30,2020-08-31,timemixer,22952.11212744656,26023.857928167195,DL
98136,2018-10-31,2019-10-31,2020-09-30,timemixer,20098.21348991273,27719.308083112217,DL
98136,2018-11-30,2019-11-30,2020-10-31,d2stgnn,15260.39309160875,21582.161732556888,spatial_temporal
98136,2018-12-31,2019-12-31,2020-11-30,d2stgnn,15848.580454215737,23747.968825186264,spatial_temporal
98136,2019-01-31,2020-01-31,2020-12-31,patchtst,14949.328611293953,17885.181046078695,DL
98136,2019-02-28,2020-02-29,2021-01-31,patchtst,13149.118520707076,16440.49019233423,DL
98136,2019-03-31,2020-03-31,2021-02-28,dcrnn,23472.300826255338,27078.349680215666,spatial_temporal
98136,2019-04-30,2020-04-30,2021-03-31,graph_wavenet,15791.275556824936,19580.043843790194,spatial_temporal
98136,2019-05-31,2020-05-31,2021-04-30,graph_wavenet,20680.104201246915,23738.365164609626,spatial_temporal
98136,2019-06-30,2020-06-30,2021-05-31,stgcn,17756.93674718094,22079.32912436367,spatial_temporal
98136,2019-07-31,2020-07-31,2021-06-30,stgcn,15438.900967634196,18852.451670080685,spatial_temporal
98136,2019-08-31,2020-08-31,2021-07-31,stgcn,17340.818414205743,20844.26423639623,spatial_temporal
98136,2019-09-30,2020-09-30,2021-08-31,stgcn,17271.324836363532,23788.085828509393,spatial_temporal
98136,2019-10-31,2020-10-31,2021-09-30,stgformer,20491.21504946148,24280.62994048884,spatial_temporal
98136,2019-11-30,2020-11-30,2021-10-31,dlinear,23462.567204350966,25469.86024769542,DL
98136,2019-12-31,2020-12-31,2021-11-30,timemixer,25198.493069596694,34197.903598912286,DL
98136,2020-01-31,2021-01-31,2021-12-31,dlinear,27511.222156211366,32872.89627428152,DL
98136,2020-02-29,2021-02-28,2022-01-31,timemixer,26409.110480538657,33549.08509729266,DL
98136,2020-03-31,2021-03-31,2022-02-28,graph_wavenet,26086.525973736017,32976.78575465077,spatial_temporal
98136,2020-04-30,2021-04-30,2022-03-31,timemixer,20576.188636476756,28480.849281306335,DL
98136,2020-05-31,2021-05-31,2022-04-30,timemixer,31960.27926023612,50456.786689886016,DL
98136,2020-06-30,2021-06-30,2022-05-31,stgformer,41711.311123834945,55028.1277482646,spatial_temporal
98136,2020-07-31,2021-07-31,2022-06-30,timemixer,49040.82665362154,62952.72029586251,DL
98136,2020-08-31,2021-08-31,2022-07-31,timemixer,46844.669224865356,61621.492289888636,DL
98136,2020-09-30,2021-09-30,2022-08-31,timemixer,37586.55567178904,45560.73440558506,DL
98136,2020-10-31,2021-10-31,2022-09-30,d2stgnn,51550.51397536112,62840.206605671854,spatial_temporal
98136,2020-11-30,2021-11-30,2022-10-31,d2stgnn,48936.57161733986,58434.763999754796,spatial_temporal
98136,2020-12-31,2021-12-31,2022-11-30,d2stgnn,55867.49244314728,69824.70685595495,spatial_temporal
98136,2021-01-31,2022-01-31,2022-12-31,d2stgnn,51768.75275035394,65219.89550532123,spatial_temporal
98136,2021-02-28,2022-02-28,2023-01-31,dlinear,60504.37445124527,68019.47884278295,DL
98136,2021-03-31,2022-03-31,2023-02-28,dlinear,58355.13427885764,71675.01915341835,DL
98136,2021-04-30,2022-04-30,2023-03-31,graph_wavenet,61055.14554720704,76535.80293653811,spatial_temporal
98136,2021-05-31,2022-05-31,2023-04-30,d2stgnn,51669.81597987487,64190.30484316434,spatial_temporal
98136,2021-06-30,2022-06-30,2023-05-31,dcrnn,41620.89507044115,53259.18277915219,spatial_temporal
98136,2021-07-31,2022-07-31,2023-06-30,d2stgnn,43566.6247965563,55840.67818634649,spatial_temporal
98136,2021-08-31,2022-08-31,2023-07-31,timemixer,43288.92351304015,58714.618041000285,DL
98136,2021-09-30,2022-09-30,2023-08-31,graph_wavenet,40795.634917332434,48933.981044826716,spatial_temporal
98136,2021-10-31,2022-10-31,2023-09-30,d2stgnn,41958.14012111477,54429.611594041555,spatial_temporal
98136,2021-11-30,2022-11-30,2023-10-31,timemixer,40145.32024961059,57589.42896816962,DL
98136,2021-12-31,2022-12-31,2023-11-30,timesfm_zero,43343.526449377234,54846.95563903191,foundation
98136,2022-12-31,2023-12-31,2024-11-30,graph_wavenet,48911.35824990579,59140.65395786325,spatial_temporal
98136,2023-01-31,2024-01-31,2024-12-31,patchtst,44786.51473279397,57206.180977919474,DL
98136,2024-01-31,2025-01-31,2025-12-31,itransformer,67005.18590547344,108867.5661947669,DL
98136,2024-02-29,2025-02-28,2026-01-31,patchtst,63698.28855984926,101998.2672207918,DL
98136,2024-03-31,2025-03-31,2026-02-28,patchtst,49401.95873263035,67145.64601059725,DL
98136,2024-04-30,2025-04-30,2026-03-31,dcrnn,47703.339079162855,57848.181371210754,spatial_temporal
98136,2024-05-31,2025-05-31,2026-04-30,dcrnn,52832.034646325774,72915.48540312536,spatial_temporal
98136,2024-06-30,2025-06-30,2026-05-31,timemixer,45514.113465524635,63373.088460737265,DL
98136,2024-07-31,2025-07-31,2026-06-30,graph_wavenet,48173.450441534194,69167.40799116663,spatial_temporal
98136,2024-08-31,2025-08-31,2026-07-31,d2stgnn,60536.71459670901,67473.85645939434,spatial_temporal
98144,2016-03-31,2017-03-31,2018-02-28,dlinear,45304.3326774539,51287.2090782234,DL
98144,2016-04-30,2017-04-30,2018-03-31,graph_wavenet,30692.550507440465,35241.68820509241,spatial_temporal
98144,2016-05-31,2017-05-31,2018-04-30,graph_wavenet,31308.48429936609,35349.32892817576,spatial_temporal
98144,2016-06-30,2017-06-30,2018-05-31,graph_wavenet,31429.600164133182,33724.72698799496,spatial_temporal
98144,2016-07-31,2017-07-31,2018-06-30,dcrnn,25095.79189103971,29399.505256004624,spatial_temporal
98144,2016-08-31,2017-08-31,2018-07-31,dcrnn,15442.35823789298,17319.883736192223,spatial_temporal
98144,2016-09-30,2017-09-30,2018-08-31,dcrnn,15778.919180283197,17831.578314020953,spatial_temporal
98144,2016-10-31,2017-10-31,2018-09-30,itransformer,29729.952711469086,34446.43450284322,DL
98144,2016-11-30,2017-11-30,2018-10-31,dlinear,24359.41861978473,30578.325955930075,DL
98144,2016-12-31,2017-12-31,2018-11-30,itransformer,21843.602331006008,26714.278071694705,DL
98144,2017-01-31,2018-01-31,2018-12-31,stgformer,18562.49842569847,24136.481110483903,spatial_temporal
98144,2017-02-28,2018-02-28,2019-01-31,d2stgnn,19448.724120564206,23366.092474905163,spatial_temporal
98144,2017-03-31,2018-03-31,2019-02-28,d2stgnn,18185.27591319422,23019.732627823018,spatial_temporal
98144,2017-04-30,2018-04-30,2019-03-31,d2stgnn,20496.591097995097,24426.554893863373,spatial_temporal
98144,2017-05-31,2018-05-31,2019-04-30,d2stgnn,16686.862222304684,20193.730091926576,spatial_temporal
98144,2017-06-30,2018-06-30,2019-05-31,timemixer,18919.576514732995,23678.99572848729,DL
98144,2017-07-31,2018-07-31,2019-06-30,stgformer,21448.864169166987,31339.127769543913,spatial_temporal
98144,2017-08-31,2018-08-31,2019-07-31,stgformer,23614.171435208893,34150.37950619307,spatial_temporal
98144,2017-09-30,2018-09-30,2019-08-31,dcrnn,26663.319045052805,38793.24848111015,spatial_temporal
98144,2017-10-31,2018-10-31,2019-09-30,graph_wavenet,25563.66983528246,44802.82893436954,spatial_temporal
98144,2017-11-30,2018-11-30,2019-10-31,stgformer,25989.852182367362,41833.408093393475,spatial_temporal
98144,2017-12-31,2018-12-31,2019-11-30,itransformer,33504.228096819395,51324.40074198906,DL
98144,2018-01-31,2019-01-31,2019-12-31,dlinear,22182.282512126956,31047.589855505055,DL
98144,2018-02-28,2019-02-28,2020-01-31,dlinear,29020.94095687901,35321.22210991575,DL
98144,2018-03-31,2019-03-31,2020-02-29,itransformer,34915.766904906835,51663.18033145564,DL
98144,2018-04-30,2019-04-30,2020-03-31,itransformer,40528.76921396849,56537.92821794197,DL
98144,2018-05-31,2019-05-31,2020-04-30,d2stgnn,31227.487565724365,39638.63857069831,spatial_temporal
98144,2018-06-30,2019-06-30,2020-05-31,timesfm_zero,31251.953411394916,39803.98667228711,foundation
98144,2018-07-31,2019-07-31,2020-06-30,patchtst,32510.778614167986,39322.00061978694,DL
98144,2018-08-31,2019-08-31,2020-07-31,chronos2_zero,20666.59260692753,30550.7300463924,foundation
98144,2018-09-30,2019-09-30,2020-08-31,chronos2_zero,31128.031760575494,39476.98835122263,foundation
98144,2018-10-31,2019-10-31,2020-09-30,timesfm_zero,31641.83083423495,40555.96133209505,foundation
98144,2018-11-30,2019-11-30,2020-10-31,timemixer,26359.747836738195,34337.113652262924,DL
98144,2018-12-31,2019-12-31,2020-11-30,timemixer,20653.509882446302,25688.504678465666,DL
98144,2019-01-31,2020-01-31,2020-12-31,timesfm_zero,21421.81488996917,30312.78671681658,foundation
98144,2019-02-28,2020-02-29,2021-01-31,itransformer,22742.20515945256,28038.730473319953,DL
98144,2019-03-31,2020-03-31,2021-02-28,graph_wavenet,17966.87333015076,22081.01157084065,spatial_temporal
98144,2019-04-30,2020-04-30,2021-03-31,graph_wavenet,22283.08583439025,26973.633907407017,spatial_temporal
98144,2019-05-31,2020-05-31,2021-04-30,stgcn,24657.16314386258,30894.56100978025,spatial_temporal
98144,2019-06-30,2020-06-30,2021-05-31,itransformer,29637.78052906167,34617.14209715715,DL
98144,2019-07-31,2020-07-31,2021-06-30,stgformer,26714.343022539455,33039.07335785136,spatial_temporal
98144,2019-08-31,2020-08-31,2021-07-31,stgformer,31991.044706508517,37367.447163463476,spatial_temporal
98144,2019-09-30,2020-09-30,2021-08-31,timemixer,30554.951171315217,35616.58007061219,DL
98144,2019-10-31,2020-10-31,2021-09-30,timemixer,18705.033457647067,24004.41612800085,DL
98144,2019-11-30,2020-11-30,2021-10-31,timemixer,26131.43922035632,31171.400122736693,DL
98144,2019-12-31,2020-12-31,2021-11-30,timemixer,34858.06509436829,44097.88873179261,DL
98144,2020-01-31,2021-01-31,2021-12-31,d2stgnn,37004.26716971209,42525.543808515016,spatial_temporal
98144,2020-02-29,2021-02-28,2022-01-31,dlinear,33091.26482174578,41207.48716132446,DL
98144,2020-03-31,2021-03-31,2022-02-28,dlinear,28531.739887639636,33350.92323308069,DL
98144,2020-04-30,2021-04-30,2022-03-31,dlinear,37570.04446652814,46258.19546428168,DL
98144,2020-05-31,2021-05-31,2022-04-30,stgformer,39226.86665871422,45880.51226730276,spatial_temporal
98144,2020-06-30,2021-06-30,2022-05-31,stgformer,41925.9951574722,45638.2445807458,spatial_temporal
98144,2020-07-31,2021-07-31,2022-06-30,stgformer,41976.81915015949,46467.438534627,spatial_temporal
98144,2020-08-31,2021-08-31,2022-07-31,dlinear,38248.194938644745,45391.019040519255,DL
98144,2020-09-30,2021-09-30,2022-08-31,timemixer,42691.76415118319,48156.42379880867,DL
98144,2020-10-31,2021-10-31,2022-09-30,timemixer,41053.84504387907,50911.844935879184,DL
98144,2020-11-30,2021-11-30,2022-10-31,itransformer,40281.58202134812,53885.68405559969,DL
98144,2020-12-31,2021-12-31,2022-11-30,d2stgnn,29871.81351092516,36694.243475369956,spatial_temporal
98144,2021-01-31,2022-01-31,2022-12-31,d2stgnn,32537.81678668618,41628.71285619232,spatial_temporal
98144,2021-02-28,2022-02-28,2023-01-31,patchtst,42659.30778025038,54902.9329275993,DL
98144,2021-03-31,2022-03-31,2023-02-28,dcrnn,49770.445316629135,68764.10059064384,spatial_temporal
98144,2021-04-30,2022-04-30,2023-03-31,dcrnn,54306.07946009939,74979.22347561753,spatial_temporal
98144,2021-05-31,2022-05-31,2023-04-30,dcrnn,53263.28966388973,75943.48014056381,spatial_temporal
98144,2021-06-30,2022-06-30,2023-05-31,timesfm_zero,69189.01349879282,95167.31359632277,foundation
98144,2021-07-31,2022-07-31,2023-06-30,timemixer,64573.35964713133,84926.25268500319,DL
98144,2021-08-31,2022-08-31,2023-07-31,d2stgnn,62044.75646544009,78283.98988753348,spatial_temporal
98144,2021-09-30,2022-09-30,2023-08-31,graph_wavenet,60463.50700727091,75387.38782516967,spatial_temporal
98144,2021-10-31,2022-10-31,2023-09-30,stgformer,70026.02680135517,84271.01869437534,spatial_temporal
98144,2021-11-30,2022-11-30,2023-10-31,stgformer,74242.18232514511,93081.12606933247,spatial_temporal
98144,2021-12-31,2022-12-31,2023-11-30,d2stgnn,77242.94497109397,90612.98933110439,spatial_temporal
98144,2022-12-31,2023-12-31,2024-11-30,itransformer,111371.28496678003,140022.51080605318,DL
98144,2023-01-31,2024-01-31,2024-12-31,dlinear,129482.32080584299,148360.2231739988,DL
98144,2024-01-31,2025-01-31,2025-12-31,timesfm_zero,67139.27519940243,81445.11890759453,foundation
98144,2024-02-29,2025-02-28,2026-01-31,chronos2_zero,58849.44739121935,65113.50146980699,foundation
98144,2024-03-31,2025-03-31,2026-02-28,chronos2_zero,42664.16490279491,51169.03069560695,foundation
98144,2024-04-30,2025-04-30,2026-03-31,chronos2_zero,45735.75823005778,53560.751147833886,foundation
98144,2024-05-31,2025-05-31,2026-04-30,timesfm_zero,55856.53145574379,72346.38150993912,foundation
98144,2024-06-30,2025-06-30,2026-05-31,timesfm_zero,56575.42185329981,70998.67777318483,foundation
98144,2024-07-31,2025-07-31,2026-06-30,stgcn,54905.09647011582,63487.261108741994,spatial_temporal
98144,2024-08-31,2025-08-31,2026-07-31,stgcn,51520.93149380868,59629.840184796325,spatial_temporal
98146,2016-03-31,2017-03-31,2018-02-28,dlinear,17121.37107895054,23599.37304961418,DL
98146,2016-04-30,2017-04-30,2018-03-31,dlinear,13611.591831150852,19857.126549789034,DL
98146,2016-05-31,2017-05-31,2018-04-30,d2stgnn,16328.026501239685,19030.08995935442,spatial_temporal
98146,2016-06-30,2017-06-30,2018-05-31,d2stgnn,17933.41803067284,20712.93885166152,spatial_temporal
98146,2016-07-31,2017-07-31,2018-06-30,d2stgnn,18588.90777772217,23201.378098415593,spatial_temporal
98146,2016-08-31,2017-08-31,2018-07-31,timemixer,18791.582948702504,22409.343681806804,DL
98146,2016-09-30,2017-09-30,2018-08-31,dcrnn,23220.590455298214,29956.694673861984,spatial_temporal
98146,2016-10-31,2017-10-31,2018-09-30,itransformer,20916.3165248373,24814.351799368153,DL
98146,2016-11-30,2017-11-30,2018-10-31,itransformer,28705.431069014525,33872.743622694885,DL
98146,2016-12-31,2017-12-31,2018-11-30,timemixer,23431.13654982577,27839.64328288099,DL
98146,2017-01-31,2018-01-31,2018-12-31,d2stgnn,23026.93961607591,26036.18853611743,spatial_temporal
98146,2017-02-28,2018-02-28,2019-01-31,d2stgnn,24383.101807658484,27396.50978883034,spatial_temporal
98146,2017-03-31,2018-03-31,2019-02-28,d2stgnn,24364.927895786594,26871.148585291798,spatial_temporal
98146,2017-04-30,2018-04-30,2019-03-31,d2stgnn,25610.542555924836,27825.082180059297,spatial_temporal
98146,2017-05-31,2018-05-31,2019-04-30,chronos2_zero,29282.32329817513,35581.080535177054,foundation
98146,2017-06-30,2018-06-30,2019-05-31,timesfm_zero,29594.859113465864,33662.65890511363,foundation
98146,2017-07-31,2018-07-31,2019-06-30,timesfm_zero,25285.306001463945,28634.71832516802,foundation
98146,2017-08-31,2018-08-31,2019-07-31,itransformer,24277.195029080674,28598.439503594393,DL
98146,2017-09-30,2018-09-30,2019-08-31,itransformer,24688.48036225878,28423.550592952543,DL
98146,2017-10-31,2018-10-31,2019-09-30,graph_wavenet,14255.249477451987,17212.264861185704,spatial_temporal
98146,2017-11-30,2018-11-30,2019-10-31,timemixer,15696.831963286988,17730.126348375845,DL
98146,2017-12-31,2018-12-31,2019-11-30,stgcn,12864.010625518955,16094.882129329651,spatial_temporal
98146,2018-01-31,2019-01-31,2019-12-31,itransformer,14835.550410013428,16462.327093136355,DL
98146,2018-02-28,2019-02-28,2020-01-31,itransformer,14251.14369692553,20900.00029262141,DL
98146,2018-03-31,2019-03-31,2020-02-29,itransformer,11852.16257954597,15570.081743891846,DL
98146,2018-04-30,2019-04-30,2020-03-31,dlinear,17148.67095988873,23706.898489512067,DL
98146,2018-05-31,2019-05-31,2020-04-30,chronos2_zero,7681.635473928269,12446.502737095367,foundation
98146,2018-06-30,2019-06-30,2020-05-31,dlinear,14992.52379702589,19404.014618112997,DL
98146,2018-07-31,2019-07-31,2020-06-30,itransformer,14172.791181900475,21841.537053183452,DL
98146,2018-08-31,2019-08-31,2020-07-31,graph_wavenet,16031.756373663806,23391.818812598016,spatial_temporal
98146,2018-09-30,2019-09-30,2020-08-31,patchtst,17628.282760466154,23569.18820802635,DL
98146,2018-10-31,2019-10-31,2020-09-30,patchtst,18697.042878469645,24722.685489526575,DL
98146,2018-11-30,2019-11-30,2020-10-31,patchtst,19705.837737130303,26188.053204113814,DL
98146,2018-12-31,2019-12-31,2020-11-30,patchtst,23248.567658407846,30869.03337507145,DL
98146,2019-01-31,2020-01-31,2020-12-31,dlinear,23204.282987065893,32665.420742855204,DL
98146,2019-02-28,2020-02-29,2021-01-31,dlinear,20866.988857422577,29027.81795330869,DL
98146,2019-03-31,2020-03-31,2021-02-28,d2stgnn,20299.882759824075,27294.00265466926,spatial_temporal
98146,2019-04-30,2020-04-30,2021-03-31,dcrnn,18923.053912139487,23772.059539684724,spatial_temporal
98146,2019-05-31,2020-05-31,2021-04-30,dcrnn,22722.014576794638,27764.630790947143,spatial_temporal
98146,2019-06-30,2020-06-30,2021-05-31,d2stgnn,21375.264349973197,28554.892465510446,spatial_temporal
98146,2019-07-31,2020-07-31,2021-06-30,stgformer,24614.27063563728,30469.349791360586,spatial_temporal
98146,2019-08-31,2020-08-31,2021-07-31,stgformer,28638.363967893336,36199.55157562753,spatial_temporal
98146,2019-09-30,2020-09-30,2021-08-31,stgformer,23798.197254766128,29425.85741126261,spatial_temporal
98146,2019-10-31,2020-10-31,2021-09-30,stgformer,24964.65268981812,30605.402929905762,spatial_temporal
98146,2019-11-30,2020-11-30,2021-10-31,timemixer,26945.504453765567,36954.92890735934,DL
98146,2019-12-31,2020-12-31,2021-11-30,d2stgnn,27192.87888579834,33595.26314823497,spatial_temporal
98146,2020-01-31,2021-01-31,2021-12-31,d2stgnn,19775.533212630224,27878.91172474625,spatial_temporal
98146,2020-02-29,2021-02-28,2022-01-31,d2stgnn,27143.98182669928,31623.743754639218,spatial_temporal
98146,2020-03-31,2021-03-31,2022-02-28,d2stgnn,24370.079127636924,29831.258596555836,spatial_temporal
98146,2020-04-30,2021-04-30,2022-03-31,stgformer,26393.24915194942,31804.71803723168,spatial_temporal
98146,2020-05-31,2021-05-31,2022-04-30,timemixer,24827.45475514694,32109.626857807234,DL
98146,2020-06-30,2021-06-30,2022-05-31,stgformer,25224.19057752157,29544.761254171575,spatial_temporal
98146,2020-07-31,2021-07-31,2022-06-30,timemixer,21149.623691395012,25517.022287365377,DL
98146,2020-08-31,2021-08-31,2022-07-31,timemixer,20991.09445521676,24652.251016772723,DL
98146,2020-09-30,2021-09-30,2022-08-31,timemixer,19733.353229981545,24704.450212942116,DL
98146,2020-10-31,2021-10-31,2022-09-30,itransformer,21643.67670160496,25060.949861261317,DL
98146,2020-11-30,2021-11-30,2022-10-31,itransformer,24162.44161826539,29289.517328456644,DL
98146,2020-12-31,2021-12-31,2022-11-30,d2stgnn,15114.346283033801,17431.682705284475,spatial_temporal
98146,2021-01-31,2022-01-31,2022-12-31,d2stgnn,17663.36112979004,21537.28513097037,spatial_temporal
98146,2021-02-28,2022-02-28,2023-01-31,d2stgnn,15866.615076171447,19840.82500041957,spatial_temporal
98146,2021-03-31,2022-03-31,2023-02-28,d2stgnn,18967.429662386294,22880.035482134215,spatial_temporal
98146,2021-04-30,2022-04-30,2023-03-31,dcrnn,13177.66040840323,16959.713757425307,spatial_temporal
98146,2021-05-31,2022-05-31,2023-04-30,dcrnn,11024.710770872722,14521.289608833273,spatial_temporal
98146,2021-06-30,2022-06-30,2023-05-31,stgformer,18189.601954949223,22684.53729310657,spatial_temporal
98146,2021-07-31,2022-07-31,2023-06-30,stgformer,16147.556072540357,18315.064784392074,spatial_temporal
98146,2021-08-31,2022-08-31,2023-07-31,dcrnn,18596.90249378428,24931.51797846199,spatial_temporal
98146,2021-09-30,2022-09-30,2023-08-31,stgformer,16079.920772244785,18391.223516500606,spatial_temporal
98146,2021-10-31,2022-10-31,2023-09-30,stgformer,13813.673978664572,25004.809014118833,spatial_temporal
98146,2021-11-30,2022-11-30,2023-10-31,stgformer,22464.03744643305,29117.54970930523,spatial_temporal
98146,2021-12-31,2022-12-31,2023-11-30,d2stgnn,20083.328301943973,27339.384722008628,spatial_temporal
98146,2022-12-31,2023-12-31,2024-11-30,dlinear,56897.8917757556,64979.02119064948,DL
98146,2023-01-31,2024-01-31,2024-12-31,dlinear,59993.181086861994,66818.01800272678,DL
98146,2024-01-31,2025-01-31,2025-12-31,chronos2_zero,21615.74613208581,28673.94872354058,foundation
98146,2024-02-29,2025-02-28,2026-01-31,timesfm_zero,23961.45164112632,30357.46779455271,foundation
98146,2024-03-31,2025-03-31,2026-02-28,timesfm_zero,21269.9521890926,26249.554412150115,foundation
98146,2024-04-30,2025-04-30,2026-03-31,timesfm_zero,28108.47776475774,34214.90022036373,foundation
98146,2024-05-31,2025-05-31,2026-04-30,timesfm_zero,18632.172390661737,22608.28558201947,foundation
98146,2024-06-30,2025-06-30,2026-05-31,timesfm_zero,17175.10142727332,22786.93735391063,foundation
98146,2024-07-31,2025-07-31,2026-06-30,timesfm_zero,17296.037480587565,25265.982609494928,foundation
98146,2024-08-31,2025-08-31,2026-07-31,stgcn,30100.332458130015,39150.895589225336,spatial_temporal
98148,2016-03-31,2017-03-31,2018-02-28,stgcn,23448.41780851271,29556.25119166698,spatial_temporal
98148,2016-04-30,2017-04-30,2018-03-31,d2stgnn,27867.013565162662,36354.28542180808,spatial_temporal
98148,2016-05-31,2017-05-31,2018-04-30,timemixer,26722.508093245244,33446.218346189344,DL
98148,2016-06-30,2017-06-30,2018-05-31,dlinear,26023.654083492675,30472.27417590552,DL
98148,2016-07-31,2017-07-31,2018-06-30,dlinear,24004.1723810969,27794.08849343919,DL
98148,2016-08-31,2017-08-31,2018-07-31,dlinear,25551.418561346985,27654.662074140673,DL
98148,2016-09-30,2017-09-30,2018-08-31,graph_wavenet,21880.642501234655,25631.218982414284,spatial_temporal
98148,2016-10-31,2017-10-31,2018-09-30,d2stgnn,20375.10424774625,24207.814471084886,spatial_temporal
98148,2016-11-30,2017-11-30,2018-10-31,d2stgnn,16733.97447713716,21799.780104541842,spatial_temporal
98148,2016-12-31,2017-12-31,2018-11-30,d2stgnn,20331.847211994736,25698.628939144975,spatial_temporal
98148,2017-01-31,2018-01-31,2018-12-31,stgcn,18355.305253270475,23535.56424891683,spatial_temporal
98148,2017-02-28,2018-02-28,2019-01-31,timemixer,18927.45471388033,27830.481297418846,DL
98148,2017-03-31,2018-03-31,2019-02-28,patchtst,24644.689680796233,37294.46645111649,DL
98148,2017-04-30,2018-04-30,2019-03-31,patchtst,33754.335780529516,46642.90240169144,DL
98148,2017-05-31,2018-05-31,2019-04-30,stgcn,36925.74441296406,43333.7868568456,spatial_temporal
98148,2017-06-30,2018-06-30,2019-05-31,dcrnn,35054.385123176035,43638.533054522995,spatial_temporal
98148,2017-07-31,2018-07-31,2019-06-30,itransformer,36188.73093698633,44058.905905382424,DL
98148,2017-08-31,2018-08-31,2019-07-31,stgcn,40762.61339782882,46084.87214131086,spatial_temporal
98148,2017-09-30,2018-09-30,2019-08-31,timemixer,41563.01812898661,55740.42773588706,DL
98148,2017-10-31,2018-10-31,2019-09-30,timesfm_zero,41626.314207341136,53774.302538936994,foundation
98148,2017-11-30,2018-11-30,2019-10-31,timesfm_zero,44613.18203533135,56029.79480287854,foundation
98148,2017-12-31,2018-12-31,2019-11-30,timesfm_zero,49525.54473972777,60408.89079534444,foundation
98148,2018-01-31,2019-01-31,2019-12-31,patchtst,50661.67219308564,58189.48282475929,DL
98148,2018-02-28,2019-02-28,2020-01-31,timesfm_zero,44335.993528696265,53319.13494302739,foundation
98148,2018-03-31,2019-03-31,2020-02-29,timesfm_zero,39928.257655437636,45997.566858512,foundation
98148,2018-04-30,2019-04-30,2020-03-31,patchtst,33713.837814152015,44562.86043321813,DL
98148,2018-05-31,2019-05-31,2020-04-30,patchtst,24898.66736844851,32751.790901354427,DL
98148,2018-06-30,2019-06-30,2020-05-31,graph_wavenet,25632.906181156035,34319.59378245488,spatial_temporal
98148,2018-07-31,2019-07-31,2020-06-30,stgcn,22712.07106506366,28376.259626568015,spatial_temporal
98148,2018-08-31,2019-08-31,2020-07-31,stgcn,24022.633305219613,34345.83402150866,spatial_temporal
98148,2018-09-30,2019-09-30,2020-08-31,timemixer,23928.047015590313,30315.957909785768,DL
98148,2018-10-31,2019-10-31,2020-09-30,patchtst,23668.02238723144,28405.687193288595,DL
98148,2018-11-30,2019-11-30,2020-10-31,patchtst,21758.42851719154,26770.92318988349,DL
98148,2018-12-31,2019-12-31,2020-11-30,stgcn,15991.633868304232,21725.993680241256,spatial_temporal
98148,2019-01-31,2020-01-31,2020-12-31,dcrnn,13576.405341875661,17400.79452220637,spatial_temporal
98148,2019-02-28,2020-02-29,2021-01-31,timemixer,10589.178004127278,14350.734168636705,DL
98148,2019-03-31,2020-03-31,2021-02-28,timemixer,7874.41069770826,9932.994396012371,DL
98148,2019-04-30,2020-04-30,2021-03-31,patchtst,8671.852816950466,9643.994480954878,DL
98148,2019-05-31,2020-05-31,2021-04-30,patchtst,8714.352876495395,10179.609925845853,DL
98148,2019-06-30,2020-06-30,2021-05-31,patchtst,10979.480757160278,15479.873745395547,DL
98148,2019-07-31,2020-07-31,2021-06-30,timemixer,15699.431479421144,27136.527124153556,DL
98148,2019-08-31,2020-08-31,2021-07-31,timemixer,18350.033078122815,28421.699428306907,DL
98148,2019-09-30,2020-09-30,2021-08-31,patchtst,15610.34302675415,18928.71715254628,DL
98148,2019-10-31,2020-10-31,2021-09-30,timemixer,11674.388478036126,16133.712299935503,DL
98148,2019-11-30,2020-11-30,2021-10-31,timemixer,16719.885668968553,25675.75131839767,DL
98148,2019-12-31,2020-12-31,2021-11-30,d2stgnn,22500.051824824604,30463.678310470128,spatial_temporal
98148,2020-01-31,2021-01-31,2021-12-31,stgformer,24980.11405806209,29777.71877830324,spatial_temporal
98148,2020-02-29,2021-02-28,2022-01-31,stgformer,30203.945729488372,37730.405080149765,spatial_temporal
98148,2020-03-31,2021-03-31,2022-02-28,stgformer,30066.554373644158,36045.95780739526,spatial_temporal
98148,2020-04-30,2021-04-30,2022-03-31,stgformer,30175.87068476237,36823.25235387557,spatial_temporal
98148,2020-05-31,2021-05-31,2022-04-30,stgformer,30905.226261985186,38521.550634665015,spatial_temporal
98148,2020-06-30,2021-06-30,2022-05-31,d2stgnn,30795.86220794755,35428.495946539915,spatial_temporal
98148,2020-07-31,2021-07-31,2022-06-30,dcrnn,33926.831971973734,40223.66732860083,spatial_temporal
98148,2020-08-31,2021-08-31,2022-07-31,d2stgnn,52036.09675299645,62226.534908140304,spatial_temporal
98148,2020-09-30,2021-09-30,2022-08-31,dlinear,53879.551625637505,66209.72726137718,DL
98148,2020-10-31,2021-10-31,2022-09-30,itransformer,65071.65504066058,74896.36309410323,DL
98148,2020-11-30,2021-11-30,2022-10-31,d2stgnn,58308.40923829173,68813.04454157599,spatial_temporal
98148,2020-12-31,2021-12-31,2022-11-30,d2stgnn,44558.09614196729,52196.51450236606,spatial_temporal
98148,2021-01-31,2022-01-31,2022-12-31,d2stgnn,43913.98904179053,53252.33395796737,spatial_temporal
98148,2021-02-28,2022-02-28,2023-01-31,d2stgnn,38227.4917507367,45260.26242160127,spatial_temporal
98148,2021-03-31,2022-03-31,2023-02-28,chronos2_zero,39420.62695627464,61259.0441076688,foundation
98148,2021-04-30,2022-04-30,2023-03-31,chronos2_zero,40237.6660518691,57128.953352436925,foundation
98148,2021-05-31,2022-05-31,2023-04-30,d2stgnn,46392.34319891924,51873.56937090188,spatial_temporal
98148,2021-06-30,2022-06-30,2023-05-31,timemixer,41886.58865053331,59722.011687883336,DL
98148,2021-07-31,2022-07-31,2023-06-30,timemixer,39334.695124506456,56101.866682033906,DL
98148,2021-08-31,2022-08-31,2023-07-31,graph_wavenet,27010.467498287162,30182.10812413816,spatial_temporal
98148,2021-09-30,2022-09-30,2023-08-31,graph_wavenet,15148.621800727202,18758.961386388797,spatial_temporal
98148,2021-10-31,2022-10-31,2023-09-30,timemixer,18397.088791319857,24848.13477719781,DL
98148,2021-11-30,2022-11-30,2023-10-31,chronos2_zero,21633.72806437175,29191.34032410908,foundation
98148,2021-12-31,2022-12-31,2023-11-30,d2stgnn,21045.00322359199,26819.541796507183,spatial_temporal
98148,2022-12-31,2023-12-31,2024-11-30,timesfm_zero,41833.42192689851,49928.058744577975,foundation
98148,2023-01-31,2024-01-31,2024-12-31,itransformer,41644.64753844813,48066.14286708971,DL
98148,2024-01-31,2025-01-31,2025-12-31,timesfm_zero,31929.20132997958,40684.7629719811,foundation
98148,2024-02-29,2025-02-28,2026-01-31,timesfm_zero,32437.80530090538,38626.761838783554,foundation
98148,2024-03-31,2025-03-31,2026-02-28,itransformer,36981.64275952909,41367.172434019805,DL
98148,2024-04-30,2025-04-30,2026-03-31,graph_wavenet,41231.51394205672,48809.247417293096,spatial_temporal
98148,2024-05-31,2025-05-31,2026-04-30,stgformer,41841.256870015706,51775.43918288904,spatial_temporal
98148,2024-06-30,2025-06-30,2026-05-31,timemixer,42929.1685346468,49504.12194564221,DL
98148,2024-07-31,2025-07-31,2026-06-30,stgcn,38700.62938980248,48038.02377374709,spatial_temporal
98148,2024-08-31,2025-08-31,2026-07-31,itransformer,32461.25324399161,38478.03861386876,DL
98155,2016-03-31,2017-03-31,2018-02-28,d2stgnn,11924.101068608812,14896.898393150826,spatial_temporal
98155,2016-04-30,2017-04-30,2018-03-31,stgformer,18030.918901517336,27124.462078582386,spatial_temporal
98155,2016-05-31,2017-05-31,2018-04-30,dlinear,22951.201684101554,33118.01924567336,DL
98155,2016-06-30,2017-06-30,2018-05-31,d2stgnn,26018.99977036852,29553.441980547534,spatial_temporal
98155,2016-07-31,2017-07-31,2018-06-30,timemixer,19767.436746513482,25055.33336637879,DL
98155,2016-08-31,2017-08-31,2018-07-31,itransformer,16638.103145632154,21210.871005510646,DL
98155,2016-09-30,2017-09-30,2018-08-31,itransformer,14459.67249111935,18108.92719954518,DL
98155,2016-10-31,2017-10-31,2018-09-30,itransformer,17401.620903850562,23035.261748992234,DL
98155,2016-11-30,2017-11-30,2018-10-31,d2stgnn,17310.982153976056,22291.215580000637,spatial_temporal
98155,2016-12-31,2017-12-31,2018-11-30,d2stgnn,19947.17917173998,25891.322830449222,spatial_temporal
98155,2017-01-31,2018-01-31,2018-12-31,d2stgnn,18263.614538226964,22843.651978404712,spatial_temporal
98155,2017-02-28,2018-02-28,2019-01-31,d2stgnn,19082.686115463566,23266.055379629746,spatial_temporal
98155,2017-03-31,2018-03-31,2019-02-28,timemixer,16936.98344624674,22716.38775620495,DL
98155,2017-04-30,2018-04-30,2019-03-31,stgformer,17808.656867735455,19500.766855327183,spatial_temporal
98155,2017-05-31,2018-05-31,2019-04-30,stgformer,20848.050019775965,24021.257520066054,spatial_temporal
98155,2017-06-30,2018-06-30,2019-05-31,timesfm_zero,8441.372410340837,11638.214456083435,foundation
98155,2017-07-31,2018-07-31,2019-06-30,patchtst,12085.069770844866,15296.039160914905,DL
98155,2017-08-31,2018-08-31,2019-07-31,stgcn,14700.724133298121,19179.14663101331,spatial_temporal
98155,2017-09-30,2018-09-30,2019-08-31,stgcn,14761.519425931823,17596.76653721953,spatial_temporal
98155,2017-10-31,2018-10-31,2019-09-30,dcrnn,10154.986504323984,13317.925654388964,spatial_temporal
98155,2017-11-30,2018-11-30,2019-10-31,patchtst,10399.017835833423,12661.319937652934,DL
98155,2017-12-31,2018-12-31,2019-11-30,itransformer,9244.176670500688,12856.87620621215,DL
98155,2018-01-31,2019-01-31,2019-12-31,stgformer,8879.437365038631,10552.863839661533,spatial_temporal
98155,2018-02-28,2019-02-28,2020-01-31,chronos2_zero,7688.007816743833,9085.866775911127,foundation
98155,2018-03-31,2019-03-31,2020-02-29,timesfm_zero,8897.911676397363,12446.811182178682,foundation
98155,2018-04-30,2019-04-30,2020-03-31,timesfm_zero,10350.195329007305,15487.705975186253,foundation
98155,2018-05-31,2019-05-31,2020-04-30,graph_wavenet,11235.545877108138,14035.018998863909,spatial_temporal
98155,2018-06-30,2019-06-30,2020-05-31,itransformer,10074.265268399895,13561.843378793646,DL
98155,2018-07-31,2019-07-31,2020-06-30,itransformer,12263.526641148832,16518.293464316816,DL
98155,2018-08-31,2019-08-31,2020-07-31,itransformer,9384.799802197764,16212.253965206794,DL
98155,2018-09-30,2019-09-30,2020-08-31,itransformer,11075.61481366325,17203.0990115858,DL
98155,2018-10-31,2019-10-31,2020-09-30,itransformer,13499.249402537534,19437.22283312836,DL
98155,2018-11-30,2019-11-30,2020-10-31,graph_wavenet,17236.820309514664,22439.8313779822,spatial_temporal
98155,2018-12-31,2019-12-31,2020-11-30,dcrnn,18272.06578634,21638.8675737794,spatial_temporal
98155,2019-01-31,2020-01-31,2020-12-31,graph_wavenet,18774.777769236087,21354.34856519537,spatial_temporal
98155,2019-02-28,2020-02-29,2021-01-31,stgformer,15440.689905088453,18037.374622048887,spatial_temporal
98155,2019-03-31,2020-03-31,2021-02-28,patchtst,20085.166111679922,25530.515439341016,DL
98155,2019-04-30,2020-04-30,2021-03-31,patchtst,19757.066021253337,25230.98301523819,DL
98155,2019-05-31,2020-05-31,2021-04-30,d2stgnn,18731.572161848406,27956.06186323766,spatial_temporal
98155,2019-06-30,2020-06-30,2021-05-31,d2stgnn,21039.10045430853,27295.229426111662,spatial_temporal
98155,2019-07-31,2020-07-31,2021-06-30,d2stgnn,27772.021479266736,37675.87347523396,spatial_temporal
98155,2019-08-31,2020-08-31,2021-07-31,d2stgnn,31342.703128810845,47212.85509855955,spatial_temporal
98155,2019-09-30,2020-09-30,2021-08-31,d2stgnn,32888.181993247206,47209.29047769582,spatial_temporal
98155,2019-10-31,2020-10-31,2021-09-30,d2stgnn,30007.403001189814,40628.55724460685,spatial_temporal
98155,2019-11-30,2020-11-30,2021-10-31,dcrnn,29048.603491211485,32013.1735395893,spatial_temporal
98155,2019-12-31,2020-12-31,2021-11-30,dcrnn,32295.6057021274,37728.03035440804,spatial_temporal
98155,2020-01-31,2021-01-31,2021-12-31,d2stgnn,28502.05530907489,34068.979561597844,spatial_temporal
98155,2020-02-29,2021-02-28,2022-01-31,dcrnn,26421.20679919353,35574.25741844542,spatial_temporal
98155,2020-03-31,2021-03-31,2022-02-28,d2stgnn,25456.783461539908,31893.4318608208,spatial_temporal
98155,2020-04-30,2021-04-30,2022-03-31,dcrnn,22151.0071093662,29194.29799159051,spatial_temporal
98155,2020-05-31,2021-05-31,2022-04-30,d2stgnn,22211.716932071733,28752.53632702585,spatial_temporal
98155,2020-06-30,2021-06-30,2022-05-31,d2stgnn,24727.0626147712,37254.99029291365,spatial_temporal
98155,2020-07-31,2021-07-31,2022-06-30,d2stgnn,32612.886437453446,47829.476649426826,spatial_temporal
98155,2020-08-31,2021-08-31,2022-07-31,stgcn,33505.9719529818,56984.023737501826,spatial_temporal
98155,2020-09-30,2021-09-30,2022-08-31,d2stgnn,28800.79077951584,45391.125563215355,spatial_temporal
98155,2020-10-31,2021-10-31,2022-09-30,d2stgnn,34857.72562218422,47717.03509232286,spatial_temporal
98155,2020-11-30,2021-11-30,2022-10-31,d2stgnn,32851.75666858002,45621.4564821137,spatial_temporal
98155,2020-12-31,2021-12-31,2022-11-30,d2stgnn,32175.271797010762,39542.7116414449,spatial_temporal
98155,2021-01-31,2022-01-31,2022-12-31,d2stgnn,44962.70251996851,49157.24526589064,spatial_temporal
98155,2021-02-28,2022-02-28,2023-01-31,patchtst,45703.49674390548,70408.50095581598,DL
98155,2021-03-31,2022-03-31,2023-02-28,timemixer,42840.017470857805,53601.56596397489,DL
98155,2021-04-30,2022-04-30,2023-03-31,timemixer,41109.49662680615,47191.32762334873,DL
98155,2021-05-31,2022-05-31,2023-04-30,dcrnn,57190.73796238654,65346.32596260904,spatial_temporal
98155,2021-06-30,2022-06-30,2023-05-31,timesfm_zero,58898.12976013033,68952.35151153257,foundation
98155,2021-07-31,2022-07-31,2023-06-30,timemixer,46649.19298409947,61312.721783967405,DL
98155,2021-08-31,2022-08-31,2023-07-31,graph_wavenet,32040.838125644357,45968.26824816021,spatial_temporal
98155,2021-09-30,2022-09-30,2023-08-31,graph_wavenet,24567.142811726884,34776.21529490281,spatial_temporal
98155,2021-10-31,2022-10-31,2023-09-30,graph_wavenet,21891.434050955286,29426.823295643702,spatial_temporal
98155,2021-11-30,2022-11-30,2023-10-31,graph_wavenet,22100.00320084492,28836.983001610595,spatial_temporal
98155,2021-12-31,2022-12-31,2023-11-30,graph_wavenet,23212.670726011722,27263.789836856504,spatial_temporal
98155,2022-12-31,2023-12-31,2024-11-30,itransformer,41270.81467836261,51147.2489046485,DL
98155,2023-01-31,2024-01-31,2024-12-31,itransformer,40653.39345910537,50307.64863537762,DL
98155,2024-01-31,2025-01-31,2025-12-31,timesfm_zero,23924.631042894045,26315.599012348503,foundation
98155,2024-02-29,2025-02-28,2026-01-31,d2stgnn,33086.347900908295,41639.71991702838,spatial_temporal
98155,2024-03-31,2025-03-31,2026-02-28,timesfm_zero,30014.635730049835,34172.434733034854,foundation
98155,2024-04-30,2025-04-30,2026-03-31,timesfm_zero,34317.64389052294,39785.49387481075,foundation
98155,2024-05-31,2025-05-31,2026-04-30,timesfm_zero,37001.683661201976,42851.63998817889,foundation
98155,2024-06-30,2025-06-30,2026-05-31,timemixer,22029.93394345512,27721.286942899016,DL
98155,2024-07-31,2025-07-31,2026-06-30,chronos2_zero,33375.63022041413,36472.45358304741,foundation
98155,2024-08-31,2025-08-31,2026-07-31,timemixer,33335.516978197025,38680.96042296065,DL
98166,2016-03-31,2017-03-31,2018-02-28,patchtst,32540.84446274051,36293.76021786666,DL
98166,2016-04-30,2017-04-30,2018-03-31,d2stgnn,37765.34340409422,43318.799931169735,spatial_temporal
98166,2016-05-31,2017-05-31,2018-04-30,d2stgnn,35216.18968508117,44747.73945792183,spatial_temporal
98166,2016-06-30,2017-06-30,2018-05-31,d2stgnn,35267.8429522157,49175.97777086376,spatial_temporal
98166,2016-07-31,2017-07-31,2018-06-30,d2stgnn,37706.37378794427,52161.496286428075,spatial_temporal
98166,2016-08-31,2017-08-31,2018-07-31,d2stgnn,44330.398015540755,53371.01979545463,spatial_temporal
98166,2016-09-30,2017-09-30,2018-08-31,d2stgnn,49400.727228935284,57808.19275749352,spatial_temporal
98166,2016-10-31,2017-10-31,2018-09-30,itransformer,36077.94964652258,42341.00708191366,DL
98166,2016-11-30,2017-11-30,2018-10-31,itransformer,38665.141204594765,43508.14150394342,DL
98166,2016-12-31,2017-12-31,2018-11-30,itransformer,37445.02482911341,43351.04436526478,DL
98166,2017-01-31,2018-01-31,2018-12-31,stgcn,50801.21923771669,57060.7334234569,spatial_temporal
98166,2017-02-28,2018-02-28,2019-01-31,itransformer,39540.20455018973,45380.83212790336,DL
98166,2017-03-31,2018-03-31,2019-02-28,itransformer,31142.15271995757,37048.99133394093,DL
98166,2017-04-30,2018-04-30,2019-03-31,d2stgnn,30244.089644863434,38213.78836370089,spatial_temporal
98166,2017-05-31,2018-05-31,2019-04-30,itransformer,25345.98571032372,31528.670292082876,DL
98166,2017-06-30,2018-06-30,2019-05-31,d2stgnn,26828.525774272373,33337.52636838281,spatial_temporal
98166,2017-07-31,2018-07-31,2019-06-30,stgformer,26971.770153167705,35273.94567437637,spatial_temporal
98166,2017-08-31,2018-08-31,2019-07-31,stgformer,26385.3529965424,29347.541924478766,spatial_temporal
98166,2017-09-30,2018-09-30,2019-08-31,stgformer,19101.89730473832,25312.468595780138,spatial_temporal
98166,2017-10-31,2018-10-31,2019-09-30,timemixer,28333.736288140306,33598.84428602584,DL
98166,2017-11-30,2018-11-30,2019-10-31,d2stgnn,27180.643456484773,32039.18212154593,spatial_temporal
98166,2017-12-31,2018-12-31,2019-11-30,d2stgnn,33104.840817742144,42992.8810120585,spatial_temporal
98166,2018-01-31,2019-01-31,2019-12-31,dlinear,32896.51004873349,36909.78579506096,DL
98166,2018-02-28,2019-02-28,2020-01-31,dlinear,35409.464303767956,43015.34501162447,DL
98166,2018-03-31,2019-03-31,2020-02-29,itransformer,32344.056521563663,40868.483697659,DL
98166,2018-04-30,2019-04-30,2020-03-31,chronos2_zero,22873.92456032551,34789.03814206657,foundation
98166,2018-05-31,2019-05-31,2020-04-30,itransformer,26104.32541586775,36316.95562337887,DL
98166,2018-06-30,2019-06-30,2020-05-31,graph_wavenet,27616.898763988884,36841.80678161569,spatial_temporal
98166,2018-07-31,2019-07-31,2020-06-30,graph_wavenet,29111.05243504704,37477.824985620784,spatial_temporal
98166,2018-08-31,2019-08-31,2020-07-31,dlinear,32332.7145819314,45172.76307975399,DL
98166,2018-09-30,2019-09-30,2020-08-31,itransformer,33395.40048646731,39921.39626300827,DL
98166,2018-10-31,2019-10-31,2020-09-30,patchtst,31171.12224032005,38163.70564709573,DL
98166,2018-11-30,2019-11-30,2020-10-31,itransformer,32590.369383592286,38525.79170717376,DL
98166,2018-12-31,2019-12-31,2020-11-30,d2stgnn,22775.944227111624,27546.718193597982,spatial_temporal
98166,2019-01-31,2020-01-31,2020-12-31,itransformer,30402.042101640855,34084.61065873211,DL
98166,2019-02-28,2020-02-29,2021-01-31,timesfm_zero,34164.883677600556,45404.47410200707,foundation
98166,2019-03-31,2020-03-31,2021-02-28,timesfm_zero,36394.46190908164,46507.97066043449,foundation
98166,2019-04-30,2020-04-30,2021-03-31,itransformer,33318.443442035634,43330.858536611464,DL
98166,2019-05-31,2020-05-31,2021-04-30,chronos2_zero,32064.985253852017,38375.33905545556,foundation
98166,2019-06-30,2020-06-30,2021-05-31,timesfm_zero,32712.584196186148,38770.20520955354,foundation
98166,2019-07-31,2020-07-31,2021-06-30,itransformer,34905.92114290068,40419.57481787427,DL
98166,2019-08-31,2020-08-31,2021-07-31,timemixer,31496.197956782573,39428.50673516908,DL
98166,2019-09-30,2020-09-30,2021-08-31,timemixer,29144.506481868757,35637.606175113295,DL
98166,2019-10-31,2020-10-31,2021-09-30,timemixer,30876.668357461294,38138.244297968195,DL
98166,2019-11-30,2020-11-30,2021-10-31,timemixer,32167.633539945517,36578.06477401048,DL
98166,2019-12-31,2020-12-31,2021-11-30,dlinear,37303.50640947351,47106.75369645086,DL
98166,2020-01-31,2021-01-31,2021-12-31,d2stgnn,41758.01327078872,47532.21315318588,spatial_temporal
98166,2020-02-29,2021-02-28,2022-01-31,stgformer,40189.88303811596,47345.43781992763,spatial_temporal
98166,2020-03-31,2021-03-31,2022-02-28,d2stgnn,31522.285142445093,38172.88258848211,spatial_temporal
98166,2020-04-30,2021-04-30,2022-03-31,d2stgnn,26900.671985895362,33146.19268257891,spatial_temporal
98166,2020-05-31,2021-05-31,2022-04-30,patchtst,25874.297241003525,32249.199093204454,DL
98166,2020-06-30,2021-06-30,2022-05-31,d2stgnn,20411.464861363755,27223.919359344403,spatial_temporal
98166,2020-07-31,2021-07-31,2022-06-30,patchtst,30211.58133525384,34357.05594807729,DL
98166,2020-08-31,2021-08-31,2022-07-31,patchtst,26669.755024862272,31659.07212447006,DL
98166,2020-09-30,2021-09-30,2022-08-31,dcrnn,30610.110947732504,38040.943311380004,spatial_temporal
98166,2020-10-31,2021-10-31,2022-09-30,graph_wavenet,31864.117414253375,42576.245487083106,spatial_temporal
98166,2020-11-30,2021-11-30,2022-10-31,d2stgnn,36574.82150457161,49078.504526466764,spatial_temporal
98166,2020-12-31,2021-12-31,2022-11-30,d2stgnn,30751.893142342236,36142.42864247002,spatial_temporal
98166,2021-01-31,2022-01-31,2022-12-31,itransformer,32349.705069571373,39593.30596930309,DL
98166,2021-02-28,2022-02-28,2023-01-31,itransformer,32277.098148858746,38109.510577167486,DL
98166,2021-03-31,2022-03-31,2023-02-28,graph_wavenet,37042.34701912531,43793.68398687831,spatial_temporal
98166,2021-04-30,2022-04-30,2023-03-31,dcrnn,40614.478617444496,45997.0605507325,spatial_temporal
98166,2021-05-31,2022-05-31,2023-04-30,dcrnn,33910.09043314409,41404.315331025755,spatial_temporal
98166,2021-06-30,2022-06-30,2023-05-31,dcrnn,36845.88505234779,41605.46096087675,spatial_temporal
98166,2021-07-31,2022-07-31,2023-06-30,itransformer,38354.83938728252,45594.301732538064,DL
98166,2021-08-31,2022-08-31,2023-07-31,itransformer,42033.97516861549,46543.04261792315,DL
98166,2021-09-30,2022-09-30,2023-08-31,itransformer,35475.34245951925,40354.843717293115,DL
98166,2021-10-31,2022-10-31,2023-09-30,itransformer,41622.176976316456,47403.4783980938,DL
98166,2021-11-30,2022-11-30,2023-10-31,dlinear,37596.267203355004,54487.557920312116,DL
98166,2021-12-31,2022-12-31,2023-11-30,chronos2_zero,37161.61902428368,44011.61212555578,foundation
98166,2022-12-31,2023-12-31,2024-11-30,timesfm_zero,25562.0545857745,32713.4692374767,foundation
98166,2023-01-31,2024-01-31,2024-12-31,itransformer,21903.0436652444,25928.893632944273,DL
98166,2024-01-31,2025-01-31,2025-12-31,dlinear,44418.77173249095,57910.11421797946,DL
98166,2024-02-29,2025-02-28,2026-01-31,dlinear,40897.091023467285,59961.6621834157,DL
98166,2024-03-31,2025-03-31,2026-02-28,timemixer,46179.3280516979,57709.16414102758,DL
98166,2024-04-30,2025-04-30,2026-03-31,d2stgnn,56691.74696187233,71984.99701834844,spatial_temporal
98166,2024-05-31,2025-05-31,2026-04-30,stgformer,59443.45822296099,78941.61386638701,spatial_temporal
98166,2024-06-30,2025-06-30,2026-05-31,d2stgnn,44674.60833022281,64189.12254899165,spatial_temporal
98166,2024-07-31,2025-07-31,2026-06-30,stgformer,43060.509303142084,60689.10872936477,spatial_temporal
98166,2024-08-31,2025-08-31,2026-07-31,stgformer,47422.207623451104,70816.44519803178,spatial_temporal
98168,2016-03-31,2017-03-31,2018-02-28,stgformer,16513.892838247946,20259.40124901226,spatial_temporal
98168,2016-04-30,2017-04-30,2018-03-31,d2stgnn,19068.720323093625,23179.940527815197,spatial_temporal
98168,2016-05-31,2017-05-31,2018-04-30,d2stgnn,19650.215301521337,23657.528512223344,spatial_temporal
98168,2016-06-30,2017-06-30,2018-05-31,stgformer,19333.83601202487,23309.455598209428,spatial_temporal
98168,2016-07-31,2017-07-31,2018-06-30,itransformer,12511.666105128004,16141.010953257713,DL
98168,2016-08-31,2017-08-31,2018-07-31,itransformer,15908.903416286848,21568.86562776146,DL
98168,2016-09-30,2017-09-30,2018-08-31,d2stgnn,15630.713164663708,20829.48040443665,spatial_temporal
98168,2016-10-31,2017-10-31,2018-09-30,d2stgnn,15884.563291973487,21147.716364814314,spatial_temporal
98168,2016-11-30,2017-11-30,2018-10-31,dlinear,19127.28899291606,23171.866946463364,DL
98168,2016-12-31,2017-12-31,2018-11-30,d2stgnn,18320.38435897375,22607.856295883565,spatial_temporal
98168,2017-01-31,2018-01-31,2018-12-31,d2stgnn,12337.632482457353,15231.894889639452,spatial_temporal
98168,2017-02-28,2018-02-28,2019-01-31,d2stgnn,14949.822254700566,17920.213922615094,spatial_temporal
98168,2017-03-31,2018-03-31,2019-02-28,timemixer,11721.578270897298,16553.250912747622,DL
98168,2017-04-30,2018-04-30,2019-03-31,timemixer,11037.61813115544,15189.069883135304,DL
98168,2017-05-31,2018-05-31,2019-04-30,stgformer,11569.074912061193,16348.678421119184,spatial_temporal
98168,2017-06-30,2018-06-30,2019-05-31,stgformer,12348.646909029534,14891.53207490188,spatial_temporal
98168,2017-07-31,2018-07-31,2019-06-30,stgformer,11875.091090246264,16259.065202847745,spatial_temporal
98168,2017-08-31,2018-08-31,2019-07-31,patchtst,10705.108032517383,12211.726231521867,DL
98168,2017-09-30,2018-09-30,2019-08-31,timemixer,6869.9045471079735,8433.786631530842,DL
98168,2017-10-31,2018-10-31,2019-09-30,timemixer,6150.190952180444,7535.45600084409,DL
98168,2017-11-30,2018-11-30,2019-10-31,timemixer,5820.239148813882,8375.539240474767,DL
98168,2017-12-31,2018-12-31,2019-11-30,timemixer,7358.99232320521,9214.980598683764,DL
98168,2018-01-31,2019-01-31,2019-12-31,timemixer,10033.633022880827,11626.780458649015,DL
98168,2018-02-28,2019-02-28,2020-01-31,stgformer,8253.863914557713,10047.397607669427,spatial_temporal
98168,2018-03-31,2019-03-31,2020-02-29,patchtst,7302.525979835254,8787.445658032168,DL
98168,2018-04-30,2019-04-30,2020-03-31,patchtst,10079.772747987116,13915.31733134187,DL
98168,2018-05-31,2019-05-31,2020-04-30,patchtst,10428.30409638848,15499.82035181233,DL
98168,2018-06-30,2019-06-30,2020-05-31,patchtst,9703.60198337121,13942.328883059326,DL
98168,2018-07-31,2019-07-31,2020-06-30,patchtst,8675.963451772952,11480.783146062744,DL
98168,2018-08-31,2019-08-31,2020-07-31,dlinear,7641.499474863357,9015.609917063231,DL
98168,2018-09-30,2019-09-30,2020-08-31,dlinear,8034.178935656198,10066.44831649523,DL
98168,2018-10-31,2019-10-31,2020-09-30,d2stgnn,7601.738767693644,10127.438759473283,spatial_temporal
98168,2018-11-30,2019-11-30,2020-10-31,d2stgnn,9777.566164225578,10928.033045150909,spatial_temporal
98168,2018-12-31,2019-12-31,2020-11-30,stgcn,6615.431401799385,8375.185749486738,spatial_temporal
98168,2019-01-31,2020-01-31,2020-12-31,graph_wavenet,7548.693581931478,9475.138688808205,spatial_temporal
98168,2019-02-28,2020-02-29,2021-01-31,graph_wavenet,7324.686075733848,8740.57898530699,spatial_temporal
98168,2019-03-31,2020-03-31,2021-02-28,patchtst,9484.97563274796,11782.95156144587,DL
98168,2019-04-30,2020-04-30,2021-03-31,dlinear,11596.908988352443,16323.367977323815,DL
98168,2019-05-31,2020-05-31,2021-04-30,dlinear,12374.01317317193,18692.95216023828,DL
98168,2019-06-30,2020-06-30,2021-05-31,d2stgnn,13337.666907393528,16042.511556245317,spatial_temporal
98168,2019-07-31,2020-07-31,2021-06-30,d2stgnn,13640.409400391925,16208.041069550054,spatial_temporal
98168,2019-08-31,2020-08-31,2021-07-31,stgformer,12877.36162561982,17808.221813979482,spatial_temporal
98168,2019-09-30,2020-09-30,2021-08-31,stgformer,12504.170964959927,15680.68131275257,spatial_temporal
98168,2019-10-31,2020-10-31,2021-09-30,timemixer,16278.393311766971,20648.075579115255,DL
98168,2019-11-30,2020-11-30,2021-10-31,dcrnn,15466.075951747334,16399.580989545993,spatial_temporal
98168,2019-12-31,2020-12-31,2021-11-30,dcrnn,13380.383504075327,14704.869582681094,spatial_temporal
98168,2020-01-31,2021-01-31,2021-12-31,stgformer,11857.174107807334,13175.705006886436,spatial_temporal
98168,2020-02-29,2021-02-28,2022-01-31,stgformer,9725.914191255864,12092.471410621833,spatial_temporal
98168,2020-03-31,2021-03-31,2022-02-28,stgformer,9002.633339710834,11089.258427043726,spatial_temporal
98168,2020-04-30,2021-04-30,2022-03-31,stgformer,11161.71766636981,13548.704989649146,spatial_temporal
98168,2020-05-31,2021-05-31,2022-04-30,stgformer,12630.1590437537,15095.18641617167,spatial_temporal
98168,2020-06-30,2021-06-30,2022-05-31,timemixer,12293.956432625651,14989.245427077714,DL
98168,2020-07-31,2021-07-31,2022-06-30,stgformer,16510.71806499135,21384.625036014593,spatial_temporal
98168,2020-08-31,2021-08-31,2022-07-31,d2stgnn,14939.346771116669,18328.988768862815,spatial_temporal
98168,2020-09-30,2021-09-30,2022-08-31,dcrnn,15352.575924920811,18393.626748017905,spatial_temporal
98168,2020-10-31,2021-10-31,2022-09-30,timemixer,14037.219542219033,16222.270611041096,DL
98168,2020-11-30,2021-11-30,2022-10-31,timemixer,10480.51381852637,12514.645550466956,DL
98168,2020-12-31,2021-12-31,2022-11-30,d2stgnn,7462.658406642615,8652.513441440438,spatial_temporal
98168,2021-01-31,2022-01-31,2022-12-31,d2stgnn,10202.27300040031,12290.680759238943,spatial_temporal
98168,2021-02-28,2022-02-28,2023-01-31,d2stgnn,12551.679851926927,14471.086817961228,spatial_temporal
98168,2021-03-31,2022-03-31,2023-02-28,timemixer,9207.536518705272,10455.576506007314,DL
98168,2021-04-30,2022-04-30,2023-03-31,dcrnn,10855.341790815253,12837.393843476659,spatial_temporal
98168,2021-05-31,2022-05-31,2023-04-30,dcrnn,9732.313157409022,12095.93862646294,spatial_temporal
98168,2021-06-30,2022-06-30,2023-05-31,stgformer,12240.000338029213,16839.380841113834,spatial_temporal
98168,2021-07-31,2022-07-31,2023-06-30,stgformer,9880.360739681675,12697.197420607836,spatial_temporal
98168,2021-08-31,2022-08-31,2023-07-31,dcrnn,15777.70819854679,19574.501515734548,spatial_temporal
98168,2021-09-30,2022-09-30,2023-08-31,stgformer,12848.533774401294,15437.356568646861,spatial_temporal
98168,2021-10-31,2022-10-31,2023-09-30,stgformer,12000.343472340503,16270.922233242278,spatial_temporal
98168,2021-11-30,2022-11-30,2023-10-31,timemixer,13103.950512375595,18144.765013890596,DL
98168,2021-12-31,2022-12-31,2023-11-30,itransformer,12578.092688584225,15651.634285491764,DL
98168,2022-12-31,2023-12-31,2024-11-30,itransformer,20719.967892450728,36153.87119403282,DL
98168,2023-01-31,2024-01-31,2024-12-31,itransformer,21631.186475586135,37442.958562733606,DL
98168,2024-01-31,2025-01-31,2025-12-31,chronos2_zero,15065.521903844938,20577.01428406582,foundation
98168,2024-02-29,2025-02-28,2026-01-31,chronos2_zero,16953.509609177137,20939.206885349286,foundation
98168,2024-03-31,2025-03-31,2026-02-28,d2stgnn,21311.237294926035,30382.457042253784,spatial_temporal
98168,2024-04-30,2025-04-30,2026-03-31,stgformer,19020.97778727055,22845.953095520978,spatial_temporal
98168,2024-05-31,2025-05-31,2026-04-30,d2stgnn,14422.461995975658,17186.741150468333,spatial_temporal
98168,2024-06-30,2025-06-30,2026-05-31,timemixer,14654.612016444618,17653.430489565442,DL
98168,2024-07-31,2025-07-31,2026-06-30,itransformer,10476.857314756839,13481.409772855928,DL
98168,2024-08-31,2025-08-31,2026-07-31,timemixer,12127.180563262946,15156.539902806917,DL
98177,2016-03-31,2017-03-31,2018-02-28,d2stgnn,14670.34654672862,20057.700945722856,spatial_temporal
98177,2016-04-30,2017-04-30,2018-03-31,stgformer,25192.675766250195,36278.93601953686,spatial_temporal
98177,2016-05-31,2017-05-31,2018-04-30,itransformer,30070.4697649119,51202.10887530469,DL
98177,2016-06-30,2017-06-30,2018-05-31,itransformer,40057.55545606461,63389.54228088082,DL
98177,2016-07-31,2017-07-31,2018-06-30,timemixer,42192.17062988327,55672.621321729726,DL
98177,2016-08-31,2017-08-31,2018-07-31,itransformer,53418.6584466001,62622.75549769351,DL
98177,2016-09-30,2017-09-30,2018-08-31,timemixer,41167.335421130796,51157.01039077718,DL
98177,2016-10-31,2017-10-31,2018-09-30,d2stgnn,49184.06300823513,57471.888169338745,spatial_temporal
98177,2016-11-30,2017-11-30,2018-10-31,d2stgnn,42707.76334861258,47334.9374176029,spatial_temporal
98177,2016-12-31,2017-12-31,2018-11-30,d2stgnn,33940.69409848539,37138.30271465516,spatial_temporal
98177,2017-01-31,2018-01-31,2018-12-31,d2stgnn,33302.04747050939,37581.448516729666,spatial_temporal
98177,2017-02-28,2018-02-28,2019-01-31,d2stgnn,43788.10016232394,49270.91563217838,spatial_temporal
98177,2017-03-31,2018-03-31,2019-02-28,d2stgnn,32881.98869890454,40261.35680714456,spatial_temporal
98177,2017-04-30,2018-04-30,2019-03-31,d2stgnn,36904.70954727675,41426.31339022434,spatial_temporal
98177,2017-05-31,2018-05-31,2019-04-30,d2stgnn,30229.659345407144,36104.44038685038,spatial_temporal
98177,2017-06-30,2018-06-30,2019-05-31,d2stgnn,28183.4430067319,35097.89283961672,spatial_temporal
98177,2017-07-31,2018-07-31,2019-06-30,stgformer,21403.42473652242,27804.26132496932,spatial_temporal
98177,2017-08-31,2018-08-31,2019-07-31,stgformer,23990.249790023972,28742.539771732794,spatial_temporal
98177,2017-09-30,2018-09-30,2019-08-31,d2stgnn,21413.440994218126,25798.86957140494,spatial_temporal
98177,2017-10-31,2018-10-31,2019-09-30,d2stgnn,17447.550296482903,21130.13089874571,spatial_temporal
98177,2017-11-30,2018-11-30,2019-10-31,itransformer,18635.909174327,24238.262495311894,DL
98177,2017-12-31,2018-12-31,2019-11-30,timesfm_zero,24940.188248655875,31870.035590621523,foundation
98177,2018-01-31,2019-01-31,2019-12-31,itransformer,25222.800294920005,31277.543155714175,DL
98177,2018-02-28,2019-02-28,2020-01-31,itransformer,21609.21464737538,26709.3150094142,DL
98177,2018-03-31,2019-03-31,2020-02-29,itransformer,25760.181149631175,33218.62805679311,DL
98177,2018-04-30,2019-04-30,2020-03-31,timemixer,32483.945022328222,47976.425951158744,DL
98177,2018-05-31,2019-05-31,2020-04-30,itransformer,41955.13048146292,63073.53484101767,DL
98177,2018-06-30,2019-06-30,2020-05-31,graph_wavenet,45406.05690054121,58586.99380506858,spatial_temporal
98177,2018-07-31,2019-07-31,2020-06-30,dlinear,38406.54118398128,56930.553238042026,DL
98177,2018-08-31,2019-08-31,2020-07-31,dlinear,38745.77484558371,48950.54780517268,DL
98177,2018-09-30,2019-09-30,2020-08-31,d2stgnn,35743.62409735425,52093.853406258815,spatial_temporal
98177,2018-10-31,2019-10-31,2020-09-30,dlinear,42966.54499350884,57465.22685025451,DL
98177,2018-11-30,2019-11-30,2020-10-31,dlinear,31862.93913104136,43172.28797189825,DL
98177,2018-12-31,2019-12-31,2020-11-30,stgformer,35282.415836910724,51472.15696110922,spatial_temporal
98177,2019-01-31,2020-01-31,2020-12-31,patchtst,33103.56702806736,46912.43136129056,DL
98177,2019-02-28,2020-02-29,2021-01-31,patchtst,35919.798893585736,48661.44622697562,DL
98177,2019-03-31,2020-03-31,2021-02-28,patchtst,36169.854287954055,53092.53953644833,DL
98177,2019-04-30,2020-04-30,2021-03-31,dcrnn,24921.05267524984,43549.22759373632,spatial_temporal
98177,2019-05-31,2020-05-31,2021-04-30,graph_wavenet,18101.333260774718,21551.343341170534,spatial_temporal
98177,2019-06-30,2020-06-30,2021-05-31,d2stgnn,21440.044630431734,30064.62533637674,spatial_temporal
98177,2019-07-31,2020-07-31,2021-06-30,d2stgnn,24880.039911227574,28165.679997378422,spatial_temporal
98177,2019-08-31,2020-08-31,2021-07-31,d2stgnn,33466.40402788642,43878.08274512976,spatial_temporal
98177,2019-09-30,2020-09-30,2021-08-31,dcrnn,38880.75354287413,48154.84944337783,spatial_temporal
98177,2019-10-31,2020-10-31,2021-09-30,dcrnn,37884.9394235648,46696.83027863492,spatial_temporal
98177,2019-11-30,2020-11-30,2021-10-31,d2stgnn,35950.48129119892,49944.30031845208,spatial_temporal
98177,2019-12-31,2020-12-31,2021-11-30,timemixer,39580.27635790946,50280.05931406978,DL
98177,2020-01-31,2021-01-31,2021-12-31,d2stgnn,35762.93218898342,43194.58097351616,spatial_temporal
98177,2020-02-29,2021-02-28,2022-01-31,d2stgnn,31204.631503960863,41105.30053719463,spatial_temporal
98177,2020-03-31,2021-03-31,2022-02-28,d2stgnn,40021.948103127455,46545.65397893388,spatial_temporal
98177,2020-04-30,2021-04-30,2022-03-31,stgformer,42399.8367525947,49632.04795196346,spatial_temporal
98177,2020-05-31,2021-05-31,2022-04-30,d2stgnn,29532.547759398236,34043.19366079759,spatial_temporal
98177,2020-06-30,2021-06-30,2022-05-31,patchtst,40490.643641085095,51066.99975589064,DL
98177,2020-07-31,2021-07-31,2022-06-30,patchtst,41966.79979053204,50584.62548462825,DL
98177,2020-08-31,2021-08-31,2022-07-31,d2stgnn,34984.200912092696,42037.90143006746,spatial_temporal
98177,2020-09-30,2021-09-30,2022-08-31,d2stgnn,29367.77359605794,39707.34137324391,spatial_temporal
98177,2020-10-31,2021-10-31,2022-09-30,d2stgnn,31034.037407427775,38523.82413702477,spatial_temporal
98177,2020-11-30,2021-11-30,2022-10-31,timemixer,46029.089291913464,53057.70315156656,DL
98177,2020-12-31,2021-12-31,2022-11-30,timemixer,32180.370824860467,41784.267692635505,DL
98177,2021-01-31,2022-01-31,2022-12-31,dcrnn,42728.655208861535,56413.236924499644,spatial_temporal
98177,2021-02-28,2022-02-28,2023-01-31,stgcn,49564.21578247034,59664.63692559181,spatial_temporal
98177,2021-03-31,2022-03-31,2023-02-28,graph_wavenet,52466.455786792045,79357.90773875397,spatial_temporal
98177,2021-04-30,2022-04-30,2023-03-31,itransformer,75169.87542783591,120936.12167409096,DL
98177,2021-05-31,2022-05-31,2023-04-30,chronos2_zero,81781.17951292943,107616.4987574201,foundation
98177,2021-06-30,2022-06-30,2023-05-31,patchtst,78408.00027763982,97501.95993053433,DL
98177,2021-07-31,2022-07-31,2023-06-30,patchtst,81687.68268211324,96251.30874995471,DL
98177,2021-08-31,2022-08-31,2023-07-31,chronos2_zero,88848.57247297023,112495.29452683878,foundation
98177,2021-09-30,2022-09-30,2023-08-31,chronos2_zero,88014.3892299621,113017.91648151376,foundation
98177,2021-10-31,2022-10-31,2023-09-30,timesfm_zero,81744.78183866116,121815.3621250012,foundation
98177,2021-11-30,2022-11-30,2023-10-31,dcrnn,77883.7400322758,104103.8191394969,spatial_temporal
98177,2021-12-31,2022-12-31,2023-11-30,dcrnn,68590.02143759177,103724.60981064592,spatial_temporal
98177,2022-12-31,2023-12-31,2024-11-30,timemixer,54433.742747927354,67476.95564691159,DL
98177,2023-01-31,2024-01-31,2024-12-31,itransformer,35897.20882507358,41062.57619174271,DL
98177,2024-01-31,2025-01-31,2025-12-31,d2stgnn,62908.89024463651,72462.75311530389,spatial_temporal
98177,2024-02-29,2025-02-28,2026-01-31,dlinear,76922.9618207466,88966.83607986993,DL
98177,2024-03-31,2025-03-31,2026-02-28,dcrnn,78409.52716651095,97054.27231620085,spatial_temporal
98177,2024-04-30,2025-04-30,2026-03-31,timemixer,93774.5772587506,130710.62248928638,DL
98177,2024-05-31,2025-05-31,2026-04-30,timesfm_zero,88660.88537272373,107413.65390957809,foundation
98177,2024-06-30,2025-06-30,2026-05-31,timesfm_zero,95697.81611511965,114886.38895664793,foundation
98177,2024-07-31,2025-07-31,2026-06-30,timesfm_zero,105834.98448620587,125855.53424091754,foundation
98177,2024-08-31,2025-08-31,2026-07-31,itransformer,90100.97859365522,105484.05555538637,DL
98178,2016-03-31,2017-03-31,2018-02-28,itransformer,15824.02273466909,17973.222364836474,DL
98178,2016-04-30,2017-04-30,2018-03-31,d2stgnn,22677.050977785566,32505.535041585765,spatial_temporal
98178,2016-05-31,2017-05-31,2018-04-30,d2stgnn,24423.19349491426,37423.80908910802,spatial_temporal
98178,2016-06-30,2017-06-30,2018-05-31,itransformer,25436.98850273342,38594.53688782602,DL
98178,2016-07-31,2017-07-31,2018-06-30,itransformer,22644.794648413746,27613.496654484636,DL
98178,2016-08-31,2017-08-31,2018-07-31,itransformer,23870.71867055875,28574.0964482967,DL
98178,2016-09-30,2017-09-30,2018-08-31,itransformer,23565.77776062528,29146.468777477658,DL
98178,2016-10-31,2017-10-31,2018-09-30,stgformer,25307.761509377364,36786.2949280255,spatial_temporal
98178,2016-11-30,2017-11-30,2018-10-31,itransformer,23671.235057284062,32493.14341448687,DL
98178,2016-12-31,2017-12-31,2018-11-30,itransformer,25867.11432770624,35521.35546647622,DL
98178,2017-01-31,2018-01-31,2018-12-31,itransformer,32367.057611230866,43396.01146234474,DL
98178,2017-02-28,2018-02-28,2019-01-31,patchtst,31353.867893662205,41798.38254830642,DL
98178,2017-03-31,2018-03-31,2019-02-28,timemixer,30315.645207688634,33722.56923273069,DL
98178,2017-04-30,2018-04-30,2019-03-31,timemixer,20482.53426594689,24361.25954551684,DL
98178,2017-05-31,2018-05-31,2019-04-30,timesfm_zero,17171.093748795636,22975.917772079527,foundation
98178,2017-06-30,2018-06-30,2019-05-31,timesfm_zero,15548.710339898587,21677.909886933496,foundation
98178,2017-07-31,2018-07-31,2019-06-30,timesfm_zero,19908.594436431657,22350.223438346853,foundation
98178,2017-08-31,2018-08-31,2019-07-31,timemixer,18625.58856019923,21424.806543237697,DL
98178,2017-09-30,2018-09-30,2019-08-31,timesfm_zero,15260.057425491575,18987.937158002896,foundation
98178,2017-10-31,2018-10-31,2019-09-30,timesfm_zero,13493.260556336274,17806.818400730986,foundation
98178,2017-11-30,2018-11-30,2019-10-31,timesfm_zero,17684.229672434474,19797.330011709473,foundation
98178,2017-12-31,2018-12-31,2019-11-30,timesfm_zero,13534.463418151514,18406.44746599169,foundation
98178,2018-01-31,2019-01-31,2019-12-31,timesfm_zero,15132.56763337201,20540.70354463466,foundation
98178,2018-02-28,2019-02-28,2020-01-31,stgformer,16732.74894319415,19822.6817003242,spatial_temporal
98178,2018-03-31,2019-03-31,2020-02-29,timemixer,13699.244602846957,17135.105366941134,DL
98178,2018-04-30,2019-04-30,2020-03-31,stgformer,6967.809188114305,9941.519454021662,spatial_temporal
98178,2018-05-31,2019-05-31,2020-04-30,stgformer,11927.495224626293,16049.056675908656,spatial_temporal
98178,2018-06-30,2019-06-30,2020-05-31,stgformer,14575.20702663612,17360.221622996454,spatial_temporal
98178,2018-07-31,2019-07-31,2020-06-30,stgformer,16503.06292109384,21384.963160441195,spatial_temporal
98178,2018-08-31,2019-08-31,2020-07-31,stgformer,16357.23719530536,21772.420707372345,spatial_temporal
98178,2018-09-30,2019-09-30,2020-08-31,stgformer,20097.85247312531,24204.751335273515,spatial_temporal
98178,2018-10-31,2019-10-31,2020-09-30,d2stgnn,19661.498790463713,23369.26769920972,spatial_temporal
98178,2018-11-30,2019-11-30,2020-10-31,d2stgnn,21066.416738772667,26294.112703827934,spatial_temporal
98178,2018-12-31,2019-12-31,2020-11-30,d2stgnn,23584.86578956804,32739.675045926262,spatial_temporal
98178,2019-01-31,2020-01-31,2020-12-31,stgformer,21506.699812689043,28328.996643981707,spatial_temporal
98178,2019-02-28,2020-02-29,2021-01-31,d2stgnn,23882.44414111032,31267.30249205515,spatial_temporal
98178,2019-03-31,2020-03-31,2021-02-28,d2stgnn,26646.017085004543,35013.69418017813,spatial_temporal
98178,2019-04-30,2020-04-30,2021-03-31,d2stgnn,30668.503330024818,38150.892547151525,spatial_temporal
98178,2019-05-31,2020-05-31,2021-04-30,graph_wavenet,34989.810084538134,48309.116211000495,spatial_temporal
98178,2019-06-30,2020-06-30,2021-05-31,graph_wavenet,34019.795346250874,42599.48603581148,spatial_temporal
98178,2019-07-31,2020-07-31,2021-06-30,graph_wavenet,37279.07419884438,44998.88396524774,spatial_temporal
98178,2019-08-31,2020-08-31,2021-07-31,itransformer,34523.270026644204,38541.22695396372,DL
98178,2019-09-30,2020-09-30,2021-08-31,itransformer,27184.012417199516,32103.415939092523,DL
98178,2019-10-31,2020-10-31,2021-09-30,itransformer,28303.387290835875,33825.21359028304,DL
98178,2019-11-30,2020-11-30,2021-10-31,itransformer,22539.779796296323,26946.148506200156,DL
98178,2019-12-31,2020-12-31,2021-11-30,itransformer,21928.0571340199,29519.66473496623,DL
98178,2020-01-31,2021-01-31,2021-12-31,itransformer,23123.071449213603,36097.39063317378,DL
98178,2020-02-29,2021-02-28,2022-01-31,timemixer,29339.7687584089,36641.78262657515,DL
98178,2020-03-31,2021-03-31,2022-02-28,dlinear,27208.944908530033,32326.226337922893,DL
98178,2020-04-30,2021-04-30,2022-03-31,itransformer,24885.78038509707,32334.282120525648,DL
98178,2020-05-31,2021-05-31,2022-04-30,stgcn,20963.65113016611,26013.603538851898,spatial_temporal
98178,2020-06-30,2021-06-30,2022-05-31,timemixer,26199.03025237184,32775.88614614421,DL
98178,2020-07-31,2021-07-31,2022-06-30,itransformer,24414.553518349683,39257.93877871491,DL
98178,2020-08-31,2021-08-31,2022-07-31,itransformer,22340.293898016622,33419.824708929875,DL
98178,2020-09-30,2021-09-30,2022-08-31,graph_wavenet,27122.35912877228,35320.90007913977,spatial_temporal
98178,2020-10-31,2021-10-31,2022-09-30,graph_wavenet,26877.686881798076,37025.73207299573,spatial_temporal
98178,2020-11-30,2021-11-30,2022-10-31,itransformer,21921.47176006353,30436.293437934495,DL
98178,2020-12-31,2021-12-31,2022-11-30,itransformer,23479.993872712716,32419.66077916227,DL
98178,2021-01-31,2022-01-31,2022-12-31,itransformer,26842.304334661265,32510.777481947,DL
98178,2021-02-28,2022-02-28,2023-01-31,itransformer,28317.172501584962,35618.12912660936,DL
98178,2021-03-31,2022-03-31,2023-02-28,d2stgnn,26496.68652767203,31667.797401429914,spatial_temporal
98178,2021-04-30,2022-04-30,2023-03-31,dcrnn,21681.4361320403,26848.928260293313,spatial_temporal
98178,2021-05-31,2022-05-31,2023-04-30,dcrnn,15571.679126755227,17602.330193643713,spatial_temporal
98178,2021-06-30,2022-06-30,2023-05-31,patchtst,20195.194296463673,27362.510043187838,DL
98178,2021-07-31,2022-07-31,2023-06-30,timesfm_zero,15540.855772743758,18193.98150925147,foundation
98178,2021-08-31,2022-08-31,2023-07-31,chronos2_zero,15776.529781075262,18386.70511185973,foundation
98178,2021-09-30,2022-09-30,2023-08-31,chronos2_zero,18582.158132233977,22147.286559385735,foundation
98178,2021-10-31,2022-10-31,2023-09-30,itransformer,16546.618480178946,19019.746813131536,DL
98178,2021-11-30,2022-11-30,2023-10-31,itransformer,16745.025164792703,18121.829404044325,DL
98178,2021-12-31,2022-12-31,2023-11-30,graph_wavenet,13929.00414659467,17144.725352932608,spatial_temporal
98178,2022-12-31,2023-12-31,2024-11-30,stgcn,31293.051687250496,37882.80593920735,spatial_temporal
98178,2023-01-31,2024-01-31,2024-12-31,timemixer,25453.366345374245,34647.11743441526,DL
98178,2024-01-31,2025-01-31,2025-12-31,timesfm_zero,26484.65021598538,34349.11350649734,foundation
98178,2024-02-29,2025-02-28,2026-01-31,timemixer,25987.20122217611,32313.159884811354,DL
98178,2024-03-31,2025-03-31,2026-02-28,stgcn,21269.59077587744,26321.99999297776,spatial_temporal
98178,2024-04-30,2025-04-30,2026-03-31,stgcn,19290.888066313415,24999.650362517845,spatial_temporal
98178,2024-05-31,2025-05-31,2026-04-30,stgcn,18853.89584142186,23165.84662742435,spatial_temporal
98178,2024-06-30,2025-06-30,2026-05-31,timesfm_zero,18751.65142597072,24302.33185685017,foundation
98178,2024-07-31,2025-07-31,2026-06-30,graph_wavenet,19052.798285248766,24750.93938111657,spatial_temporal
98178,2024-08-31,2025-08-31,2026-07-31,timesfm_zero,18953.0030311802,23970.777467090065,foundation
98188,2016-03-31,2017-03-31,2018-02-28,graph_wavenet,14153.245150129587,18397.672764866275,spatial_temporal
98188,2016-04-30,2017-04-30,2018-03-31,stgcn,20009.9382679254,24047.23461060891,spatial_temporal
98188,2016-05-31,2017-05-31,2018-04-30,stgcn,15274.454590549969,20571.564692226722,spatial_temporal
98188,2016-06-30,2017-06-30,2018-05-31,stgcn,14980.347036253976,19018.651625282397,spatial_temporal
98188,2016-07-31,2017-07-31,2018-06-30,dlinear,15226.827237769452,19728.827963325457,DL
98188,2016-08-31,2017-08-31,2018-07-31,d2stgnn,20910.67876549408,23983.52676008794,spatial_temporal
98188,2016-09-30,2017-09-30,2018-08-31,dlinear,15990.062601587037,21387.893399205568,DL
98188,2016-10-31,2017-10-31,2018-09-30,d2stgnn,13877.568025713825,17822.25760914975,spatial_temporal
98188,2016-11-30,2017-11-30,2018-10-31,d2stgnn,16667.131656569876,20108.164139493176,spatial_temporal
98188,2016-12-31,2017-12-31,2018-11-30,dlinear,12576.343849881261,16475.288102469684,DL
98188,2017-01-31,2018-01-31,2018-12-31,d2stgnn,11813.439305618964,14189.63866288161,spatial_temporal
98188,2017-02-28,2018-02-28,2019-01-31,timemixer,7312.934322683514,10236.312110261662,DL
98188,2017-03-31,2018-03-31,2019-02-28,dcrnn,8516.224535920346,9941.410992774898,spatial_temporal
98188,2017-04-30,2018-04-30,2019-03-31,dcrnn,5190.944703680264,6720.11355006291,spatial_temporal
98188,2017-05-31,2018-05-31,2019-04-30,dcrnn,4542.25023713251,5232.445297237883,spatial_temporal
98188,2017-06-30,2018-06-30,2019-05-31,dcrnn,4715.298689720905,6219.688270916936,spatial_temporal
98188,2017-07-31,2018-07-31,2019-06-30,patchtst,5568.696950649653,7223.74210288414,DL
98188,2017-08-31,2018-08-31,2019-07-31,timemixer,9335.611660147746,10590.91856605387,DL
98188,2017-09-30,2018-09-30,2019-08-31,timemixer,9750.01278722503,11927.668985495788,DL
98188,2017-10-31,2018-10-31,2019-09-30,patchtst,8837.672692762664,13162.526704941853,DL
98188,2017-11-30,2018-11-30,2019-10-31,patchtst,7054.647639512191,10766.85991306048,DL
98188,2017-12-31,2018-12-31,2019-11-30,patchtst,6859.555280900594,8614.684016942567,DL
98188,2018-01-31,2019-01-31,2019-12-31,timemixer,6764.470474238605,7656.115148344341,DL
98188,2018-02-28,2019-02-28,2020-01-31,timemixer,7063.280879087896,9396.366259552322,DL
98188,2018-03-31,2019-03-31,2020-02-29,itransformer,6934.042276040937,8450.138775906482,DL
98188,2018-04-30,2019-04-30,2020-03-31,itransformer,11687.374842058087,18630.675677993768,DL
98188,2018-05-31,2019-05-31,2020-04-30,d2stgnn,13384.965638748929,18929.978015885186,spatial_temporal
98188,2018-06-30,2019-06-30,2020-05-31,d2stgnn,12858.966732813069,19356.32252374738,spatial_temporal
98188,2018-07-31,2019-07-31,2020-06-30,d2stgnn,14901.772191788948,21391.127394368294,spatial_temporal
98188,2018-08-31,2019-08-31,2020-07-31,timemixer,14995.196778090545,19432.55510357787,DL
98188,2018-09-30,2019-09-30,2020-08-31,timemixer,13902.80398613117,18193.18898263692,DL
98188,2018-10-31,2019-10-31,2020-09-30,d2stgnn,13206.877968388586,16744.6882294244,spatial_temporal
98188,2018-11-30,2019-11-30,2020-10-31,dlinear,16072.151470726021,20515.17091166201,DL
98188,2018-12-31,2019-12-31,2020-11-30,patchtst,19330.070374734398,21654.525328303887,DL
98188,2019-01-31,2020-01-31,2020-12-31,patchtst,17367.50259949632,20975.975094389265,DL
98188,2019-02-28,2020-02-29,2021-01-31,patchtst,16390.26127498464,18892.60049057338,DL
98188,2019-03-31,2020-03-31,2021-02-28,patchtst,20450.516542920883,22509.291577356864,DL
98188,2019-04-30,2020-04-30,2021-03-31,dlinear,16382.830923209529,20985.641948008946,DL
98188,2019-05-31,2020-05-31,2021-04-30,d2stgnn,13759.469421897918,16875.4990184029,spatial_temporal
98188,2019-06-30,2020-06-30,2021-05-31,graph_wavenet,9312.565411459354,11180.39817568647,spatial_temporal
98188,2019-07-31,2020-07-31,2021-06-30,d2stgnn,8289.890367567239,9723.895099997071,spatial_temporal
98188,2019-08-31,2020-08-31,2021-07-31,d2stgnn,12488.600868955216,15103.705900630066,spatial_temporal
98188,2019-09-30,2020-09-30,2021-08-31,stgformer,13709.255907445413,16427.608685753305,spatial_temporal
98188,2019-10-31,2020-10-31,2021-09-30,stgformer,13339.867954006166,16323.373426790553,spatial_temporal
98188,2019-11-30,2020-11-30,2021-10-31,stgformer,6880.24828863188,8682.788962953086,spatial_temporal
98188,2019-12-31,2020-12-31,2021-11-30,stgformer,14280.308251378397,16638.648952961237,spatial_temporal
98188,2020-01-31,2021-01-31,2021-12-31,stgformer,11000.074166715922,13379.07983858611,spatial_temporal
98188,2020-02-29,2021-02-28,2022-01-31,stgformer,13605.519927692381,15669.466393930454,spatial_temporal
98188,2020-03-31,2021-03-31,2022-02-28,d2stgnn,13737.922023259433,16122.5876742923,spatial_temporal
98188,2020-04-30,2021-04-30,2022-03-31,graph_wavenet,15791.268355877604,22471.106507604796,spatial_temporal
98188,2020-05-31,2021-05-31,2022-04-30,graph_wavenet,20072.473688521375,31957.264270518852,spatial_temporal
98188,2020-06-30,2021-06-30,2022-05-31,graph_wavenet,24344.481029690563,37725.497122534936,spatial_temporal
98188,2020-07-31,2021-07-31,2022-06-30,dcrnn,27784.24444931887,35938.24158765423,spatial_temporal
98188,2020-08-31,2021-08-31,2022-07-31,dcrnn,30448.077765926737,39194.940980852814,spatial_temporal
98188,2020-09-30,2021-09-30,2022-08-31,dcrnn,26362.28258045843,31749.345235160603,spatial_temporal
98188,2020-10-31,2021-10-31,2022-09-30,d2stgnn,27217.326372780062,34597.90959234202,spatial_temporal
98188,2020-11-30,2021-11-30,2022-10-31,d2stgnn,22952.06087836885,28018.319729057534,spatial_temporal
98188,2020-12-31,2021-12-31,2022-11-30,d2stgnn,20699.051844683505,24481.829058457042,spatial_temporal
98188,2021-01-31,2022-01-31,2022-12-31,d2stgnn,26136.820951339643,29527.021890273987,spatial_temporal
98188,2021-02-28,2022-02-28,2023-01-31,d2stgnn,26117.247082293383,31344.721725570602,spatial_temporal
98188,2021-03-31,2022-03-31,2023-02-28,d2stgnn,21546.934744543407,27545.643653886804,spatial_temporal
98188,2021-04-30,2022-04-30,2023-03-31,d2stgnn,23060.051558896066,32468.542320766872,spatial_temporal
98188,2021-05-31,2022-05-31,2023-04-30,d2stgnn,23492.070829033735,28366.517379657667,spatial_temporal
98188,2021-06-30,2022-06-30,2023-05-31,timesfm_zero,21709.414986866625,28889.868576546643,foundation
98188,2021-07-31,2022-07-31,2023-06-30,timemixer,20323.990431810165,28295.487897054438,DL
98188,2021-08-31,2022-08-31,2023-07-31,timemixer,22668.06440091462,32769.6520009174,DL
98188,2021-09-30,2022-09-30,2023-08-31,patchtst,16211.211750729077,20764.04724493177,DL
98188,2021-10-31,2022-10-31,2023-09-30,patchtst,14651.5047118176,19373.606539089902,DL
98188,2021-11-30,2022-11-30,2023-10-31,patchtst,18018.381391293766,21189.170013924784,DL
98188,2021-12-31,2022-12-31,2023-11-30,stgcn,21512.460141852305,33066.75618323867,spatial_temporal
98188,2022-12-31,2023-12-31,2024-11-30,chronos2_zero,17416.62213288268,24283.113065366022,foundation
98188,2023-01-31,2024-01-31,2024-12-31,itransformer,16880.50860345383,23351.60117335248,DL
98188,2024-01-31,2025-01-31,2025-12-31,dcrnn,25972.754880131262,34511.20188214501,spatial_temporal
98188,2024-02-29,2025-02-28,2026-01-31,stgformer,26632.986325282905,31839.755716506214,spatial_temporal
98188,2024-03-31,2025-03-31,2026-02-28,stgcn,28869.230050096212,34159.1724963783,spatial_temporal
98188,2024-04-30,2025-04-30,2026-03-31,stgcn,29563.71777526171,34709.54857428608,spatial_temporal
98188,2024-05-31,2025-05-31,2026-04-30,stgformer,29897.417181283166,40238.494022931816,spatial_temporal
98188,2024-06-30,2025-06-30,2026-05-31,dlinear,31632.067991631444,43262.73017788616,DL
98188,2024-07-31,2025-07-31,2026-06-30,dlinear,36177.741687523616,48412.39687407171,DL
98188,2024-08-31,2025-08-31,2026-07-31,patchtst,33594.609220552586,45529.07029539958,DL
98198,2016-03-31,2017-03-31,2018-02-28,dlinear,18261.128297891337,22122.011076003415,DL
98198,2016-04-30,2017-04-30,2018-03-31,d2stgnn,17538.819941613707,21145.384912377216,spatial_temporal
98198,2016-05-31,2017-05-31,2018-04-30,d2stgnn,16477.214780705708,19223.550873637596,spatial_temporal
98198,2016-06-30,2017-06-30,2018-05-31,d2stgnn,12036.926734781286,15040.716291806975,spatial_temporal
98198,2016-07-31,2017-07-31,2018-06-30,itransformer,8596.683403968345,11409.116018177048,DL
98198,2016-08-31,2017-08-31,2018-07-31,d2stgnn,7570.270585898771,9663.562956328993,spatial_temporal
98198,2016-09-30,2017-09-30,2018-08-31,d2stgnn,9344.359599069372,11826.830227480026,spatial_temporal
98198,2016-10-31,2017-10-31,2018-09-30,dlinear,12918.662887172124,14295.1512530319,DL
98198,2016-11-30,2017-11-30,2018-10-31,dlinear,9528.53652586296,12674.626420030214,DL
98198,2016-12-31,2017-12-31,2018-11-30,dlinear,13779.566262573391,15811.103601855388,DL
98198,2017-01-31,2018-01-31,2018-12-31,dcrnn,15082.52644643025,18828.2020294311,spatial_temporal
98198,2017-02-28,2018-02-28,2019-01-31,d2stgnn,11966.731818870685,14383.678872062595,spatial_temporal
98198,2017-03-31,2018-03-31,2019-02-28,d2stgnn,11936.173117746846,14928.177353679172,spatial_temporal
98198,2017-04-30,2018-04-30,2019-03-31,dcrnn,12126.179010050406,16407.429034760116,spatial_temporal
98198,2017-05-31,2018-05-31,2019-04-30,graph_wavenet,12105.701002438005,16098.070135103182,spatial_temporal
98198,2017-06-30,2018-06-30,2019-05-31,patchtst,11617.027601735395,16472.459735649147,DL
98198,2017-07-31,2018-07-31,2019-06-30,dcrnn,14306.961598122323,19422.536207984675,spatial_temporal
98198,2017-08-31,2018-08-31,2019-07-31,timemixer,13890.229525519879,18390.088455174562,DL
98198,2017-09-30,2018-09-30,2019-08-31,itransformer,9758.96160897194,12395.848133070182,DL
98198,2017-10-31,2018-10-31,2019-09-30,graph_wavenet,9220.4584805594,12049.714137329995,spatial_temporal
98198,2017-11-30,2018-11-30,2019-10-31,patchtst,7977.651244806048,9415.78096214461,DL
98198,2017-12-31,2018-12-31,2019-11-30,patchtst,5848.49528249374,7442.436283056231,DL
98198,2018-01-31,2019-01-31,2019-12-31,patchtst,7482.172493277438,8976.891607667907,DL
98198,2018-02-28,2019-02-28,2020-01-31,d2stgnn,8040.099588039923,9997.24520045074,spatial_temporal
98198,2018-03-31,2019-03-31,2020-02-29,d2stgnn,8684.469967728734,10309.881054925761,spatial_temporal
98198,2018-04-30,2019-04-30,2020-03-31,d2stgnn,10789.098058474445,13850.101107561355,spatial_temporal
98198,2018-05-31,2019-05-31,2020-04-30,d2stgnn,10455.271054672397,12795.609822126931,spatial_temporal
98198,2018-06-30,2019-06-30,2020-05-31,patchtst,11410.653087768873,14977.431557276925,DL
98198,2018-07-31,2019-07-31,2020-06-30,dcrnn,10464.03930064204,13829.494233886096,spatial_temporal
98198,2018-08-31,2019-08-31,2020-07-31,dcrnn,11008.530049346067,13960.590823430211,spatial_temporal
98198,2018-09-30,2019-09-30,2020-08-31,graph_wavenet,9512.854205925143,12756.758531711786,spatial_temporal
98198,2018-10-31,2019-10-31,2020-09-30,dcrnn,12502.639437760523,15175.350960662965,spatial_temporal
98198,2018-11-30,2019-11-30,2020-10-31,d2stgnn,12136.849140814005,15059.687295623316,spatial_temporal
98198,2018-12-31,2019-12-31,2020-11-30,d2stgnn,12524.526782233419,15335.956978660359,spatial_temporal
98198,2019-01-31,2020-01-31,2020-12-31,graph_wavenet,8555.99330400106,11513.709230178298,spatial_temporal
98198,2019-02-28,2020-02-29,2021-01-31,graph_wavenet,8046.025764573486,12052.989323606043,spatial_temporal
98198,2019-03-31,2020-03-31,2021-02-28,graph_wavenet,12162.190987219079,17652.1164944321,spatial_temporal
98198,2019-04-30,2020-04-30,2021-03-31,patchtst,15708.204509806703,21843.70109210049,DL
98198,2019-05-31,2020-05-31,2021-04-30,d2stgnn,16426.774571475005,19719.282794341565,spatial_temporal
98198,2019-06-30,2020-06-30,2021-05-31,d2stgnn,20893.07128061635,27191.518381908347,spatial_temporal
98198,2019-07-31,2020-07-31,2021-06-30,d2stgnn,24485.492924529724,31412.244466623448,spatial_temporal
98198,2019-08-31,2020-08-31,2021-07-31,d2stgnn,24313.49914652063,31692.671245211575,spatial_temporal
98198,2019-09-30,2020-09-30,2021-08-31,d2stgnn,20012.51407373895,25768.42630661226,spatial_temporal
98198,2019-10-31,2020-10-31,2021-09-30,d2stgnn,21711.426715182006,28707.54333862778,spatial_temporal
98198,2019-11-30,2020-11-30,2021-10-31,patchtst,22302.02529434211,27320.730421076154,DL
98198,2019-12-31,2020-12-31,2021-11-30,d2stgnn,20939.934892830803,23890.913457978037,spatial_temporal
98198,2020-01-31,2021-01-31,2021-12-31,d2stgnn,17766.127151210225,21634.369677326737,spatial_temporal
98198,2020-02-29,2021-02-28,2022-01-31,d2stgnn,20574.477525149803,24040.692010497918,spatial_temporal
98198,2020-03-31,2021-03-31,2022-02-28,timemixer,14663.557629704484,16750.719572555456,DL
98198,2020-04-30,2021-04-30,2022-03-31,timemixer,12669.897378080283,15416.465753622386,DL
98198,2020-05-31,2021-05-31,2022-04-30,timemixer,12125.260265893041,13711.899969520427,DL
98198,2020-06-30,2021-06-30,2022-05-31,stgformer,10113.69656146992,12865.111098764213,spatial_temporal
98198,2020-07-31,2021-07-31,2022-06-30,stgformer,12959.151609568062,19515.852430736966,spatial_temporal
98198,2020-08-31,2021-08-31,2022-07-31,d2stgnn,17878.553842968773,20599.39519361988,spatial_temporal
98198,2020-09-30,2021-09-30,2022-08-31,d2stgnn,13394.591224442207,16598.865449968755,spatial_temporal
98198,2020-10-31,2021-10-31,2022-09-30,dcrnn,11258.262385934097,14777.267782794135,spatial_temporal
98198,2020-11-30,2021-11-30,2022-10-31,dcrnn,13540.28174669443,17587.71476758074,spatial_temporal
98198,2020-12-31,2021-12-31,2022-11-30,timemixer,15956.234605872014,21378.554368372996,DL
98198,2021-01-31,2022-01-31,2022-12-31,d2stgnn,15448.206709397762,20578.97665098489,spatial_temporal
98198,2021-02-28,2022-02-28,2023-01-31,d2stgnn,16820.30512491992,22281.204913530095,spatial_temporal
98198,2021-03-31,2022-03-31,2023-02-28,patchtst,26037.95905615253,32510.285357019406,DL
98198,2021-04-30,2022-04-30,2023-03-31,d2stgnn,18415.520528424324,21970.070711422686,spatial_temporal
98198,2021-05-31,2022-05-31,2023-04-30,d2stgnn,19438.181476979775,24083.0485836716,spatial_temporal
98198,2021-06-30,2022-06-30,2023-05-31,stgformer,21585.538897236987,30382.582535853726,spatial_temporal
98198,2021-07-31,2022-07-31,2023-06-30,stgformer,19428.000814500076,25160.105372053873,spatial_temporal
98198,2021-08-31,2022-08-31,2023-07-31,stgformer,20758.070013656015,26750.07103844971,spatial_temporal
98198,2021-09-30,2022-09-30,2023-08-31,graph_wavenet,23489.787898158716,33354.37835070351,spatial_temporal
98198,2021-10-31,2022-10-31,2023-09-30,stgformer,21005.610115116866,27557.619189587327,spatial_temporal
98198,2021-11-30,2022-11-30,2023-10-31,stgcn,23323.064801842407,28768.770770441544,spatial_temporal
98198,2021-12-31,2022-12-31,2023-11-30,timesfm_zero,20861.480103437727,29380.240083615958,foundation
98198,2022-12-31,2023-12-31,2024-11-30,itransformer,14536.076820764545,16594.61508646188,DL
98198,2023-01-31,2024-01-31,2024-12-31,dcrnn,17432.73284873184,20401.21193895712,spatial_temporal
98198,2024-01-31,2025-01-31,2025-12-31,itransformer,13616.168238104874,18869.537139616237,DL
98198,2024-02-29,2025-02-28,2026-01-31,dcrnn,13725.431435233642,18448.396062864667,spatial_temporal
98198,2024-03-31,2025-03-31,2026-02-28,itransformer,13432.338560912214,19040.774042638004,DL
98198,2024-04-30,2025-04-30,2026-03-31,itransformer,14378.534177368982,19010.322250757872,DL
98198,2024-05-31,2025-05-31,2026-04-30,itransformer,19093.07256890529,23516.18943623151,DL
98198,2024-06-30,2025-06-30,2026-05-31,itransformer,19702.461055113887,24135.979340377122,DL
98198,2024-07-31,2025-07-31,2026-06-30,chronos2_zero,17845.4070915044,22837.39411855837,foundation
98198,2024-08-31,2025-08-31,2026-07-31,timesfm_zero,15155.810257397136,21091.19821436401,foundation
98199,2016-03-31,2017-03-31,2018-02-28,patchtst,31422.575907226517,38380.91412037562,DL
98199,2016-04-30,2017-04-30,2018-03-31,graph_wavenet,43951.13242407423,65479.62346846937,spatial_temporal
98199,2016-05-31,2017-05-31,2018-04-30,dcrnn,43720.58770124437,71636.13505669711,spatial_temporal
98199,2016-06-30,2017-06-30,2018-05-31,dcrnn,50735.18556530974,83085.74346438405,spatial_temporal
98199,2016-07-31,2017-07-31,2018-06-30,dcrnn,51351.91525520024,76386.90937699999,spatial_temporal
98199,2016-08-31,2017-08-31,2018-07-31,dcrnn,48993.038510397535,74293.62787431065,spatial_temporal
98199,2016-09-30,2017-09-30,2018-08-31,itransformer,44584.81171200782,63209.10501149946,DL
98199,2016-10-31,2017-10-31,2018-09-30,itransformer,44848.295132560954,57075.56718199506,DL
98199,2016-11-30,2017-11-30,2018-10-31,timemixer,57146.70259926608,76856.97759618665,DL
98199,2016-12-31,2017-12-31,2018-11-30,dcrnn,51844.076082389045,82015.91713456027,spatial_temporal
98199,2017-01-31,2018-01-31,2018-12-31,itransformer,41232.88410709642,57990.74164986356,DL
98199,2017-02-28,2018-02-28,2019-01-31,dlinear,54027.33464979369,72728.21328361573,DL
98199,2017-03-31,2018-03-31,2019-02-28,d2stgnn,38907.941245539136,46851.05892683978,spatial_temporal
98199,2017-04-30,2018-04-30,2019-03-31,chronos2_zero,28537.957513338577,43715.07254819741,foundation
98199,2017-05-31,2018-05-31,2019-04-30,dcrnn,33718.313428322166,47367.10563794562,spatial_temporal
98199,2017-06-30,2018-06-30,2019-05-31,stgformer,27081.357831557212,30558.218126310163,spatial_temporal
98199,2017-07-31,2018-07-31,2019-06-30,patchtst,26067.545229632145,38933.892347899004,DL
98199,2017-08-31,2018-08-31,2019-07-31,stgformer,29622.126196174348,38050.4995945572,spatial_temporal
98199,2017-09-30,2018-09-30,2019-08-31,timesfm_zero,28736.15567777066,34758.31068590459,foundation
98199,2017-10-31,2018-10-31,2019-09-30,timesfm_zero,33457.68296016753,38612.13625143905,foundation
98199,2017-11-30,2018-11-30,2019-10-31,timesfm_zero,31308.437868541572,37975.00222031478,foundation
98199,2017-12-31,2018-12-31,2019-11-30,timesfm_zero,35992.660522561484,45175.54740927793,foundation
98199,2018-01-31,2019-01-31,2019-12-31,timesfm_zero,35538.17530530145,43449.31351796048,foundation
98199,2018-02-28,2019-02-28,2020-01-31,timesfm_zero,33272.285585147096,41185.965046109195,foundation
98199,2018-03-31,2019-03-31,2020-02-29,timemixer,31839.812870659913,40242.727425013654,DL
98199,2018-04-30,2019-04-30,2020-03-31,timemixer,35602.596450764504,50114.438817081,DL
98199,2018-05-31,2019-05-31,2020-04-30,timemixer,35190.31845868562,45228.16721720368,DL
98199,2018-06-30,2019-06-30,2020-05-31,timemixer,34355.507595088995,38090.08889713229,DL
98199,2018-07-31,2019-07-31,2020-06-30,graph_wavenet,30661.14071465207,38770.60899168616,spatial_temporal
98199,2018-08-31,2019-08-31,2020-07-31,d2stgnn,30272.43749249415,44724.99349125291,spatial_temporal
98199,2018-09-30,2019-09-30,2020-08-31,stgformer,29798.233093824518,36530.11994291633,spatial_temporal
98199,2018-10-31,2019-10-31,2020-09-30,d2stgnn,26368.750689314038,34412.25004678405,spatial_temporal
98199,2018-11-30,2019-11-30,2020-10-31,d2stgnn,30245.415851420275,37470.49741802492,spatial_temporal
98199,2018-12-31,2019-12-31,2020-11-30,d2stgnn,22978.78951740944,30838.37847547343,spatial_temporal
98199,2019-01-31,2020-01-31,2020-12-31,d2stgnn,24060.597624928847,26550.583733282197,spatial_temporal
98199,2019-02-28,2020-02-29,2021-01-31,d2stgnn,21088.06944540568,29429.65309543913,spatial_temporal
98199,2019-03-31,2020-03-31,2021-02-28,d2stgnn,23643.982589730876,33071.70647383253,spatial_temporal
98199,2019-04-30,2020-04-30,2021-03-31,d2stgnn,31656.657538635092,37187.99113214032,spatial_temporal
98199,2019-05-31,2020-05-31,2021-04-30,d2stgnn,25994.160947988934,31513.171848184462,spatial_temporal
98199,2019-06-30,2020-06-30,2021-05-31,d2stgnn,28701.182239708123,34599.95753557886,spatial_temporal
98199,2019-07-31,2020-07-31,2021-06-30,d2stgnn,40099.56953137789,49832.93648349063,spatial_temporal
98199,2019-08-31,2020-08-31,2021-07-31,timemixer,40264.346321125304,47772.1624020533,DL
98199,2019-09-30,2020-09-30,2021-08-31,d2stgnn,34969.694242031816,45310.03414800009,spatial_temporal
98199,2019-10-31,2020-10-31,2021-09-30,d2stgnn,32444.571951542068,40786.40040893777,spatial_temporal
98199,2019-11-30,2020-11-30,2021-10-31,d2stgnn,38613.48901565534,50074.07096805943,spatial_temporal
98199,2019-12-31,2020-12-31,2021-11-30,d2stgnn,47278.27218061761,58994.25904873806,spatial_temporal
98199,2020-01-31,2021-01-31,2021-12-31,stgformer,49766.06529049657,64642.98589279167,spatial_temporal
98199,2020-02-29,2021-02-28,2022-01-31,timemixer,60733.16163682466,71154.77738300475,DL
98199,2020-03-31,2021-03-31,2022-02-28,timemixer,65121.29438578023,79640.33513844245,DL
98199,2020-04-30,2021-04-30,2022-03-31,timemixer,83059.98348114638,102352.3051864784,DL
98199,2020-05-31,2021-05-31,2022-04-30,chronos2_zero,64564.35104913416,123201.48365885156,foundation
98199,2020-06-30,2021-06-30,2022-05-31,itransformer,69230.85666510715,88482.22595603278,DL
98199,2020-07-31,2021-07-31,2022-06-30,dlinear,80286.13060073981,98050.51312995555,DL
98199,2020-08-31,2021-08-31,2022-07-31,dlinear,70049.11726765045,98351.38578878542,DL
98199,2020-09-30,2021-09-30,2022-08-31,itransformer,64019.74172461394,94122.36028737115,DL
98199,2020-10-31,2021-10-31,2022-09-30,itransformer,65489.721771523145,92048.03598957497,DL
98199,2020-11-30,2021-11-30,2022-10-31,itransformer,69978.42813289586,90049.01523713024,DL
98199,2020-12-31,2021-12-31,2022-11-30,dlinear,75342.6256894992,105906.72012638889,DL
98199,2021-01-31,2022-01-31,2022-12-31,dlinear,84194.20783550349,103732.33724786899,DL
98199,2021-02-28,2022-02-28,2023-01-31,dcrnn,68174.3785289155,104091.52331723215,spatial_temporal
98199,2021-03-31,2022-03-31,2023-02-28,dcrnn,54528.557915743964,69164.14299244476,spatial_temporal
98199,2021-04-30,2022-04-30,2023-03-31,dcrnn,59128.58059994903,80803.12714402337,spatial_temporal
98199,2021-05-31,2022-05-31,2023-04-30,dcrnn,66148.11108028097,80499.28054899572,spatial_temporal
98199,2021-06-30,2022-06-30,2023-05-31,dcrnn,70281.20551568182,91904.55354770621,spatial_temporal
98199,2021-07-31,2022-07-31,2023-06-30,dcrnn,70171.05359821137,88232.45595227688,spatial_temporal
98199,2021-08-31,2022-08-31,2023-07-31,dcrnn,74095.49596039644,93602.89607910784,spatial_temporal
98199,2021-09-30,2022-09-30,2023-08-31,patchtst,66772.01919311169,81170.69806934525,DL
98199,2021-10-31,2022-10-31,2023-09-30,patchtst,53186.58850595256,69320.31510473165,DL
98199,2021-11-30,2022-11-30,2023-10-31,patchtst,67577.4138876433,82747.65135051725,DL
98199,2021-12-31,2022-12-31,2023-11-30,timemixer,78875.03438125743,94131.72361290251,DL
98199,2022-12-31,2023-12-31,2024-11-30,timemixer,63094.00696073271,77598.62355769616,DL
98199,2023-01-31,2024-01-31,2024-12-31,stgformer,59937.50778079611,71656.34852071198,spatial_temporal
98199,2024-01-31,2025-01-31,2025-12-31,dlinear,94285.36426394807,113468.01173621192,DL
98199,2024-02-29,2025-02-28,2026-01-31,timemixer,76383.2537534599,87114.68201564737,DL
98199,2024-03-31,2025-03-31,2026-02-28,chronos2_zero,77883.29192118521,91911.28960138708,foundation
98199,2024-04-30,2025-04-30,2026-03-31,timesfm_zero,81035.99149174713,97193.07233130801,foundation
98199,2024-05-31,2025-05-31,2026-04-30,itransformer,85102.2985438874,102332.533333199,DL
98199,2024-06-30,2025-06-30,2026-05-31,timesfm_zero,82239.31198905561,100167.45629260314,foundation
98199,2024-07-31,2025-07-31,2026-06-30,timemixer,85866.79014008878,107081.65987050856,DL
98199,2024-08-31,2025-08-31,2026-07-31,timemixer,95017.55132811218,126280.88218773052,DL
98201,2016-03-31,2017-03-31,2018-02-28,stgformer,11598.7568022291,15293.93899196877,spatial_temporal
98201,2016-04-30,2017-04-30,2018-03-31,dcrnn,10722.857793880496,14426.10528172134,spatial_temporal
98201,2016-05-31,2017-05-31,2018-04-30,dcrnn,8071.117503867475,11842.098168121294,spatial_temporal
98201,2016-06-30,2017-06-30,2018-05-31,stgformer,7825.526119731013,10444.017544140945,spatial_temporal
98201,2016-07-31,2017-07-31,2018-06-30,dlinear,8206.664817916399,11184.048362617252,DL
98201,2016-08-31,2017-08-31,2018-07-31,d2stgnn,6818.380139959579,9588.69971662239,spatial_temporal
98201,2016-09-30,2017-09-30,2018-08-31,itransformer,7042.955946845774,8358.18890514125,DL
98201,2016-10-31,2017-10-31,2018-09-30,graph_wavenet,4491.401852130938,6285.488021856297,spatial_temporal
98201,2016-11-30,2017-11-30,2018-10-31,graph_wavenet,5555.9795715834525,6606.397403980299,spatial_temporal
98201,2016-12-31,2017-12-31,2018-11-30,d2stgnn,5976.217767106845,7445.409576516491,spatial_temporal
98201,2017-01-31,2018-01-31,2018-12-31,stgformer,6696.905236197151,8151.4619556973375,spatial_temporal
98201,2017-02-28,2018-02-28,2019-01-31,stgformer,8327.229997070404,10024.381262629304,spatial_temporal
98201,2017-03-31,2018-03-31,2019-02-28,stgformer,8048.659050768368,11233.295207141548,spatial_temporal
98201,2017-04-30,2018-04-30,2019-03-31,stgformer,8394.255089246866,11049.931149872666,spatial_temporal
98201,2017-05-31,2018-05-31,2019-04-30,stgformer,9023.99356656069,11277.237080275283,spatial_temporal
98201,2017-06-30,2018-06-30,2019-05-31,itransformer,7319.866647410934,10011.664033613695,DL
98201,2017-07-31,2018-07-31,2019-06-30,itransformer,5955.018927995397,7626.122316430973,DL
98201,2017-08-31,2018-08-31,2019-07-31,itransformer,7157.151729288899,8698.189850704892,DL
98201,2017-09-30,2018-09-30,2019-08-31,stgcn,8709.340105487243,11504.88914260545,spatial_temporal
98201,2017-10-31,2018-10-31,2019-09-30,d2stgnn,6118.874250581245,8236.950192933742,spatial_temporal
98201,2017-11-30,2018-11-30,2019-10-31,d2stgnn,4487.611544214781,6664.895414466192,spatial_temporal
98201,2017-12-31,2018-12-31,2019-11-30,d2stgnn,7052.388664955865,9167.650680269518,spatial_temporal
98201,2018-01-31,2019-01-31,2019-12-31,d2stgnn,8280.159149106878,10109.313228377448,spatial_temporal
98201,2018-02-28,2019-02-28,2020-01-31,patchtst,8202.341898520506,10117.316505702567,DL
98201,2018-03-31,2019-03-31,2020-02-29,patchtst,8619.455131900328,10822.355122229259,DL
98201,2018-04-30,2019-04-30,2020-03-31,d2stgnn,8468.52633368857,10326.869373533855,spatial_temporal
98201,2018-05-31,2019-05-31,2020-04-30,d2stgnn,8789.195486888493,10191.10432078568,spatial_temporal
98201,2018-06-30,2019-06-30,2020-05-31,stgformer,9621.119100537539,12670.826754438473,spatial_temporal
98201,2018-07-31,2019-07-31,2020-06-30,stgformer,10261.666099502583,12035.132343788362,spatial_temporal
98201,2018-08-31,2019-08-31,2020-07-31,stgformer,8015.408153457868,10091.427062092993,spatial_temporal
98201,2018-09-30,2019-09-30,2020-08-31,stgformer,6805.400323021124,8657.956073279078,spatial_temporal
98201,2018-10-31,2019-10-31,2020-09-30,stgformer,9993.948869569518,11551.90684978592,spatial_temporal
98201,2018-11-30,2019-11-30,2020-10-31,stgformer,10377.777046039764,11984.849735450598,spatial_temporal
98201,2018-12-31,2019-12-31,2020-11-30,stgformer,8394.11508280797,10644.98743525371,spatial_temporal
98201,2019-01-31,2020-01-31,2020-12-31,stgformer,8771.917538904128,10243.83684278906,spatial_temporal
98201,2019-02-28,2020-02-29,2021-01-31,d2stgnn,10397.901575615653,11862.235702082642,spatial_temporal
98201,2019-03-31,2020-03-31,2021-02-28,d2stgnn,10589.634945546568,11646.605164445215,spatial_temporal
98201,2019-04-30,2020-04-30,2021-03-31,d2stgnn,7798.3908187679335,9654.726290485649,spatial_temporal
98201,2019-05-31,2020-05-31,2021-04-30,d2stgnn,8636.477266219075,10061.264754830205,spatial_temporal
98201,2019-06-30,2020-06-30,2021-05-31,d2stgnn,10507.144279463979,12781.02148654079,spatial_temporal
98201,2019-07-31,2020-07-31,2021-06-30,d2stgnn,14403.079593896537,18192.694169500686,spatial_temporal
98201,2019-08-31,2020-08-31,2021-07-31,d2stgnn,16990.424419360235,23552.476903350824,spatial_temporal
98201,2019-09-30,2020-09-30,2021-08-31,d2stgnn,16991.260992621872,24432.983649715457,spatial_temporal
98201,2019-10-31,2020-10-31,2021-09-30,stgformer,16613.964472946125,20724.499820053472,spatial_temporal
98201,2019-11-30,2020-11-30,2021-10-31,dcrnn,16370.966508768886,20005.432038855983,spatial_temporal
98201,2019-12-31,2020-12-31,2021-11-30,dcrnn,15330.495829738828,17795.923447428013,spatial_temporal
98201,2020-01-31,2021-01-31,2021-12-31,dcrnn,15021.82329965374,17967.20211449281,spatial_temporal
98201,2020-02-29,2021-02-28,2022-01-31,stgcn,15316.958030565205,20797.38262634734,spatial_temporal
98201,2020-03-31,2021-03-31,2022-02-28,stgcn,13436.908510915207,19447.820830859837,spatial_temporal
98201,2020-04-30,2021-04-30,2022-03-31,d2stgnn,11038.738649096174,14060.012661546216,spatial_temporal
98201,2020-05-31,2021-05-31,2022-04-30,d2stgnn,10800.165571608979,14244.299568448598,spatial_temporal
98201,2020-06-30,2021-06-30,2022-05-31,d2stgnn,12613.681300713468,15686.438209897802,spatial_temporal
98201,2020-07-31,2021-07-31,2022-06-30,stgformer,10507.781852062864,13567.579916646198,spatial_temporal
98201,2020-08-31,2021-08-31,2022-07-31,stgformer,9477.846746568393,12257.22274454955,spatial_temporal
98201,2020-09-30,2021-09-30,2022-08-31,d2stgnn,11946.295477163798,16864.411398629043,spatial_temporal
98201,2020-10-31,2021-10-31,2022-09-30,d2stgnn,11398.417803997256,14430.798061243466,spatial_temporal
98201,2020-11-30,2021-11-30,2022-10-31,stgformer,13487.367814710457,17447.85763396318,spatial_temporal
98201,2020-12-31,2021-12-31,2022-11-30,timemixer,11274.719589118715,14312.729900240507,DL
98201,2021-01-31,2022-01-31,2022-12-31,itransformer,9021.881568728228,10739.664166457167,DL
98201,2021-02-28,2022-02-28,2023-01-31,itransformer,8794.90659832415,12423.961766515895,DL
98201,2021-03-31,2022-03-31,2023-02-28,timemixer,11643.938180889274,14716.63986261637,DL
98201,2021-04-30,2022-04-30,2023-03-31,dcrnn,8546.04435418924,10906.571391655572,spatial_temporal
98201,2021-05-31,2022-05-31,2023-04-30,dcrnn,8278.999603793267,11534.59948297198,spatial_temporal
98201,2021-06-30,2022-06-30,2023-05-31,itransformer,10865.220103718175,14123.97382689156,DL
98201,2021-07-31,2022-07-31,2023-06-30,itransformer,8720.377183577259,12389.314904537663,DL
98201,2021-08-31,2022-08-31,2023-07-31,timesfm_zero,10886.497308091833,14263.223385228646,foundation
98201,2021-09-30,2022-09-30,2023-08-31,itransformer,10762.590017571783,12991.609441296421,DL
98201,2021-10-31,2022-10-31,2023-09-30,timesfm_zero,10257.48759415689,12936.904475333831,foundation
98201,2021-11-30,2022-11-30,2023-10-31,graph_wavenet,10056.21227012059,11725.414782993086,spatial_temporal
98201,2021-12-31,2022-12-31,2023-11-30,stgcn,10057.826601714856,14236.23196360913,spatial_temporal
98201,2022-12-31,2023-12-31,2024-11-30,itransformer,12671.252990241133,16483.10970548337,DL
98201,2023-01-31,2024-01-31,2024-12-31,itransformer,12688.708682029586,16210.618288908103,DL
98201,2024-01-31,2025-01-31,2025-12-31,itransformer,20146.480377028725,23757.558335436494,DL
98201,2024-02-29,2025-02-28,2026-01-31,itransformer,19300.468745372647,22995.68201391289,DL
98201,2024-03-31,2025-03-31,2026-02-28,timesfm_zero,20014.599519174808,25062.28455580483,foundation
98201,2024-04-30,2025-04-30,2026-03-31,timesfm_zero,22872.701714174025,26775.21904126013,foundation
98201,2024-05-31,2025-05-31,2026-04-30,timesfm_zero,20645.233647652483,25112.526374797624,foundation
98201,2024-06-30,2025-06-30,2026-05-31,timesfm_zero,20403.395322875924,24593.99598296969,foundation
98201,2024-07-31,2025-07-31,2026-06-30,timesfm_zero,23733.352217738244,26806.256595556708,foundation
98201,2024-08-31,2025-08-31,2026-07-31,timesfm_zero,24934.87485818462,28045.191355179897,foundation
98203,2016-03-31,2017-03-31,2018-02-28,dcrnn,17968.101052264527,23329.610136251496,spatial_temporal
98203,2016-04-30,2017-04-30,2018-03-31,dcrnn,19436.460718252067,24678.794360801392,spatial_temporal
98203,2016-05-31,2017-05-31,2018-04-30,itransformer,17205.813691759035,22854.204179886394,DL
98203,2016-06-30,2017-06-30,2018-05-31,itransformer,14037.405812663064,16558.370115624803,DL
98203,2016-07-31,2017-07-31,2018-06-30,dlinear,13781.732713347776,18092.082525693248,DL
98203,2016-08-31,2017-08-31,2018-07-31,stgcn,14400.013003528706,19757.854723030076,spatial_temporal
98203,2016-09-30,2017-09-30,2018-08-31,itransformer,14051.25005310303,17387.904618112367,DL
98203,2016-10-31,2017-10-31,2018-09-30,itransformer,12202.15473272434,16829.440985435467,DL
98203,2016-11-30,2017-11-30,2018-10-31,dlinear,14038.964636049213,17289.03344168234,DL
98203,2016-12-31,2017-12-31,2018-11-30,d2stgnn,11805.172550126654,16533.04252098353,spatial_temporal
98203,2017-01-31,2018-01-31,2018-12-31,d2stgnn,13120.265439494455,16954.18190503563,spatial_temporal
98203,2017-02-28,2018-02-28,2019-01-31,d2stgnn,15546.122830447357,17799.8334392738,spatial_temporal
98203,2017-03-31,2018-03-31,2019-02-28,patchtst,17308.468635934794,22374.904098813277,DL
98203,2017-04-30,2018-04-30,2019-03-31,itransformer,8931.19580345712,11700.36933906364,DL
98203,2017-05-31,2018-05-31,2019-04-30,itransformer,6518.2572351173,7053.263687056573,DL
98203,2017-06-30,2018-06-30,2019-05-31,itransformer,6577.6013226051045,7677.777507355919,DL
98203,2017-07-31,2018-07-31,2019-06-30,timesfm_zero,8371.085718522532,10984.050607643976,foundation
98203,2017-08-31,2018-08-31,2019-07-31,timemixer,7860.681159825651,11496.11348216954,DL
98203,2017-09-30,2018-09-30,2019-08-31,stgcn,8497.94949529777,10112.371792225244,spatial_temporal
98203,2017-10-31,2018-10-31,2019-09-30,itransformer,5722.666910191067,6750.962910377417,DL
98203,2017-11-30,2018-11-30,2019-10-31,itransformer,6627.333884638215,9375.637706656033,DL
98203,2017-12-31,2018-12-31,2019-11-30,patchtst,8650.520891556129,11290.860309140662,DL
98203,2018-01-31,2019-01-31,2019-12-31,d2stgnn,8551.149583746272,11008.630073950633,spatial_temporal
98203,2018-02-28,2019-02-28,2020-01-31,d2stgnn,8842.513451067833,10772.913853129096,spatial_temporal
98203,2018-03-31,2019-03-31,2020-02-29,d2stgnn,9702.720178468813,12392.468858012573,spatial_temporal
98203,2018-04-30,2019-04-30,2020-03-31,itransformer,12127.451051296788,14129.855295683805,DL
98203,2018-05-31,2019-05-31,2020-04-30,dlinear,11057.86270212011,13092.367787736945,DL
98203,2018-06-30,2019-06-30,2020-05-31,dlinear,10382.366178094017,14449.766931596281,DL
98203,2018-07-31,2019-07-31,2020-06-30,d2stgnn,10811.094295733123,14040.18874826528,spatial_temporal
98203,2018-08-31,2019-08-31,2020-07-31,d2stgnn,11995.50040191848,13990.7907875338,spatial_temporal
98203,2018-09-30,2019-09-30,2020-08-31,d2stgnn,9303.089322069742,10632.045725701226,spatial_temporal
98203,2018-10-31,2019-10-31,2020-09-30,dcrnn,11307.83854180018,14301.676156300686,spatial_temporal
98203,2018-11-30,2019-11-30,2020-10-31,dcrnn,10594.697831993568,14037.011313084238,spatial_temporal
98203,2018-12-31,2019-12-31,2020-11-30,dcrnn,10930.876341633522,13846.362825280064,spatial_temporal
98203,2019-01-31,2020-01-31,2020-12-31,dcrnn,10625.83423987045,13291.551410441467,spatial_temporal
98203,2019-02-28,2020-02-29,2021-01-31,dcrnn,10160.151207679583,13636.217384803265,spatial_temporal
98203,2019-03-31,2020-03-31,2021-02-28,dcrnn,10072.61932707997,13091.404812847784,spatial_temporal
98203,2019-04-30,2020-04-30,2021-03-31,dlinear,7946.130487593298,9873.143374041367,DL
98203,2019-05-31,2020-05-31,2021-04-30,dcrnn,14217.070421793062,18695.89875175559,spatial_temporal
98203,2019-06-30,2020-06-30,2021-05-31,d2stgnn,14437.600186463367,17236.817367010586,spatial_temporal
98203,2019-07-31,2020-07-31,2021-06-30,stgformer,15066.014981294255,19290.652471178957,spatial_temporal
98203,2019-08-31,2020-08-31,2021-07-31,stgformer,16018.377620531397,19737.21517960403,spatial_temporal
98203,2019-09-30,2020-09-30,2021-08-31,d2stgnn,16377.591501241215,18422.08094141497,spatial_temporal
98203,2019-10-31,2020-10-31,2021-09-30,stgformer,17443.575123680024,19378.066774935072,spatial_temporal
98203,2019-11-30,2020-11-30,2021-10-31,d2stgnn,15861.522706979202,18654.476220059485,spatial_temporal
98203,2019-12-31,2020-12-31,2021-11-30,d2stgnn,17594.54500587225,20081.595260334572,spatial_temporal
98203,2020-01-31,2021-01-31,2021-12-31,d2stgnn,14981.67848600209,16405.373655520016,spatial_temporal
98203,2020-02-29,2021-02-28,2022-01-31,d2stgnn,13114.132440267926,14730.673961196078,spatial_temporal
98203,2020-03-31,2021-03-31,2022-02-28,d2stgnn,12930.18471791941,15062.976125806992,spatial_temporal
98203,2020-04-30,2021-04-30,2022-03-31,stgformer,12872.755750854267,15159.305880339463,spatial_temporal
98203,2020-05-31,2021-05-31,2022-04-30,stgformer,16299.426304247647,20400.987374817512,spatial_temporal
98203,2020-06-30,2021-06-30,2022-05-31,stgformer,22140.252881300596,25789.864390830935,spatial_temporal
98203,2020-07-31,2021-07-31,2022-06-30,itransformer,14425.832385857977,21532.29932713249,DL
98203,2020-08-31,2021-08-31,2022-07-31,timemixer,16951.247723162163,19988.840730648484,DL
98203,2020-09-30,2021-09-30,2022-08-31,timemixer,19004.880399570335,24698.536117478365,DL
98203,2020-10-31,2021-10-31,2022-09-30,d2stgnn,18451.899841284438,25844.72345223907,spatial_temporal
98203,2020-11-30,2021-11-30,2022-10-31,d2stgnn,17189.24800684555,23554.923240823595,spatial_temporal
98203,2020-12-31,2021-12-31,2022-11-30,d2stgnn,12140.027414733273,14856.761736554265,spatial_temporal
98203,2021-01-31,2022-01-31,2022-12-31,d2stgnn,11473.868950841608,15379.017792392495,spatial_temporal
98203,2021-02-28,2022-02-28,2023-01-31,d2stgnn,14577.346614780845,16682.2454130308,spatial_temporal
98203,2021-03-31,2022-03-31,2023-02-28,d2stgnn,11506.124691347446,14792.35372557007,spatial_temporal
98203,2021-04-30,2022-04-30,2023-03-31,d2stgnn,12680.60342777863,14597.795954397407,spatial_temporal
98203,2021-05-31,2022-05-31,2023-04-30,d2stgnn,12557.200990702588,14305.98320610082,spatial_temporal
98203,2021-06-30,2022-06-30,2023-05-31,d2stgnn,18579.41264212533,21105.227542761873,spatial_temporal
98203,2021-07-31,2022-07-31,2023-06-30,d2stgnn,17751.36812129438,20029.753029961696,spatial_temporal
98203,2021-08-31,2022-08-31,2023-07-31,d2stgnn,17678.666373434902,20440.13848699554,spatial_temporal
98203,2021-09-30,2022-09-30,2023-08-31,d2stgnn,15449.290322683772,18544.42468932305,spatial_temporal
98203,2021-10-31,2022-10-31,2023-09-30,d2stgnn,15598.123706282233,17784.260357247662,spatial_temporal
98203,2021-11-30,2022-11-30,2023-10-31,graph_wavenet,14987.780314822283,17817.69384324277,spatial_temporal
98203,2021-12-31,2022-12-31,2023-11-30,dcrnn,18657.003519679758,24082.86403456238,spatial_temporal
98203,2022-12-31,2023-12-31,2024-11-30,d2stgnn,15626.4732059648,17300.97629005647,spatial_temporal
98203,2023-01-31,2024-01-31,2024-12-31,d2stgnn,14134.37768451009,16822.138598292746,spatial_temporal
98203,2024-01-31,2025-01-31,2025-12-31,timemixer,22316.854455364384,25318.446242178466,DL
98203,2024-02-29,2025-02-28,2026-01-31,timesfm_zero,18877.908103583275,24585.192310166873,foundation
98203,2024-03-31,2025-03-31,2026-02-28,chronos2_zero,20928.511904785806,30478.52382984674,foundation
98203,2024-04-30,2025-04-30,2026-03-31,chronos2_zero,18985.08762744915,22652.627779328006,foundation
98203,2024-05-31,2025-05-31,2026-04-30,chronos2_zero,15645.793900397994,22377.42664044777,foundation
98203,2024-06-30,2025-06-30,2026-05-31,chronos2_zero,16333.832510760927,21312.853702727894,foundation
98203,2024-07-31,2025-07-31,2026-06-30,timesfm_zero,16430.92845302507,22655.572163698966,foundation
98203,2024-08-31,2025-08-31,2026-07-31,timesfm_zero,18459.313128859474,24257.988795995992,foundation
98204,2016-03-31,2017-03-31,2018-02-28,dlinear,12271.375014444386,14134.110157956839,DL
98204,2016-04-30,2017-04-30,2018-03-31,dlinear,14781.14969248503,19731.55278988172,DL
98204,2016-05-31,2017-05-31,2018-04-30,dlinear,19791.28513406884,26118.997214980205,DL
98204,2016-06-30,2017-06-30,2018-05-31,graph_wavenet,24130.393807843157,31403.573733804427,spatial_temporal
98204,2016-07-31,2017-07-31,2018-06-30,dlinear,16973.552074462434,24414.9323479638,DL
98204,2016-08-31,2017-08-31,2018-07-31,dlinear,14727.31135232829,18343.422269700863,DL
98204,2016-09-30,2017-09-30,2018-08-31,dlinear,18422.88767381132,23183.67827565776,DL
98204,2016-10-31,2017-10-31,2018-09-30,itransformer,16605.08347958751,19926.995938095148,DL
98204,2016-11-30,2017-11-30,2018-10-31,itransformer,16114.442700912623,19888.46448744321,DL
98204,2016-12-31,2017-12-31,2018-11-30,dlinear,18581.289299865573,23738.78217562041,DL
98204,2017-01-31,2018-01-31,2018-12-31,d2stgnn,18114.443585906378,26091.167324309798,spatial_temporal
98204,2017-02-28,2018-02-28,2019-01-31,d2stgnn,19779.653517802293,24860.78841759657,spatial_temporal
98204,2017-03-31,2018-03-31,2019-02-28,d2stgnn,22734.858496298508,26674.960827835195,spatial_temporal
98204,2017-04-30,2018-04-30,2019-03-31,chronos2_zero,5535.55997987173,7231.835453445745,foundation
98204,2017-05-31,2018-05-31,2019-04-30,chronos2_zero,9622.66807595657,13105.018710949083,foundation
98204,2017-06-30,2018-06-30,2019-05-31,chronos2_zero,14434.980569365944,18530.02120558559,foundation
98204,2017-07-31,2018-07-31,2019-06-30,itransformer,16833.353715559366,21080.073533803243,DL
98204,2017-08-31,2018-08-31,2019-07-31,timesfm_zero,15623.107566333929,18671.436889659006,foundation
98204,2017-09-30,2018-09-30,2019-08-31,timemixer,13371.415635230835,15886.718155648154,DL
98204,2017-10-31,2018-10-31,2019-09-30,stgformer,11230.445021585134,14184.316335706702,spatial_temporal
98204,2017-11-30,2018-11-30,2019-10-31,stgformer,14139.928524836645,17427.791800119347,spatial_temporal
98204,2017-12-31,2018-12-31,2019-11-30,d2stgnn,14909.142898253602,19944.405710715073,spatial_temporal
98204,2018-01-31,2019-01-31,2019-12-31,patchtst,19320.105167188914,24044.945615731882,DL
98204,2018-02-28,2019-02-28,2020-01-31,patchtst,17994.35814088456,21673.50415169345,DL
98204,2018-03-31,2019-03-31,2020-02-29,patchtst,17060.55558139745,20785.86626020191,DL
98204,2018-04-30,2019-04-30,2020-03-31,patchtst,18700.08015450483,21460.19718495673,DL
98204,2018-05-31,2019-05-31,2020-04-30,chronos2_zero,17873.73392536838,21283.410556951432,foundation
98204,2018-06-30,2019-06-30,2020-05-31,chronos2_zero,14954.45921567032,18594.505924233148,foundation
98204,2018-07-31,2019-07-31,2020-06-30,chronos2_zero,17547.26438328953,20237.725126911457,foundation
98204,2018-08-31,2019-08-31,2020-07-31,chronos2_zero,22057.28749649679,27110.835284830402,foundation
98204,2018-09-30,2019-09-30,2020-08-31,timesfm_zero,21484.613205135447,27479.599947691786,foundation
98204,2018-10-31,2019-10-31,2020-09-30,stgformer,20795.93040981662,25399.367513821966,spatial_temporal
98204,2018-11-30,2019-11-30,2020-10-31,stgformer,14969.87842359679,17565.990130215734,spatial_temporal
98204,2018-12-31,2019-12-31,2020-11-30,stgformer,13319.289475520825,16904.13445086357,spatial_temporal
98204,2019-01-31,2020-01-31,2020-12-31,stgformer,16221.615107701806,20502.981867290226,spatial_temporal
98204,2019-02-28,2020-02-29,2021-01-31,stgformer,20555.667279325982,23041.067159370086,spatial_temporal
98204,2019-03-31,2020-03-31,2021-02-28,d2stgnn,20927.12836026178,24317.607991827674,spatial_temporal
98204,2019-04-30,2020-04-30,2021-03-31,d2stgnn,21209.821200237773,28418.596542756888,spatial_temporal
98204,2019-05-31,2020-05-31,2021-04-30,d2stgnn,26588.15987137452,32201.276214159567,spatial_temporal
98204,2019-06-30,2020-06-30,2021-05-31,d2stgnn,28501.215738526353,36490.14687029412,spatial_temporal
98204,2019-07-31,2020-07-31,2021-06-30,graph_wavenet,25022.416412213934,32625.681025245372,spatial_temporal
98204,2019-08-31,2020-08-31,2021-07-31,graph_wavenet,25322.265201869766,28383.424968545627,spatial_temporal
98204,2019-09-30,2020-09-30,2021-08-31,stgformer,16372.99435789256,19764.887883033294,spatial_temporal
98204,2019-10-31,2020-10-31,2021-09-30,stgformer,16835.961742294294,19087.352961385823,spatial_temporal
98204,2019-11-30,2020-11-30,2021-10-31,d2stgnn,17761.29481668559,20596.826280771813,spatial_temporal
98204,2019-12-31,2020-12-31,2021-11-30,stgformer,14131.017723158127,17196.571782175135,spatial_temporal
98204,2020-01-31,2021-01-31,2021-12-31,graph_wavenet,13777.026037757372,16306.537397896325,spatial_temporal
98204,2020-02-29,2021-02-28,2022-01-31,d2stgnn,13528.900972401645,18748.686723717572,spatial_temporal
98204,2020-03-31,2021-03-31,2022-02-28,stgformer,10721.694570568487,14168.08660389734,spatial_temporal
98204,2020-04-30,2021-04-30,2022-03-31,stgcn,14645.3695148817,21181.906916152184,spatial_temporal
98204,2020-05-31,2021-05-31,2022-04-30,graph_wavenet,14966.071526139518,16997.294271540562,spatial_temporal
98204,2020-06-30,2021-06-30,2022-05-31,dcrnn,12533.593650258737,15673.37696452126,spatial_temporal
98204,2020-07-31,2021-07-31,2022-06-30,dcrnn,12344.432206375815,15408.56256227562,spatial_temporal
98204,2020-08-31,2021-08-31,2022-07-31,dcrnn,12816.226827332915,15235.715468242353,spatial_temporal
98204,2020-09-30,2021-09-30,2022-08-31,dcrnn,10210.021068741034,12021.293786295933,spatial_temporal
98204,2020-10-31,2021-10-31,2022-09-30,itransformer,12817.655233450301,17611.533520710756,DL
98204,2020-11-30,2021-11-30,2022-10-31,d2stgnn,13371.297600583077,15917.501686303887,spatial_temporal
98204,2020-12-31,2021-12-31,2022-11-30,stgformer,20143.129142313293,24612.73494631721,spatial_temporal
98204,2021-01-31,2022-01-31,2022-12-31,stgformer,20996.112300679088,28907.642353296087,spatial_temporal
98204,2021-02-28,2022-02-28,2023-01-31,timemixer,16355.139656325415,20448.879079281927,DL
98204,2021-03-31,2022-03-31,2023-02-28,stgformer,14322.51644474788,18883.872075926607,spatial_temporal
98204,2021-04-30,2022-04-30,2023-03-31,stgformer,10773.42118090234,14137.554537729524,spatial_temporal
98204,2021-05-31,2022-05-31,2023-04-30,stgformer,13081.81548052581,15138.634733930536,spatial_temporal
98204,2021-06-30,2022-06-30,2023-05-31,stgformer,12997.705389198798,15882.963806740521,spatial_temporal
98204,2021-07-31,2022-07-31,2023-06-30,d2stgnn,14836.17141516589,18045.4314299255,spatial_temporal
98204,2021-08-31,2022-08-31,2023-07-31,graph_wavenet,17147.15463545191,20724.8665752456,spatial_temporal
98204,2021-09-30,2022-09-30,2023-08-31,graph_wavenet,12475.852966571178,14045.085290636982,spatial_temporal
98204,2021-10-31,2022-10-31,2023-09-30,dcrnn,14187.865882652462,16847.673746019133,spatial_temporal
98204,2021-11-30,2022-11-30,2023-10-31,timesfm_zero,17092.240656472142,22264.582714746124,foundation
98204,2021-12-31,2022-12-31,2023-11-30,timesfm_zero,18066.235879968026,23001.08435225614,foundation
98204,2022-12-31,2023-12-31,2024-11-30,itransformer,15622.419928112542,17180.711720978466,DL
98204,2023-01-31,2024-01-31,2024-12-31,itransformer,17870.579250550993,23841.782216918953,DL
98204,2024-01-31,2025-01-31,2025-12-31,timesfm_zero,15469.291515280463,23065.384685704103,foundation
98204,2024-02-29,2025-02-28,2026-01-31,itransformer,21492.72256717763,26072.711093704067,DL
98204,2024-03-31,2025-03-31,2026-02-28,chronos2_zero,15137.391741861822,20677.776674478402,foundation
98204,2024-04-30,2025-04-30,2026-03-31,chronos2_zero,17619.958323122904,22737.742113325665,foundation
98204,2024-05-31,2025-05-31,2026-04-30,chronos2_zero,17342.57033162563,23455.239677261634,foundation
98204,2024-06-30,2025-06-30,2026-05-31,chronos2_zero,21814.431264134317,27416.919026510106,foundation
98204,2024-07-31,2025-07-31,2026-06-30,timesfm_zero,29448.70965017261,33682.15117257172,foundation
98204,2024-08-31,2025-08-31,2026-07-31,d2stgnn,26092.200068441016,32245.714582157052,spatial_temporal
98208,2016-03-31,2017-03-31,2018-02-28,patchtst,5353.623088630066,6548.540748487266,DL
98208,2016-04-30,2017-04-30,2018-03-31,d2stgnn,8266.465079728116,9187.205211613413,spatial_temporal
98208,2016-05-31,2017-05-31,2018-04-30,d2stgnn,9696.182018891559,10853.155437316691,spatial_temporal
98208,2016-06-30,2017-06-30,2018-05-31,d2stgnn,11134.932616275843,13071.051018090786,spatial_temporal
98208,2016-07-31,2017-07-31,2018-06-30,d2stgnn,13829.488026503774,14330.542716476906,spatial_temporal
98208,2016-08-31,2017-08-31,2018-07-31,timemixer,12157.322769944009,14339.794329073076,DL
98208,2016-09-30,2017-09-30,2018-08-31,d2stgnn,10647.496298807726,13212.807751182338,spatial_temporal
98208,2016-10-31,2017-10-31,2018-09-30,d2stgnn,10300.32474646839,12531.685864344769,spatial_temporal
98208,2016-11-30,2017-11-30,2018-10-31,d2stgnn,9389.741530198604,12248.601396823115,spatial_temporal
98208,2016-12-31,2017-12-31,2018-11-30,dlinear,12476.04902244739,14636.345449185887,DL
98208,2017-01-31,2018-01-31,2018-12-31,dlinear,11858.29992740027,14593.077256761842,DL
98208,2017-02-28,2018-02-28,2019-01-31,d2stgnn,10458.594802773281,13189.913837824608,spatial_temporal
98208,2017-03-31,2018-03-31,2019-02-28,d2stgnn,15607.655254539606,17394.134880741032,spatial_temporal
98208,2017-04-30,2018-04-30,2019-03-31,timemixer,14624.761444435566,15508.325409375375,DL
98208,2017-05-31,2018-05-31,2019-04-30,itransformer,12375.754347250322,14288.075646738793,DL
98208,2017-06-30,2018-06-30,2019-05-31,itransformer,11254.839967940881,12313.73494256519,DL
98208,2017-07-31,2018-07-31,2019-06-30,timesfm_zero,12956.168901155708,18205.765130883945,foundation
98208,2017-08-31,2018-08-31,2019-07-31,stgformer,14225.584588132007,18876.153375207705,spatial_temporal
98208,2017-09-30,2018-09-30,2019-08-31,graph_wavenet,11241.40212187479,13182.835514661225,spatial_temporal
98208,2017-10-31,2018-10-31,2019-09-30,dcrnn,7839.045385285688,9449.767413156571,spatial_temporal
98208,2017-11-30,2018-11-30,2019-10-31,dcrnn,6505.836291342959,9135.21842237588,spatial_temporal
98208,2017-12-31,2018-12-31,2019-11-30,stgformer,8171.116091876815,10551.830007574466,spatial_temporal
98208,2018-01-31,2019-01-31,2019-12-31,d2stgnn,10020.070247931833,11770.98181999264,spatial_temporal
98208,2018-02-28,2019-02-28,2020-01-31,d2stgnn,7965.277929569284,9349.151646423186,spatial_temporal
98208,2018-03-31,2019-03-31,2020-02-29,d2stgnn,7438.50230329442,9182.747276381027,spatial_temporal
98208,2018-04-30,2019-04-30,2020-03-31,d2stgnn,5161.901373035241,6018.673670951065,spatial_temporal
98208,2018-05-31,2019-05-31,2020-04-30,d2stgnn,6007.004050827362,9126.899528421072,spatial_temporal
98208,2018-06-30,2019-06-30,2020-05-31,itransformer,6915.739744894027,8884.706186854113,DL
98208,2018-07-31,2019-07-31,2020-06-30,timemixer,6854.301245185338,8107.516355054461,DL
98208,2018-08-31,2019-08-31,2020-07-31,dcrnn,8758.400489901886,10789.27874087888,spatial_temporal
98208,2018-09-30,2019-09-30,2020-08-31,graph_wavenet,8976.71726691396,12686.31299427625,spatial_temporal
98208,2018-10-31,2019-10-31,2020-09-30,dlinear,12987.992271277273,15646.491492824583,DL
98208,2018-11-30,2019-11-30,2020-10-31,d2stgnn,11834.271965385366,14332.240963777222,spatial_temporal
98208,2018-12-31,2019-12-31,2020-11-30,stgformer,12592.617066650288,14656.435835787795,spatial_temporal
98208,2019-01-31,2020-01-31,2020-12-31,d2stgnn,13498.29971746866,15240.844796729283,spatial_temporal
98208,2019-02-28,2020-02-29,2021-01-31,patchtst,13467.645484047142,15123.54187855367,DL
98208,2019-03-31,2020-03-31,2021-02-28,patchtst,15870.152897431117,21469.384374383633,DL
98208,2019-04-30,2020-04-30,2021-03-31,d2stgnn,21296.215752562686,23897.78274041733,spatial_temporal
98208,2019-05-31,2020-05-31,2021-04-30,d2stgnn,20243.38594913873,24872.677206620123,spatial_temporal
98208,2019-06-30,2020-06-30,2021-05-31,d2stgnn,27052.229484845175,32055.85834966927,spatial_temporal
98208,2019-07-31,2020-07-31,2021-06-30,d2stgnn,25412.66464529499,32253.939921628673,spatial_temporal
98208,2019-08-31,2020-08-31,2021-07-31,timemixer,23557.217513796088,28847.10083281017,DL
98208,2019-09-30,2020-09-30,2021-08-31,dcrnn,20689.117471369176,23558.47972381767,spatial_temporal
98208,2019-10-31,2020-10-31,2021-09-30,dcrnn,8231.342515496342,10717.122258797228,spatial_temporal
98208,2019-11-30,2020-11-30,2021-10-31,dcrnn,9618.968756591494,12870.344596451912,spatial_temporal
98208,2019-12-31,2020-12-31,2021-11-30,dcrnn,12984.756672575875,17198.068698875475,spatial_temporal
98208,2020-01-31,2021-01-31,2021-12-31,dcrnn,13447.060318193622,15845.435833690593,spatial_temporal
98208,2020-02-29,2021-02-28,2022-01-31,graph_wavenet,13816.426292947823,18051.28948650809,spatial_temporal
98208,2020-03-31,2021-03-31,2022-02-28,stgformer,13606.82534980123,16755.90056974395,spatial_temporal
98208,2020-04-30,2021-04-30,2022-03-31,stgformer,14089.971812917618,18178.960578458835,spatial_temporal
98208,2020-05-31,2021-05-31,2022-04-30,stgformer,20027.295902449998,27183.74919643168,spatial_temporal
98208,2020-06-30,2021-06-30,2022-05-31,timemixer,16822.019259435678,22620.17822678956,DL
98208,2020-07-31,2021-07-31,2022-06-30,timemixer,24135.681895168003,31105.42348284744,DL
98208,2020-08-31,2021-08-31,2022-07-31,itransformer,11920.620242835945,14529.824802501878,DL
98208,2020-09-30,2021-09-30,2022-08-31,d2stgnn,23937.340544723895,29041.013868094382,spatial_temporal
98208,2020-10-31,2021-10-31,2022-09-30,d2stgnn,25900.779199932353,29856.82344835944,spatial_temporal
98208,2020-11-30,2021-11-30,2022-10-31,d2stgnn,26349.5056905482,29790.586241400662,spatial_temporal
98208,2020-12-31,2021-12-31,2022-11-30,timemixer,25874.960785129108,31329.796894593394,DL
98208,2021-01-31,2022-01-31,2022-12-31,timemixer,27169.470581849502,30876.378549355053,DL
98208,2021-02-28,2022-02-28,2023-01-31,timemixer,21244.514052712166,28578.447161587508,DL
98208,2021-03-31,2022-03-31,2023-02-28,timemixer,21785.555727177503,24333.246919890837,DL
98208,2021-04-30,2022-04-30,2023-03-31,patchtst,22530.067678381154,35765.02744513989,DL
98208,2021-05-31,2022-05-31,2023-04-30,patchtst,21405.65139326525,31071.064042642964,DL
98208,2021-06-30,2022-06-30,2023-05-31,timemixer,21298.90026895207,25560.291530285907,DL
98208,2021-07-31,2022-07-31,2023-06-30,patchtst,16553.799174632324,23342.331017672823,DL
98208,2021-08-31,2022-08-31,2023-07-31,dcrnn,22460.71505553911,30830.52959692754,spatial_temporal
98208,2021-09-30,2022-09-30,2023-08-31,dcrnn,21794.899424895295,30469.338934914264,spatial_temporal
98208,2021-10-31,2022-10-31,2023-09-30,graph_wavenet,21866.790855976706,26999.578410527432,spatial_temporal
98208,2021-11-30,2022-11-30,2023-10-31,graph_wavenet,15191.372694793914,20666.712011919666,spatial_temporal
98208,2021-12-31,2022-12-31,2023-11-30,graph_wavenet,16180.416875926932,18506.195961839785,spatial_temporal
98208,2022-12-31,2023-12-31,2024-11-30,d2stgnn,21978.688505157654,26765.80680525181,spatial_temporal
98208,2023-01-31,2024-01-31,2024-12-31,dlinear,23380.59671117079,29360.958877336616,DL
98208,2024-01-31,2025-01-31,2025-12-31,timesfm_zero,10542.88787222444,13120.772262944833,foundation
98208,2024-02-29,2025-02-28,2026-01-31,timesfm_zero,16728.213739656523,21902.534519020162,foundation
98208,2024-03-31,2025-03-31,2026-02-28,chronos2_zero,15612.555528937557,20443.67083403966,foundation
98208,2024-04-30,2025-04-30,2026-03-31,chronos2_zero,25308.083870985825,29627.426931090617,foundation
98208,2024-05-31,2025-05-31,2026-04-30,chronos2_zero,37231.82428767308,46789.225766064395,foundation
98208,2024-06-30,2025-06-30,2026-05-31,timesfm_zero,45918.70062126857,54816.833847265756,foundation
98208,2024-07-31,2025-07-31,2026-06-30,stgcn,45874.24991078095,51228.530540140186,spatial_temporal
98208,2024-08-31,2025-08-31,2026-07-31,stgcn,41419.65953687428,45742.39111221011,spatial_temporal
98223,2016-03-31,2017-03-31,2018-02-28,dcrnn,4501.754754523732,5862.75434845828,spatial_temporal
98223,2016-04-30,2017-04-30,2018-03-31,dcrnn,5084.463557190214,6013.30822052023,spatial_temporal
98223,2016-05-31,2017-05-31,2018-04-30,dcrnn,4949.988448753851,6033.21524280727,spatial_temporal
98223,2016-06-30,2017-06-30,2018-05-31,dcrnn,5456.648080175971,7238.249403962624,spatial_temporal
98223,2016-07-31,2017-07-31,2018-06-30,d2stgnn,4988.08926569603,5913.494099406662,spatial_temporal
98223,2016-08-31,2017-08-31,2018-07-31,dlinear,6878.65745512352,8038.758705450105,DL
98223,2016-09-30,2017-09-30,2018-08-31,dlinear,7586.380611967189,10320.264178786336,DL
98223,2016-10-31,2017-10-31,2018-09-30,dlinear,9079.35626038196,11585.993725823537,DL
98223,2016-11-30,2017-11-30,2018-10-31,dlinear,10638.195338037345,13905.398324741684,DL
98223,2016-12-31,2017-12-31,2018-11-30,dlinear,11087.160972930695,14612.685624559956,DL
98223,2017-01-31,2018-01-31,2018-12-31,dlinear,12066.349174978774,13679.02224879953,DL
98223,2017-02-28,2018-02-28,2019-01-31,dlinear,11641.57735916102,13711.68905824063,DL
98223,2017-03-31,2018-03-31,2019-02-28,dlinear,9753.612598184982,11801.345458211721,DL
98223,2017-04-30,2018-04-30,2019-03-31,dlinear,11681.915987881841,15955.491051378805,DL
98223,2017-05-31,2018-05-31,2019-04-30,d2stgnn,13086.942945524774,14681.980034801129,spatial_temporal
98223,2017-06-30,2018-06-30,2019-05-31,d2stgnn,14724.601561387142,16221.723917255425,spatial_temporal
98223,2017-07-31,2018-07-31,2019-06-30,d2stgnn,14974.641823452868,17972.63822175558,spatial_temporal
98223,2017-08-31,2018-08-31,2019-07-31,d2stgnn,12219.524739738787,14289.947413098651,spatial_temporal
98223,2017-09-30,2018-09-30,2019-08-31,d2stgnn,10068.223876870281,11798.628252384204,spatial_temporal
98223,2017-10-31,2018-10-31,2019-09-30,d2stgnn,9405.552441119891,12288.956429186062,spatial_temporal
98223,2017-11-30,2018-11-30,2019-10-31,d2stgnn,6384.376159714535,8692.59835484296,spatial_temporal
98223,2017-12-31,2018-12-31,2019-11-30,d2stgnn,9173.49578122345,11722.767352070048,spatial_temporal
98223,2018-01-31,2019-01-31,2019-12-31,itransformer,6502.850216617968,8475.75334504718,DL
98223,2018-02-28,2019-02-28,2020-01-31,d2stgnn,8498.126883779347,9648.488561596936,spatial_temporal
98223,2018-03-31,2019-03-31,2020-02-29,patchtst,8292.615549975837,11164.020206910693,DL
98223,2018-04-30,2019-04-30,2020-03-31,d2stgnn,9336.82586919348,13013.471264216354,spatial_temporal
98223,2018-05-31,2019-05-31,2020-04-30,d2stgnn,9901.96890442135,12662.315138140666,spatial_temporal
98223,2018-06-30,2019-06-30,2020-05-31,d2stgnn,10238.352760112966,13590.860009013766,spatial_temporal
98223,2018-07-31,2019-07-31,2020-06-30,dlinear,9911.601358717884,11483.651098527856,DL
98223,2018-08-31,2019-08-31,2020-07-31,dlinear,11638.424162097965,13423.764482328834,DL
98223,2018-09-30,2019-09-30,2020-08-31,dlinear,12025.156135603922,14763.29527943211,DL
98223,2018-10-31,2019-10-31,2020-09-30,dlinear,15056.584405584852,16724.076812370888,DL
98223,2018-11-30,2019-11-30,2020-10-31,dlinear,15974.138758895884,19942.497318816677,DL
98223,2018-12-31,2019-12-31,2020-11-30,dlinear,15774.584592044392,19732.29486946357,DL
98223,2019-01-31,2020-01-31,2020-12-31,d2stgnn,22900.744323235092,26080.56961431604,spatial_temporal
98223,2019-02-28,2020-02-29,2021-01-31,d2stgnn,22203.184856758526,25331.524251537703,spatial_temporal
98223,2019-03-31,2020-03-31,2021-02-28,d2stgnn,18178.96263670752,22006.087818503624,spatial_temporal
98223,2019-04-30,2020-04-30,2021-03-31,d2stgnn,13757.898930174279,17377.89120861194,spatial_temporal
98223,2019-05-31,2020-05-31,2021-04-30,d2stgnn,15138.545554357794,18952.68174723542,spatial_temporal
98223,2019-06-30,2020-06-30,2021-05-31,d2stgnn,14709.390833823612,18053.154432789543,spatial_temporal
98223,2019-07-31,2020-07-31,2021-06-30,d2stgnn,10699.842854825454,13406.215214006814,spatial_temporal
98223,2019-08-31,2020-08-31,2021-07-31,graph_wavenet,13775.098346732111,20759.56831104017,spatial_temporal
98223,2019-09-30,2020-09-30,2021-08-31,dcrnn,16258.984532345485,18799.043721897622,spatial_temporal
98223,2019-10-31,2020-10-31,2021-09-30,graph_wavenet,17039.96781114425,21454.569142159366,spatial_temporal
98223,2019-11-30,2020-11-30,2021-10-31,stgformer,13311.142381128951,15868.320654902394,spatial_temporal
98223,2019-12-31,2020-12-31,2021-11-30,stgformer,14652.698634870781,16639.15312638472,spatial_temporal
98223,2020-01-31,2021-01-31,2021-12-31,stgformer,14935.440394455349,18540.065393273144,spatial_temporal
98223,2020-02-29,2021-02-28,2022-01-31,dcrnn,14880.54527914995,19495.756277504235,spatial_temporal
98223,2020-03-31,2021-03-31,2022-02-28,patchtst,15588.365388279204,18894.258651858938,DL
98223,2020-04-30,2021-04-30,2022-03-31,patchtst,11638.536247952827,14794.434315490718,DL
98223,2020-05-31,2021-05-31,2022-04-30,patchtst,13629.831048339634,17354.16554114117,DL
98223,2020-06-30,2021-06-30,2022-05-31,timemixer,17013.25831860531,20204.029400047883,DL
98223,2020-07-31,2021-07-31,2022-06-30,timemixer,13629.301820189265,17797.99152237795,DL
98223,2020-08-31,2021-08-31,2022-07-31,timemixer,11687.313275584447,13669.42707623447,DL
98223,2020-09-30,2021-09-30,2022-08-31,timemixer,13473.11725403548,18312.635215594553,DL
98223,2020-10-31,2021-10-31,2022-09-30,d2stgnn,15087.772056842165,19514.32363750279,spatial_temporal
98223,2020-11-30,2021-11-30,2022-10-31,d2stgnn,15003.253852933694,18598.781027853613,spatial_temporal
98223,2020-12-31,2021-12-31,2022-11-30,d2stgnn,18025.85906079163,24068.58769646156,spatial_temporal
98223,2021-01-31,2022-01-31,2022-12-31,d2stgnn,15689.150796090902,18799.182211039973,spatial_temporal
98223,2021-02-28,2022-02-28,2023-01-31,dlinear,19238.368714101565,23348.738620858232,DL
98223,2021-03-31,2022-03-31,2023-02-28,timemixer,21152.333534616115,26217.043701189214,DL
98223,2021-04-30,2022-04-30,2023-03-31,timemixer,19710.251789435326,24133.65181290237,DL
98223,2021-05-31,2022-05-31,2023-04-30,chronos2_zero,18620.29236828271,25854.263103282145,foundation
98223,2021-06-30,2022-06-30,2023-05-31,timesfm_zero,17769.72147288255,20431.005084102093,foundation
98223,2021-07-31,2022-07-31,2023-06-30,d2stgnn,19266.492248797498,24137.713651494647,spatial_temporal
98223,2021-08-31,2022-08-31,2023-07-31,d2stgnn,20820.69458385298,25308.400464792107,spatial_temporal
98223,2021-09-30,2022-09-30,2023-08-31,patchtst,21699.000969740755,26752.542617124323,DL
98223,2021-10-31,2022-10-31,2023-09-30,dcrnn,19502.431419054425,23629.39211918412,spatial_temporal
98223,2021-11-30,2022-11-30,2023-10-31,graph_wavenet,19380.221648753377,22129.559033820842,spatial_temporal
98223,2021-12-31,2022-12-31,2023-11-30,itransformer,18606.18221288353,26741.341832689643,DL
98223,2022-12-31,2023-12-31,2024-11-30,timemixer,21677.246909905796,28397.046927377003,DL
98223,2023-01-31,2024-01-31,2024-12-31,d2stgnn,20562.011905518535,24813.456129742553,spatial_temporal
98223,2024-01-31,2025-01-31,2025-12-31,stgcn,25529.051738335063,35177.61987709006,spatial_temporal
98223,2024-02-29,2025-02-28,2026-01-31,timemixer,24699.317208836164,36783.266601897725,DL
98223,2024-03-31,2025-03-31,2026-02-28,timesfm_zero,24741.645621458534,35483.99786451989,foundation
98223,2024-04-30,2025-04-30,2026-03-31,itransformer,23419.748860476724,31684.339752542386,DL
98223,2024-05-31,2025-05-31,2026-04-30,itransformer,26399.076110347833,39153.02525971506,DL
98223,2024-06-30,2025-06-30,2026-05-31,itransformer,23241.71779520376,36347.74462221443,DL
98223,2024-07-31,2025-07-31,2026-06-30,itransformer,22605.936950164487,32579.689240919608,DL
98223,2024-08-31,2025-08-31,2026-07-31,chronos2_zero,16821.435053727746,20170.747138487935,foundation
98241,2016-03-31,2017-03-31,2018-02-28,patchtst,18254.46777653252,23137.793562312312,DL
98241,2016-04-30,2017-04-30,2018-03-31,patchtst,18931.74085001495,22688.702637997823,DL
98241,2016-05-31,2017-05-31,2018-04-30,patchtst,19246.306565156672,24585.999165639027,DL
98241,2016-06-30,2017-06-30,2018-05-31,graph_wavenet,19208.606807735134,25060.917872633236,spatial_temporal
98241,2016-07-31,2017-07-31,2018-06-30,stgformer,18350.512363904134,22224.83970942576,spatial_temporal
98241,2016-08-31,2017-08-31,2018-07-31,dcrnn,21945.742286294746,27021.82611374843,spatial_temporal
98241,2016-09-30,2017-09-30,2018-08-31,stgformer,18284.761295106156,22415.739950414732,spatial_temporal
98241,2016-10-31,2017-10-31,2018-09-30,d2stgnn,17725.913588223353,27073.17359714383,spatial_temporal
98241,2016-11-30,2017-11-30,2018-10-31,d2stgnn,24834.090781824303,31681.936890988087,spatial_temporal
98241,2016-12-31,2017-12-31,2018-11-30,d2stgnn,27249.639634306965,34495.320402081576,spatial_temporal
98241,2017-01-31,2018-01-31,2018-12-31,d2stgnn,29730.08203352647,37529.86598574637,spatial_temporal
98241,2017-02-28,2018-02-28,2019-01-31,chronos2_zero,27441.38571636034,37553.0459832311,foundation
98241,2017-03-31,2018-03-31,2019-02-28,timesfm_zero,27333.60773617645,37819.48443947466,foundation
98241,2017-04-30,2018-04-30,2019-03-31,timemixer,26451.449367490422,36512.40642092172,DL
98241,2017-05-31,2018-05-31,2019-04-30,timemixer,28364.063091462052,38036.25771175991,DL
98241,2017-06-30,2018-06-30,2019-05-31,timemixer,23658.74958907513,32246.864115820532,DL
98241,2017-07-31,2018-07-31,2019-06-30,patchtst,17715.534250778906,25518.93354693239,DL
98241,2017-08-31,2018-08-31,2019-07-31,stgformer,18489.721010982375,24819.606106388306,spatial_temporal
98241,2017-09-30,2018-09-30,2019-08-31,stgformer,17477.79721768,22238.289762537763,spatial_temporal
98241,2017-10-31,2018-10-31,2019-09-30,stgformer,18147.77643936463,23496.4662413091,spatial_temporal
98241,2017-11-30,2018-11-30,2019-10-31,dlinear,17231.868123691394,23069.180114912873,DL
98241,2017-12-31,2018-12-31,2019-11-30,d2stgnn,16409.53232122699,17808.398836285975,spatial_temporal
98241,2018-01-31,2019-01-31,2019-12-31,dlinear,16321.49175029852,18215.889890916736,DL
98241,2018-02-28,2019-02-28,2020-01-31,d2stgnn,16103.166789822288,19471.66007199863,spatial_temporal
98241,2018-03-31,2019-03-31,2020-02-29,dcrnn,13949.921767726066,18018.48148759684,spatial_temporal
98241,2018-04-30,2019-04-30,2020-03-31,dcrnn,12863.876234802088,16524.136459770587,spatial_temporal
98241,2018-05-31,2019-05-31,2020-04-30,dcrnn,12107.91365688212,15651.167821067029,spatial_temporal
98241,2018-06-30,2019-06-30,2020-05-31,dcrnn,14742.107461937225,20440.014036305674,spatial_temporal
98241,2018-07-31,2019-07-31,2020-06-30,dcrnn,13024.135502015526,19885.251851268076,spatial_temporal
98241,2018-08-31,2019-08-31,2020-07-31,dcrnn,15245.008725902473,21655.536413803064,spatial_temporal
98241,2018-09-30,2019-09-30,2020-08-31,dcrnn,19910.103703967434,26217.51169507111,spatial_temporal
98241,2018-10-31,2019-10-31,2020-09-30,graph_wavenet,18786.689770285528,25627.842504812856,spatial_temporal
98241,2018-11-30,2019-11-30,2020-10-31,dlinear,19865.125840459954,24786.78728083662,DL
98241,2018-12-31,2019-12-31,2020-11-30,dcrnn,18848.145845154246,23127.127153402118,spatial_temporal
98241,2019-01-31,2020-01-31,2020-12-31,stgformer,20756.224191663023,28424.12036944468,spatial_temporal
98241,2019-02-28,2020-02-29,2021-01-31,graph_wavenet,23778.12400284615,28346.005182389,spatial_temporal
98241,2019-03-31,2020-03-31,2021-02-28,stgcn,23341.73953395926,33460.4124472002,spatial_temporal
98241,2019-04-30,2020-04-30,2021-03-31,dcrnn,22877.70450962261,26009.374013283195,spatial_temporal
98241,2019-05-31,2020-05-31,2021-04-30,dcrnn,22466.043851954262,26307.183111320635,spatial_temporal
98241,2019-06-30,2020-06-30,2021-05-31,dcrnn,18612.12182265704,24690.998253842423,spatial_temporal
98241,2019-07-31,2020-07-31,2021-06-30,timemixer,18947.63511847983,21596.46464680086,DL
98241,2019-08-31,2020-08-31,2021-07-31,stgcn,19566.302236823776,23067.537188940398,spatial_temporal
98241,2019-09-30,2020-09-30,2021-08-31,stgcn,17982.15736372363,21760.170641589444,spatial_temporal
98241,2019-10-31,2020-10-31,2021-09-30,d2stgnn,24985.384041353816,36798.69903370755,spatial_temporal
98241,2019-11-30,2020-11-30,2021-10-31,dcrnn,23341.369244146055,32781.96392539076,spatial_temporal
98241,2019-12-31,2020-12-31,2021-11-30,dcrnn,22522.840951468053,32335.213195769313,spatial_temporal
98241,2020-01-31,2021-01-31,2021-12-31,stgcn,25471.204008445555,38864.13938687415,spatial_temporal
98241,2020-02-29,2021-02-28,2022-01-31,stgcn,22995.186155566334,33445.334266468366,spatial_temporal
98241,2020-03-31,2021-03-31,2022-02-28,stgformer,22835.45071530838,28888.228289009436,spatial_temporal
98241,2020-04-30,2021-04-30,2022-03-31,stgformer,22955.106301500648,28770.905554965408,spatial_temporal
98241,2020-05-31,2021-05-31,2022-04-30,stgformer,27456.84466753696,31163.539456627408,spatial_temporal
98241,2020-06-30,2021-06-30,2022-05-31,stgformer,27090.648220943625,31177.849341815814,spatial_temporal
98241,2020-07-31,2021-07-31,2022-06-30,stgcn,26274.998909636706,32661.842568059605,spatial_temporal
98241,2020-08-31,2021-08-31,2022-07-31,stgcn,22924.93304054783,30489.959807295792,spatial_temporal
98241,2020-09-30,2021-09-30,2022-08-31,graph_wavenet,15640.076678302945,22014.119616180567,spatial_temporal
98241,2020-10-31,2021-10-31,2022-09-30,stgcn,15561.617655975127,23881.306673269824,spatial_temporal
98241,2020-11-30,2021-11-30,2022-10-31,stgcn,20292.27332018707,28002.50453214982,spatial_temporal
98241,2020-12-31,2021-12-31,2022-11-30,stgcn,24726.063431916675,29498.368421141717,spatial_temporal
98241,2021-01-31,2022-01-31,2022-12-31,graph_wavenet,36794.54312114524,52152.97634800773,spatial_temporal
98241,2021-02-28,2022-02-28,2023-01-31,graph_wavenet,42044.80166484987,66384.5024503491,spatial_temporal
98241,2021-03-31,2022-03-31,2023-02-28,graph_wavenet,40451.75244823135,58492.15114810534,spatial_temporal
98241,2021-04-30,2022-04-30,2023-03-31,stgcn,40953.9988910833,63512.68381020747,spatial_temporal
98241,2021-05-31,2022-05-31,2023-04-30,stgcn,44079.98597353548,65041.231051131945,spatial_temporal
98241,2021-06-30,2022-06-30,2023-05-31,stgcn,48024.23297472788,66614.30918424595,spatial_temporal
98241,2021-07-31,2022-07-31,2023-06-30,patchtst,51095.48731091159,75311.87112619229,DL
98241,2021-08-31,2022-08-31,2023-07-31,dcrnn,53547.648390970986,77371.70703605983,spatial_temporal
98241,2021-09-30,2022-09-30,2023-08-31,chronos2_zero,37076.73486088978,63116.4332357423,foundation
98241,2021-10-31,2022-10-31,2023-09-30,chronos2_zero,32183.915917302493,57892.61087795049,foundation
98241,2021-11-30,2022-11-30,2023-10-31,chronos2_zero,34621.16892444683,54248.7736908483,foundation
98241,2021-12-31,2022-12-31,2023-11-30,chronos2_zero,33118.07879940241,55756.21475082073,foundation
98241,2022-12-31,2023-12-31,2024-11-30,timesfm_zero,14629.857350622891,16962.623067193927,foundation
98241,2023-01-31,2024-01-31,2024-12-31,chronos2_zero,15180.58482583505,17272.920668231767,foundation
98241,2024-01-31,2025-01-31,2025-12-31,timemixer,57677.3356219012,71826.39169608355,DL
98241,2024-02-29,2025-02-28,2026-01-31,dlinear,49349.30496527699,64834.44728392583,DL
98241,2024-03-31,2025-03-31,2026-02-28,itransformer,48009.30746095532,60771.88380488194,DL
98241,2024-04-30,2025-04-30,2026-03-31,dlinear,30695.852451526283,42454.74875649316,DL
98241,2024-05-31,2025-05-31,2026-04-30,dcrnn,36025.39674223588,45345.498298842314,spatial_temporal
98241,2024-06-30,2025-06-30,2026-05-31,dcrnn,38514.67388798986,45170.52104166963,spatial_temporal
98241,2024-07-31,2025-07-31,2026-06-30,dcrnn,35868.87663462683,43581.34218586966,spatial_temporal
98241,2024-08-31,2025-08-31,2026-07-31,dcrnn,32851.58559060409,40317.670200872795,spatial_temporal
98251,2016-03-31,2017-03-31,2018-02-28,timemixer,11269.53603575652,14000.33508529612,DL
98251,2016-04-30,2017-04-30,2018-03-31,dlinear,11715.244990877485,15022.865196039713,DL
98251,2016-05-31,2017-05-31,2018-04-30,d2stgnn,8901.984886372193,13639.578783646733,spatial_temporal
98251,2016-06-30,2017-06-30,2018-05-31,dcrnn,8000.56570482167,11371.664324066558,spatial_temporal
98251,2016-07-31,2017-07-31,2018-06-30,dcrnn,7328.758066404652,11197.098253807939,spatial_temporal
98251,2016-08-31,2017-08-31,2018-07-31,dcrnn,7343.194736671675,11656.24232051114,spatial_temporal
98251,2016-09-30,2017-09-30,2018-08-31,d2stgnn,8922.325802504607,11513.68835075254,spatial_temporal
98251,2016-10-31,2017-10-31,2018-09-30,dcrnn,10212.8580856748,15012.888507153799,spatial_temporal
98251,2016-11-30,2017-11-30,2018-10-31,stgformer,10395.36604372622,13098.214041456016,spatial_temporal
98251,2016-12-31,2017-12-31,2018-11-30,dlinear,9540.265380243392,11365.525936809227,DL
98251,2017-01-31,2018-01-31,2018-12-31,stgformer,11792.846667989399,15922.252282603275,spatial_temporal
98251,2017-02-28,2018-02-28,2019-01-31,graph_wavenet,9412.500069288168,13077.559325064245,spatial_temporal
98251,2017-03-31,2018-03-31,2019-02-28,graph_wavenet,10265.8398263345,11698.766580456468,spatial_temporal
98251,2017-04-30,2018-04-30,2019-03-31,itransformer,10007.48875827204,13843.296085786322,DL
98251,2017-05-31,2018-05-31,2019-04-30,dcrnn,11026.74413647671,14088.370486014823,spatial_temporal
98251,2017-06-30,2018-06-30,2019-05-31,d2stgnn,10555.38054197902,13062.286922958681,spatial_temporal
98251,2017-07-31,2018-07-31,2019-06-30,d2stgnn,10079.7397529195,13556.075294702729,spatial_temporal
98251,2017-08-31,2018-08-31,2019-07-31,dcrnn,10537.390311342233,14976.898374231852,spatial_temporal
98251,2017-09-30,2018-09-30,2019-08-31,d2stgnn,9046.22409664513,11743.404735741708,spatial_temporal
98251,2017-10-31,2018-10-31,2019-09-30,graph_wavenet,7150.0127097482955,10423.982743048557,spatial_temporal
98251,2017-11-30,2018-11-30,2019-10-31,timemixer,6698.271780859951,8493.53363445471,DL
98251,2017-12-31,2018-12-31,2019-11-30,timemixer,5165.732305567125,6374.3450214790055,DL
98251,2018-01-31,2019-01-31,2019-12-31,patchtst,6279.2205392681935,9065.698505239381,DL
98251,2018-02-28,2019-02-28,2020-01-31,patchtst,4596.015502719063,6987.49405000726,DL
98251,2018-03-31,2019-03-31,2020-02-29,patchtst,6118.496247946154,8784.529698440487,DL
98251,2018-04-30,2019-04-30,2020-03-31,patchtst,7316.824398604775,9261.481964080534,DL
98251,2018-05-31,2019-05-31,2020-04-30,dcrnn,8179.14799519102,9748.935100349847,spatial_temporal
98251,2018-06-30,2019-06-30,2020-05-31,dcrnn,9923.791124835485,14036.620755470449,spatial_temporal
98251,2018-07-31,2019-07-31,2020-06-30,dcrnn,11423.373510937687,14867.301226917796,spatial_temporal
98251,2018-08-31,2019-08-31,2020-07-31,dcrnn,11034.769111989002,16061.637185406702,spatial_temporal
98251,2018-09-30,2019-09-30,2020-08-31,stgformer,8901.008955846997,11658.733510047945,spatial_temporal
98251,2018-10-31,2019-10-31,2020-09-30,stgformer,11942.905257464881,15824.52890568338,spatial_temporal
98251,2018-11-30,2019-11-30,2020-10-31,stgformer,10508.459026987688,14495.5779190049,spatial_temporal
98251,2018-12-31,2019-12-31,2020-11-30,dlinear,10939.50859164434,12692.422923854507,DL
98251,2019-01-31,2020-01-31,2020-12-31,d2stgnn,10750.435660422992,14244.31934371799,spatial_temporal
98251,2019-02-28,2020-02-29,2021-01-31,d2stgnn,14640.481034686454,17951.88144226068,spatial_temporal
98251,2019-03-31,2020-03-31,2021-02-28,stgformer,9784.650305214096,12778.34744240372,spatial_temporal
98251,2019-04-30,2020-04-30,2021-03-31,d2stgnn,15275.948201806663,20596.627472071865,spatial_temporal
98251,2019-05-31,2020-05-31,2021-04-30,d2stgnn,22736.236984655407,28950.348391903124,spatial_temporal
98251,2019-06-30,2020-06-30,2021-05-31,dcrnn,28401.382788734656,36823.96504199122,spatial_temporal
98251,2019-07-31,2020-07-31,2021-06-30,dcrnn,27399.978211988844,34934.47503822885,spatial_temporal
98251,2019-08-31,2020-08-31,2021-07-31,stgformer,23130.560718748577,29357.59303631869,spatial_temporal
98251,2019-09-30,2020-09-30,2021-08-31,graph_wavenet,16506.151821198586,24742.276172053556,spatial_temporal
98251,2019-10-31,2020-10-31,2021-09-30,dcrnn,14938.198018911082,20621.629967217694,spatial_temporal
98251,2019-11-30,2020-11-30,2021-10-31,d2stgnn,11501.095544481233,19441.80570654075,spatial_temporal
98251,2019-12-31,2020-12-31,2021-11-30,d2stgnn,13120.474355500279,18793.95840205218,spatial_temporal
98251,2020-01-31,2021-01-31,2021-12-31,dcrnn,12833.712392931368,17775.936388604263,spatial_temporal
98251,2020-02-29,2021-02-28,2022-01-31,d2stgnn,13574.11979722771,16554.556465279136,spatial_temporal
98251,2020-03-31,2021-03-31,2022-02-28,stgformer,14176.312993135347,16749.209912032085,spatial_temporal
98251,2020-04-30,2021-04-30,2022-03-31,graph_wavenet,14387.749494932767,16910.58611020079,spatial_temporal
98251,2020-05-31,2021-05-31,2022-04-30,stgformer,15145.022222893333,17300.790501500112,spatial_temporal
98251,2020-06-30,2021-06-30,2022-05-31,graph_wavenet,16213.609412425169,22131.30076295596,spatial_temporal
98251,2020-07-31,2021-07-31,2022-06-30,timemixer,19894.42362999536,31047.86284094543,DL
98251,2020-08-31,2021-08-31,2022-07-31,dcrnn,25726.86476440576,36948.05797860879,spatial_temporal
98251,2020-09-30,2021-09-30,2022-08-31,d2stgnn,24799.234691319183,35008.41278003617,spatial_temporal
98251,2020-10-31,2021-10-31,2022-09-30,dcrnn,26535.21566649157,38257.551984338206,spatial_temporal
98251,2020-11-30,2021-11-30,2022-10-31,d2stgnn,23541.032849349765,31513.806971731676,spatial_temporal
98251,2020-12-31,2021-12-31,2022-11-30,d2stgnn,22994.821518283523,29889.91617665921,spatial_temporal
98251,2021-01-31,2022-01-31,2022-12-31,dlinear,23116.201806514193,25822.097497181785,DL
98251,2021-02-28,2022-02-28,2023-01-31,dlinear,25319.15518546476,30260.958340580935,DL
98251,2021-03-31,2022-03-31,2023-02-28,dlinear,21261.117313665545,29273.873171566604,DL
98251,2021-04-30,2022-04-30,2023-03-31,dcrnn,21703.188433626074,29351.740744592884,spatial_temporal
98251,2021-05-31,2022-05-31,2023-04-30,dcrnn,13180.101246336408,20755.90863621481,spatial_temporal
98251,2021-06-30,2022-06-30,2023-05-31,timesfm_zero,19130.024157066564,26887.599632340512,foundation
98251,2021-07-31,2022-07-31,2023-06-30,patchtst,21082.463781576836,30746.578134427025,DL
98251,2021-08-31,2022-08-31,2023-07-31,stgformer,13980.608463851037,18368.04812236169,spatial_temporal
98251,2021-09-30,2022-09-30,2023-08-31,d2stgnn,12370.890691401582,18566.671830803323,spatial_temporal
98251,2021-10-31,2022-10-31,2023-09-30,timemixer,13383.938357119527,20760.932411758346,DL
98251,2021-11-30,2022-11-30,2023-10-31,timemixer,11278.807933321159,17240.052672457205,DL
98251,2021-12-31,2022-12-31,2023-11-30,chronos2_zero,13626.334939291928,19317.657919645746,foundation
98251,2022-12-31,2023-12-31,2024-11-30,timemixer,17850.660929385547,28679.745209785186,DL
98251,2023-01-31,2024-01-31,2024-12-31,d2stgnn,20864.50857792335,30900.54863622526,spatial_temporal
98251,2024-01-31,2025-01-31,2025-12-31,timemixer,25203.129349584884,27680.1186883644,DL
98251,2024-02-29,2025-02-28,2026-01-31,stgcn,26439.475688009774,30956.834937222793,spatial_temporal
98251,2024-03-31,2025-03-31,2026-02-28,timemixer,25246.226471592043,27937.380218595114,DL
98251,2024-04-30,2025-04-30,2026-03-31,chronos2_zero,19551.78023994408,22089.767600430674,foundation
98251,2024-05-31,2025-05-31,2026-04-30,chronos2_zero,25211.829218156665,27616.338656272725,foundation
98251,2024-06-30,2025-06-30,2026-05-31,d2stgnn,20654.99832102522,25655.293105348148,spatial_temporal
98251,2024-07-31,2025-07-31,2026-06-30,d2stgnn,16657.175050116584,20626.302812481157,spatial_temporal
98251,2024-08-31,2025-08-31,2026-07-31,d2stgnn,10600.104445058576,13515.364378770397,spatial_temporal
98252,2016-03-31,2017-03-31,2018-02-28,graph_wavenet,12438.292860521547,15670.122932454684,spatial_temporal
98252,2016-04-30,2017-04-30,2018-03-31,dcrnn,11406.69767268182,14255.830453347802,spatial_temporal
98252,2016-05-31,2017-05-31,2018-04-30,graph_wavenet,11079.878064984494,14909.601295364895,spatial_temporal
98252,2016-06-30,2017-06-30,2018-05-31,dcrnn,12854.45501736176,15237.408974302829,spatial_temporal
98252,2016-07-31,2017-07-31,2018-06-30,graph_wavenet,14388.723062042773,19258.897720973324,spatial_temporal
98252,2016-08-31,2017-08-31,2018-07-31,stgcn,15434.116372893326,19610.46529536166,spatial_temporal
98252,2016-09-30,2017-09-30,2018-08-31,stgcn,21296.038615288795,25578.212498872443,spatial_temporal
98252,2016-10-31,2017-10-31,2018-09-30,stgcn,26707.1930709593,33794.6688840935,spatial_temporal
98252,2016-11-30,2017-11-30,2018-10-31,dlinear,27482.965119614368,33599.65954327864,DL
98252,2016-12-31,2017-12-31,2018-11-30,dlinear,26906.32546166438,31861.411596292008,DL
98252,2017-01-31,2018-01-31,2018-12-31,graph_wavenet,22625.881802036063,29914.1574627685,spatial_temporal
98252,2017-02-28,2018-02-28,2019-01-31,graph_wavenet,18719.59114865202,26559.390776666813,spatial_temporal
98252,2017-03-31,2018-03-31,2019-02-28,d2stgnn,16123.384789134614,22019.272637808645,spatial_temporal
98252,2017-04-30,2018-04-30,2019-03-31,itransformer,12349.308253974968,20613.100487758773,DL
98252,2017-05-31,2018-05-31,2019-04-30,d2stgnn,18188.051262239893,25944.7716337396,spatial_temporal
98252,2017-06-30,2018-06-30,2019-05-31,d2stgnn,19158.334072483765,24546.751835335486,spatial_temporal
98252,2017-07-31,2018-07-31,2019-06-30,d2stgnn,20806.28645367041,27277.375167778948,spatial_temporal
98252,2017-08-31,2018-08-31,2019-07-31,graph_wavenet,17031.461789134835,20253.40751442685,spatial_temporal
98252,2017-09-30,2018-09-30,2019-08-31,graph_wavenet,14147.778465454097,16716.988550583927,spatial_temporal
98252,2017-10-31,2018-10-31,2019-09-30,itransformer,13999.595252266367,18368.319347933062,DL
98252,2017-11-30,2018-11-30,2019-10-31,d2stgnn,16667.341062184027,23159.672407120448,spatial_temporal
98252,2017-12-31,2018-12-31,2019-11-30,itransformer,17414.53042958867,20964.68815611988,DL
98252,2018-01-31,2019-01-31,2019-12-31,dlinear,12213.510877896735,13637.877182249056,DL
98252,2018-02-28,2019-02-28,2020-01-31,dlinear,16558.175533358033,20907.120820101285,DL
98252,2018-03-31,2019-03-31,2020-02-29,dlinear,17735.535112152265,21743.390982718665,DL
98252,2018-04-30,2019-04-30,2020-03-31,dcrnn,17338.89178385257,22359.427126659582,spatial_temporal
98252,2018-05-31,2019-05-31,2020-04-30,dcrnn,11620.631435427165,17119.599002228526,spatial_temporal
98252,2018-06-30,2019-06-30,2020-05-31,dcrnn,10355.381743359414,14042.400458274313,spatial_temporal
98252,2018-07-31,2019-07-31,2020-06-30,patchtst,10097.97076467853,14065.28824445422,DL
98252,2018-08-31,2019-08-31,2020-07-31,d2stgnn,6275.952454706028,7675.346190519641,spatial_temporal
98252,2018-09-30,2019-09-30,2020-08-31,graph_wavenet,7371.701950169139,10069.745524063175,spatial_temporal
98252,2018-10-31,2019-10-31,2020-09-30,dcrnn,9644.311105829393,10534.762829000892,spatial_temporal
98252,2018-11-30,2019-11-30,2020-10-31,dcrnn,10239.514470523718,12891.454091192221,spatial_temporal
98252,2018-12-31,2019-12-31,2020-11-30,d2stgnn,9451.312290176977,11376.685558925303,spatial_temporal
98252,2019-01-31,2020-01-31,2020-12-31,d2stgnn,12044.885409384116,16212.43427350253,spatial_temporal
98252,2019-02-28,2020-02-29,2021-01-31,d2stgnn,14254.145186128386,16597.53269600487,spatial_temporal
98252,2019-03-31,2020-03-31,2021-02-28,dlinear,15347.798565990544,19809.964439374748,DL
98252,2019-04-30,2020-04-30,2021-03-31,d2stgnn,12309.937380201698,16720.167700440306,spatial_temporal
98252,2019-05-31,2020-05-31,2021-04-30,d2stgnn,21067.096143334875,27190.501358118145,spatial_temporal
98252,2019-06-30,2020-06-30,2021-05-31,d2stgnn,26661.830988537604,30765.180046577338,spatial_temporal
98252,2019-07-31,2020-07-31,2021-06-30,d2stgnn,32966.73295275974,43200.109762576314,spatial_temporal
98252,2019-08-31,2020-08-31,2021-07-31,graph_wavenet,34165.62440883835,48318.45820560614,spatial_temporal
98252,2019-09-30,2020-09-30,2021-08-31,dcrnn,39839.37198290579,52060.46779967635,spatial_temporal
98252,2019-10-31,2020-10-31,2021-09-30,dcrnn,37755.36104708528,47178.92533312667,spatial_temporal
98252,2019-11-30,2020-11-30,2021-10-31,dcrnn,35965.06053348278,43247.926480997216,spatial_temporal
98252,2019-12-31,2020-12-31,2021-11-30,dcrnn,37874.09391617916,45222.71869054348,spatial_temporal
98252,2020-01-31,2021-01-31,2021-12-31,graph_wavenet,35862.82627802097,45417.09345376018,spatial_temporal
98252,2020-02-29,2021-02-28,2022-01-31,graph_wavenet,31782.535842688925,39397.549150344275,spatial_temporal
98252,2020-03-31,2021-03-31,2022-02-28,itransformer,27136.75652986612,34940.230383410504,DL
98252,2020-04-30,2021-04-30,2022-03-31,graph_wavenet,28445.056366043747,37521.674589234535,spatial_temporal
98252,2020-05-31,2021-05-31,2022-04-30,itransformer,26116.698468450046,34645.92176066568,DL
98252,2020-06-30,2021-06-30,2022-05-31,graph_wavenet,22072.189386771905,27542.378500030685,spatial_temporal
98252,2020-07-31,2021-07-31,2022-06-30,timemixer,24324.06368815845,31425.90872012064,DL
98252,2020-08-31,2021-08-31,2022-07-31,stgcn,20839.121889567123,29202.663306371192,spatial_temporal
98252,2020-09-30,2021-09-30,2022-08-31,timemixer,8908.657121151648,11242.95010296096,DL
98252,2020-10-31,2021-10-31,2022-09-30,patchtst,9859.271265717436,11650.367649761964,DL
98252,2020-11-30,2021-11-30,2022-10-31,timesfm_zero,10480.594106490296,11598.397037030716,foundation
98252,2020-12-31,2021-12-31,2022-11-30,timesfm_zero,7832.894971481292,9081.726744539688,foundation
98252,2021-01-31,2022-01-31,2022-12-31,timesfm_zero,5532.6442161373225,7959.085813010294,foundation
98252,2021-02-28,2022-02-28,2023-01-31,timesfm_zero,8491.053387856658,11600.53509760723,foundation
98252,2021-03-31,2022-03-31,2023-02-28,chronos2_zero,13978.42865661424,16389.384658710376,foundation
98252,2021-04-30,2022-04-30,2023-03-31,chronos2_zero,13074.926568250512,13800.377120074683,foundation
98252,2021-05-31,2022-05-31,2023-04-30,stgformer,11818.361300077979,16348.66629655726,spatial_temporal
98252,2021-06-30,2022-06-30,2023-05-31,stgformer,13482.137617702561,16376.472607410717,spatial_temporal
98252,2021-07-31,2022-07-31,2023-06-30,d2stgnn,11272.969955529605,18220.206163154668,spatial_temporal
98252,2021-08-31,2022-08-31,2023-07-31,dcrnn,16155.325997145643,19066.579099572682,spatial_temporal
98252,2021-09-30,2022-09-30,2023-08-31,graph_wavenet,13440.594084400911,15206.684661970907,spatial_temporal
98252,2021-10-31,2022-10-31,2023-09-30,graph_wavenet,12108.46170633169,17648.731956028318,spatial_temporal
98252,2021-11-30,2022-11-30,2023-10-31,dcrnn,16041.867699858043,18216.655794778955,spatial_temporal
98252,2021-12-31,2022-12-31,2023-11-30,itransformer,13879.231470899802,16338.853653882643,DL
98252,2022-12-31,2023-12-31,2024-11-30,timesfm_zero,12479.03463973916,16185.994726631736,foundation
98252,2023-01-31,2024-01-31,2024-12-31,chronos2_zero,11726.096765329596,16704.552960202265,foundation
98252,2024-01-31,2025-01-31,2025-12-31,dcrnn,20431.68847241497,24814.149113463693,spatial_temporal
98252,2024-02-29,2025-02-28,2026-01-31,dcrnn,14021.613205553178,17682.223615542873,spatial_temporal
98252,2024-03-31,2025-03-31,2026-02-28,timemixer,11922.822286220538,16807.915915370653,DL
98252,2024-04-30,2025-04-30,2026-03-31,patchtst,17503.359086230445,25351.72292664211,DL
98252,2024-05-31,2025-05-31,2026-04-30,timemixer,20544.654804052687,31005.570558713545,DL
98252,2024-06-30,2025-06-30,2026-05-31,timemixer,23097.888148385595,27333.88864262044,DL
98252,2024-07-31,2025-07-31,2026-06-30,itransformer,21318.195559724525,33038.80537704181,DL
98252,2024-08-31,2025-08-31,2026-07-31,dcrnn,21982.387712688545,33224.99145435951,spatial_temporal
98258,2016-03-31,2017-03-31,2018-02-28,d2stgnn,7500.037994091351,9586.241646181645,spatial_temporal
98258,2016-04-30,2017-04-30,2018-03-31,d2stgnn,4268.920171208559,5940.078346318829,spatial_temporal
98258,2016-05-31,2017-05-31,2018-04-30,d2stgnn,3478.8475949442895,4209.285683668562,spatial_temporal
98258,2016-06-30,2017-06-30,2018-05-31,d2stgnn,5234.6314586682565,6317.453295215767,spatial_temporal
98258,2016-07-31,2017-07-31,2018-06-30,d2stgnn,4993.607315819968,6627.947211677646,spatial_temporal
98258,2016-08-31,2017-08-31,2018-07-31,graph_wavenet,7126.716563875564,8719.459763193121,spatial_temporal
98258,2016-09-30,2017-09-30,2018-08-31,d2stgnn,6219.764006049071,8951.2024126787,spatial_temporal
98258,2016-10-31,2017-10-31,2018-09-30,dcrnn,6460.713463016621,7486.928830406001,spatial_temporal
98258,2016-11-30,2017-11-30,2018-10-31,d2stgnn,6272.471512965737,7265.459178633732,spatial_temporal
98258,2016-12-31,2017-12-31,2018-11-30,d2stgnn,6278.235557697641,8419.326655554169,spatial_temporal
98258,2017-01-31,2018-01-31,2018-12-31,stgformer,3884.7564530488066,5045.99421655399,spatial_temporal
98258,2017-02-28,2018-02-28,2019-01-31,stgformer,7122.724593030168,9482.348188669803,spatial_temporal
98258,2017-03-31,2018-03-31,2019-02-28,timemixer,5461.223165018033,7220.686552477343,DL
98258,2017-04-30,2018-04-30,2019-03-31,timemixer,5961.932337982958,6822.37210471676,DL
98258,2017-05-31,2018-05-31,2019-04-30,timemixer,4176.18203003122,5631.810800205717,DL
98258,2017-06-30,2018-06-30,2019-05-31,dcrnn,6948.153514819263,8526.463200935224,spatial_temporal
98258,2017-07-31,2018-07-31,2019-06-30,graph_wavenet,5297.083603620505,7406.7718104708,spatial_temporal
98258,2017-08-31,2018-08-31,2019-07-31,graph_wavenet,5520.178891956588,6397.18322061079,spatial_temporal
98258,2017-09-30,2018-09-30,2019-08-31,dcrnn,5170.760395502036,6875.324782820997,spatial_temporal
98258,2017-10-31,2018-10-31,2019-09-30,dcrnn,5558.831598346743,7031.924188950592,spatial_temporal
98258,2017-11-30,2018-11-30,2019-10-31,patchtst,4602.6214164609655,5393.5283551952,DL
98258,2017-12-31,2018-12-31,2019-11-30,patchtst,4319.980760348277,4698.976539589746,DL
98258,2018-01-31,2019-01-31,2019-12-31,patchtst,5986.363546953119,7012.854146551606,DL
98258,2018-02-28,2019-02-28,2020-01-31,d2stgnn,5738.164172722463,6387.240413030803,spatial_temporal
98258,2018-03-31,2019-03-31,2020-02-29,d2stgnn,5998.6432564434845,7919.524410118411,spatial_temporal
98258,2018-04-30,2019-04-30,2020-03-31,d2stgnn,7832.413382016137,9527.090445569473,spatial_temporal
98258,2018-05-31,2019-05-31,2020-04-30,d2stgnn,7196.821577443999,8997.073118247316,spatial_temporal
98258,2018-06-30,2019-06-30,2020-05-31,dcrnn,9049.835185110089,11253.164576213927,spatial_temporal
98258,2018-07-31,2019-07-31,2020-06-30,dcrnn,7579.438729000384,9338.19133750212,spatial_temporal
98258,2018-08-31,2019-08-31,2020-07-31,dcrnn,7138.1411828951195,8900.492990736213,spatial_temporal
98258,2018-09-30,2019-09-30,2020-08-31,dcrnn,6349.991269170142,6851.808733737846,spatial_temporal
98258,2018-10-31,2019-10-31,2020-09-30,dcrnn,6043.283043706921,6922.6067531197195,spatial_temporal
98258,2018-11-30,2019-11-30,2020-10-31,dcrnn,5996.252284593269,6847.810913453034,spatial_temporal
98258,2018-12-31,2019-12-31,2020-11-30,dcrnn,5033.050230319102,6053.9993036528385,spatial_temporal
98258,2019-01-31,2020-01-31,2020-12-31,dcrnn,4926.89727215045,6253.658619676319,spatial_temporal
98258,2019-02-28,2020-02-29,2021-01-31,dcrnn,8353.370397725559,9394.144875181759,spatial_temporal
98258,2019-03-31,2020-03-31,2021-02-28,timemixer,6459.958626092232,7978.651701757221,DL
98258,2019-04-30,2020-04-30,2021-03-31,stgformer,10315.570678019343,12275.381808266346,spatial_temporal
98258,2019-05-31,2020-05-31,2021-04-30,stgformer,10558.400203044768,15489.663408602422,spatial_temporal
98258,2019-06-30,2020-06-30,2021-05-31,stgformer,16471.472671778407,24157.909249303044,spatial_temporal
98258,2019-07-31,2020-07-31,2021-06-30,stgformer,23209.050559987543,31048.990646979673,spatial_temporal
98258,2019-08-31,2020-08-31,2021-07-31,stgformer,27572.3446371782,35305.58798868223,spatial_temporal
98258,2019-09-30,2020-09-30,2021-08-31,stgformer,30458.208223282763,37632.08659442252,spatial_temporal
98258,2019-10-31,2020-10-31,2021-09-30,dcrnn,26028.132231985914,30009.74816136994,spatial_temporal
98258,2019-11-30,2020-11-30,2021-10-31,dcrnn,22443.264701667296,26687.658283244138,spatial_temporal
98258,2019-12-31,2020-12-31,2021-11-30,dcrnn,22656.710327445744,26619.694892369185,spatial_temporal
98258,2020-01-31,2021-01-31,2021-12-31,dcrnn,23636.33626616011,26406.13655717365,spatial_temporal
98258,2020-02-29,2021-02-28,2022-01-31,d2stgnn,19189.948207161,21453.273176880495,spatial_temporal
98258,2020-03-31,2021-03-31,2022-02-28,d2stgnn,14683.943244046619,17604.35682735854,spatial_temporal
98258,2020-04-30,2021-04-30,2022-03-31,d2stgnn,14152.659042239102,17747.297262807737,spatial_temporal
98258,2020-05-31,2021-05-31,2022-04-30,stgformer,14168.286779311748,16834.98485857959,spatial_temporal
98258,2020-06-30,2021-06-30,2022-05-31,stgformer,13485.511838678058,17583.147384640597,spatial_temporal
98258,2020-07-31,2021-07-31,2022-06-30,stgformer,21269.567469825106,24611.704013285987,spatial_temporal
98258,2020-08-31,2021-08-31,2022-07-31,graph_wavenet,25623.31563853593,29429.521836334552,spatial_temporal
98258,2020-09-30,2021-09-30,2022-08-31,timemixer,16954.162770274474,19968.37155613321,DL
98258,2020-10-31,2021-10-31,2022-09-30,d2stgnn,25957.233624713834,27869.418969861068,spatial_temporal
98258,2020-11-30,2021-11-30,2022-10-31,d2stgnn,22431.936924790487,25805.66364643482,spatial_temporal
98258,2020-12-31,2021-12-31,2022-11-30,d2stgnn,20017.025901452453,22681.420843602344,spatial_temporal
98258,2021-01-31,2022-01-31,2022-12-31,d2stgnn,17870.400547928224,23426.020701844158,spatial_temporal
98258,2021-02-28,2022-02-28,2023-01-31,dlinear,17901.11020962339,21840.376675862608,DL
98258,2021-03-31,2022-03-31,2023-02-28,dlinear,15072.651560775315,20082.598867064935,DL
98258,2021-04-30,2022-04-30,2023-03-31,timemixer,19788.515191712493,22129.688958769173,DL
98258,2021-05-31,2022-05-31,2023-04-30,dcrnn,10314.6530382595,13837.572024503084,spatial_temporal
98258,2021-06-30,2022-06-30,2023-05-31,dcrnn,17019.269399526296,26860.436282487753,spatial_temporal
98258,2021-07-31,2022-07-31,2023-06-30,itransformer,25099.67431716909,34398.91613730219,DL
98258,2021-08-31,2022-08-31,2023-07-31,dlinear,31499.42112608276,35690.03795864678,DL
98258,2021-09-30,2022-09-30,2023-08-31,dlinear,32867.7037865073,38701.81516153704,DL
98258,2021-10-31,2022-10-31,2023-09-30,dlinear,33071.349391822754,44085.82426883505,DL
98258,2021-11-30,2022-11-30,2023-10-31,dlinear,35275.65054589981,46138.64653712173,DL
98258,2021-12-31,2022-12-31,2023-11-30,dlinear,33917.55957627604,42410.65973549194,DL
98258,2022-12-31,2023-12-31,2024-11-30,timesfm_zero,18106.140598145266,22004.665416958967,foundation
98258,2023-01-31,2024-01-31,2024-12-31,timesfm_zero,22135.249450688552,25803.952390784852,foundation
98258,2024-01-31,2025-01-31,2025-12-31,timesfm_zero,16048.587197389725,18214.732741291326,foundation
98258,2024-02-29,2025-02-28,2026-01-31,timesfm_zero,17354.2646542984,20184.805733009234,foundation
98258,2024-03-31,2025-03-31,2026-02-28,timesfm_zero,14566.221694875954,16298.960253373767,foundation
98258,2024-04-30,2025-04-30,2026-03-31,timesfm_zero,20694.00758566942,23305.974517964103,foundation
98258,2024-05-31,2025-05-31,2026-04-30,stgcn,16483.444578301704,21553.550922359464,spatial_temporal
98258,2024-06-30,2025-06-30,2026-05-31,chronos2_zero,14317.729969169546,16550.693477659017,foundation
98258,2024-07-31,2025-07-31,2026-06-30,chronos2_zero,11016.903041727104,14542.614405109525,foundation
98258,2024-08-31,2025-08-31,2026-07-31,chronos2_zero,10975.879670092041,14049.746648129578,foundation
98270,2016-03-31,2017-03-31,2018-02-28,d2stgnn,4983.135672177625,6680.377399321899,spatial_temporal
98270,2016-04-30,2017-04-30,2018-03-31,timemixer,6845.364977920544,8372.796091270287,DL
98270,2016-05-31,2017-05-31,2018-04-30,d2stgnn,6958.801428445596,8279.072810197793,spatial_temporal
98270,2016-06-30,2017-06-30,2018-05-31,d2stgnn,5862.278100011948,7794.50200677492,spatial_temporal
98270,2016-07-31,2017-07-31,2018-06-30,stgformer,5505.892302962956,6750.358070429633,spatial_temporal
98270,2016-08-31,2017-08-31,2018-07-31,dcrnn,6108.936551092804,6950.747240765447,spatial_temporal
98270,2016-09-30,2017-09-30,2018-08-31,dcrnn,5468.123039453247,6451.826551172522,spatial_temporal
98270,2016-10-31,2017-10-31,2018-09-30,itransformer,3552.706151305043,4936.745395714824,DL
98270,2016-11-30,2017-11-30,2018-10-31,itransformer,5363.386338161658,6482.995658167026,DL
98270,2016-12-31,2017-12-31,2018-11-30,d2stgnn,5272.967841378438,6883.916576361738,spatial_temporal
98270,2017-01-31,2018-01-31,2018-12-31,d2stgnn,8044.85420655205,9176.953281753442,spatial_temporal
98270,2017-02-28,2018-02-28,2019-01-31,d2stgnn,8330.421755908925,9112.827441596126,spatial_temporal
98270,2017-03-31,2018-03-31,2019-02-28,dcrnn,6886.305214716073,7964.7624582671,spatial_temporal
98270,2017-04-30,2018-04-30,2019-03-31,dcrnn,6728.063985445299,7462.1558273497,spatial_temporal
98270,2017-05-31,2018-05-31,2019-04-30,dcrnn,6769.641372572024,7823.131665259922,spatial_temporal
98270,2017-06-30,2018-06-30,2019-05-31,dcrnn,6911.08856728414,8015.497973147002,spatial_temporal
98270,2017-07-31,2018-07-31,2019-06-30,dcrnn,5868.038009398263,7681.235717197664,spatial_temporal
98270,2017-08-31,2018-08-31,2019-07-31,dcrnn,5084.570636727833,7282.995741498662,spatial_temporal
98270,2017-09-30,2018-09-30,2019-08-31,d2stgnn,4923.913692707167,6643.279305100528,spatial_temporal
98270,2017-10-31,2018-10-31,2019-09-30,d2stgnn,5393.831329923026,6543.749112408134,spatial_temporal
98270,2017-11-30,2018-11-30,2019-10-31,d2stgnn,7406.55715257526,9293.196944221569,spatial_temporal
98270,2017-12-31,2018-12-31,2019-11-30,dlinear,7441.874933357399,8978.267324512231,DL
98270,2018-01-31,2019-01-31,2019-12-31,dlinear,5305.780983309024,7180.745491584532,DL
98270,2018-02-28,2019-02-28,2020-01-31,dlinear,7900.365420221836,9120.350302986615,DL
98270,2018-03-31,2019-03-31,2020-02-29,dcrnn,5430.45110662867,7112.929288734791,spatial_temporal
98270,2018-04-30,2019-04-30,2020-03-31,dcrnn,5831.702600765973,8272.58591762325,spatial_temporal
98270,2018-05-31,2019-05-31,2020-04-30,dlinear,5136.635907732959,6211.068290825767,DL
98270,2018-06-30,2019-06-30,2020-05-31,d2stgnn,7068.323819418768,8095.7523931048745,spatial_temporal
98270,2018-07-31,2019-07-31,2020-06-30,d2stgnn,8211.975126688209,9658.691894301232,spatial_temporal
98270,2018-08-31,2019-08-31,2020-07-31,d2stgnn,6585.838763296658,9356.891841979152,spatial_temporal
98270,2018-09-30,2019-09-30,2020-08-31,d2stgnn,5135.153028758102,6321.445628317853,spatial_temporal
98270,2018-10-31,2019-10-31,2020-09-30,d2stgnn,5838.131903357964,7635.214298093559,spatial_temporal
98270,2018-11-30,2019-11-30,2020-10-31,d2stgnn,6219.693301212498,7610.037860027036,spatial_temporal
98270,2018-12-31,2019-12-31,2020-11-30,d2stgnn,6854.883867852569,8204.36798814795,spatial_temporal
98270,2019-01-31,2020-01-31,2020-12-31,d2stgnn,7903.214578737723,8932.498966769332,spatial_temporal
98270,2019-02-28,2020-02-29,2021-01-31,dcrnn,8099.017579906776,9307.01359033445,spatial_temporal
98270,2019-03-31,2020-03-31,2021-02-28,dcrnn,9301.894541422982,11750.625443693989,spatial_temporal
98270,2019-04-30,2020-04-30,2021-03-31,stgformer,10261.252200287461,12378.855083304557,spatial_temporal
98270,2019-05-31,2020-05-31,2021-04-30,stgformer,11208.042004224437,14855.444848687708,spatial_temporal
98270,2019-06-30,2020-06-30,2021-05-31,stgformer,11539.461354409219,15443.272064861198,spatial_temporal
98270,2019-07-31,2020-07-31,2021-06-30,stgformer,9154.817085968089,13416.840927296784,spatial_temporal
98270,2019-08-31,2020-08-31,2021-07-31,stgformer,9120.02014455238,11340.691315098655,spatial_temporal
98270,2019-09-30,2020-09-30,2021-08-31,stgformer,9644.681159448985,12402.23685287468,spatial_temporal
98270,2019-10-31,2020-10-31,2021-09-30,stgformer,13084.738114064361,17260.22640636028,spatial_temporal
98270,2019-11-30,2020-11-30,2021-10-31,dcrnn,11248.404212215924,13038.31019882087,spatial_temporal
98270,2019-12-31,2020-12-31,2021-11-30,dcrnn,7467.717216688737,9033.813244902822,spatial_temporal
98270,2020-01-31,2021-01-31,2021-12-31,dcrnn,9787.479927046312,11433.736673497235,spatial_temporal
98270,2020-02-29,2021-02-28,2022-01-31,stgformer,12377.649363368933,16969.819231649926,spatial_temporal
98270,2020-03-31,2021-03-31,2022-02-28,stgformer,10485.35758363833,13247.937892120231,spatial_temporal
98270,2020-04-30,2021-04-30,2022-03-31,stgformer,11055.04622518342,15641.767736403383,spatial_temporal
98270,2020-05-31,2021-05-31,2022-04-30,stgformer,16322.97879565387,21090.308897357434,spatial_temporal
98270,2020-06-30,2021-06-30,2022-05-31,timemixer,15733.976758155806,19067.750040577874,DL
98270,2020-07-31,2021-07-31,2022-06-30,itransformer,14824.651703433608,20127.064098007722,DL
98270,2020-08-31,2021-08-31,2022-07-31,itransformer,11685.934982932173,14261.530631494888,DL
98270,2020-09-30,2021-09-30,2022-08-31,dcrnn,17569.794596249074,23706.571932456423,spatial_temporal
98270,2020-10-31,2021-10-31,2022-09-30,itransformer,22821.407333256484,24404.106953702027,DL
98270,2020-11-30,2021-11-30,2022-10-31,d2stgnn,24155.066674062662,32209.09602817518,spatial_temporal
98270,2020-12-31,2021-12-31,2022-11-30,d2stgnn,16391.642807161144,22284.686387565256,spatial_temporal
98270,2021-01-31,2022-01-31,2022-12-31,timemixer,19954.16409642361,25675.262736066874,DL
98270,2021-02-28,2022-02-28,2023-01-31,timemixer,10759.765671686444,14122.589628407437,DL
98270,2021-03-31,2022-03-31,2023-02-28,chronos2_zero,14360.080777679415,17428.954507470196,foundation
98270,2021-04-30,2022-04-30,2023-03-31,dcrnn,7970.152755668455,10577.675629606789,spatial_temporal
98270,2021-05-31,2022-05-31,2023-04-30,stgformer,12222.791455057237,16345.725134413751,spatial_temporal
98270,2021-06-30,2022-06-30,2023-05-31,timemixer,14715.343829511025,18022.249676909876,DL
98270,2021-07-31,2022-07-31,2023-06-30,dcrnn,6837.920867233722,8176.6752239759335,spatial_temporal
98270,2021-08-31,2022-08-31,2023-07-31,dcrnn,9401.128391908744,11263.429572884957,spatial_temporal
98270,2021-09-30,2022-09-30,2023-08-31,dcrnn,9004.594920499803,10287.616428163343,spatial_temporal
98270,2021-10-31,2022-10-31,2023-09-30,itransformer,8446.755996186848,10003.154602913472,DL
98270,2021-11-30,2022-11-30,2023-10-31,itransformer,8637.997508399625,10001.443800466861,DL
98270,2021-12-31,2022-12-31,2023-11-30,itransformer,5977.0604428325705,7516.604504117799,DL
98270,2022-12-31,2023-12-31,2024-11-30,timemixer,12463.029192031963,16677.056812611056,DL
98270,2023-01-31,2024-01-31,2024-12-31,dlinear,14246.421704866176,17466.830672796514,DL
98270,2024-01-31,2025-01-31,2025-12-31,chronos2_zero,12407.846302911872,14875.92878910319,foundation
98270,2024-02-29,2025-02-28,2026-01-31,chronos2_zero,11562.36113824642,13754.84285894605,foundation
98270,2024-03-31,2025-03-31,2026-02-28,chronos2_zero,21237.24719701907,25993.91324459262,foundation
98270,2024-04-30,2025-04-30,2026-03-31,stgcn,28453.494659854536,32034.636405283385,spatial_temporal
98270,2024-05-31,2025-05-31,2026-04-30,stgcn,29002.971358721436,30815.3087793816,spatial_temporal
98270,2024-06-30,2025-06-30,2026-05-31,stgcn,27819.959162874235,29321.262827659142,spatial_temporal
98270,2024-07-31,2025-07-31,2026-06-30,stgcn,21497.233152855344,24307.48042025121,spatial_temporal
98270,2024-08-31,2025-08-31,2026-07-31,stgcn,16855.042478644773,19385.84103450744,spatial_temporal
98271,2016-03-31,2017-03-31,2018-02-28,d2stgnn,7542.22447764892,8667.576105930295,spatial_temporal
98271,2016-04-30,2017-04-30,2018-03-31,d2stgnn,5425.243508035623,6673.07270107418,spatial_temporal
98271,2016-05-31,2017-05-31,2018-04-30,d2stgnn,6216.854279476276,7750.669960010376,spatial_temporal
98271,2016-06-30,2017-06-30,2018-05-31,dcrnn,8598.562116207459,11398.288910137842,spatial_temporal
98271,2016-07-31,2017-07-31,2018-06-30,dlinear,11114.700998402457,14278.037691159889,DL
98271,2016-08-31,2017-08-31,2018-07-31,dlinear,10971.639894154947,14808.323008715366,DL
98271,2016-09-30,2017-09-30,2018-08-31,graph_wavenet,12795.633434763042,17338.72575678004,spatial_temporal
98271,2016-10-31,2017-10-31,2018-09-30,d2stgnn,11496.416587162763,18088.29830532297,spatial_temporal
98271,2016-11-30,2017-11-30,2018-10-31,d2stgnn,12113.924684800882,17831.72115703189,spatial_temporal
98271,2016-12-31,2017-12-31,2018-11-30,d2stgnn,13451.404967343755,17803.2989668412,spatial_temporal
98271,2017-01-31,2018-01-31,2018-12-31,dlinear,10966.864296905589,13078.592877231416,DL
98271,2017-02-28,2018-02-28,2019-01-31,dlinear,9157.615194532113,11185.296131258514,DL
98271,2017-03-31,2018-03-31,2019-02-28,d2stgnn,11052.13113030396,13321.755292979009,spatial_temporal
98271,2017-04-30,2018-04-30,2019-03-31,d2stgnn,12537.961022204763,13634.66405088664,spatial_temporal
98271,2017-05-31,2018-05-31,2019-04-30,dcrnn,12774.834230816588,19037.747337933164,spatial_temporal
98271,2017-06-30,2018-06-30,2019-05-31,dcrnn,11076.892833113621,17185.731517702014,spatial_temporal
98271,2017-07-31,2018-07-31,2019-06-30,d2stgnn,9549.361419137082,12124.640732713444,spatial_temporal
98271,2017-08-31,2018-08-31,2019-07-31,d2stgnn,7523.915051182247,8695.682808865797,spatial_temporal
98271,2017-09-30,2018-09-30,2019-08-31,dcrnn,5318.250550193746,5788.487762747636,spatial_temporal
98271,2017-10-31,2018-10-31,2019-09-30,dcrnn,7341.365117074393,8802.231464454328,spatial_temporal
98271,2017-11-30,2018-11-30,2019-10-31,patchtst,8648.558644384591,9482.231477719428,DL
98271,2017-12-31,2018-12-31,2019-11-30,dcrnn,9085.940595903356,10871.979627853665,spatial_temporal
98271,2018-01-31,2019-01-31,2019-12-31,patchtst,10289.262940402166,12757.884906515754,DL
98271,2018-02-28,2019-02-28,2020-01-31,patchtst,10523.933022782445,13448.381205079033,DL
98271,2018-03-31,2019-03-31,2020-02-29,patchtst,9886.093175746297,12413.120086630066,DL
98271,2018-04-30,2019-04-30,2020-03-31,patchtst,10320.424282834481,11972.703605270968,DL
98271,2018-05-31,2019-05-31,2020-04-30,dlinear,11371.94923597112,15093.439730354765,DL
98271,2018-06-30,2019-06-30,2020-05-31,dlinear,9127.273500380708,11195.410254107364,DL
98271,2018-07-31,2019-07-31,2020-06-30,graph_wavenet,9100.6940716427,10526.746659554376,spatial_temporal
98271,2018-08-31,2019-08-31,2020-07-31,graph_wavenet,10244.87925945364,11830.058132855487,spatial_temporal
98271,2018-09-30,2019-09-30,2020-08-31,dcrnn,8012.530515229402,10045.397880228207,spatial_temporal
98271,2018-10-31,2019-10-31,2020-09-30,dcrnn,7264.279784277979,8687.031694338471,spatial_temporal
98271,2018-11-30,2019-11-30,2020-10-31,dcrnn,6651.684708251807,8067.88877773008,spatial_temporal
98271,2018-12-31,2019-12-31,2020-11-30,dcrnn,7255.395428739682,8502.886627830658,spatial_temporal
98271,2019-01-31,2020-01-31,2020-12-31,patchtst,6571.898418912407,8286.226443565134,DL
98271,2019-02-28,2020-02-29,2021-01-31,patchtst,7490.001608683665,9095.064221103488,DL
98271,2019-03-31,2020-03-31,2021-02-28,dcrnn,11787.006351568498,16074.541325930517,spatial_temporal
98271,2019-04-30,2020-04-30,2021-03-31,d2stgnn,13780.513713984756,18138.868277164525,spatial_temporal
98271,2019-05-31,2020-05-31,2021-04-30,d2stgnn,15842.565547786808,19438.041803512744,spatial_temporal
98271,2019-06-30,2020-06-30,2021-05-31,d2stgnn,18030.83733066935,24229.648122917388,spatial_temporal
98271,2019-07-31,2020-07-31,2021-06-30,d2stgnn,20124.54740902422,26099.24517497339,spatial_temporal
98271,2019-08-31,2020-08-31,2021-07-31,d2stgnn,17071.106873318076,21242.47027366954,spatial_temporal
98271,2019-09-30,2020-09-30,2021-08-31,dcrnn,21463.664429656837,25024.88921966173,spatial_temporal
98271,2019-10-31,2020-10-31,2021-09-30,dcrnn,15944.223323158532,19485.120446023742,spatial_temporal
98271,2019-11-30,2020-11-30,2021-10-31,dcrnn,16614.37072212767,22286.498890536423,spatial_temporal
98271,2019-12-31,2020-12-31,2021-11-30,d2stgnn,22354.38159207794,26195.315473116658,spatial_temporal
98271,2020-01-31,2021-01-31,2021-12-31,d2stgnn,13057.775681002482,17501.751977682008,spatial_temporal
98271,2020-02-29,2021-02-28,2022-01-31,graph_wavenet,11926.29834090329,14902.900103075483,spatial_temporal
98271,2020-03-31,2021-03-31,2022-02-28,graph_wavenet,11686.16816809363,15239.765383882524,spatial_temporal
98271,2020-04-30,2021-04-30,2022-03-31,d2stgnn,15441.71479612728,18383.551910320843,spatial_temporal
98271,2020-05-31,2021-05-31,2022-04-30,d2stgnn,17061.87598368087,23166.844830923485,spatial_temporal
98271,2020-06-30,2021-06-30,2022-05-31,d2stgnn,19285.50198684087,25740.3598646648,spatial_temporal
98271,2020-07-31,2021-07-31,2022-06-30,timemixer,19563.354272750188,25807.219813859945,DL
98271,2020-08-31,2021-08-31,2022-07-31,itransformer,13651.926042756686,18217.33570673943,DL
98271,2020-09-30,2021-09-30,2022-08-31,itransformer,11205.98831150542,13852.16150307875,DL
98271,2020-10-31,2021-10-31,2022-09-30,itransformer,13194.888655491086,18459.694840101543,DL
98271,2020-11-30,2021-11-30,2022-10-31,itransformer,17481.525684645243,25007.83702016903,DL
98271,2020-12-31,2021-12-31,2022-11-30,d2stgnn,24086.87439620146,28833.505838730238,spatial_temporal
98271,2021-01-31,2022-01-31,2022-12-31,d2stgnn,18109.59381206223,22512.43171934567,spatial_temporal
98271,2021-02-28,2022-02-28,2023-01-31,d2stgnn,19356.45777300362,24116.553827250034,spatial_temporal
98271,2021-03-31,2022-03-31,2023-02-28,d2stgnn,19044.246569104744,25544.390032330182,spatial_temporal
98271,2021-04-30,2022-04-30,2023-03-31,timemixer,18935.95231006465,25594.841525100925,DL
98271,2021-05-31,2022-05-31,2023-04-30,dcrnn,17492.493135681307,20586.582785017526,spatial_temporal
98271,2021-06-30,2022-06-30,2023-05-31,itransformer,14487.35065662601,16264.034632144205,DL
98271,2021-07-31,2022-07-31,2023-06-30,itransformer,14279.478666661433,17348.058533328996,DL
98271,2021-08-31,2022-08-31,2023-07-31,itransformer,13158.148692534383,17268.534822836104,DL
98271,2021-09-30,2022-09-30,2023-08-31,graph_wavenet,19215.457484490722,21661.703901697234,spatial_temporal
98271,2021-10-31,2022-10-31,2023-09-30,dcrnn,13890.95726738259,16426.089471419215,spatial_temporal
98271,2021-11-30,2022-11-30,2023-10-31,dcrnn,15627.397061923266,17422.321873259712,spatial_temporal
98271,2021-12-31,2022-12-31,2023-11-30,dcrnn,15271.731702267638,17487.09920211751,spatial_temporal
98271,2022-12-31,2023-12-31,2024-11-30,graph_wavenet,15062.394520711086,17771.962848346655,spatial_temporal
98271,2023-01-31,2024-01-31,2024-12-31,graph_wavenet,15466.831671164255,18818.241996496952,spatial_temporal
98271,2024-01-31,2025-01-31,2025-12-31,timesfm_zero,12666.66622690157,15414.05300399523,foundation
98271,2024-02-29,2025-02-28,2026-01-31,timesfm_zero,13955.416636403097,16395.533961706198,foundation
98271,2024-03-31,2025-03-31,2026-02-28,d2stgnn,16543.72906851393,28956.720213164706,spatial_temporal
98271,2024-04-30,2025-04-30,2026-03-31,timesfm_zero,17272.026318317658,18977.02278263876,foundation
98271,2024-05-31,2025-05-31,2026-04-30,timesfm_zero,13946.580864790894,15971.730705693286,foundation
98271,2024-06-30,2025-06-30,2026-05-31,timesfm_zero,12448.413623447783,14634.873773042307,foundation
98271,2024-07-31,2025-07-31,2026-06-30,timesfm_zero,14332.628294210648,17567.487707238874,foundation
98271,2024-08-31,2025-08-31,2026-07-31,timesfm_zero,19149.80418986539,22647.94732806248,foundation
98272,2016-03-31,2017-03-31,2018-02-28,itransformer,8028.6819979152015,9784.312016394673,DL
98272,2016-04-30,2017-04-30,2018-03-31,timemixer,8109.659764398976,10033.325594257913,DL
98272,2016-05-31,2017-05-31,2018-04-30,timemixer,10496.480791836831,12264.336706554706,DL
98272,2016-06-30,2017-06-30,2018-05-31,dlinear,10380.755098484437,12882.131310498882,DL
98272,2016-07-31,2017-07-31,2018-06-30,graph_wavenet,10266.10662179984,12854.858970446676,spatial_temporal
98272,2016-08-31,2017-08-31,2018-07-31,stgformer,11046.406851957721,14074.038344438017,spatial_temporal
98272,2016-09-30,2017-09-30,2018-08-31,d2stgnn,11554.830917592868,14719.650343852303,spatial_temporal
98272,2016-10-31,2017-10-31,2018-09-30,dlinear,13755.294266074785,17320.380862610342,DL
98272,2016-11-30,2017-11-30,2018-10-31,dlinear,13890.727536967388,20204.966925339104,DL
98272,2016-12-31,2017-12-31,2018-11-30,dlinear,19301.025777653504,22193.614827498408,DL
98272,2017-01-31,2018-01-31,2018-12-31,stgformer,23214.323008974796,28444.922754243224,spatial_temporal
98272,2017-02-28,2018-02-28,2019-01-31,d2stgnn,23215.84223863193,28488.50405595672,spatial_temporal
98272,2017-03-31,2018-03-31,2019-02-28,graph_wavenet,18630.32739326048,21576.573023053777,spatial_temporal
98272,2017-04-30,2018-04-30,2019-03-31,graph_wavenet,15605.266647605866,19146.109243532886,spatial_temporal
98272,2017-05-31,2018-05-31,2019-04-30,dcrnn,14277.211475608192,18132.169292480805,spatial_temporal
98272,2017-06-30,2018-06-30,2019-05-31,stgcn,12696.93213572164,16028.78350196078,spatial_temporal
98272,2017-07-31,2018-07-31,2019-06-30,patchtst,13322.540655813626,17503.399129526708,DL
98272,2017-08-31,2018-08-31,2019-07-31,patchtst,14108.297741715627,18273.529857231453,DL
98272,2017-09-30,2018-09-30,2019-08-31,patchtst,13863.116662790175,18472.059514127715,DL
98272,2017-10-31,2018-10-31,2019-09-30,patchtst,13196.529333622724,16330.303350704755,DL
98272,2017-11-30,2018-11-30,2019-10-31,patchtst,12817.566015528637,16305.092270852156,DL
98272,2017-12-31,2018-12-31,2019-11-30,itransformer,12122.352544788717,15787.135327667998,DL
98272,2018-01-31,2019-01-31,2019-12-31,patchtst,12466.46885878212,16336.828866444506,DL
98272,2018-02-28,2019-02-28,2020-01-31,dcrnn,8007.093080533746,11248.11221989868,spatial_temporal
98272,2018-03-31,2019-03-31,2020-02-29,graph_wavenet,10784.028486128256,12630.165120201214,spatial_temporal
98272,2018-04-30,2019-04-30,2020-03-31,itransformer,7775.79291359309,9286.307696872753,DL
98272,2018-05-31,2019-05-31,2020-04-30,itransformer,9779.41148090027,11199.708674911935,DL
98272,2018-06-30,2019-06-30,2020-05-31,stgcn,10957.008711052476,13674.221105027316,spatial_temporal
98272,2018-07-31,2019-07-31,2020-06-30,itransformer,12286.60385207081,16709.27069302946,DL
98272,2018-08-31,2019-08-31,2020-07-31,dcrnn,18871.583594304528,29945.362878090018,spatial_temporal
98272,2018-09-30,2019-09-30,2020-08-31,itransformer,16839.311639565505,21677.390288423605,DL
98272,2018-10-31,2019-10-31,2020-09-30,itransformer,17664.85321887145,21448.291949930313,DL
98272,2018-11-30,2019-11-30,2020-10-31,itransformer,15366.173976212129,19645.149040608685,DL
98272,2018-12-31,2019-12-31,2020-11-30,itransformer,16761.7641335817,21926.460701665932,DL
98272,2019-01-31,2020-01-31,2020-12-31,chronos2_zero,15748.288417864615,23339.54830513431,foundation
98272,2019-02-28,2020-02-29,2021-01-31,stgformer,19198.57559605222,26081.88472297066,spatial_temporal
98272,2019-03-31,2020-03-31,2021-02-28,stgformer,20316.214035899247,29197.373344901498,spatial_temporal
98272,2019-04-30,2020-04-30,2021-03-31,stgcn,28196.367396682617,38685.38373927036,spatial_temporal
98272,2019-05-31,2020-05-31,2021-04-30,stgformer,30582.699593630798,37366.66762484806,spatial_temporal
98272,2019-06-30,2020-06-30,2021-05-31,dcrnn,37797.74717760635,41955.67091251128,spatial_temporal
98272,2019-07-31,2020-07-31,2021-06-30,d2stgnn,32733.999017354683,36941.90442664651,spatial_temporal
98272,2019-08-31,2020-08-31,2021-07-31,dcrnn,31689.101327198787,36119.54240858077,spatial_temporal
98272,2019-09-30,2020-09-30,2021-08-31,dcrnn,25978.802789026795,28953.56505435848,spatial_temporal
98272,2019-10-31,2020-10-31,2021-09-30,dcrnn,18315.08828988617,20278.560323019323,spatial_temporal
98272,2019-11-30,2020-11-30,2021-10-31,dcrnn,9790.115692456175,11831.434854513853,spatial_temporal
98272,2019-12-31,2020-12-31,2021-11-30,dcrnn,11083.503106713944,12498.387425783196,spatial_temporal
98272,2020-01-31,2021-01-31,2021-12-31,dcrnn,13841.856860453758,16521.47856668977,spatial_temporal
98272,2020-02-29,2021-02-28,2022-01-31,graph_wavenet,13713.852919756144,18188.92205799893,spatial_temporal
98272,2020-03-31,2021-03-31,2022-02-28,dcrnn,15920.957554417817,23639.783573855202,spatial_temporal
98272,2020-04-30,2021-04-30,2022-03-31,d2stgnn,24986.481190735107,36988.12594977488,spatial_temporal
98272,2020-05-31,2021-05-31,2022-04-30,d2stgnn,35827.81927006945,56260.92610555788,spatial_temporal
98272,2020-06-30,2021-06-30,2022-05-31,timemixer,44026.679222471954,58941.977250222335,DL
98272,2020-07-31,2021-07-31,2022-06-30,timemixer,32509.83043337653,42258.96833215867,DL
98272,2020-08-31,2021-08-31,2022-07-31,itransformer,29223.256799210503,35266.90080574998,DL
98272,2020-09-30,2021-09-30,2022-08-31,itransformer,25732.820027877442,33572.026515107515,DL
98272,2020-10-31,2021-10-31,2022-09-30,itransformer,37582.2379459895,50449.79860012292,DL
98272,2020-11-30,2021-11-30,2022-10-31,itransformer,48112.68764122966,61699.50563777629,DL
98272,2020-12-31,2021-12-31,2022-11-30,d2stgnn,51053.47981918895,59197.26554165748,spatial_temporal
98272,2021-01-31,2022-01-31,2022-12-31,d2stgnn,43975.56259300949,51602.99785817182,spatial_temporal
98272,2021-02-28,2022-02-28,2023-01-31,d2stgnn,38070.31883759915,46873.53832307896,spatial_temporal
98272,2021-03-31,2022-03-31,2023-02-28,timemixer,37722.7867441185,42188.28599262463,DL
98272,2021-04-30,2022-04-30,2023-03-31,dcrnn,31348.82044045637,36786.66742773824,spatial_temporal
98272,2021-05-31,2022-05-31,2023-04-30,d2stgnn,36726.11541015661,50569.20952272745,spatial_temporal
98272,2021-06-30,2022-06-30,2023-05-31,chronos2_zero,36389.194954174105,48860.779336279265,foundation
98272,2021-07-31,2022-07-31,2023-06-30,timemixer,35171.31973052129,43093.32739510419,DL
98272,2021-08-31,2022-08-31,2023-07-31,stgcn,29240.999105368828,40886.35689663662,spatial_temporal
98272,2021-09-30,2022-09-30,2023-08-31,stgcn,21751.356753578526,28416.751335928508,spatial_temporal
98272,2021-10-31,2022-10-31,2023-09-30,timemixer,26763.558798460046,34610.66232076511,DL
98272,2021-11-30,2022-11-30,2023-10-31,dcrnn,22100.447730792715,30633.682579991255,spatial_temporal
98272,2021-12-31,2022-12-31,2023-11-30,dcrnn,28397.079977587215,33793.60389273804,spatial_temporal
98272,2022-12-31,2023-12-31,2024-11-30,graph_wavenet,12841.535838454787,18011.603054794447,spatial_temporal
98272,2023-01-31,2024-01-31,2024-12-31,graph_wavenet,18275.21162238295,25597.5392414125,spatial_temporal
98272,2024-01-31,2025-01-31,2025-12-31,itransformer,47051.643597944734,55226.608327133035,DL
98272,2024-02-29,2025-02-28,2026-01-31,timesfm_zero,52522.51414324792,56065.2379393155,foundation
98272,2024-03-31,2025-03-31,2026-02-28,timesfm_zero,33947.49731584409,37703.87635658279,foundation
98272,2024-04-30,2025-04-30,2026-03-31,timesfm_zero,32550.676554761227,39012.972870883765,foundation
98272,2024-05-31,2025-05-31,2026-04-30,timesfm_zero,41850.86915192284,48836.958510605924,foundation
98272,2024-06-30,2025-06-30,2026-05-31,timesfm_zero,39590.17997384114,48178.14037979847,foundation
98272,2024-07-31,2025-07-31,2026-06-30,stgcn,35607.97696411239,43192.973282735,spatial_temporal
98272,2024-08-31,2025-08-31,2026-07-31,stgcn,35081.901865276974,41047.80732208525,spatial_temporal
98275,2016-03-31,2017-03-31,2018-02-28,patchtst,26350.867255778023,32846.04550663485,DL
98275,2016-04-30,2017-04-30,2018-03-31,itransformer,28876.538438315667,32030.908516290674,DL
98275,2016-05-31,2017-05-31,2018-04-30,d2stgnn,25188.130874860497,28410.3733080794,spatial_temporal
98275,2016-06-30,2017-06-30,2018-05-31,graph_wavenet,23735.455351164303,28410.64312364332,spatial_temporal
98275,2016-07-31,2017-07-31,2018-06-30,patchtst,27449.197480458562,33151.45680246622,DL
98275,2016-08-31,2017-08-31,2018-07-31,patchtst,29087.93388482032,32215.525637551877,DL
98275,2016-09-30,2017-09-30,2018-08-31,patchtst,27252.53456386861,30361.658968109703,DL
98275,2016-10-31,2017-10-31,2018-09-30,patchtst,28282.48120656982,32429.21749937646,DL
98275,2016-11-30,2017-11-30,2018-10-31,itransformer,14893.386533801686,18342.738702852625,DL
98275,2016-12-31,2017-12-31,2018-11-30,graph_wavenet,13309.48410576353,16655.46503967114,spatial_temporal
98275,2017-01-31,2018-01-31,2018-12-31,itransformer,17379.437905291747,21820.792730888446,DL
98275,2017-02-28,2018-02-28,2019-01-31,d2stgnn,17968.63096986884,21436.229618567548,spatial_temporal
98275,2017-03-31,2018-03-31,2019-02-28,d2stgnn,20285.055100522073,25317.79054291593,spatial_temporal
98275,2017-04-30,2018-04-30,2019-03-31,itransformer,17097.001589045627,20875.589772380383,DL
98275,2017-05-31,2018-05-31,2019-04-30,timesfm_zero,10179.05173804285,12400.323023101859,foundation
98275,2017-06-30,2018-06-30,2019-05-31,timesfm_zero,14648.70631042345,20475.05149429875,foundation
98275,2017-07-31,2018-07-31,2019-06-30,timesfm_zero,13663.233597629645,19833.923693761768,foundation
98275,2017-08-31,2018-08-31,2019-07-31,graph_wavenet,16692.03606289862,21325.98605914495,spatial_temporal
98275,2017-09-30,2018-09-30,2019-08-31,timesfm_zero,16534.25502208069,21224.781458811434,foundation
98275,2017-10-31,2018-10-31,2019-09-30,patchtst,14129.496081053318,18204.565071967667,DL
98275,2017-11-30,2018-11-30,2019-10-31,itransformer,12433.086809227787,15468.658293796962,DL
98275,2017-12-31,2018-12-31,2019-11-30,stgformer,11460.69598425073,15473.534528843287,spatial_temporal
98275,2018-01-31,2019-01-31,2019-12-31,patchtst,13033.671617813156,17876.942560644264,DL
98275,2018-02-28,2019-02-28,2020-01-31,itransformer,11429.250230395992,14624.266072427557,DL
98275,2018-03-31,2019-03-31,2020-02-29,patchtst,14897.452677637048,18191.29233176584,DL
98275,2018-04-30,2019-04-30,2020-03-31,timemixer,12937.168283309196,15013.697570055081,DL
98275,2018-05-31,2019-05-31,2020-04-30,d2stgnn,12105.303328144228,15635.413269121756,spatial_temporal
98275,2018-06-30,2019-06-30,2020-05-31,stgformer,14839.586241993578,17168.549845539565,spatial_temporal
98275,2018-07-31,2019-07-31,2020-06-30,patchtst,15281.185655865469,17281.7767565383,DL
98275,2018-08-31,2019-08-31,2020-07-31,d2stgnn,15306.329567843524,16961.473516276765,spatial_temporal
98275,2018-09-30,2019-09-30,2020-08-31,d2stgnn,12905.95891230595,15890.430091350776,spatial_temporal
98275,2018-10-31,2019-10-31,2020-09-30,dlinear,10721.361350524638,11876.917957319078,DL
98275,2018-11-30,2019-11-30,2020-10-31,stgformer,17795.915412392333,22251.170754341492,spatial_temporal
98275,2018-12-31,2019-12-31,2020-11-30,dcrnn,19747.47266434167,22625.32806598929,spatial_temporal
98275,2019-01-31,2020-01-31,2020-12-31,patchtst,15510.170710984792,18950.002045253234,DL
98275,2019-02-28,2020-02-29,2021-01-31,stgformer,17626.4465196863,21017.801108769236,spatial_temporal
98275,2019-03-31,2020-03-31,2021-02-28,stgformer,24733.514946078543,27068.855308291422,spatial_temporal
98275,2019-04-30,2020-04-30,2021-03-31,d2stgnn,17272.80302571416,21999.74475819404,spatial_temporal
98275,2019-05-31,2020-05-31,2021-04-30,d2stgnn,14532.906168212745,17929.758045998995,spatial_temporal
98275,2019-06-30,2020-06-30,2021-05-31,patchtst,13697.76838238094,17224.077651516836,DL
98275,2019-07-31,2020-07-31,2021-06-30,dcrnn,17552.61156093491,24625.594428337994,spatial_temporal
98275,2019-08-31,2020-08-31,2021-07-31,timemixer,14767.720211487933,19370.74342185316,DL
98275,2019-09-30,2020-09-30,2021-08-31,d2stgnn,15543.043009289822,19374.95462515396,spatial_temporal
98275,2019-10-31,2020-10-31,2021-09-30,timemixer,20957.934374321165,29307.878281418623,DL
98275,2019-11-30,2020-11-30,2021-10-31,timemixer,24051.24062020969,30852.371646339285,DL
98275,2019-12-31,2020-12-31,2021-11-30,timemixer,24249.50328214164,27489.705694956636,DL
98275,2020-01-31,2021-01-31,2021-12-31,timemixer,21238.833876597433,28269.074055349094,DL
98275,2020-02-29,2021-02-28,2022-01-31,timemixer,22398.866030447087,29494.4218494627,DL
98275,2020-03-31,2021-03-31,2022-02-28,timemixer,26815.491230320808,32820.93202787345,DL
98275,2020-04-30,2021-04-30,2022-03-31,timemixer,28926.274145981017,36068.53018264267,DL
98275,2020-05-31,2021-05-31,2022-04-30,stgformer,26056.283224498213,31237.226303718282,spatial_temporal
98275,2020-06-30,2021-06-30,2022-05-31,timemixer,42301.979102727055,48957.63402905619,DL
98275,2020-07-31,2021-07-31,2022-06-30,timemixer,50618.70375165512,64362.2009158236,DL
98275,2020-08-31,2021-08-31,2022-07-31,timemixer,34979.00885657322,47763.57234071741,DL
98275,2020-09-30,2021-09-30,2022-08-31,timemixer,48464.511497689935,59064.79344355624,DL
98275,2020-10-31,2021-10-31,2022-09-30,d2stgnn,59808.29204435163,77992.38606455833,spatial_temporal
98275,2020-11-30,2021-11-30,2022-10-31,d2stgnn,58440.53705475016,72587.22166511083,spatial_temporal
98275,2020-12-31,2021-12-31,2022-11-30,d2stgnn,54667.08481643367,63852.480964639704,spatial_temporal
98275,2021-01-31,2022-01-31,2022-12-31,stgformer,46417.68508268579,65857.7679263007,spatial_temporal
98275,2021-02-28,2022-02-28,2023-01-31,d2stgnn,43941.51985583467,56841.964216735454,spatial_temporal
98275,2021-03-31,2022-03-31,2023-02-28,d2stgnn,48528.28671274983,59096.99966306278,spatial_temporal
98275,2021-04-30,2022-04-30,2023-03-31,d2stgnn,42203.187147653625,52385.36959557026,spatial_temporal
98275,2021-05-31,2022-05-31,2023-04-30,d2stgnn,40802.510473580965,45116.84041185326,spatial_temporal
98275,2021-06-30,2022-06-30,2023-05-31,d2stgnn,43220.99134156044,50772.41829538551,spatial_temporal
98275,2021-07-31,2022-07-31,2023-06-30,d2stgnn,40926.64570483906,46141.57610884202,spatial_temporal
98275,2021-08-31,2022-08-31,2023-07-31,d2stgnn,33761.727786741954,38547.95803137545,spatial_temporal
98275,2021-09-30,2022-09-30,2023-08-31,timemixer,33552.63884429083,46231.4851062643,DL
98275,2021-10-31,2022-10-31,2023-09-30,timemixer,29322.44542751864,44116.68184871847,DL
98275,2021-11-30,2022-11-30,2023-10-31,timemixer,18484.86388663636,25993.60854950978,DL
98275,2021-12-31,2022-12-31,2023-11-30,timemixer,19748.554628984566,22632.485966616758,DL
98275,2022-12-31,2023-12-31,2024-11-30,d2stgnn,31268.124618597318,37509.904788505846,spatial_temporal
98275,2023-01-31,2024-01-31,2024-12-31,graph_wavenet,31442.658444979403,36501.716611063246,spatial_temporal
98275,2024-01-31,2025-01-31,2025-12-31,graph_wavenet,45713.81558608807,68143.02040039597,spatial_temporal
98275,2024-02-29,2025-02-28,2026-01-31,itransformer,64620.171846043224,70427.34643508198,DL
98275,2024-03-31,2025-03-31,2026-02-28,chronos2_zero,42292.79480300329,47337.57920023322,foundation
98275,2024-04-30,2025-04-30,2026-03-31,chronos2_zero,41507.730119470354,49634.67940543182,foundation
98275,2024-05-31,2025-05-31,2026-04-30,chronos2_zero,41492.76988206245,51947.971113525295,foundation
98275,2024-06-30,2025-06-30,2026-05-31,timesfm_zero,51247.52851352244,65654.8470641164,foundation
98275,2024-07-31,2025-07-31,2026-06-30,chronos2_zero,68983.94040309083,79212.82920567477,foundation
98275,2024-08-31,2025-08-31,2026-07-31,chronos2_zero,54527.786034203105,68154.78126125225,foundation
98290,2016-03-31,2017-03-31,2018-02-28,dcrnn,10101.405937411682,12638.711411957987,spatial_temporal
98290,2016-04-30,2017-04-30,2018-03-31,stgcn,11422.696965235451,14165.435527579708,spatial_temporal
98290,2016-05-31,2017-05-31,2018-04-30,stgcn,10213.436176132725,13013.546727650113,spatial_temporal
98290,2016-06-30,2017-06-30,2018-05-31,d2stgnn,11619.946680087422,13385.073043115253,spatial_temporal
98290,2016-07-31,2017-07-31,2018-06-30,d2stgnn,9243.73530115455,11183.944755671651,spatial_temporal
98290,2016-08-31,2017-08-31,2018-07-31,d2stgnn,11919.171266757845,12755.352372500061,spatial_temporal
98290,2016-09-30,2017-09-30,2018-08-31,dcrnn,15275.153007072076,16135.26407720568,spatial_temporal
98290,2016-10-31,2017-10-31,2018-09-30,dcrnn,16915.479761393985,18135.787546583073,spatial_temporal
98290,2016-11-30,2017-11-30,2018-10-31,stgcn,15984.509054801092,17706.91872166702,spatial_temporal
98290,2016-12-31,2017-12-31,2018-11-30,stgcn,11072.361968244144,13999.192211809903,spatial_temporal
98290,2017-01-31,2018-01-31,2018-12-31,stgcn,7357.296854393247,10614.886804345286,spatial_temporal
98290,2017-02-28,2018-02-28,2019-01-31,dcrnn,6870.023580081684,8183.484029137014,spatial_temporal
98290,2017-03-31,2018-03-31,2019-02-28,stgcn,8742.79342755458,10873.282843897141,spatial_temporal
98290,2017-04-30,2018-04-30,2019-03-31,stgcn,7758.18867171937,10175.691350999645,spatial_temporal
98290,2017-05-31,2018-05-31,2019-04-30,stgcn,9989.019226914737,14263.950809073334,spatial_temporal
98290,2017-06-30,2018-06-30,2019-05-31,itransformer,10712.013355715724,12164.317077994963,DL
98290,2017-07-31,2018-07-31,2019-06-30,itransformer,9115.229081285206,11623.085908575618,DL
98290,2017-08-31,2018-08-31,2019-07-31,stgcn,8844.904720292921,10340.361724904138,spatial_temporal
98290,2017-09-30,2018-09-30,2019-08-31,itransformer,8318.161254235127,9544.344304219192,DL
98290,2017-10-31,2018-10-31,2019-09-30,stgcn,11812.846855441001,15438.36148222699,spatial_temporal
98290,2017-11-30,2018-11-30,2019-10-31,patchtst,10902.597004169735,12318.730588378066,DL
98290,2017-12-31,2018-12-31,2019-11-30,dcrnn,9751.463288642515,12489.996030159919,spatial_temporal
98290,2018-01-31,2019-01-31,2019-12-31,dcrnn,9267.32487222399,11819.089385493638,spatial_temporal
98290,2018-02-28,2019-02-28,2020-01-31,itransformer,6973.953289156799,10017.889318044408,DL
98290,2018-03-31,2019-03-31,2020-02-29,patchtst,6483.07740784778,7965.8457081901515,DL
98290,2018-04-30,2019-04-30,2020-03-31,itransformer,6192.168948848761,7697.0943688803745,DL
98290,2018-05-31,2019-05-31,2020-04-30,itransformer,6598.465217100922,8628.150876302567,DL
98290,2018-06-30,2019-06-30,2020-05-31,itransformer,8482.624440173502,10189.63995861873,DL
98290,2018-07-31,2019-07-31,2020-06-30,patchtst,8256.747917675442,11938.941079441729,DL
98290,2018-08-31,2019-08-31,2020-07-31,stgcn,9534.045217895793,13163.637112907249,spatial_temporal
98290,2018-09-30,2019-09-30,2020-08-31,graph_wavenet,9210.17036819851,12050.87509328645,spatial_temporal
98290,2018-10-31,2019-10-31,2020-09-30,itransformer,7414.681734617993,10354.901551367018,DL
98290,2018-11-30,2019-11-30,2020-10-31,itransformer,9092.477697884218,15835.486895985177,DL
98290,2018-12-31,2019-12-31,2020-11-30,stgcn,12756.439771272338,15704.746603437055,spatial_temporal
98290,2019-01-31,2020-01-31,2020-12-31,stgcn,11184.761085902943,13154.76080925303,spatial_temporal
98290,2019-02-28,2020-02-29,2021-01-31,patchtst,6674.404374582383,9345.554741169552,DL
98290,2019-03-31,2020-03-31,2021-02-28,patchtst,8277.238897977755,13308.477026781977,DL
98290,2019-04-30,2020-04-30,2021-03-31,dcrnn,10606.611542964267,12956.790842601888,spatial_temporal
98290,2019-05-31,2020-05-31,2021-04-30,dcrnn,10913.997654476707,14460.934557002038,spatial_temporal
98290,2019-06-30,2020-06-30,2021-05-31,dcrnn,14270.726662395202,19486.100914757808,spatial_temporal
98290,2019-07-31,2020-07-31,2021-06-30,dcrnn,15695.762176877577,24141.770581178265,spatial_temporal
98290,2019-08-31,2020-08-31,2021-07-31,dcrnn,20196.970926105267,24062.991401350744,spatial_temporal
98290,2019-09-30,2020-09-30,2021-08-31,dcrnn,23344.096438827237,25629.327912480738,spatial_temporal
98290,2019-10-31,2020-10-31,2021-09-30,stgformer,25725.362035171176,30188.53669306138,spatial_temporal
98290,2019-11-30,2020-11-30,2021-10-31,stgformer,25475.047411024705,30164.340475925743,spatial_temporal
98290,2019-12-31,2020-12-31,2021-11-30,stgformer,22554.732058562542,26459.905566565165,spatial_temporal
98290,2020-01-31,2021-01-31,2021-12-31,patchtst,23368.2836731425,26376.020770025036,DL
98290,2020-02-29,2021-02-28,2022-01-31,dcrnn,15462.14270221603,18070.08993745217,spatial_temporal
98290,2020-03-31,2021-03-31,2022-02-28,patchtst,21349.887877791374,23812.19956637666,DL
98290,2020-04-30,2021-04-30,2022-03-31,dcrnn,15359.922753201457,18835.581357951716,spatial_temporal
98290,2020-05-31,2021-05-31,2022-04-30,dcrnn,19684.21853679525,28227.823765205398,spatial_temporal
98290,2020-06-30,2021-06-30,2022-05-31,patchtst,21848.69545918195,29859.076526106957,DL
98290,2020-07-31,2021-07-31,2022-06-30,timemixer,19190.790813259326,22320.591068912585,DL
98290,2020-08-31,2021-08-31,2022-07-31,timemixer,9498.55281202304,12354.644233187342,DL
98290,2020-09-30,2021-09-30,2022-08-31,timemixer,13997.15056382236,20972.429835282503,DL
98290,2020-10-31,2021-10-31,2022-09-30,itransformer,19533.856867324823,25263.438027578537,DL
98290,2020-11-30,2021-11-30,2022-10-31,itransformer,21877.71402830914,29232.637351231475,DL
98290,2020-12-31,2021-12-31,2022-11-30,d2stgnn,34689.12542720462,47504.838546701656,spatial_temporal
98290,2021-01-31,2022-01-31,2022-12-31,d2stgnn,39360.36649335884,52468.33756260724,spatial_temporal
98290,2021-02-28,2022-02-28,2023-01-31,timemixer,43093.82125917468,54717.263703185854,DL
98290,2021-03-31,2022-03-31,2023-02-28,chronos2_zero,38125.81750942332,48631.91860144414,foundation
98290,2021-04-30,2022-04-30,2023-03-31,timemixer,29432.088032542368,38388.66072222908,DL
98290,2021-05-31,2022-05-31,2023-04-30,timemixer,34456.54183688585,40804.26335863274,DL
98290,2021-06-30,2022-06-30,2023-05-31,stgformer,29374.91250340817,40455.42396072076,spatial_temporal
98290,2021-07-31,2022-07-31,2023-06-30,stgformer,23676.338336882396,32688.709800584624,spatial_temporal
98290,2021-08-31,2022-08-31,2023-07-31,stgformer,37732.24534528283,42157.61129756779,spatial_temporal
98290,2021-09-30,2022-09-30,2023-08-31,graph_wavenet,28973.407587270533,36945.90522759465,spatial_temporal
98290,2021-10-31,2022-10-31,2023-09-30,graph_wavenet,30429.076782612625,38708.32981581015,spatial_temporal
98290,2021-11-30,2022-11-30,2023-10-31,timesfm_zero,31466.887566544727,41013.460037202036,foundation
98290,2021-12-31,2022-12-31,2023-11-30,timesfm_zero,25899.89602249824,33021.867866474175,foundation
98290,2022-12-31,2023-12-31,2024-11-30,chronos2_zero,34308.378753394376,41787.668131515355,foundation
98290,2023-01-31,2024-01-31,2024-12-31,chronos2_zero,43722.0721257997,52408.14928955352,foundation
98290,2024-01-31,2025-01-31,2025-12-31,timemixer,24180.11659925623,29112.453342103698,DL
98290,2024-02-29,2025-02-28,2026-01-31,timemixer,25886.489852784533,34369.40991040197,DL
98290,2024-03-31,2025-03-31,2026-02-28,d2stgnn,27975.811432013637,35484.53316988295,spatial_temporal
98290,2024-04-30,2025-04-30,2026-03-31,stgformer,26661.466642823973,32977.50261582765,spatial_temporal
98290,2024-05-31,2025-05-31,2026-04-30,timemixer,34696.36798530106,45512.86964308724,DL
98290,2024-06-30,2025-06-30,2026-05-31,d2stgnn,35670.82147084188,42422.04394641869,spatial_temporal
98290,2024-07-31,2025-07-31,2026-06-30,dcrnn,32616.085765667987,40851.451616544815,spatial_temporal
98290,2024-08-31,2025-08-31,2026-07-31,dlinear,30119.391834685404,37403.57017520507,DL
98292,2016-03-31,2017-03-31,2018-02-28,d2stgnn,15680.069496787843,19480.554609951825,spatial_temporal
98292,2016-04-30,2017-04-30,2018-03-31,graph_wavenet,18003.99376118657,21596.70468514983,spatial_temporal
98292,2016-05-31,2017-05-31,2018-04-30,d2stgnn,17423.449791569354,20743.7125672051,spatial_temporal
98292,2016-06-30,2017-06-30,2018-05-31,d2stgnn,17335.32017673792,21636.236806712248,spatial_temporal
98292,2016-07-31,2017-07-31,2018-06-30,d2stgnn,20012.05236790753,22959.706689770646,spatial_temporal
98292,2016-08-31,2017-08-31,2018-07-31,d2stgnn,18902.457855424946,23926.95751192921,spatial_temporal
98292,2016-09-30,2017-09-30,2018-08-31,stgformer,16055.647381345645,19093.509755533,spatial_temporal
98292,2016-10-31,2017-10-31,2018-09-30,stgformer,16403.961447974914,18795.454744246854,spatial_temporal
98292,2016-11-30,2017-11-30,2018-10-31,dlinear,13292.00770832732,19024.78442194501,DL
98292,2016-12-31,2017-12-31,2018-11-30,dlinear,14757.640914104239,18231.57499065095,DL
98292,2017-01-31,2018-01-31,2018-12-31,dlinear,13223.686806005775,14825.309676464272,DL
98292,2017-02-28,2018-02-28,2019-01-31,dlinear,14632.569943208422,18811.963503946972,DL
98292,2017-03-31,2018-03-31,2019-02-28,d2stgnn,14008.443954611774,16144.444414168913,spatial_temporal
98292,2017-04-30,2018-04-30,2019-03-31,d2stgnn,11788.827410652279,13243.11652915822,spatial_temporal
98292,2017-05-31,2018-05-31,2019-04-30,graph_wavenet,11286.326877329106,13349.743062687407,spatial_temporal
98292,2017-06-30,2018-06-30,2019-05-31,graph_wavenet,11074.016333112231,12761.258106045669,spatial_temporal
98292,2017-07-31,2018-07-31,2019-06-30,chronos2_zero,8237.284516408288,9959.830207348312,foundation
98292,2017-08-31,2018-08-31,2019-07-31,patchtst,12541.758240470392,14372.22176068659,DL
98292,2017-09-30,2018-09-30,2019-08-31,patchtst,10212.17280007127,13283.248592998509,DL
98292,2017-10-31,2018-10-31,2019-09-30,patchtst,8963.271464772604,11487.533944611472,DL
98292,2017-11-30,2018-11-30,2019-10-31,patchtst,6402.468366308676,7789.527632324556,DL
98292,2017-12-31,2018-12-31,2019-11-30,d2stgnn,7653.37841538855,9370.061251016632,spatial_temporal
98292,2018-01-31,2019-01-31,2019-12-31,d2stgnn,8944.542027896567,11636.538455296628,spatial_temporal
98292,2018-02-28,2019-02-28,2020-01-31,timemixer,3835.341329298962,4065.1918426203324,DL
98292,2018-03-31,2019-03-31,2020-02-29,itransformer,4167.193364484265,4845.180745117559,DL
98292,2018-04-30,2019-04-30,2020-03-31,patchtst,5263.947421033804,6318.228127418028,DL
98292,2018-05-31,2019-05-31,2020-04-30,patchtst,6297.925606267163,7804.571599278871,DL
98292,2018-06-30,2019-06-30,2020-05-31,d2stgnn,9071.188015948379,10053.963709008505,spatial_temporal
98292,2018-07-31,2019-07-31,2020-06-30,d2stgnn,8417.07885390184,9914.543960157198,spatial_temporal
98292,2018-08-31,2019-08-31,2020-07-31,d2stgnn,9559.659910120312,12813.654853522861,spatial_temporal
98292,2018-09-30,2019-09-30,2020-08-31,patchtst,10230.763715666442,15076.434242404479,DL
98292,2018-10-31,2019-10-31,2020-09-30,stgformer,7810.365168641612,10782.632050396653,spatial_temporal
98292,2018-11-30,2019-11-30,2020-10-31,d2stgnn,7336.003959355425,9682.307649638657,spatial_temporal
98292,2018-12-31,2019-12-31,2020-11-30,d2stgnn,13035.35829552848,18508.36327136772,spatial_temporal
98292,2019-01-31,2020-01-31,2020-12-31,stgcn,14174.997699774982,17026.26260876431,spatial_temporal
98292,2019-02-28,2020-02-29,2021-01-31,stgcn,14186.987174995118,17330.172302395913,spatial_temporal
98292,2019-03-31,2020-03-31,2021-02-28,patchtst,15579.359293288318,18477.62166560526,DL
98292,2019-04-30,2020-04-30,2021-03-31,d2stgnn,17931.08916203912,23703.052017619746,spatial_temporal
98292,2019-05-31,2020-05-31,2021-04-30,d2stgnn,17238.774403103336,23709.224943755475,spatial_temporal
98292,2019-06-30,2020-06-30,2021-05-31,d2stgnn,18687.39037338572,24429.283522198275,spatial_temporal
98292,2019-07-31,2020-07-31,2021-06-30,stgformer,23474.59826225207,28707.51388281236,spatial_temporal
98292,2019-08-31,2020-08-31,2021-07-31,stgformer,24543.536955677435,30455.097153575967,spatial_temporal
98292,2019-09-30,2020-09-30,2021-08-31,stgformer,21569.298164269174,28769.155356859075,spatial_temporal
98292,2019-10-31,2020-10-31,2021-09-30,dcrnn,22450.665948858597,29182.920438210043,spatial_temporal
98292,2019-11-30,2020-11-30,2021-10-31,dcrnn,20011.595409605652,24296.037667766956,spatial_temporal
98292,2019-12-31,2020-12-31,2021-11-30,dcrnn,18879.061433155297,23184.704880930913,spatial_temporal
98292,2020-01-31,2021-01-31,2021-12-31,patchtst,17576.293465387276,23720.867980472485,DL
98292,2020-02-29,2021-02-28,2022-01-31,stgformer,12520.704869730855,17831.40164853328,spatial_temporal
98292,2020-03-31,2021-03-31,2022-02-28,stgformer,12626.550045817034,15503.645131061054,spatial_temporal
98292,2020-04-30,2021-04-30,2022-03-31,timemixer,12142.416173443848,14120.920150433305,DL
98292,2020-05-31,2021-05-31,2022-04-30,graph_wavenet,13014.577065048486,15330.876343511205,spatial_temporal
98292,2020-06-30,2021-06-30,2022-05-31,timemixer,14473.447049085158,16785.73281068824,DL
98292,2020-07-31,2021-07-31,2022-06-30,graph_wavenet,11924.530619097184,13127.89185194918,spatial_temporal
98292,2020-08-31,2021-08-31,2022-07-31,patchtst,13822.388336772963,15348.498906877972,DL
98292,2020-09-30,2021-09-30,2022-08-31,d2stgnn,14655.901783730214,18463.54621000002,spatial_temporal
98292,2020-10-31,2021-10-31,2022-09-30,graph_wavenet,17801.02241409704,23693.044004492116,spatial_temporal
98292,2020-11-30,2021-11-30,2022-10-31,timemixer,19187.07285913073,26296.993783033264,DL
98292,2020-12-31,2021-12-31,2022-11-30,stgcn,22395.984736097354,28330.769746007838,spatial_temporal
98292,2021-01-31,2022-01-31,2022-12-31,timemixer,24491.732081100217,32022.691705106776,DL
98292,2021-02-28,2022-02-28,2023-01-31,dlinear,27198.66345216034,32119.55123806984,DL
98292,2021-03-31,2022-03-31,2023-02-28,dlinear,32528.838984416925,45081.257962625314,DL
98292,2021-04-30,2022-04-30,2023-03-31,d2stgnn,39838.382126288045,49369.617992564294,spatial_temporal
98292,2021-05-31,2022-05-31,2023-04-30,timemixer,34307.105848331405,43846.305382722545,DL
98292,2021-06-30,2022-06-30,2023-05-31,timemixer,38141.10845507899,52101.15299433924,DL
98292,2021-07-31,2022-07-31,2023-06-30,d2stgnn,41806.939305839995,51821.533696298495,spatial_temporal
98292,2021-08-31,2022-08-31,2023-07-31,d2stgnn,42096.10983647958,50886.02063037156,spatial_temporal
98292,2021-09-30,2022-09-30,2023-08-31,d2stgnn,38486.81737541329,50138.12664766568,spatial_temporal
98292,2021-10-31,2022-10-31,2023-09-30,d2stgnn,32601.450413733593,43992.75572824429,spatial_temporal
98292,2021-11-30,2022-11-30,2023-10-31,d2stgnn,33615.953378568556,42891.69461546627,spatial_temporal
98292,2021-12-31,2022-12-31,2023-11-30,timesfm_zero,31835.15636800208,43370.770759180465,foundation
98292,2022-12-31,2023-12-31,2024-11-30,itransformer,12484.314909396713,14826.438978542978,DL
98292,2023-01-31,2024-01-31,2024-12-31,d2stgnn,13657.658402674415,17787.682451512675,spatial_temporal
98292,2024-01-31,2025-01-31,2025-12-31,chronos2_zero,21726.457305449276,25185.210751037564,foundation
98292,2024-02-29,2025-02-28,2026-01-31,chronos2_zero,10598.355118099667,14600.035197705793,foundation
98292,2024-03-31,2025-03-31,2026-02-28,chronos2_zero,12843.665918971927,16394.921363105845,foundation
98292,2024-04-30,2025-04-30,2026-03-31,chronos2_zero,11985.659724506122,15625.761359451903,foundation
98292,2024-05-31,2025-05-31,2026-04-30,chronos2_zero,11867.056453333595,15113.954094228631,foundation
98292,2024-06-30,2025-06-30,2026-05-31,timesfm_zero,12853.160316433437,17883.857033909375,foundation
98292,2024-07-31,2025-07-31,2026-06-30,timesfm_zero,14620.310204316242,19333.674607233366,foundation
98292,2024-08-31,2025-08-31,2026-07-31,graph_wavenet,11744.68374022925,13950.375965306912,spatial_temporal
98294,2016-03-31,2017-03-31,2018-02-28,timemixer,15039.03246436594,18584.141537952913,DL
98294,2016-04-30,2017-04-30,2018-03-31,d2stgnn,14910.529155004426,18045.68216218571,spatial_temporal
98294,2016-05-31,2017-05-31,2018-04-30,d2stgnn,10635.850358048381,14583.235928605098,spatial_temporal
98294,2016-06-30,2017-06-30,2018-05-31,d2stgnn,12803.579826187983,15565.491760213145,spatial_temporal
98294,2016-07-31,2017-07-31,2018-06-30,graph_wavenet,14278.039311677543,16572.030320633512,spatial_temporal
98294,2016-08-31,2017-08-31,2018-07-31,graph_wavenet,13021.729522058342,14555.5638318738,spatial_temporal
98294,2016-09-30,2017-09-30,2018-08-31,graph_wavenet,12464.757179821527,13442.923256466436,spatial_temporal
98294,2016-10-31,2017-10-31,2018-09-30,graph_wavenet,11686.335831192342,13802.410741099393,spatial_temporal
98294,2016-11-30,2017-11-30,2018-10-31,stgformer,12046.348972503261,14417.714250951956,spatial_temporal
98294,2016-12-31,2017-12-31,2018-11-30,stgformer,11120.37375569248,13004.230228800205,spatial_temporal
98294,2017-01-31,2018-01-31,2018-12-31,stgformer,13539.55538019308,15600.508072111816,spatial_temporal
98294,2017-02-28,2018-02-28,2019-01-31,graph_wavenet,10711.972023665585,13228.717563127522,spatial_temporal
98294,2017-03-31,2018-03-31,2019-02-28,dlinear,8702.676454186405,10594.689717535459,DL
98294,2017-04-30,2018-04-30,2019-03-31,dlinear,10387.309536335923,12934.832007164046,DL
98294,2017-05-31,2018-05-31,2019-04-30,stgformer,8644.453849778414,10952.071243736927,spatial_temporal
98294,2017-06-30,2018-06-30,2019-05-31,stgformer,9815.97659877725,11714.605102594667,spatial_temporal
98294,2017-07-31,2018-07-31,2019-06-30,d2stgnn,9064.255962020048,12998.48228109825,spatial_temporal
98294,2017-08-31,2018-08-31,2019-07-31,graph_wavenet,8013.865653179135,10471.462212121805,spatial_temporal
98294,2017-09-30,2018-09-30,2019-08-31,graph_wavenet,8833.397173948542,10956.410021777752,spatial_temporal
98294,2017-10-31,2018-10-31,2019-09-30,dlinear,8243.572679317527,10204.347703439673,DL
98294,2017-11-30,2018-11-30,2019-10-31,itransformer,7770.086251170466,10011.576032087147,DL
98294,2017-12-31,2018-12-31,2019-11-30,stgformer,9045.949905285646,10300.488510376053,spatial_temporal
98294,2018-01-31,2019-01-31,2019-12-31,dlinear,12505.71438399697,15399.276177154441,DL
98294,2018-02-28,2019-02-28,2020-01-31,dlinear,14860.311504846648,18743.80792836327,DL
98294,2018-03-31,2019-03-31,2020-02-29,dlinear,12404.043929231499,17392.64893363018,DL
98294,2018-04-30,2019-04-30,2020-03-31,dlinear,9755.493839346474,11846.112261079994,DL
98294,2018-05-31,2019-05-31,2020-04-30,dlinear,12306.228181635359,14168.265689807522,DL
98294,2018-06-30,2019-06-30,2020-05-31,dlinear,9996.872960643615,12420.624752017591,DL
98294,2018-07-31,2019-07-31,2020-06-30,timemixer,12366.063132824589,14361.461957266318,DL
98294,2018-08-31,2019-08-31,2020-07-31,dlinear,11034.503644501456,13165.571990074393,DL
98294,2018-09-30,2019-09-30,2020-08-31,dlinear,4804.873614309225,6938.8163895774205,DL
98294,2018-10-31,2019-10-31,2020-09-30,d2stgnn,10015.547631672083,13827.690312063165,spatial_temporal
98294,2018-11-30,2019-11-30,2020-10-31,d2stgnn,9440.599449053698,11671.246681611972,spatial_temporal
98294,2018-12-31,2019-12-31,2020-11-30,d2stgnn,6771.884501205146,9255.69937461759,spatial_temporal
98294,2019-01-31,2020-01-31,2020-12-31,stgformer,7290.308869005293,8968.13799564553,spatial_temporal
98294,2019-02-28,2020-02-29,2021-01-31,stgformer,7231.510419495971,8851.113009266253,spatial_temporal
98294,2019-03-31,2020-03-31,2021-02-28,stgformer,5340.883910871115,6653.068392217606,spatial_temporal
98294,2019-04-30,2020-04-30,2021-03-31,dlinear,5336.203531969964,6979.3447250563095,DL
98294,2019-05-31,2020-05-31,2021-04-30,stgformer,8984.92963082844,12684.684830705151,spatial_temporal
98294,2019-06-30,2020-06-30,2021-05-31,d2stgnn,3755.9665866598466,4900.549085301054,spatial_temporal
98294,2019-07-31,2020-07-31,2021-06-30,dcrnn,5180.899195453293,6764.351779583086,spatial_temporal
98294,2019-08-31,2020-08-31,2021-07-31,dcrnn,6074.621697557396,8027.39218464748,spatial_temporal
98294,2019-09-30,2020-09-30,2021-08-31,dcrnn,6340.158137870113,7017.176919064934,spatial_temporal
98294,2019-10-31,2020-10-31,2021-09-30,stgformer,7097.26663220052,9863.33152647722,spatial_temporal
98294,2019-11-30,2020-11-30,2021-10-31,stgformer,7868.137861888055,9317.582060099874,spatial_temporal
98294,2019-12-31,2020-12-31,2021-11-30,dcrnn,9117.141084596005,10115.130267470178,spatial_temporal
98294,2020-01-31,2021-01-31,2021-12-31,dcrnn,7834.578556443162,10183.440427830754,spatial_temporal
98294,2020-02-29,2021-02-28,2022-01-31,d2stgnn,13348.601916375474,17970.433957737292,spatial_temporal
98294,2020-03-31,2021-03-31,2022-02-28,d2stgnn,17283.18544968255,20373.106057244302,spatial_temporal
98294,2020-04-30,2021-04-30,2022-03-31,d2stgnn,21613.94622231627,25365.759871192124,spatial_temporal
98294,2020-05-31,2021-05-31,2022-04-30,dcrnn,24432.63280235731,31908.481056949353,spatial_temporal
98294,2020-06-30,2021-06-30,2022-05-31,dcrnn,24304.156608302863,32309.103814725135,spatial_temporal
98294,2020-07-31,2021-07-31,2022-06-30,dcrnn,24694.00379590804,33606.89096111787,spatial_temporal
98294,2020-08-31,2021-08-31,2022-07-31,dcrnn,26170.50000993522,32506.138482787643,spatial_temporal
98294,2020-09-30,2021-09-30,2022-08-31,dcrnn,25671.35224418063,31206.642342679763,spatial_temporal
98294,2020-10-31,2021-10-31,2022-09-30,dcrnn,26243.92758228937,33230.95552939147,spatial_temporal
98294,2020-11-30,2021-11-30,2022-10-31,stgcn,23851.972269625578,34141.87103613068,spatial_temporal
98294,2020-12-31,2021-12-31,2022-11-30,stgcn,24295.531745072618,34647.01079641478,spatial_temporal
98294,2021-01-31,2022-01-31,2022-12-31,chronos2_zero,24319.596929382853,32376.39352858812,foundation
98294,2021-02-28,2022-02-28,2023-01-31,graph_wavenet,27613.937778936746,33931.126952402876,spatial_temporal
98294,2021-03-31,2022-03-31,2023-02-28,chronos2_zero,20582.979039821603,27506.263633052928,foundation
98294,2021-04-30,2022-04-30,2023-03-31,chronos2_zero,21436.46436682243,27733.31848425474,foundation
98294,2021-05-31,2022-05-31,2023-04-30,dcrnn,18149.311980732407,20343.333320214224,spatial_temporal
98294,2021-06-30,2022-06-30,2023-05-31,dcrnn,21688.426880949763,29885.936758252334,spatial_temporal
98294,2021-07-31,2022-07-31,2023-06-30,d2stgnn,20132.022443462265,23386.857565090202,spatial_temporal
98294,2021-08-31,2022-08-31,2023-07-31,chronos2_zero,17233.844488371873,22213.505938575236,foundation
98294,2021-09-30,2022-09-30,2023-08-31,d2stgnn,17213.61818866165,22564.683462355686,spatial_temporal
98294,2021-10-31,2022-10-31,2023-09-30,d2stgnn,15196.92921614172,18521.233355939497,spatial_temporal
98294,2021-11-30,2022-11-30,2023-10-31,d2stgnn,18467.98584551099,23510.963142875826,spatial_temporal
98294,2021-12-31,2022-12-31,2023-11-30,stgformer,17221.04336723922,21273.92110529206,spatial_temporal
98294,2022-12-31,2023-12-31,2024-11-30,itransformer,13867.635568887132,15955.02086883948,DL
98294,2023-01-31,2024-01-31,2024-12-31,itransformer,10547.26647690411,12423.998229200663,DL
98294,2024-01-31,2025-01-31,2025-12-31,itransformer,11570.51063766932,16382.025689296306,DL
98294,2024-02-29,2025-02-28,2026-01-31,stgformer,15023.844677393956,22082.624719113825,spatial_temporal
98294,2024-03-31,2025-03-31,2026-02-28,chronos2_zero,11916.161902381165,14105.702139573805,foundation
98294,2024-04-30,2025-04-30,2026-03-31,chronos2_zero,9453.972947328331,12279.177424734085,foundation
98294,2024-05-31,2025-05-31,2026-04-30,itransformer,8814.606680099174,11413.800544917838,DL
98294,2024-06-30,2025-06-30,2026-05-31,itransformer,5564.58030396049,7921.413195557372,DL
98294,2024-07-31,2025-07-31,2026-06-30,itransformer,8207.998989677144,10952.965664485078,DL
98294,2024-08-31,2025-08-31,2026-07-31,itransformer,8261.945463049653,9414.495687084818,DL
98296,2016-03-31,2017-03-31,2018-02-28,stgcn,14689.495027466997,18489.249953294366,spatial_temporal
98296,2016-04-30,2017-04-30,2018-03-31,graph_wavenet,16486.361314654932,19846.284277200743,spatial_temporal
98296,2016-05-31,2017-05-31,2018-04-30,dcrnn,22019.65519138127,23894.015629867143,spatial_temporal
98296,2016-06-30,2017-06-30,2018-05-31,stgcn,24551.40698732338,29811.03913764751,spatial_temporal
98296,2016-07-31,2017-07-31,2018-06-30,timemixer,19942.039964235137,23783.347458464803,DL
98296,2016-08-31,2017-08-31,2018-07-31,dlinear,19820.352339138586,23049.04377303327,DL
98296,2016-09-30,2017-09-30,2018-08-31,d2stgnn,15284.575235040325,21188.073555272193,spatial_temporal
98296,2016-10-31,2017-10-31,2018-09-30,d2stgnn,15012.361383684833,18206.724548528367,spatial_temporal
98296,2016-11-30,2017-11-30,2018-10-31,d2stgnn,14715.145479623694,18593.94062594816,spatial_temporal
98296,2016-12-31,2017-12-31,2018-11-30,d2stgnn,19632.396958045312,24432.294925503356,spatial_temporal
98296,2017-01-31,2018-01-31,2018-12-31,d2stgnn,19227.40906564542,21538.273342131288,spatial_temporal
98296,2017-02-28,2018-02-28,2019-01-31,d2stgnn,13143.718581311172,18136.11120593356,spatial_temporal
98296,2017-03-31,2018-03-31,2019-02-28,d2stgnn,17250.91323586011,19701.783726279606,spatial_temporal
98296,2017-04-30,2018-04-30,2019-03-31,patchtst,20935.199668811507,27248.498826296807,DL
98296,2017-05-31,2018-05-31,2019-04-30,d2stgnn,15137.85881371964,20880.18695312876,spatial_temporal
98296,2017-06-30,2018-06-30,2019-05-31,itransformer,19452.434011672816,24333.258665880254,DL
98296,2017-07-31,2018-07-31,2019-06-30,d2stgnn,22301.566616495256,25980.647072553475,spatial_temporal
98296,2017-08-31,2018-08-31,2019-07-31,itransformer,14447.971121631475,17298.699343860564,DL
98296,2017-09-30,2018-09-30,2019-08-31,dcrnn,18135.23509525431,24022.881220598327,spatial_temporal
98296,2017-10-31,2018-10-31,2019-09-30,dcrnn,11194.571739227918,13108.283852059818,spatial_temporal
98296,2017-11-30,2018-11-30,2019-10-31,dcrnn,8200.07562425945,9572.930980720528,spatial_temporal
98296,2017-12-31,2018-12-31,2019-11-30,patchtst,10930.702061370792,13269.422905875605,DL
98296,2018-01-31,2019-01-31,2019-12-31,dcrnn,9900.62884393996,10698.404350655881,spatial_temporal
98296,2018-02-28,2019-02-28,2020-01-31,patchtst,14217.600669720967,20677.636884707263,DL
98296,2018-03-31,2019-03-31,2020-02-29,itransformer,17929.659530918918,21526.20006034158,DL
98296,2018-04-30,2019-04-30,2020-03-31,patchtst,19273.21979002973,22768.73488708025,DL
98296,2018-05-31,2019-05-31,2020-04-30,patchtst,21204.488823697477,24696.82854393409,DL
98296,2018-06-30,2019-06-30,2020-05-31,d2stgnn,21603.039602728317,24697.20981697904,spatial_temporal
98296,2018-07-31,2019-07-31,2020-06-30,d2stgnn,22336.438204486523,26077.32075588393,spatial_temporal
98296,2018-08-31,2019-08-31,2020-07-31,patchtst,22358.53817033111,27615.676341162856,DL
98296,2018-09-30,2019-09-30,2020-08-31,graph_wavenet,23161.033804926596,28967.325318827385,spatial_temporal
98296,2018-10-31,2019-10-31,2020-09-30,dlinear,20549.5156402841,27420.15390685254,DL
98296,2018-11-30,2019-11-30,2020-10-31,stgformer,19457.789040703618,23265.347508457693,spatial_temporal
98296,2018-12-31,2019-12-31,2020-11-30,stgformer,18499.854242553556,20955.199414034116,spatial_temporal
98296,2019-01-31,2020-01-31,2020-12-31,stgformer,22188.325969787267,25677.685247187917,spatial_temporal
98296,2019-02-28,2020-02-29,2021-01-31,stgformer,31802.000074235937,36546.60055109143,spatial_temporal
98296,2019-03-31,2020-03-31,2021-02-28,d2stgnn,25460.130212188833,30461.478282364093,spatial_temporal
98296,2019-04-30,2020-04-30,2021-03-31,d2stgnn,21548.316830894753,25567.6287092348,spatial_temporal
98296,2019-05-31,2020-05-31,2021-04-30,d2stgnn,26177.540639464987,31953.504802675885,spatial_temporal
98296,2019-06-30,2020-06-30,2021-05-31,graph_wavenet,34076.47787404034,51123.543663995755,spatial_temporal
98296,2019-07-31,2020-07-31,2021-06-30,graph_wavenet,43664.23904962889,56992.088599816525,spatial_temporal
98296,2019-08-31,2020-08-31,2021-07-31,dcrnn,41108.70743207342,50465.87982563886,spatial_temporal
98296,2019-09-30,2020-09-30,2021-08-31,dcrnn,35513.99806823994,45090.30801480522,spatial_temporal
98296,2019-10-31,2020-10-31,2021-09-30,dcrnn,31043.821311221294,49344.43501017073,spatial_temporal
98296,2019-11-30,2020-11-30,2021-10-31,patchtst,39132.784559623076,56317.13290153395,DL
98296,2019-12-31,2020-12-31,2021-11-30,stgformer,44251.49355240861,49793.265682037294,spatial_temporal
98296,2020-01-31,2021-01-31,2021-12-31,dcrnn,31510.45137188469,44276.774920915195,spatial_temporal
98296,2020-02-29,2021-02-28,2022-01-31,patchtst,27611.43259699865,40112.887176219054,DL
98296,2020-03-31,2021-03-31,2022-02-28,d2stgnn,32367.703478788655,49453.756024763505,spatial_temporal
98296,2020-04-30,2021-04-30,2022-03-31,d2stgnn,42631.912325925914,51852.86412092409,spatial_temporal
98296,2020-05-31,2021-05-31,2022-04-30,d2stgnn,52495.935839151236,73622.71888230488,spatial_temporal
98296,2020-06-30,2021-06-30,2022-05-31,d2stgnn,68943.10563494962,95370.22408537753,spatial_temporal
98296,2020-07-31,2021-07-31,2022-06-30,dcrnn,78469.32404913109,100918.00850942747,spatial_temporal
98296,2020-08-31,2021-08-31,2022-07-31,itransformer,58214.793332949455,80642.44176407732,DL
98296,2020-09-30,2021-09-30,2022-08-31,itransformer,47365.97697616953,60696.84238573401,DL
98296,2020-10-31,2021-10-31,2022-09-30,itransformer,39736.68553821858,55118.05832455777,DL
98296,2020-11-30,2021-11-30,2022-10-31,dcrnn,74320.232263906,92016.51627975125,spatial_temporal
98296,2020-12-31,2021-12-31,2022-11-30,d2stgnn,73445.69785610317,90949.38944720308,spatial_temporal
98296,2021-01-31,2022-01-31,2022-12-31,d2stgnn,57945.92104541949,75358.21488502326,spatial_temporal
98296,2021-02-28,2022-02-28,2023-01-31,d2stgnn,45139.68615310864,59227.94070279133,spatial_temporal
98296,2021-03-31,2022-03-31,2023-02-28,d2stgnn,51872.580345180446,78036.3774512904,spatial_temporal
98296,2021-04-30,2022-04-30,2023-03-31,d2stgnn,56675.935746217925,91330.41304406284,spatial_temporal
98296,2021-05-31,2022-05-31,2023-04-30,d2stgnn,73491.14032083961,110711.94858631119,spatial_temporal
98296,2021-06-30,2022-06-30,2023-05-31,chronos2_zero,58397.395724365895,83338.89291337907,foundation
98296,2021-07-31,2022-07-31,2023-06-30,chronos2_zero,69387.50607348768,92746.47464016301,foundation
98296,2021-08-31,2022-08-31,2023-07-31,chronos2_zero,82030.57642640303,102088.08359623207,foundation
98296,2021-09-30,2022-09-30,2023-08-31,patchtst,76896.92936160117,96157.61863318137,DL
98296,2021-10-31,2022-10-31,2023-09-30,patchtst,67244.03776274777,82939.60358388581,DL
98296,2021-11-30,2022-11-30,2023-10-31,timemixer,51393.0414478645,79964.12297555097,DL
98296,2021-12-31,2022-12-31,2023-11-30,timemixer,51508.88507100606,73909.02432651438,DL
98296,2022-12-31,2023-12-31,2024-11-30,dcrnn,32505.503493684566,39556.49906128531,spatial_temporal
98296,2023-01-31,2024-01-31,2024-12-31,dcrnn,30100.283770529863,41156.10673304604,spatial_temporal
98296,2024-01-31,2025-01-31,2025-12-31,itransformer,27102.95037100563,29903.456410710813,DL
98296,2024-02-29,2025-02-28,2026-01-31,itransformer,21789.582068563614,30826.547322960956,DL
98296,2024-03-31,2025-03-31,2026-02-28,itransformer,27258.959162064886,41133.915286420866,DL
98296,2024-04-30,2025-04-30,2026-03-31,chronos2_zero,37572.14782058098,54823.846180026005,foundation
98296,2024-05-31,2025-05-31,2026-04-30,chronos2_zero,44974.40911384763,58973.60561681245,foundation
98296,2024-06-30,2025-06-30,2026-05-31,chronos2_zero,46689.10228647684,58827.58115392177,foundation
98296,2024-07-31,2025-07-31,2026-06-30,chronos2_zero,47230.87941865142,60710.78915673038,foundation
98296,2024-08-31,2025-08-31,2026-07-31,chronos2_zero,52148.690511186025,64845.00922876986,foundation
