,Community Area,Date,ASSAULT_Arrest,BATTERY_Arrest,CRIMINAL DAMAGE_Arrest,THEFT_Arrest,ASSAULT_Count,BATTERY_Count,CRIMINAL DAMAGE_Count,THEFT_Count,ASSAULT_Domestic,BATTERY_Domestic,CRIMINAL DAMAGE_Domestic,THEFT_Domestic
0,1.0,2016-01-31,2,15,2,12,15,60,36,66,3,37,4,2
1,1.0,2016-02-29,1,14,3,12,12,67,27,63,5,31,1,1
2,1.0,2016-03-31,5,21,0,7,27,64,35,53,3,25,2,0
3,1.0,2016-04-30,7,14,2,11,29,71,26,81,4,29,2,0
4,1.0,2016-05-31,7,14,0,13,20,77,32,77,4,32,1,1
5,1.0,2016-06-30,2,11,2,11,16,60,49,87,2,31,5,2
6,1.0,2016-07-31,3,8,1,8,17,54,41,88,3,30,1,7
7,1.0,2016-08-31,5,12,1,5,21,63,33,80,3,32,2,2
8,1.0,2016-09-30,4,4,1,5,18,59,37,84,3,19,0,2
9,1.0,2016-10-31,2,11,2,11,23,63,35,91,4,27,0,2
10,1.0,2016-11-30,4,8,0,7,17,62,33,77,3,36,3,0
11,1.0,2016-12-31,7,14,0,5,19,58,19,66,5,31,1,1
12,1.0,2017-01-31,3,9,2,6,19,47,40,79,6,25,2,1
13,1.0,2017-02-28,5,11,4,4,20,58,38,58,2,32,5,1
14,1.0,2017-03-31,5,10,3,5,27,37,41,94,5,21,4,1
15,1.0,2017-04-30,2,17,2,5,24,64,61,61,3,27,2,1
16,1.0,2017-05-31,2,13,0,11,20,57,41,129,4,32,2,1
17,1.0,2017-06-30,6,15,1,9,21,59,46,113,2,32,3,4
18,1.0,2017-07-31,4,19,5,8,32,70,71,120,9,38,3,1
19,1.0,2017-08-31,2,9,4,13,25,58,69,118,9,22,4,4
20,1.0,2017-09-30,0,16,0,6,21,68,36,127,7,34,0,2
21,1.0,2017-10-31,3,16,3,12,17,64,48,130,3,28,2,1
22,1.0,2017-11-30,5,12,2,10,27,67,49,109,6,42,2,3
23,1.0,2017-12-31,6,9,1,6,15,55,46,75,1,34,1,1
24,1.0,2018-01-31,3,9,0,11,22,50,35,72,3,26,1,4
25,1.0,2018-02-28,6,20,4,8,25,63,35,53,4,29,2,1
26,1.0,2018-03-31,7,8,3,10,29,58,40,80,7,26,2,2
27,1.0,2018-04-30,6,12,1,8,23,51,21,72,7,25,1,3
28,1.0,2018-05-31,2,9,1,16,18,57,45,100,3,23,2,4
29,1.0,2018-06-30,7,10,2,6,27,61,36,96,8,34,0,1
30,1.0,2018-07-31,7,16,2,16,34,83,42,119,6,34,2,1
31,1.0,2018-08-31,4,15,1,11,16,67,51,126,4,35,3,1
32,1.0,2018-09-30,8,13,1,14,25,67,55,95,7,34,3,2
33,1.0,2018-10-31,3,25,2,8,26,78,42,85,8,42,1,3
34,1.0,2018-11-30,4,13,3,8,21,51,36,79,5,26,5,0
35,1.0,2018-12-31,1,11,1,7,20,47,32,100,4,27,2,3
36,1.0,2019-01-31,2,14,0,10,26,59,31,71,6,35,2,1
37,1.0,2019-02-28,2,12,0,9,14,50,30,79,0,25,1,3
38,1.0,2019-03-31,5,15,1,17,27,53,34,80,10,25,1,3
39,1.0,2019-04-30,3,9,3,11,16,53,31,78,3,27,2,4
40,1.0,2019-05-31,7,12,6,14,30,77,76,102,5,30,5,1
41,1.0,2019-06-30,1,7,0,8,21,63,34,110,6,29,2,0
42,1.0,2019-07-31,5,10,2,19,20,65,46,139,3,36,4,3
43,1.0,2019-08-31,6,15,2,10,28,59,54,131,5,28,3,2
44,1.0,2019-09-30,4,11,3,20,21,64,47,128,2,29,4,2
45,1.0,2019-10-31,4,10,3,18,26,66,37,105,3,22,1,7
46,1.0,2019-11-30,4,14,2,10,25,60,16,92,10,34,2,2
47,1.0,2019-12-31,2,17,1,14,22,69,47,113,6,43,5,4
48,1.0,2020-01-31,3,11,1,9,20,41,46,91,7,17,2,4
49,1.0,2020-02-29,2,11,2,10,22,44,31,86,9,21,2,1
50,1.0,2020-03-31,3,13,1,3,17,62,35,59,8,33,5,2
51,1.0,2020-04-30,0,6,0,1,16,28,28,49,6,12,3,4
52,1.0,2020-05-31,1,8,0,2,20,60,39,51,8,28,2,2
53,1.0,2020-06-30,5,7,0,5,27,63,46,62,5,34,2,1
54,1.0,2020-07-31,1,5,1,3,25,68,41,76,11,39,4,5
55,1.0,2020-08-31,0,14,2,4,30,67,46,77,9,30,4,5
56,1.0,2020-09-30,2,8,0,9,17,52,42,72,3,25,4,3
57,1.0,2020-10-31,4,4,1,5,25,49,37,92,7,20,2,3
58,1.0,2020-11-30,3,8,1,6,26,44,30,68,6,23,3,4
59,1.0,2020-12-31,10,7,0,3,29,48,22,65,11,28,1,1
60,1.0,2021-01-31,4,9,1,0,18,48,38,51,2,26,4,3
61,1.0,2021-02-28,0,9,0,1,13,56,18,31,5,31,1,2
62,1.0,2021-03-31,2,13,1,7,17,54,34,64,6,28,4,6
63,1.0,2021-04-30,3,9,3,7,27,49,27,53,6,29,3,3
64,1.0,2021-05-31,2,14,3,8,23,62,41,91,7,25,10,2
65,1.0,2021-06-30,2,14,2,2,31,64,31,84,8,27,2,7
66,1.0,2021-07-31,2,4,2,2,26,55,36,52,7,30,1,1
67,1.0,2021-08-31,1,7,1,7,28,69,42,97,3,34,1,7
68,1.0,2021-09-30,4,7,1,1,30,52,31,93,6,23,4,4
69,1.0,2021-10-31,1,10,1,9,18,64,30,99,2,31,2,2
70,1.0,2021-11-30,2,10,1,7,21,45,46,105,1,21,3,5
71,1.0,2021-12-31,2,12,0,9,24,57,49,76,5,30,1,1
72,1.0,2022-01-31,0,10,0,6,11,53,32,95,2,27,2,4
73,1.0,2022-02-28,3,12,3,2,16,55,28,69,4,29,5,6
74,1.0,2022-03-31,1,9,3,2,15,50,32,66,4,17,4,3
75,1.0,2022-04-30,5,7,0,13,23,51,30,87,5,24,5,4
76,1.0,2022-05-31,3,14,0,6,33,69,45,114,12,32,4,1
77,1.0,2022-06-30,5,12,2,19,29,73,31,139,6,38,2,4
78,1.0,2022-07-31,5,16,2,15,41,87,28,116,9,44,4,3
79,1.0,2022-08-31,1,7,1,16,30,55,33,146,7,28,3,6
80,1.0,2022-09-30,2,5,3,8,28,65,38,145,5,31,2,3
81,1.0,2022-10-31,3,12,2,5,33,84,37,122,10,43,0,4
82,1.0,2022-11-30,0,12,0,5,23,56,36,78,1,25,2,3
83,1.0,2022-12-31,7,13,0,5,28,55,38,80,7,31,2,1
84,1.0,2023-01-31,4,14,1,15,23,54,39,92,5,18,4,1
85,1.0,2023-02-28,1,8,0,11,23,61,36,77,4,31,1,2
86,1.0,2023-03-31,5,7,2,9,32,59,35,105,4,20,2,1
87,1.0,2023-04-30,5,13,3,10,28,60,37,110,9,19,5,6
88,1.0,2023-05-31,3,12,3,12,24,83,46,116,6,44,1,2
89,1.0,2023-06-30,6,15,2,20,37,64,46,142,7,25,8,3
90,1.0,2023-07-31,6,11,3,3,42,72,42,93,8,31,3,4
91,1.0,2023-08-31,5,16,1,10,28,83,47,107,4,40,4,5
92,1.0,2023-09-30,3,18,1,16,30,78,30,104,7,30,3,5
93,1.0,2023-10-31,3,14,4,8,26,68,55,104,7,30,1,3
94,1.0,2023-11-30,3,12,0,11,19,65,69,133,4,32,8,2
95,1.0,2023-12-31,5,23,8,10,26,71,53,107,5,33,1,0
96,1.0,2024-01-31,4,15,4,27,35,66,57,131,5,27,8,1
97,1.0,2024-02-29,2,16,1,12,32,70,43,107,7,31,2,2
98,1.0,2024-03-31,5,8,3,10,25,61,55,111,7,27,2,3
99,1.0,2024-04-30,1,13,2,11,28,62,40,125,5,30,1,4
100,1.0,2024-05-31,4,15,0,15,23,83,46,134,7,42,3,3
101,1.0,2024-06-30,2,17,0,13,25,62,30,114,6,33,2,6
102,1.0,2024-07-31,5,17,4,11,32,67,41,122,7,30,3,5
103,1.0,2024-08-31,6,11,6,13,30,50,37,111,6,22,2,4
104,1.0,2024-09-30,8,13,3,14,35,72,42,94,9,32,2,6
105,1.0,2024-10-31,5,11,4,15,37,68,36,87,7,27,0,1
106,1.0,2024-11-30,7,17,2,7,32,66,31,79,8,22,2,0
107,1.0,2024-12-31,3,12,2,12,22,57,28,67,1,28,1,1
108,1.0,2025-01-31,4,18,0,23,20,62,28,89,5,34,3,0
109,1.0,2025-02-28,9,15,2,17,28,59,28,80,6,21,2,3
110,1.0,2025-03-31,8,15,2,16,27,53,36,92,6,23,1,2
111,1.0,2025-04-30,2,14,3,8,27,59,26,75,6,32,0,1
112,1.0,2025-05-31,5,17,2,20,33,62,26,87,7,28,2,5
113,1.0,2025-06-30,3,14,4,17,19,67,33,111,5,29,0,4
114,1.0,2025-07-31,3,20,2,11,24,71,27,92,6,35,3,5
115,1.0,2025-08-31,5,13,1,16,28,60,39,106,9,28,4,4
116,1.0,2025-09-30,5,13,2,16,34,75,26,92,8,40,5,6
117,1.0,2025-10-31,4,13,2,7,29,49,24,75,4,18,1,1
118,1.0,2025-11-30,6,14,1,8,21,65,25,68,7,31,1,1
119,1.0,2025-12-31,1,10,1,14,19,55,21,81,6,29,3,2
120,1.0,2026-01-31,4,10,3,17,14,66,21,72,2,31,0,3
121,1.0,2026-02-28,1,17,2,10,27,62,30,49,4,32,1,0
122,1.0,2026-03-31,1,13,2,9,22,57,29,59,5,26,6,3
123,1.0,2026-04-30,4,15,3,9,27,70,16,57,7,31,1,2
124,1.0,2026-05-31,4,15,4,8,25,81,25,84,6,43,3,2
125,1.0,2026-06-30,4,18,0,6,24,72,15,56,8,28,0,1
126,2.0,2016-01-31,1,10,2,8,11,44,25,55,1,24,1,1
127,2.0,2016-02-29,1,6,1,7,17,27,29,48,2,16,0,1
128,2.0,2016-03-31,7,11,4,3,20,45,41,69,6,26,3,2
129,2.0,2016-04-30,2,10,4,7,13,47,33,40,3,18,6,1
130,2.0,2016-05-31,2,21,0,7,19,66,27,56,5,35,1,1
131,2.0,2016-06-30,1,10,1,5,14,38,59,61,2,22,4,1
132,2.0,2016-07-31,1,6,0,4,20,42,45,66,8,21,2,4
133,2.0,2016-08-31,3,8,1,5,26,53,46,66,3,28,4,3
134,2.0,2016-09-30,2,8,2,0,24,53,36,52,6,18,0,1
135,2.0,2016-10-31,2,5,1,2,14,57,45,73,1,25,1,1
136,2.0,2016-11-30,0,12,0,5,14,46,48,79,4,24,1,2
137,2.0,2016-12-31,1,8,1,6,13,33,29,68,5,17,1,2
138,2.0,2017-01-31,3,7,1,3,23,38,37,59,6,21,3,2
139,2.0,2017-02-28,2,9,2,3,20,33,42,47,9,17,3,1
140,2.0,2017-03-31,2,7,2,4,19,43,43,65,3,26,3,2
141,2.0,2017-04-30,5,9,4,3,19,44,32,71,3,25,0,4
142,2.0,2017-05-31,3,8,3,6,19,55,38,71,4,24,1,2
143,2.0,2017-06-30,3,13,2,5,16,51,56,82,5,24,2,2
144,2.0,2017-07-31,7,5,5,2,23,61,53,81,3,31,2,6
145,2.0,2017-08-31,5,10,2,0,22,45,40,101,10,27,1,1
146,2.0,2017-09-30,2,14,0,3,23,63,30,82,5,25,2,0
147,2.0,2017-10-31,4,16,2,0,26,56,28,76,5,24,3,1
148,2.0,2017-11-30,2,6,0,11,19,48,39,88,5,29,0,0
149,2.0,2017-12-31,4,11,4,4,13,52,47,94,2,32,3,1
150,2.0,2018-01-31,3,12,1,3,13,45,19,77,1,21,0,3
151,2.0,2018-02-28,3,13,4,2,15,39,38,56,5,22,3,1
152,2.0,2018-03-31,4,9,3,1,33,45,36,70,7,22,1,3
153,2.0,2018-04-30,2,4,1,1,14,37,23,51,3,18,1,2
154,2.0,2018-05-31,3,13,2,2,22,61,43,66,4,30,3,1
155,2.0,2018-06-30,2,17,2,4,25,71,38,61,6,34,4,2
156,2.0,2018-07-31,4,12,0,10,31,66,46,91,7,33,2,2
157,2.0,2018-08-31,1,13,3,8,23,59,44,88,9,30,2,1
158,2.0,2018-09-30,1,13,1,4,25,45,38,54,7,22,1,1
159,2.0,2018-10-31,4,14,2,3,26,53,55,58,4,26,0,1
160,2.0,2018-11-30,3,14,2,1,20,39,32,68,6,24,1,0
161,2.0,2018-12-31,0,10,1,4,17,60,31,72,4,32,0,1
162,2.0,2019-01-31,3,8,1,1,13,41,25,55,2,24,1,0
163,2.0,2019-02-28,3,8,0,0,18,40,24,47,6,17,3,0
164,2.0,2019-03-31,3,12,2,1,12,50,28,58,1,33,1,4
165,2.0,2019-04-30,2,14,2,3,13,49,31,73,2,27,5,1
166,2.0,2019-05-31,3,13,5,8,21,61,43,105,5,30,2,3
167,2.0,2019-06-30,4,10,1,2,29,49,39,106,8,29,0,3
168,2.0,2019-07-31,1,9,4,5,17,73,51,88,5,43,1,1
169,2.0,2019-08-31,3,12,1,5,23,49,43,93,7,28,2,3
170,2.0,2019-09-30,3,7,0,7,22,49,27,81,6,25,3,2
171,2.0,2019-10-31,5,5,0,2,22,43,35,69,5,23,4,0
172,2.0,2019-11-30,2,3,1,6,16,41,20,78,5,27,1,0
173,2.0,2019-12-31,2,7,3,11,19,44,38,72,2,15,1,1
174,2.0,2020-01-31,4,8,3,4,22,45,35,61,5,31,1,1
175,2.0,2020-02-29,3,10,2,2,19,39,20,55,6,26,3,2
176,2.0,2020-03-31,3,9,1,2,29,51,20,70,6,32,1,0
177,2.0,2020-04-30,0,5,0,1,10,28,24,48,4,19,2,0
178,2.0,2020-05-31,0,1,0,0,18,32,32,56,3,17,5,2
179,2.0,2020-06-30,0,9,0,0,14,43,36,59,1,23,4,3
180,2.0,2020-07-31,4,8,0,5,25,66,33,73,7,36,4,2
181,2.0,2020-08-31,2,10,2,2,26,67,43,86,8,48,2,3
182,2.0,2020-09-30,1,9,1,0,20,55,61,78,5,27,2,2
183,2.0,2020-10-31,1,12,2,4,17,57,33,70,4,37,1,0
184,2.0,2020-11-30,2,5,1,1,15,45,27,59,3,27,3,2
185,2.0,2020-12-31,3,8,0,1,15,39,26,54,4,31,4,0
186,2.0,2021-01-31,1,9,0,0,13,34,21,66,0,19,5,1
187,2.0,2021-02-28,1,5,0,0,15,31,36,34,1,17,3,2
188,2.0,2021-03-31,2,4,0,1,15,36,31,47,6,24,2,2
189,2.0,2021-04-30,2,2,1,2,18,44,34,62,6,24,8,3
190,2.0,2021-05-31,1,9,0,1,18,45,25,45,7,30,4,2
191,2.0,2021-06-30,2,12,1,3,17,50,32,67,6,27,3,3
192,2.0,2021-07-31,6,8,0,7,18,42,25,64,6,24,3,4
193,2.0,2021-08-31,0,6,1,1,24,43,45,76,10,19,3,2
194,2.0,2021-09-30,1,5,2,2,24,62,46,72,9,36,2,1
195,2.0,2021-10-31,2,4,2,1,16,53,33,62,3,27,3,1
196,2.0,2021-11-30,2,9,0,1,15,49,31,62,4,24,4,2
197,2.0,2021-12-31,3,10,0,1,19,44,53,78,4,26,1,2
198,2.0,2022-01-31,1,12,7,1,12,51,59,75,3,32,1,0
199,2.0,2022-02-28,0,3,1,2,16,32,29,40,6,19,2,2
200,2.0,2022-03-31,1,14,0,2,24,59,33,56,6,34,3,1
201,2.0,2022-04-30,1,6,0,1,21,42,45,75,3,22,5,4
202,2.0,2022-05-31,3,14,4,1,28,53,45,98,7,32,3,1
203,2.0,2022-06-30,5,7,2,1,22,52,40,85,6,17,5,2
204,2.0,2022-07-31,4,11,1,2,33,49,33,92,7,31,2,0
205,2.0,2022-08-31,3,12,1,3,26,64,36,99,4,32,3,0
206,2.0,2022-09-30,1,5,1,3,24,49,44,118,5,26,4,4
207,2.0,2022-10-31,3,7,2,1,31,45,43,95,7,27,6,3
208,2.0,2022-11-30,1,11,3,0,32,50,44,68,8,27,3,1
209,2.0,2022-12-31,2,7,3,2,21,42,43,68,5,21,1,3
210,2.0,2023-01-31,2,12,4,4,23,47,30,72,5,39,2,0
211,2.0,2023-02-28,3,11,0,0,27,43,37,58,7,28,2,1
212,2.0,2023-03-31,3,9,0,0,28,43,24,70,10,24,3,4
213,2.0,2023-04-30,4,6,2,2,26,42,26,61,8,25,1,3
214,2.0,2023-05-31,0,11,1,3,22,68,21,85,5,29,1,6
215,2.0,2023-06-30,2,7,1,3,16,48,37,97,4,21,1,4
216,2.0,2023-07-31,4,11,3,2,38,58,42,86,12,22,4,6
217,2.0,2023-08-31,6,17,2,5,34,70,41,82,9,37,2,5
218,2.0,2023-09-30,2,6,3,3,30,68,60,82,7,25,3,4
219,2.0,2023-10-31,3,15,2,2,28,51,49,64,6,31,4,1
220,2.0,2023-11-30,5,3,1,2,27,40,33,80,11,24,4,0
221,2.0,2023-12-31,3,15,1,2,28,65,49,63,9,40,1,4
222,2.0,2024-01-31,3,7,1,8,29,45,30,54,8,20,1,0
223,2.0,2024-02-29,3,4,0,3,21,37,42,73,5,21,3,0
224,2.0,2024-03-31,2,9,1,1,22,61,55,64,5,36,0,3
225,2.0,2024-04-30,3,9,1,3,26,34,62,67,5,16,2,0
226,2.0,2024-05-31,1,6,0,3,23,46,45,67,5,27,4,1
227,2.0,2024-06-30,3,12,1,2,17,56,33,77,3,28,1,0
228,2.0,2024-07-31,3,12,0,6,31,47,40,94,6,25,1,2
229,2.0,2024-08-31,2,4,1,2,21,60,36,91,5,29,2,4
230,2.0,2024-09-30,1,13,2,9,27,90,35,70,4,43,0,2
231,2.0,2024-10-31,3,8,3,7,34,61,35,71,5,36,3,1
232,2.0,2024-11-30,2,10,3,4,29,45,33,79,14,23,3,3
233,2.0,2024-12-31,5,14,0,6,23,67,26,59,7,36,0,2
234,2.0,2025-01-31,3,12,3,7,28,49,22,79,7,27,2,3
235,2.0,2025-02-28,6,9,0,6,14,40,20,53,5,25,1,2
236,2.0,2025-03-31,1,11,1,4,18,54,17,56,4,28,1,2
237,2.0,2025-04-30,2,6,2,4,14,57,33,55,4,34,2,4
238,2.0,2025-05-31,2,7,1,4,26,49,28,51,9,25,1,0
239,2.0,2025-06-30,2,10,0,8,18,48,27,76,4,25,0,2
240,2.0,2025-07-31,4,12,2,5,24,59,43,77,4,25,3,1
241,2.0,2025-08-31,1,11,0,7,23,49,32,79,4,27,2,3
242,2.0,2025-09-30,3,16,2,8,29,64,50,69,5,33,2,2
243,2.0,2025-10-31,3,11,0,4,24,46,33,70,6,27,4,2
244,2.0,2025-11-30,2,13,1,2,16,51,27,61,4,26,0,4
245,2.0,2025-12-31,4,12,1,2,20,43,28,50,3,21,2,2
246,2.0,2026-01-31,1,13,2,1,18,40,20,36,3,21,2,2
247,2.0,2026-02-28,3,6,0,6,33,31,29,50,11,18,0,2
248,2.0,2026-03-31,4,17,2,5,24,63,33,59,5,32,4,3
249,2.0,2026-04-30,4,10,1,6,31,51,32,54,6,26,4,2
250,2.0,2026-05-31,3,5,2,6,34,44,42,52,8,12,7,4
251,2.0,2026-06-30,3,5,2,9,28,38,37,42,6,17,3,2
252,3.0,2016-01-31,2,11,0,17,12,50,19,98,2,20,0,1
253,3.0,2016-02-29,5,13,1,8,9,45,30,59,2,17,2,2
254,3.0,2016-03-31,5,7,1,10,22,49,25,89,2,16,1,1
255,3.0,2016-04-30,4,13,1,12,18,57,20,82,1,16,0,3
256,3.0,2016-05-31,9,16,0,15,28,57,20,91,6,24,0,2
257,3.0,2016-06-30,9,21,1,8,32,75,30,88,4,26,2,0
258,3.0,2016-07-31,9,21,3,9,23,60,26,94,5,25,0,0
259,3.0,2016-08-31,4,11,1,13,20,53,31,95,1,19,3,1
260,3.0,2016-09-30,6,10,2,7,26,69,31,86,4,24,2,2
261,3.0,2016-10-31,7,15,4,8,28,65,26,100,2,20,2,1
262,3.0,2016-11-30,6,10,3,8,19,59,26,65,2,22,1,2
263,3.0,2016-12-31,2,13,1,9,15,38,22,67,1,15,3,3
264,3.0,2017-01-31,3,8,3,11,23,41,19,78,3,14,0,3
265,3.0,2017-02-28,2,13,0,7,14,58,25,66,2,27,2,1
266,3.0,2017-03-31,12,11,0,8,28,41,16,55,6,11,2,1
267,3.0,2017-04-30,6,12,3,5,33,61,32,68,2,21,0,5
268,3.0,2017-05-31,6,17,1,10,22,55,31,87,1,18,1,3
269,3.0,2017-06-30,7,9,3,11,26,59,28,87,4,20,2,0
270,3.0,2017-07-31,8,13,3,6,19,74,27,101,5,16,0,1
271,3.0,2017-08-31,2,11,2,7,13,52,38,112,3,20,3,3
272,3.0,2017-09-30,5,11,2,9,26,60,26,91,4,23,1,2
273,3.0,2017-10-31,6,22,1,6,29,64,34,81,3,27,2,4
274,3.0,2017-11-30,3,13,0,8,18,44,22,64,4,20,1,2
275,3.0,2017-12-31,3,9,1,12,24,54,20,79,3,22,2,3
276,3.0,2018-01-31,5,13,5,14,24,67,24,64,1,26,3,3
277,3.0,2018-02-28,4,8,0,10,20,46,16,57,4,18,0,0
278,3.0,2018-03-31,2,12,3,14,16,57,18,61,4,30,0,1
279,3.0,2018-04-30,5,14,2,7,21,51,22,62,2,15,6,2
280,3.0,2018-05-31,3,16,3,8,16,66,19,79,2,27,2,2
281,3.0,2018-06-30,3,14,2,5,29,74,25,80,5,26,1,2
282,3.0,2018-07-31,5,10,2,7,26,66,28,120,5,23,0,2
283,3.0,2018-08-31,6,16,5,8,16,66,28,113,6,29,2,0
284,3.0,2018-09-30,7,16,1,12,24,61,26,101,2,20,2,2
285,3.0,2018-10-31,2,9,0,8,20,57,34,88,3,18,2,1
286,3.0,2018-11-30,4,14,5,16,23,52,25,84,3,26,0,0
287,3.0,2018-12-31,9,11,1,8,23,51,37,84,5,22,1,1
288,3.0,2019-01-31,2,9,0,11,22,51,21,73,4,24,2,2
289,3.0,2019-02-28,4,13,1,14,18,43,21,79,4,16,1,2
290,3.0,2019-03-31,5,15,2,12,27,50,24,64,3,27,0,0
291,3.0,2019-04-30,5,8,2,9,18,45,20,73,0,20,0,3
292,3.0,2019-05-31,4,15,1,9,25,49,25,80,6,23,1,1
293,3.0,2019-06-30,6,20,2,9,28,68,37,89,4,25,3,2
294,3.0,2019-07-31,9,19,3,11,33,82,26,108,6,24,2,4
295,3.0,2019-08-31,8,19,4,11,20,62,25,79,3,23,2,0
296,3.0,2019-09-30,6,15,3,9,24,62,32,70,3,17,0,0
297,3.0,2019-10-31,3,9,2,9,22,40,17,71,2,10,1,1
298,3.0,2019-11-30,5,19,0,11,17,62,13,76,3,23,0,2
299,3.0,2019-12-31,5,11,1,22,20,57,31,79,1,23,2,0
300,3.0,2020-01-31,6,12,1,21,17,43,11,72,3,15,1,3
301,3.0,2020-02-29,4,8,3,14,20,45,25,76,3,21,3,4
302,3.0,2020-03-31,8,11,2,6,23,43,15,52,3,23,1,1
303,3.0,2020-04-30,1,3,2,1,10,35,19,61,3,15,0,2
304,3.0,2020-05-31,2,9,1,0,20,40,25,49,3,13,5,2
305,3.0,2020-06-30,6,8,2,6,24,43,28,76,3,18,2,2
306,3.0,2020-07-31,4,7,0,5,26,51,23,83,5,16,2,4
307,3.0,2020-08-31,5,9,1,2,25,61,26,78,3,26,1,0
308,3.0,2020-09-30,4,12,3,3,29,44,33,88,4,16,0,0
309,3.0,2020-10-31,2,8,0,8,23,44,28,78,0,14,1,0
310,3.0,2020-11-30,1,6,2,1,14,29,24,45,0,14,0,2
311,3.0,2020-12-31,2,7,2,1,16,50,15,56,4,19,2,2
312,3.0,2021-01-31,1,5,0,3,18,41,17,66,3,16,2,1
313,3.0,2021-02-28,4,5,0,1,19,37,10,51,3,20,1,2
314,3.0,2021-03-31,3,10,0,1,28,48,20,62,4,26,1,1
315,3.0,2021-04-30,6,7,2,1,34,50,23,46,4,27,0,3
316,3.0,2021-05-31,1,11,3,1,25,48,23,68,4,20,6,1
317,3.0,2021-06-30,2,5,3,2,30,47,25,63,3,18,1,2
318,3.0,2021-07-31,7,12,0,3,30,64,28,67,3,31,2,0
319,3.0,2021-08-31,2,8,1,1,28,66,35,84,4,25,4,6
320,3.0,2021-09-30,6,12,0,1,36,70,30,74,4,24,6,5
321,3.0,2021-10-31,2,8,1,1,24,63,35,92,2,27,1,1
322,3.0,2021-11-30,7,10,0,4,33,65,31,73,2,24,4,2
323,3.0,2021-12-31,3,8,1,5,17,55,24,81,4,18,5,2
324,3.0,2022-01-31,0,9,0,3,22,44,35,61,2,21,1,3
325,3.0,2022-02-28,2,2,1,4,22,31,35,69,4,14,0,1
326,3.0,2022-03-31,2,9,0,6,25,56,13,98,3,22,1,4
327,3.0,2022-04-30,6,8,0,5,15,55,24,76,3,18,2,2
328,3.0,2022-05-31,2,10,0,4,23,63,13,84,2,24,1,2
329,3.0,2022-06-30,5,13,0,8,25,80,45,126,3,31,2,2
330,3.0,2022-07-31,2,4,1,4,28,53,27,130,4,21,1,4
331,3.0,2022-08-31,2,10,1,4,23,59,34,156,1,27,2,4
332,3.0,2022-09-30,3,11,0,5,35,64,31,154,6,15,1,2
333,3.0,2022-10-31,5,12,2,5,35,61,49,118,6,25,7,1
334,3.0,2022-11-30,3,7,0,4,25,30,30,113,2,11,1,6
335,3.0,2022-12-31,4,4,2,4,22,43,37,72,4,14,4,3
336,3.0,2023-01-31,4,9,0,7,37,48,49,76,5,22,2,2
337,3.0,2023-02-28,2,12,3,2,24,66,21,75,5,27,3,3
338,3.0,2023-03-31,5,14,2,3,33,62,38,82,3,25,7,0
339,3.0,2023-04-30,7,8,1,10,34,49,43,109,5,15,2,2
340,3.0,2023-05-31,6,10,0,15,36,70,42,132,4,27,1,2
341,3.0,2023-06-30,9,13,5,8,43,65,42,123,10,20,2,3
342,3.0,2023-07-31,6,7,4,13,40,64,68,127,4,21,2,4
343,3.0,2023-08-31,5,13,1,13,42,58,33,148,6,22,0,1
344,3.0,2023-09-30,12,21,0,12,50,88,38,141,6,25,0,1
345,3.0,2023-10-31,9,8,0,17,42,65,30,150,3,23,2,6
346,3.0,2023-11-30,3,12,6,11,38,54,33,99,3,20,3,0
347,3.0,2023-12-31,3,13,2,12,24,69,26,91,5,27,2,0
348,3.0,2024-01-31,5,14,0,9,29,56,23,92,5,23,2,0
349,3.0,2024-02-29,2,16,2,13,25,65,31,86,2,24,2,2
350,3.0,2024-03-31,2,10,2,10,31,59,45,106,2,24,0,1
351,3.0,2024-04-30,7,13,2,6,26,57,43,106,2,23,3,1
352,3.0,2024-05-31,6,14,1,15,39,77,39,128,7,24,2,0
353,3.0,2024-06-30,3,15,2,20,30,76,32,126,2,23,1,2
354,3.0,2024-07-31,5,22,2,15,30,88,36,147,2,29,2,2
355,3.0,2024-08-31,5,11,1,20,45,67,24,154,4,20,1,2
356,3.0,2024-09-30,1,17,4,19,28,93,41,151,3,29,3,2
357,3.0,2024-10-31,8,15,2,20,35,75,30,123,2,26,1,3
358,3.0,2024-11-30,6,9,2,23,30,56,34,102,4,24,1,0
359,3.0,2024-12-31,2,13,0,29,29,63,26,116,5,28,1,1
360,3.0,2025-01-31,2,5,0,22,28,52,18,88,5,20,2,0
361,3.0,2025-02-28,4,13,0,25,32,67,19,88,5,22,0,5
362,3.0,2025-03-31,3,15,1,23,35,71,19,94,3,23,1,4
363,3.0,2025-04-30,3,10,1,16,35,65,33,109,8,32,0,2
364,3.0,2025-05-31,4,9,2,12,24,51,35,117,1,13,2,0
365,3.0,2025-06-30,2,15,1,14,29,83,36,148,4,17,0,2
366,3.0,2025-07-31,5,14,1,13,36,77,32,133,4,27,1,2
367,3.0,2025-08-31,1,13,0,16,43,78,37,112,5,31,4,3
368,3.0,2025-09-30,3,14,2,14,39,60,43,105,4,21,2,1
369,3.0,2025-10-31,4,8,1,15,28,57,64,115,2,18,0,1
370,3.0,2025-11-30,1,11,1,18,23,69,26,93,3,30,1,1
371,3.0,2025-12-31,2,9,2,11,24,54,20,93,3,20,3,3
372,3.0,2026-01-31,3,9,0,13,20,43,31,87,2,19,2,2
373,3.0,2026-02-28,3,11,3,6,27,47,13,73,3,13,3,5
374,3.0,2026-03-31,4,9,4,14,28,52,40,80,5,14,0,2
375,3.0,2026-04-30,5,11,1,17,27,51,35,115,2,20,0,0
376,3.0,2026-05-31,1,10,0,14,36,64,34,118,8,22,1,5
377,3.0,2026-06-30,4,10,1,19,27,62,50,98,4,19,1,1
378,4.0,2016-01-31,3,4,1,5,8,22,14,35,0,8,0,0
379,4.0,2016-02-29,1,6,0,4,7,24,11,42,3,8,0,0
380,4.0,2016-03-31,1,7,0,2,6,24,17,45,0,10,0,0
381,4.0,2016-04-30,3,7,1,4,10,15,15,44,1,6,1,1
382,4.0,2016-05-31,2,6,1,5,11,21,32,33,1,10,2,0
383,4.0,2016-06-30,4,2,2,1,14,21,21,54,2,5,1,1
384,4.0,2016-07-31,1,8,4,1,7,28,37,41,3,14,1,1
385,4.0,2016-08-31,1,9,1,4,5,37,22,52,3,23,0,2
386,4.0,2016-09-30,1,0,3,1,8,20,16,39,2,5,1,1
387,4.0,2016-10-31,2,4,2,2,8,27,30,51,1,11,0,0
388,4.0,2016-11-30,2,3,3,3,7,25,14,45,0,12,2,0
389,4.0,2016-12-31,1,4,1,3,5,30,20,50,0,15,2,0
390,4.0,2017-01-31,2,4,1,6,12,19,18,41,3,7,0,0
391,4.0,2017-02-28,1,3,0,4,7,11,13,48,1,4,1,0
392,4.0,2017-03-31,0,4,2,5,9,26,9,28,3,12,0,1
393,4.0,2017-04-30,2,5,1,3,4,17,13,32,1,8,0,0
394,4.0,2017-05-31,2,12,0,11,9,28,12,53,1,9,1,0
395,4.0,2017-06-30,2,3,2,4,10,19,19,49,0,9,1,0
396,4.0,2017-07-31,3,6,0,10,13,18,12,63,6,7,0,0
397,4.0,2017-08-31,2,8,2,2,13,31,31,69,4,13,1,0
398,4.0,2017-09-30,5,7,2,1,16,39,23,52,1,7,0,0
399,4.0,2017-10-31,1,4,1,6,9,26,24,61,2,9,2,1
400,4.0,2017-11-30,2,6,0,1,13,24,11,66,1,10,0,1
401,4.0,2017-12-31,3,7,2,3,10,30,15,54,1,11,0,1
402,4.0,2018-01-31,1,4,2,1,8,34,12,40,2,15,0,0
403,4.0,2018-02-28,4,3,1,2,7,21,16,49,0,7,1,0
404,4.0,2018-03-31,3,10,0,4,12,28,13,36,2,9,0,0
405,4.0,2018-04-30,3,6,0,0,11,29,15,34,0,13,0,0
406,4.0,2018-05-31,2,10,2,7,9,31,25,48,0,9,1,0
407,4.0,2018-06-30,2,4,0,3,12,18,22,47,4,3,0,2
408,4.0,2018-07-31,3,7,2,0,9,26,26,40,1,8,2,0
409,4.0,2018-08-31,5,2,2,2,13,24,21,65,3,4,0,0
410,4.0,2018-09-30,3,7,6,4,11,37,14,48,2,9,1,0
411,4.0,2018-10-31,1,7,0,2,9,27,16,58,2,7,0,1
412,4.0,2018-11-30,2,7,0,1,7,25,12,47,1,10,0,0
413,4.0,2018-12-31,2,4,0,5,6,24,13,42,1,11,0,0
414,4.0,2019-01-31,3,5,0,0,15,21,13,23,2,5,0,0
415,4.0,2019-02-28,0,4,1,3,3,23,14,35,1,8,1,0
416,4.0,2019-03-31,3,3,0,3,9,18,13,31,2,8,0,0
417,4.0,2019-04-30,4,2,0,1,9,17,14,45,3,7,1,1
418,4.0,2019-05-31,3,4,1,3,8,30,9,56,2,9,0,2
419,4.0,2019-06-30,5,7,1,7,11,37,17,74,3,16,0,0
420,4.0,2019-07-31,1,6,0,2,12,27,28,42,2,11,2,0
421,4.0,2019-08-31,2,10,4,3,13,34,29,55,3,16,2,0
422,4.0,2019-09-30,4,3,1,1,12,27,13,32,1,7,0,2
423,4.0,2019-10-31,1,3,0,0,12,27,14,53,2,8,0,1
424,4.0,2019-11-30,2,3,1,4,7,25,16,37,1,10,0,0
425,4.0,2019-12-31,2,3,0,3,8,25,14,59,2,6,1,0
426,4.0,2020-01-31,3,8,1,1,8,37,18,48,0,16,0,0
427,4.0,2020-02-29,2,5,1,1,10,35,13,46,3,10,1,1
428,4.0,2020-03-31,0,4,1,0,6,23,19,48,2,8,2,1
429,4.0,2020-04-30,0,2,0,0,8,18,19,49,4,10,1,1
430,4.0,2020-05-31,2,6,3,1,9,17,17,41,0,4,0,1
431,4.0,2020-06-30,1,6,0,0,9,25,23,45,2,13,2,0
432,4.0,2020-07-31,3,4,2,0,12,18,31,58,3,5,1,1
433,4.0,2020-08-31,3,3,1,2,13,36,24,61,0,16,0,0
434,4.0,2020-09-30,2,3,0,1,9,27,19,78,1,12,1,1
435,4.0,2020-10-31,1,3,0,1,8,26,18,55,1,12,0,0
436,4.0,2020-11-30,0,2,1,2,4,12,7,38,2,9,1,0
437,4.0,2020-12-31,3,4,0,2,9,17,6,52,0,10,0,0
438,4.0,2021-01-31,1,8,2,0,6,24,12,36,2,12,2,0
439,4.0,2021-02-28,1,5,0,0,9,18,14,35,3,6,1,2
440,4.0,2021-03-31,1,5,2,1,5,19,20,43,2,10,3,2
441,4.0,2021-04-30,4,0,1,1,15,21,13,46,3,11,1,1
442,4.0,2021-05-31,1,5,1,2,14,31,9,49,3,15,1,0
443,4.0,2021-06-30,0,7,0,2,10,33,14,43,2,20,2,1
444,4.0,2021-07-31,1,4,1,1,10,23,23,26,3,6,3,0
445,4.0,2021-08-31,0,3,0,0,5,16,11,42,1,6,0,2
446,4.0,2021-09-30,2,5,3,0,13,24,23,49,0,11,1,2
447,4.0,2021-10-31,2,8,2,3,14,29,24,66,1,13,3,2
448,4.0,2021-11-30,1,4,0,5,9,17,23,39,2,6,1,0
449,4.0,2021-12-31,1,2,1,0,9,22,17,42,1,12,4,2
450,4.0,2022-01-31,1,3,0,0,6,18,25,29,2,8,0,1
451,4.0,2022-02-28,1,4,0,1,4,14,17,30,1,5,0,2
452,4.0,2022-03-31,0,6,0,0,10,20,21,44,1,10,5,1
453,4.0,2022-04-30,3,7,2,1,8,34,14,43,1,17,1,0
454,4.0,2022-05-31,2,8,1,0,17,30,17,57,2,11,2,0
455,4.0,2022-06-30,1,2,0,2,16,29,16,50,3,12,2,1
456,4.0,2022-07-31,1,3,0,2,12,25,21,65,1,13,0,0
457,4.0,2022-08-31,1,9,0,2,12,29,16,71,2,19,0,1
458,4.0,2022-09-30,1,5,1,2,16,34,14,74,1,13,0,1
459,4.0,2022-10-31,0,5,1,4,13,22,26,68,4,6,1,1
460,4.0,2022-11-30,2,8,0,1,16,22,22,43,3,6,2,1
461,4.0,2022-12-31,1,3,3,0,9,24,31,46,2,11,0,0
462,4.0,2023-01-31,1,4,1,1,14,29,14,48,3,13,0,0
463,4.0,2023-02-28,2,10,1,0,10,30,16,31,2,14,0,0
464,4.0,2023-03-31,3,5,0,1,12,26,17,36,4,15,1,1
465,4.0,2023-04-30,4,6,1,1,16,21,25,38,1,8,0,0
466,4.0,2023-05-31,2,8,2,1,22,38,20,44,1,12,1,1
467,4.0,2023-06-30,2,7,4,2,14,23,23,64,3,12,1,3
468,4.0,2023-07-31,4,8,3,5,17,25,29,52,3,13,1,0
469,4.0,2023-08-31,5,5,0,0,21,19,11,56,4,6,0,0
470,4.0,2023-09-30,2,8,2,2,22,34,20,43,0,9,1,1
471,4.0,2023-10-31,2,2,2,1,11,22,27,69,1,6,4,4
472,4.0,2023-11-30,5,6,1,3,16,31,34,58,2,10,3,1
473,4.0,2023-12-31,3,4,0,3,15,26,27,58,2,8,2,2
474,4.0,2024-01-31,2,3,1,1,10,30,16,49,2,11,3,0
475,4.0,2024-02-29,4,8,2,0,12,29,19,35,0,9,1,0
476,4.0,2024-03-31,0,5,3,2,14,23,16,44,3,7,1,1
477,4.0,2024-04-30,4,5,2,4,17,21,18,50,4,5,0,1
478,4.0,2024-05-31,3,4,2,3,16,24,27,44,4,9,0,1
479,4.0,2024-06-30,1,3,1,2,10,20,15,45,2,9,0,1
480,4.0,2024-07-31,2,7,0,4,12,29,18,55,2,11,2,1
481,4.0,2024-08-31,0,8,6,2,15,27,20,54,2,12,0,0
482,4.0,2024-09-30,2,6,3,3,7,30,21,61,1,8,0,1
483,4.0,2024-10-31,5,1,2,3,17,24,27,61,1,6,1,1
484,4.0,2024-11-30,2,4,0,2,11,30,10,46,1,10,0,0
485,4.0,2024-12-31,2,5,4,4,6,22,15,42,1,9,0,1
486,4.0,2025-01-31,2,3,1,1,11,18,13,63,0,8,1,0
487,4.0,2025-02-28,2,10,0,4,15,20,10,31,1,7,1,0
488,4.0,2025-03-31,1,9,2,3,10,24,17,39,1,10,0,2
489,4.0,2025-04-30,2,8,3,5,15,29,39,56,0,14,2,0
490,4.0,2025-05-31,1,7,0,2,8,26,13,48,2,10,0,0
491,4.0,2025-06-30,0,2,1,2,10,18,16,62,2,6,0,1
492,4.0,2025-07-31,2,3,0,2,12,15,14,60,2,8,2,1
493,4.0,2025-08-31,1,7,2,4,12,32,18,54,0,6,0,0
494,4.0,2025-09-30,2,4,0,3,12,32,7,66,0,7,0,0
495,4.0,2025-10-31,3,1,1,3,18,24,22,53,1,5,1,3
496,4.0,2025-11-30,1,8,0,3,10,23,16,44,1,8,0,0
497,4.0,2025-12-31,0,2,0,4,9,18,17,44,2,8,1,0
498,4.0,2026-01-31,2,7,0,4,12,22,10,36,0,8,1,0
499,4.0,2026-02-28,2,4,1,3,9,18,6,41,0,6,1,0
500,4.0,2026-03-31,4,4,2,5,10,24,12,55,0,5,1,0
501,4.0,2026-04-30,0,5,1,9,10,21,14,78,2,6,0,1
502,4.0,2026-05-31,0,3,1,3,16,20,11,47,4,5,0,2
503,4.0,2026-06-30,1,5,1,8,9,22,12,50,1,12,0,1
504,5.0,2016-01-31,1,1,0,3,3,9,12,32,1,4,0,0
505,5.0,2016-02-29,1,1,0,4,4,4,11,31,2,2,0,0
506,5.0,2016-03-31,0,1,0,2,1,10,13,41,1,3,0,0
507,5.0,2016-04-30,0,4,1,2,3,13,14,50,0,4,0,0
508,5.0,2016-05-31,0,4,1,3,4,13,15,25,1,4,1,0
509,5.0,2016-06-30,1,5,1,4,6,9,17,37,1,6,1,0
510,5.0,2016-07-31,2,1,1,3,11,8,22,37,4,2,0,1
511,5.0,2016-08-31,1,3,1,7,4,11,8,49,1,6,1,0
512,5.0,2016-09-30,1,2,1,5,4,11,18,30,0,5,0,0
513,5.0,2016-10-31,1,1,0,8,9,10,8,57,1,4,0,0
514,5.0,2016-11-30,0,3,0,3,2,14,13,47,1,6,0,0
515,5.0,2016-12-31,3,0,0,2,8,9,12,38,4,4,0,0
516,5.0,2017-01-31,2,3,1,1,3,10,11,33,0,3,3,0
517,5.0,2017-02-28,0,7,0,3,5,17,12,29,0,5,1,0
518,5.0,2017-03-31,1,0,0,2,3,10,7,41,0,6,0,1
519,5.0,2017-04-30,0,4,0,5,4,9,9,37,0,3,0,0
520,5.0,2017-05-31,1,0,0,7,8,10,9,57,0,3,1,1
521,5.0,2017-06-30,1,5,0,10,5,8,14,55,0,2,0,2
522,5.0,2017-07-31,0,0,1,2,1,8,15,65,0,3,0,0
523,5.0,2017-08-31,1,3,0,8,8,12,9,58,0,3,0,0
524,5.0,2017-09-30,2,0,1,2,8,9,13,35,2,6,0,0
525,5.0,2017-10-31,1,0,0,2,10,9,9,46,2,4,0,0
526,5.0,2017-11-30,0,1,0,0,2,7,10,30,0,3,0,0
527,5.0,2017-12-31,0,1,1,0,3,5,7,52,0,2,0,0
528,5.0,2018-01-31,1,3,0,1,3,15,8,40,1,9,0,0
529,5.0,2018-02-28,0,1,0,0,6,3,3,40,1,0,0,1
530,5.0,2018-03-31,1,4,1,4,6,10,16,25,2,0,0,0
531,5.0,2018-04-30,0,4,0,0,5,13,14,41,1,3,0,0
532,5.0,2018-05-31,0,5,1,3,5,20,6,33,2,6,0,0
533,5.0,2018-06-30,0,2,0,3,5,11,6,43,1,6,1,0
534,5.0,2018-07-31,2,4,1,1,7,15,19,48,2,6,0,2
535,5.0,2018-08-31,0,0,0,1,1,7,7,44,0,4,0,0
536,5.0,2018-09-30,2,2,0,0,8,15,9,49,0,5,0,1
537,5.0,2018-10-31,1,2,0,4,5,10,11,62,2,2,0,0
538,5.0,2018-11-30,0,1,1,2,2,5,13,42,0,2,0,1
539,5.0,2018-12-31,1,4,0,4,9,10,12,55,4,4,0,1
540,5.0,2019-01-31,4,0,0,2,7,14,16,27,0,5,0,0
541,5.0,2019-02-28,0,4,1,1,2,7,10,38,1,3,0,0
542,5.0,2019-03-31,0,3,3,2,7,8,18,53,1,3,0,0
543,5.0,2019-04-30,1,1,0,2,7,10,13,35,2,4,0,0
544,5.0,2019-05-31,1,1,0,0,6,7,11,28,1,1,1,1
545,5.0,2019-06-30,1,1,0,2,8,12,18,36,2,6,0,1
546,5.0,2019-07-31,1,2,1,4,6,11,8,36,0,5,0,1
547,5.0,2019-08-31,1,1,0,2,6,8,17,34,0,3,0,0
548,5.0,2019-09-30,1,0,0,5,3,10,10,55,0,7,0,0
549,5.0,2019-10-31,1,3,1,3,8,10,15,43,0,3,0,0
550,5.0,2019-11-30,0,3,2,1,6,15,12,29,2,5,1,0
551,5.0,2019-12-31,2,0,1,3,4,5,11,50,2,2,1,1
552,5.0,2020-01-31,0,2,0,6,2,11,7,41,0,4,0,1
553,5.0,2020-02-29,1,1,0,5,5,10,10,39,2,4,0,0
554,5.0,2020-03-31,1,1,0,0,10,8,8,39,3,5,0,0
555,5.0,2020-04-30,1,1,0,2,5,4,9,33,0,2,2,0
556,5.0,2020-05-31,1,1,2,3,5,4,10,21,1,0,0,0
557,5.0,2020-06-30,1,2,0,1,7,7,10,15,1,2,0,0
558,5.0,2020-07-31,0,3,0,0,6,14,3,25,1,5,0,0
559,5.0,2020-08-31,0,1,0,2,4,11,6,30,2,3,1,0
560,5.0,2020-09-30,0,0,1,1,8,3,13,28,1,1,0,0
561,5.0,2020-10-31,1,2,1,1,5,8,6,31,1,2,0,2
562,5.0,2020-11-30,0,1,0,1,1,12,8,31,0,6,2,0
563,5.0,2020-12-31,1,2,0,1,5,9,6,26,1,2,1,0
564,5.0,2021-01-31,0,1,0,0,5,6,7,26,1,3,0,0
565,5.0,2021-02-28,0,0,0,0,6,4,5,13,2,2,0,0
566,5.0,2021-03-31,0,2,0,0,9,6,7,16,3,4,0,1
567,5.0,2021-04-30,1,2,0,0,6,6,7,20,0,4,0,0
568,5.0,2021-05-31,2,3,0,3,5,10,13,24,1,7,1,1
569,5.0,2021-06-30,0,1,0,1,2,6,11,28,0,2,0,1
570,5.0,2021-07-31,1,0,0,1,7,6,2,32,1,4,0,0
571,5.0,2021-08-31,1,1,0,0,8,13,8,31,2,5,0,0
572,5.0,2021-09-30,0,2,1,2,3,16,18,34,1,13,0,0
573,5.0,2021-10-31,0,1,1,0,7,15,14,44,1,6,1,0
574,5.0,2021-11-30,0,0,0,2,5,8,12,28,2,2,1,0
575,5.0,2021-12-31,2,2,0,2,6,16,8,28,3,8,0,0
576,5.0,2022-01-31,0,0,0,0,3,12,7,29,1,7,0,1
577,5.0,2022-02-28,2,0,0,1,8,9,10,22,1,3,1,1
578,5.0,2022-03-31,0,4,0,0,4,13,15,26,1,3,0,1
579,5.0,2022-04-30,0,0,1,1,4,10,11,33,1,3,1,0
580,5.0,2022-05-31,0,0,1,0,5,11,15,33,4,5,0,0
581,5.0,2022-06-30,0,0,1,1,6,12,8,46,1,5,0,0
582,5.0,2022-07-31,1,0,1,1,9,10,18,51,2,5,0,2
583,5.0,2022-08-31,0,0,1,2,6,12,12,40,0,9,0,0
584,5.0,2022-09-30,0,3,1,1,10,14,11,52,1,8,0,1
585,5.0,2022-10-31,1,0,0,0,4,10,10,47,1,4,1,1
586,5.0,2022-11-30,0,2,0,1,4,17,5,38,1,13,0,0
587,5.0,2022-12-31,2,3,0,1,4,11,16,59,0,5,0,0
588,5.0,2023-01-31,1,1,0,2,6,6,18,35,1,2,0,1
589,5.0,2023-02-28,0,0,0,2,6,12,14,30,0,5,1,1
590,5.0,2023-03-31,0,3,0,0,5,19,21,41,1,14,2,0
591,5.0,2023-04-30,1,2,0,2,5,14,17,34,1,8,0,0
592,5.0,2023-05-31,0,2,1,0,2,13,11,32,0,4,1,0
593,5.0,2023-06-30,1,0,1,1,9,13,10,51,0,5,0,0
594,5.0,2023-07-31,2,3,0,0,10,16,11,45,2,6,1,0
595,5.0,2023-08-31,1,1,2,0,10,7,12,44,1,1,0,0
596,5.0,2023-09-30,1,4,2,2,1,22,16,45,0,10,0,3
597,5.0,2023-10-31,0,1,1,0,5,20,11,54,0,10,0,0
598,5.0,2023-11-30,0,1,1,0,11,20,21,18,1,10,0,0
599,5.0,2023-12-31,1,1,1,0,5,5,16,35,0,4,0,0
600,5.0,2024-01-31,0,1,0,0,6,12,11,21,1,4,2,0
601,5.0,2024-02-29,1,1,0,1,8,16,10,28,0,5,0,2
602,5.0,2024-03-31,0,3,1,1,8,14,8,36,1,4,0,0
603,5.0,2024-04-30,0,0,0,1,6,8,16,26,0,3,3,0
604,5.0,2024-05-31,1,0,1,2,6,10,26,34,1,4,0,1
605,5.0,2024-06-30,0,3,0,0,4,15,26,47,1,8,1,0
606,5.0,2024-07-31,0,2,1,0,5,10,12,39,0,3,1,0
607,5.0,2024-08-31,0,2,1,0,11,9,14,28,2,5,1,0
608,5.0,2024-09-30,0,2,0,1,6,14,9,40,2,5,0,1
609,5.0,2024-10-31,1,1,1,0,3,11,15,44,1,1,0,0
610,5.0,2024-11-30,0,3,1,0,4,19,11,25,0,6,0,1
611,5.0,2024-12-31,1,4,0,0,4,13,10,37,0,9,0,0
612,5.0,2025-01-31,0,1,0,1,5,7,5,31,1,0,0,1
613,5.0,2025-02-28,0,0,0,0,4,3,9,20,0,2,0,0
614,5.0,2025-03-31,0,2,1,2,4,18,10,23,0,5,0,0
615,5.0,2025-04-30,1,0,0,1,10,7,17,25,2,1,0,0
616,5.0,2025-05-31,0,0,0,0,6,7,15,24,1,5,1,0
617,5.0,2025-06-30,1,2,0,0,10,10,17,36,1,5,0,0
618,5.0,2025-07-31,0,0,0,0,9,20,14,32,1,11,1,0
619,5.0,2025-08-31,0,0,0,0,5,3,6,34,2,0,0,0
620,5.0,2025-09-30,1,2,1,1,8,16,6,29,0,5,1,0
621,5.0,2025-10-31,1,2,1,0,10,14,15,37,1,3,0,1
622,5.0,2025-11-30,0,3,1,0,5,14,24,27,2,5,0,0
623,5.0,2025-12-31,0,1,0,0,6,6,41,29,2,1,0,0
624,5.0,2026-01-31,0,4,0,0,10,15,10,23,1,11,1,0
625,5.0,2026-02-28,0,4,1,1,4,16,10,35,0,11,0,2
626,5.0,2026-03-31,1,2,0,1,8,11,13,29,1,5,1,0
627,5.0,2026-04-30,0,3,0,0,5,22,11,37,2,10,0,0
628,5.0,2026-05-31,0,2,1,0,5,12,11,33,1,3,1,2
629,5.0,2026-06-30,0,1,0,1,1,7,8,34,0,3,0,0
630,6.0,2016-01-31,1,8,10,11,12,48,68,151,3,14,1,1
631,6.0,2016-02-29,2,9,3,4,12,51,50,102,2,16,2,1
632,6.0,2016-03-31,7,18,2,15,16,55,43,163,1,11,2,1
633,6.0,2016-04-30,1,18,5,15,16,58,41,176,1,15,0,2
634,6.0,2016-05-31,3,32,2,16,12,77,47,157,1,14,0,1
635,6.0,2016-06-30,10,28,1,14,21,80,39,174,2,12,0,1
636,6.0,2016-07-31,4,17,2,12,24,79,43,192,2,22,0,2
637,6.0,2016-08-31,5,33,3,16,16,86,51,236,1,20,1,3
638,6.0,2016-09-30,7,25,9,23,20,78,73,237,4,19,2,0
639,6.0,2016-10-31,3,33,3,18,20,95,49,196,1,17,0,2
640,6.0,2016-11-30,6,26,2,13,15,63,51,204,3,12,1,1
641,6.0,2016-12-31,3,13,6,18,13,45,38,160,1,13,0,2
642,6.0,2017-01-31,1,10,4,20,18,48,26,149,1,12,0,0
643,6.0,2017-02-28,4,13,4,19,17,38,31,155,2,13,3,0
644,6.0,2017-03-31,2,17,3,18,12,57,30,165,1,18,0,1
645,6.0,2017-04-30,6,15,0,18,15,51,30,195,3,16,1,2
646,6.0,2017-05-31,5,18,3,25,13,68,27,211,1,18,0,0
647,6.0,2017-06-30,4,37,1,23,15,95,35,220,2,17,1,2
648,6.0,2017-07-31,2,22,4,10,25,82,41,213,4,26,0,0
649,6.0,2017-08-31,9,23,7,18,27,68,50,225,3,10,1,1
650,6.0,2017-09-30,7,28,4,20,20,81,33,200,1,25,0,1
651,6.0,2017-10-31,5,32,2,12,21,85,35,220,2,24,1,0
652,6.0,2017-11-30,1,11,2,13,14,39,25,146,0,15,0,0
653,6.0,2017-12-31,1,10,1,11,13,48,38,164,3,21,2,1
654,6.0,2018-01-31,7,17,1,16,19,53,29,151,2,26,1,3
655,6.0,2018-02-28,4,11,1,13,22,54,21,127,1,15,1,0
656,6.0,2018-03-31,6,19,3,19,17,60,40,165,0,17,2,0
657,6.0,2018-04-30,3,15,3,12,19,64,41,203,4,19,0,1
658,6.0,2018-05-31,3,21,1,14,23,77,35,151,4,19,0,0
659,6.0,2018-06-30,5,32,1,17,26,91,43,215,1,21,1,3
660,6.0,2018-07-31,0,24,5,22,18,77,42,222,0,21,1,1
661,6.0,2018-08-31,9,29,3,17,31,90,52,243,2,22,1,1
662,6.0,2018-09-30,5,24,2,19,23,79,33,240,3,22,1,2
663,6.0,2018-10-31,1,11,2,19,14,51,29,230,1,12,1,1
664,6.0,2018-11-30,4,13,1,15,22,55,26,155,5,14,0,0
665,6.0,2018-12-31,3,9,4,20,23,47,35,225,4,20,1,0
666,6.0,2019-01-31,5,12,4,23,14,47,24,159,2,13,0,1
667,6.0,2019-02-28,4,12,0,29,16,46,27,159,2,8,0,1
668,6.0,2019-03-31,4,23,2,14,31,72,37,161,5,12,0,1
669,6.0,2019-04-30,8,17,2,11,28,60,56,176,6,12,2,2
670,6.0,2019-05-31,5,20,6,21,21,70,50,216,1,20,0,0
671,6.0,2019-06-30,13,30,4,12,43,96,50,280,5,19,2,3
672,6.0,2019-07-31,7,15,4,25,30,70,42,243,3,23,0,1
673,6.0,2019-08-31,4,25,2,30,26,89,42,249,3,27,0,0
674,6.0,2019-09-30,7,20,4,17,28,80,34,198,6,16,1,0
675,6.0,2019-10-31,8,14,2,23,25,60,38,218,2,14,0,1
676,6.0,2019-11-30,2,14,1,11,14,50,25,165,3,14,0,2
677,6.0,2019-12-31,7,16,0,16,28,62,26,211,6,13,0,1
678,6.0,2020-01-31,3,10,2,13,28,43,36,156,3,8,0,1
679,6.0,2020-02-29,2,8,1,15,24,37,32,153,2,10,1,3
680,6.0,2020-03-31,1,12,2,14,14,43,23,141,0,13,1,1
681,6.0,2020-04-30,1,4,1,5,12,25,24,88,1,11,1,2
682,6.0,2020-05-31,3,9,1,9,21,33,31,135,4,17,1,1
683,6.0,2020-06-30,1,2,2,2,19,32,43,120,5,11,2,0
684,6.0,2020-07-31,3,11,0,8,18,48,21,163,0,11,1,0
685,6.0,2020-08-31,4,10,0,12,25,46,28,159,2,19,2,1
686,6.0,2020-09-30,2,5,2,7,19,31,22,144,3,13,0,1
687,6.0,2020-10-31,3,10,1,11,20,42,29,159,4,13,1,2
688,6.0,2020-11-30,2,11,0,8,17,31,15,99,2,8,1,1
689,6.0,2020-12-31,2,5,0,4,11,37,16,102,4,16,1,1
690,6.0,2021-01-31,3,4,3,4,18,24,14,83,0,12,3,2
691,6.0,2021-02-28,4,5,4,3,18,25,24,55,0,12,2,1
692,6.0,2021-03-31,3,7,2,6,14,35,24,104,2,15,0,2
693,6.0,2021-04-30,0,8,2,2,10,42,31,114,0,19,1,0
694,6.0,2021-05-31,6,16,2,4,25,51,63,131,6,22,1,2
695,6.0,2021-06-30,6,9,1,3,26,78,45,129,3,29,5,0
696,6.0,2021-07-31,4,21,4,10,29,86,47,178,1,26,4,1
697,6.0,2021-08-31,3,10,6,8,36,66,44,211,5,17,0,3
698,6.0,2021-09-30,1,15,1,6,24,74,36,179,3,18,2,2
699,6.0,2021-10-31,3,11,2,12,36,61,34,209,0,13,3,0
700,6.0,2021-11-30,3,14,0,8,20,59,43,161,2,26,0,0
701,6.0,2021-12-31,1,13,2,2,29,51,27,132,5,18,1,2
702,6.0,2022-01-31,3,6,3,7,15,38,31,121,0,12,0,0
703,6.0,2022-02-28,1,9,0,3,17,42,15,134,1,16,1,1
704,6.0,2022-03-31,2,14,3,6,18,63,34,161,1,13,1,2
705,6.0,2022-04-30,6,15,1,5,27,75,29,157,2,14,1,0
706,6.0,2022-05-31,2,15,0,8,28,68,38,185,3,22,1,0
707,6.0,2022-06-30,2,24,2,7,33,98,56,278,1,20,4,2
708,6.0,2022-07-31,4,12,1,5,32,79,56,259,2,20,3,1
709,6.0,2022-08-31,5,20,3,7,24,70,49,226,2,19,1,2
710,6.0,2022-09-30,3,17,1,10,31,66,42,204,3,21,0,1
711,6.0,2022-10-31,2,17,1,5,23,72,52,226,3,19,3,0
712,6.0,2022-11-30,4,12,1,9,27,53,42,161,2,12,0,4
713,6.0,2022-12-31,0,10,3,5,24,46,45,159,3,12,2,2
714,6.0,2023-01-31,1,8,2,7,21,53,34,166,5,13,0,0
715,6.0,2023-02-28,3,7,3,7,20,37,26,139,2,13,2,1
716,6.0,2023-03-31,3,11,3,3,24,49,33,179,5,8,0,1
717,6.0,2023-04-30,4,11,4,9,21,54,45,188,3,18,0,0
718,6.0,2023-05-31,7,6,2,7,28,72,47,196,2,22,3,3
719,6.0,2023-06-30,4,25,1,6,28,97,53,296,1,16,2,0
720,6.0,2023-07-31,4,15,4,10,24,79,56,222,0,18,3,0
721,6.0,2023-08-31,1,11,3,4,38,71,72,275,1,18,1,2
722,6.0,2023-09-30,2,13,2,3,32,87,49,234,6,25,0,2
723,6.0,2023-10-31,2,17,2,7,27,78,49,263,2,12,1,4
724,6.0,2023-11-30,2,15,2,6,23,62,48,211,2,13,1,2
725,6.0,2023-12-31,2,8,2,7,27,48,49,223,2,13,0,1
726,6.0,2024-01-31,6,15,2,13,29,59,35,172,2,26,0,2
727,6.0,2024-02-29,2,11,2,15,22,54,40,191,2,19,3,2
728,6.0,2024-03-31,4,13,2,9,36,71,46,190,4,20,2,0
729,6.0,2024-04-30,3,15,2,11,31,76,44,184,5,12,2,2
730,6.0,2024-05-31,5,13,5,5,32,72,51,225,1,16,0,0
731,6.0,2024-06-30,8,29,2,15,30,101,53,315,1,21,1,1
732,6.0,2024-07-31,5,25,3,9,24,89,50,293,0,17,1,0
733,6.0,2024-08-31,2,13,0,17,27,79,54,290,2,13,0,1
734,6.0,2024-09-30,4,9,1,14,31,76,53,241,3,15,2,0
735,6.0,2024-10-31,5,10,0,12,37,69,50,234,5,15,1,1
736,6.0,2024-11-30,1,15,1,10,26,66,32,202,3,16,0,0
737,6.0,2024-12-31,3,12,1,16,21,56,36,225,4,18,3,2
738,6.0,2025-01-31,0,7,0,14,20,47,20,186,0,12,0,1
739,6.0,2025-02-28,1,6,1,11,24,45,24,143,3,10,0,1
740,6.0,2025-03-31,2,14,1,17,20,66,45,178,1,13,1,0
741,6.0,2025-04-30,3,7,3,8,23,48,69,168,0,7,1,2
742,6.0,2025-05-31,2,7,4,15,32,71,33,209,3,11,1,2
743,6.0,2025-06-30,8,37,3,12,37,104,65,271,3,23,2,1
744,6.0,2025-07-31,2,13,1,10,30,77,41,277,2,11,0,1
745,6.0,2025-08-31,3,12,2,9,34,65,28,213,1,15,1,2
746,6.0,2025-09-30,4,9,4,18,32,60,39,218,0,9,0,1
747,6.0,2025-10-31,5,13,2,11,28,62,31,193,1,18,0,2
748,6.0,2025-11-30,1,14,5,9,26,62,39,191,0,7,2,0
749,6.0,2025-12-31,2,7,1,18,26,50,28,207,4,15,1,1
750,6.0,2026-01-31,1,7,1,5,21,40,34,143,2,14,1,1
751,6.0,2026-02-28,0,6,0,8,15,54,21,181,0,7,1,0
752,6.0,2026-03-31,2,15,2,14,26,75,41,215,2,17,0,1
753,6.0,2026-04-30,1,11,3,17,21,58,44,222,0,16,1,2
754,6.0,2026-05-31,2,16,0,15,17,68,66,195,3,15,1,0
755,6.0,2026-06-30,4,24,1,8,25,86,42,202,2,18,0,0
756,7.0,2016-01-31,1,4,0,8,5,23,34,129,2,9,0,2
757,7.0,2016-02-29,2,7,1,4,6,27,21,106,0,9,0,2
758,7.0,2016-03-31,2,2,2,7,6,22,36,135,1,6,1,1
759,7.0,2016-04-30,1,5,1,7,4,28,26,138,0,5,0,1
760,7.0,2016-05-31,1,5,2,8,10,35,42,169,3,6,0,1
761,7.0,2016-06-30,4,13,2,4,15,46,33,173,1,16,0,1
762,7.0,2016-07-31,2,7,2,6,14,27,29,175,2,8,3,3
763,7.0,2016-08-31,1,5,0,7,14,26,33,189,1,7,0,0
764,7.0,2016-09-30,0,6,2,6,11,35,42,218,2,10,0,0
765,7.0,2016-10-31,2,2,1,8,6,30,50,176,1,3,1,0
766,7.0,2016-11-30,1,5,1,4,8,30,38,184,0,12,1,3
767,7.0,2016-12-31,0,1,2,7,6,22,40,163,3,1,0,1
768,7.0,2017-01-31,3,4,1,6,13,36,48,156,2,13,1,1
769,7.0,2017-02-28,2,0,1,4,14,29,23,154,4,10,0,2
770,7.0,2017-03-31,1,3,0,8,8,33,42,173,1,10,1,1
771,7.0,2017-04-30,3,1,2,5,11,18,34,142,2,2,2,0
772,7.0,2017-05-31,1,12,1,13,9,35,24,188,1,11,0,1
773,7.0,2017-06-30,2,12,1,6,13,32,34,199,3,6,0,4
774,7.0,2017-07-31,2,7,1,10,8,46,35,191,0,10,5,0
775,7.0,2017-08-31,1,6,0,7,12,31,24,198,2,5,1,2
776,7.0,2017-09-30,1,5,3,12,10,27,32,206,1,13,2,1
777,7.0,2017-10-31,2,6,1,9,12,22,31,202,3,4,0,0
778,7.0,2017-11-30,5,7,0,3,20,26,31,222,2,6,1,3
779,7.0,2017-12-31,1,8,1,7,6,41,33,209,0,14,2,3
780,7.0,2018-01-31,0,5,1,8,11,16,32,208,2,6,0,2
781,7.0,2018-02-28,0,5,1,8,14,26,34,139,3,7,0,0
782,7.0,2018-03-31,4,2,2,12,22,25,30,161,4,5,0,0
783,7.0,2018-04-30,1,6,0,6,17,28,20,158,2,5,1,0
784,7.0,2018-05-31,1,11,2,3,8,40,40,163,0,13,1,0
785,7.0,2018-06-30,4,4,3,10,22,36,42,202,3,12,1,0
786,7.0,2018-07-31,2,9,1,12,16,39,39,216,0,9,0,1
787,7.0,2018-08-31,2,6,1,8,22,32,37,259,2,8,0,0
788,7.0,2018-09-30,0,6,0,11,14,34,40,256,2,16,0,1
789,7.0,2018-10-31,1,2,0,8,13,35,50,242,2,10,0,0
790,7.0,2018-11-30,2,4,0,16,19,26,39,222,1,4,0,0
791,7.0,2018-12-31,0,2,1,5,12,27,60,273,0,7,0,3
792,7.0,2019-01-31,1,5,1,7,6,27,38,173,0,10,3,0
793,7.0,2019-02-28,2,8,1,7,12,32,27,161,0,7,0,1
794,7.0,2019-03-31,1,3,0,5,12,42,29,146,2,10,0,1
795,7.0,2019-04-30,0,1,1,12,11,30,39,162,1,9,1,2
796,7.0,2019-05-31,2,6,1,5,15,35,45,187,6,7,0,1
797,7.0,2019-06-30,4,8,4,8,23,39,54,185,5,10,0,1
798,7.0,2019-07-31,2,10,0,9,15,60,35,184,0,21,2,0
799,7.0,2019-08-31,1,7,1,3,12,38,36,170,3,12,0,0
800,7.0,2019-09-30,5,5,1,3,15,34,36,187,6,11,2,1
801,7.0,2019-10-31,2,7,1,6,10,32,37,171,1,9,0,0
802,7.0,2019-11-30,2,3,1,2,13,35,38,142,2,4,3,3
803,7.0,2019-12-31,2,4,2,6,19,25,22,165,3,6,0,1
804,7.0,2020-01-31,0,4,0,12,11,35,25,155,2,12,0,1
805,7.0,2020-02-29,1,6,0,4,10,33,34,136,1,8,0,0
806,7.0,2020-03-31,0,4,0,3,11,24,25,107,2,7,0,0
807,7.0,2020-04-30,1,2,0,0,9,15,10,38,0,8,0,1
808,7.0,2020-05-31,1,1,2,4,6,12,30,57,1,9,0,0
809,7.0,2020-06-30,1,6,0,2,12,22,13,76,3,10,0,1
810,7.0,2020-07-31,0,3,0,7,14,23,20,95,1,5,0,1
811,7.0,2020-08-31,1,1,0,3,9,17,21,113,1,4,1,0
812,7.0,2020-09-30,2,3,0,2,15,13,10,91,2,6,0,0
813,7.0,2020-10-31,1,3,2,5,10,22,16,104,1,5,0,1
814,7.0,2020-11-30,0,0,2,3,13,7,24,93,1,5,2,1
815,7.0,2020-12-31,0,3,0,7,8,19,17,100,2,13,0,1
816,7.0,2021-01-31,0,0,0,3,3,11,25,73,0,2,0,2
817,7.0,2021-02-28,1,2,1,2,10,13,15,47,0,8,0,0
818,7.0,2021-03-31,0,3,1,1,7,22,18,58,1,8,2,1
819,7.0,2021-04-30,4,0,0,2,10,10,14,58,1,5,0,0
820,7.0,2021-05-31,3,7,0,0,15,28,26,87,1,10,0,0
821,7.0,2021-06-30,1,2,0,1,11,28,15,111,0,8,3,2
822,7.0,2021-07-31,0,5,1,0,15,33,19,126,3,7,0,1
823,7.0,2021-08-31,1,4,1,4,17,27,23,130,1,5,3,0
824,7.0,2021-09-30,1,1,1,3,21,33,23,148,2,9,1,0
825,7.0,2021-10-31,1,2,0,4,18,30,27,108,1,5,1,0
826,7.0,2021-11-30,0,3,0,1,12,22,27,114,2,6,1,0
827,7.0,2021-12-31,1,6,0,3,11,29,21,100,1,3,1,0
828,7.0,2022-01-31,0,0,2,3,8,13,12,100,0,1,0,1
829,7.0,2022-02-28,2,2,0,1,7,15,15,76,0,6,0,0
830,7.0,2022-03-31,3,2,0,4,13,20,24,98,2,5,0,0
831,7.0,2022-04-30,1,1,1,1,15,24,22,101,0,7,1,1
832,7.0,2022-05-31,1,1,0,3,14,23,27,122,1,9,1,1
833,7.0,2022-06-30,1,2,1,4,10,33,30,136,1,6,2,0
834,7.0,2022-07-31,1,5,0,3,13,41,24,151,3,13,0,1
835,7.0,2022-08-31,3,2,2,3,14,25,27,183,0,7,1,0
836,7.0,2022-09-30,1,5,0,2,16,25,26,156,1,6,1,2
837,7.0,2022-10-31,0,2,2,2,10,27,27,176,0,8,1,1
838,7.0,2022-11-30,1,4,1,0,12,23,33,133,2,5,1,0
839,7.0,2022-12-31,1,4,2,5,13,21,25,110,2,8,0,0
840,7.0,2023-01-31,4,3,0,6,24,23,37,115,0,7,0,1
841,7.0,2023-02-28,0,1,0,3,13,18,25,78,1,5,1,0
842,7.0,2023-03-31,0,4,0,2,13,27,24,108,1,7,2,2
843,7.0,2023-04-30,1,3,2,2,15,19,33,116,0,8,1,0
844,7.0,2023-05-31,1,1,1,5,20,28,29,149,2,7,0,2
845,7.0,2023-06-30,1,3,1,2,22,34,24,155,1,8,1,0
846,7.0,2023-07-31,2,3,0,0,15,31,36,173,1,11,1,0
847,7.0,2023-08-31,0,6,2,0,15,36,49,179,3,12,1,0
848,7.0,2023-09-30,2,7,0,5,16,47,19,149,1,13,0,0
849,7.0,2023-10-31,1,6,1,2,12,28,24,158,2,3,0,2
850,7.0,2023-11-30,1,3,0,2,16,22,30,147,1,7,2,1
851,7.0,2023-12-31,0,5,1,2,10,27,42,129,0,8,1,0
852,7.0,2024-01-31,0,1,0,4,12,21,26,150,1,4,2,0
853,7.0,2024-02-29,3,7,2,5,16,29,24,146,3,13,0,0
854,7.0,2024-03-31,3,4,1,3,12,22,41,157,1,5,0,0
855,7.0,2024-04-30,0,3,0,2,11,21,17,144,0,4,2,2
856,7.0,2024-05-31,1,9,2,5,21,42,25,179,5,8,1,3
857,7.0,2024-06-30,1,10,1,9,21,36,30,178,3,10,2,1
858,7.0,2024-07-31,2,3,1,6,15,29,37,205,0,9,0,1
859,7.0,2024-08-31,2,4,1,7,19,32,51,188,2,6,0,0
860,7.0,2024-09-30,0,3,0,4,13,33,33,193,3,8,0,1
861,7.0,2024-10-31,2,5,0,2,13,29,44,191,2,4,0,0
862,7.0,2024-11-30,2,5,1,5,17,39,32,147,1,12,0,3
863,7.0,2024-12-31,0,2,1,7,7,24,59,166,0,4,1,1
864,7.0,2025-01-31,0,8,0,9,8,36,14,142,0,15,0,1
865,7.0,2025-02-28,3,2,0,3,20,25,17,119,4,6,0,0
866,7.0,2025-03-31,4,2,0,6,19,29,43,131,1,6,0,0
867,7.0,2025-04-30,2,7,1,9,12,23,44,155,0,5,1,3
868,7.0,2025-05-31,0,5,0,6,19,22,25,145,0,5,1,1
869,7.0,2025-06-30,2,9,2,6,23,42,31,141,3,14,0,2
870,7.0,2025-07-31,1,3,0,4,16,27,46,181,0,7,1,4
871,7.0,2025-08-31,2,4,0,11,16,30,19,149,0,9,0,1
872,7.0,2025-09-30,2,7,0,5,26,31,22,134,1,9,0,2
873,7.0,2025-10-31,2,2,0,8,24,23,25,148,1,7,1,1
874,7.0,2025-11-30,2,1,2,6,19,19,50,137,3,7,1,0
875,7.0,2025-12-31,0,1,2,4,14,25,42,125,1,6,1,0
876,7.0,2026-01-31,0,3,1,3,17,29,23,88,1,8,0,1
877,7.0,2026-02-28,3,5,0,6,11,30,22,129,0,6,0,2
878,7.0,2026-03-31,2,4,1,10,9,36,25,184,1,6,0,0
879,7.0,2026-04-30,1,4,1,7,21,32,39,128,1,13,0,1
880,7.0,2026-05-31,0,5,0,4,14,25,33,141,2,10,0,1
881,7.0,2026-06-30,3,5,1,4,17,32,13,110,1,8,0,2
882,8.0,2016-01-31,9,21,5,44,26,78,63,331,5,19,1,1
883,8.0,2016-02-29,5,28,2,54,30,94,66,328,4,21,1,2
884,8.0,2016-03-31,11,28,5,51,38,108,42,352,3,17,4,4
885,8.0,2016-04-30,7,23,1,45,35,83,38,358,6,27,1,5
886,8.0,2016-05-31,4,34,5,46,29,115,43,421,6,29,0,2
887,8.0,2016-06-30,12,25,4,51,41,108,46,455,2,33,2,2
888,8.0,2016-07-31,4,22,5,35,29,108,71,471,6,24,5,4
889,8.0,2016-08-31,5,34,1,47,33,127,65,446,6,37,2,8
890,8.0,2016-09-30,5,18,5,51,31,101,59,452,4,28,2,2
891,8.0,2016-10-31,6,25,1,48,32,116,42,430,3,29,0,1
892,8.0,2016-11-30,6,19,4,57,32,93,61,395,4,23,2,4
893,8.0,2016-12-31,3,28,5,82,20,97,59,463,2,23,0,4
894,8.0,2017-01-31,7,25,4,56,26,107,46,404,2,27,1,3
895,8.0,2017-02-28,8,27,3,60,34,116,44,346,5,35,1,2
896,8.0,2017-03-31,7,29,5,37,29,101,44,335,4,27,2,3
897,8.0,2017-04-30,10,34,3,44,33,104,48,395,4,29,2,1
898,8.0,2017-05-31,13,32,3,57,43,115,43,451,3,17,2,5
899,8.0,2017-06-30,6,43,5,74,50,123,52,545,5,25,1,5
900,8.0,2017-07-31,6,41,6,79,37,137,60,566,3,36,3,6
901,8.0,2017-08-31,5,48,8,96,46,125,68,628,5,31,8,1
902,8.0,2017-09-30,9,38,6,88,45,139,57,529,9,38,2,3
903,8.0,2017-10-31,8,34,2,65,39,129,43,569,5,25,2,2
904,8.0,2017-11-30,9,25,4,85,45,105,66,551,5,26,3,7
905,8.0,2017-12-31,6,27,4,92,34,88,65,581,4,24,0,1
906,8.0,2018-01-31,10,36,4,51,48,126,55,474,12,36,2,2
907,8.0,2018-02-28,7,33,2,56,35,99,29,348,3,23,0,3
908,8.0,2018-03-31,4,34,1,55,44,101,43,411,4,32,0,3
909,8.0,2018-04-30,6,39,2,61,37,127,49,491,5,25,4,5
910,8.0,2018-05-31,8,36,5,67,59,143,82,543,6,38,1,4
911,8.0,2018-06-30,13,34,6,69,42,137,67,580,2,31,2,5
912,8.0,2018-07-31,16,36,3,78,62,172,42,603,5,46,1,0
913,8.0,2018-08-31,12,38,4,62,58,134,50,655,6,34,3,2
914,8.0,2018-09-30,11,27,3,63,45,133,50,545,6,33,2,3
915,8.0,2018-10-31,13,29,5,72,38,150,49,514,7,38,1,3
916,8.0,2018-11-30,12,32,1,83,41,105,49,483,1,23,2,5
917,8.0,2018-12-31,8,39,6,87,43,143,44,499,7,41,1,2
918,8.0,2019-01-31,7,37,4,80,47,120,55,441,8,32,2,6
919,8.0,2019-02-28,9,19,5,74,49,100,51,449,5,29,2,0
920,8.0,2019-03-31,7,40,5,55,47,130,44,445,8,24,4,1
921,8.0,2019-04-30,9,31,1,73,47,136,53,442,7,28,0,3
922,8.0,2019-05-31,7,32,3,69,58,132,44,506,7,31,1,7
923,8.0,2019-06-30,13,30,1,62,66,157,68,537,4,35,2,4
924,8.0,2019-07-31,12,31,8,80,63,150,66,525,8,49,1,3
925,8.0,2019-08-31,8,44,7,67,53,160,62,523,4,39,4,5
926,8.0,2019-09-30,5,27,3,65,39,140,45,445,1,40,3,4
927,8.0,2019-10-31,7,25,5,55,55,118,48,481,7,20,1,2
928,8.0,2019-11-30,5,22,5,73,47,142,44,476,6,29,2,6
929,8.0,2019-12-31,9,35,4,61,62,141,25,454,6,36,3,2
930,8.0,2020-01-31,8,25,3,52,46,88,32,419,5,25,2,6
931,8.0,2020-02-29,11,28,1,38,37,106,38,358,1,35,2,2
932,8.0,2020-03-31,10,15,2,32,37,93,31,211,8,27,2,3
933,8.0,2020-04-30,3,10,3,9,27,46,22,66,1,20,3,0
934,8.0,2020-05-31,6,12,1,7,32,75,71,110,4,21,3,1
935,8.0,2020-06-30,3,14,4,14,24,72,33,153,6,17,2,1
936,8.0,2020-07-31,3,18,5,15,40,106,38,246,8,32,2,3
937,8.0,2020-08-31,7,16,4,29,34,83,53,243,3,29,2,1
938,8.0,2020-09-30,5,11,1,27,43,69,27,248,4,25,2,6
939,8.0,2020-10-31,2,7,1,13,27,67,28,186,5,18,3,4
940,8.0,2020-11-30,8,14,2,25,28,70,25,162,2,29,1,2
941,8.0,2020-12-31,3,13,2,13,28,45,25,137,3,21,0,0
942,8.0,2021-01-31,6,16,4,20,30,80,23,133,5,39,1,0
943,8.0,2021-02-28,2,18,4,10,42,61,31,110,3,21,5,1
944,8.0,2021-03-31,4,18,0,10,31,84,36,123,4,36,3,1
945,8.0,2021-04-30,4,11,3,13,39,75,35,135,3,26,2,5
946,8.0,2021-05-31,5,24,2,4,44,99,33,210,5,39,2,6
947,8.0,2021-06-30,3,36,1,9,51,126,41,223,5,44,4,7
948,8.0,2021-07-31,8,25,3,10,58,145,54,286,8,38,3,2
949,8.0,2021-08-31,5,23,1,16,58,133,51,338,4,41,2,7
950,8.0,2021-09-30,8,18,2,14,66,116,56,340,3,35,4,1
951,8.0,2021-10-31,3,28,2,4,48,134,58,327,7,40,3,3
952,8.0,2021-11-30,8,19,2,19,51,107,48,301,10,29,2,5
953,8.0,2021-12-31,9,20,0,18,44,97,52,273,7,34,3,1
954,8.0,2022-01-31,4,19,3,39,35,88,38,289,5,24,2,3
955,8.0,2022-02-28,6,20,2,27,37,96,28,279,1,23,0,5
956,8.0,2022-03-31,7,23,0,20,44,123,36,345,3,33,0,3
957,8.0,2022-04-30,6,17,3,20,54,107,39,265,3,31,0,5
958,8.0,2022-05-31,15,27,1,33,77,141,53,354,9,43,0,3
959,8.0,2022-06-30,12,27,1,17,70,145,63,341,6,45,1,4
960,8.0,2022-07-31,9,25,1,22,65,125,109,496,4,35,1,5
961,8.0,2022-08-31,11,31,1,27,60,138,68,418,4,48,2,1
962,8.0,2022-09-30,6,21,2,22,49,133,72,386,6,30,1,5
963,8.0,2022-10-31,9,25,1,28,57,133,50,354,3,37,2,2
964,8.0,2022-11-30,4,27,5,35,45,104,60,389,4,26,2,6
965,8.0,2022-12-31,5,17,5,32,35,102,52,337,5,31,5,1
966,8.0,2023-01-31,9,31,4,34,46,113,68,361,5,35,5,7
967,8.0,2023-02-28,9,22,0,42,44,102,37,324,12,28,6,3
968,8.0,2023-03-31,10,34,3,37,48,131,64,341,8,38,0,6
969,8.0,2023-04-30,9,18,1,25,55,107,52,314,3,29,2,4
970,8.0,2023-05-31,6,24,4,36,57,124,45,379,8,30,0,3
971,8.0,2023-06-30,11,17,4,22,48,101,83,325,5,38,4,5
972,8.0,2023-07-31,11,31,2,25,59,167,91,384,7,40,4,4
973,8.0,2023-08-31,3,22,1,34,55,141,62,438,3,29,4,4
974,8.0,2023-09-30,8,27,6,22,61,137,51,388,4,34,5,6
975,8.0,2023-10-31,10,36,4,42,58,150,75,371,4,50,7,6
976,8.0,2023-11-30,6,34,2,40,53,119,52,350,7,34,3,6
977,8.0,2023-12-31,11,31,4,39,75,132,66,354,9,40,2,7
978,8.0,2024-01-31,6,35,2,30,44,115,50,319,4,40,3,1
979,8.0,2024-02-29,4,20,1,47,44,107,65,299,3,30,2,3
980,8.0,2024-03-31,5,31,1,34,46,139,54,303,2,37,1,3
981,8.0,2024-04-30,6,25,7,34,55,121,60,347,5,35,2,7
982,8.0,2024-05-31,13,44,3,33,67,154,63,440,4,49,2,7
983,8.0,2024-06-30,7,38,2,28,72,145,68,397,6,35,2,8
984,8.0,2024-07-31,14,43,6,39,75,137,60,462,8,30,5,1
985,8.0,2024-08-31,6,38,5,41,55,140,79,402,3,25,3,6
986,8.0,2024-09-30,12,25,4,36,68,127,67,376,10,30,4,6
987,8.0,2024-10-31,10,36,4,54,64,119,56,434,9,35,1,3
988,8.0,2024-11-30,5,32,5,33,44,131,57,348,3,27,2,4
989,8.0,2024-12-31,6,23,2,29,41,136,56,330,3,32,1,9
990,8.0,2025-01-31,4,23,2,31,44,97,42,301,7,28,2,5
991,8.0,2025-02-28,5,13,1,25,48,86,41,258,5,26,2,4
992,8.0,2025-03-31,9,31,3,33,57,147,65,359,7,44,2,9
993,8.0,2025-04-30,9,41,4,26,63,142,67,358,6,38,3,2
994,8.0,2025-05-31,4,36,3,49,57,119,56,425,7,34,2,6
995,8.0,2025-06-30,8,34,2,34,55,152,72,402,2,30,2,7
996,8.0,2025-07-31,9,42,3,42,69,149,77,452,6,41,1,2
997,8.0,2025-08-31,11,21,4,61,56,155,69,463,2,32,1,4
998,8.0,2025-09-30,10,29,4,41,68,150,56,400,9,35,2,0
999,8.0,2025-10-31,8,29,4,40,46,144,64,452,8,29,1,2
1000,8.0,2025-11-30,8,24,3,66,34,110,52,405,1,24,3,5
1001,8.0,2025-12-31,5,23,3,58,37,105,51,358,5,29,3,1
1002,8.0,2026-01-31,6,27,2,47,43,108,50,320,10,26,3,7
1003,8.0,2026-02-28,10,24,6,43,34,92,38,276,4,29,3,2
1004,8.0,2026-03-31,14,38,2,37,51,142,56,336,6,38,3,2
1005,8.0,2026-04-30,7,14,6,49,41,107,45,318,3,34,1,1
1006,8.0,2026-05-31,9,30,1,54,51,132,47,401,5,31,3,6
1007,8.0,2026-06-30,5,20,4,44,40,126,50,358,3,35,5,5
1008,9.0,2016-01-31,0,0,0,2,2,1,0,7,0,1,0,0
1009,9.0,2016-02-29,0,1,0,1,3,4,3,9,1,2,0,0
1010,9.0,2016-03-31,0,1,0,2,2,3,4,8,1,3,0,0
1011,9.0,2016-04-30,0,0,0,0,1,4,3,5,0,1,0,1
1012,9.0,2016-05-31,1,1,0,0,3,4,5,0,2,4,0,0
1013,9.0,2016-06-30,1,1,0,0,1,3,3,10,0,2,0,1
1014,9.0,2016-07-31,0,1,1,0,1,2,14,5,0,2,0,0
1015,9.0,2016-08-31,1,1,0,0,3,5,8,3,1,1,1,0
1016,9.0,2016-09-30,0,1,0,0,1,2,2,4,1,1,0,1
1017,9.0,2016-10-31,1,1,0,0,4,5,1,2,1,2,0,0
1018,9.0,2016-11-30,2,0,0,0,5,2,2,9,2,0,0,0
1019,9.0,2016-12-31,1,1,0,0,1,5,1,6,1,3,0,0
1020,9.0,2017-01-31,0,4,0,0,0,4,2,4,0,2,0,0
1021,9.0,2017-02-28,0,1,0,0,1,2,3,9,0,2,0,0
1022,9.0,2017-03-31,0,4,0,1,2,5,3,3,1,2,0,0
1023,9.0,2017-04-30,0,1,1,0,0,4,2,3,0,4,0,0
1024,9.0,2017-05-31,0,0,0,0,1,5,3,2,0,2,0,0
1025,9.0,2017-06-30,0,2,0,0,2,4,1,5,0,1,0,0
1026,9.0,2017-07-31,0,2,0,0,2,7,7,10,0,4,0,0
1027,9.0,2017-08-31,0,0,0,0,3,3,0,13,2,1,0,2
1028,9.0,2017-09-30,0,2,5,0,2,4,10,4,0,2,0,0
1029,9.0,2017-10-31,0,0,0,0,1,1,1,3,0,1,0,0
1030,9.0,2017-11-30,0,0,0,0,3,4,2,5,0,1,0,1
1031,9.0,2017-12-31,0,0,0,0,3,2,2,4,2,1,0,0
1032,9.0,2018-01-31,0,0,0,0,2,3,6,9,0,0,0,0
1033,9.0,2018-02-28,0,4,0,0,0,7,0,3,0,5,0,0
1034,9.0,2018-03-31,0,2,0,0,2,9,3,4,1,6,0,0
1035,9.0,2018-04-30,0,1,0,1,2,4,3,1,0,3,0,0
1036,9.0,2018-05-31,0,0,1,0,1,0,4,4,0,0,2,0
1037,9.0,2018-06-30,0,0,0,0,1,4,1,1,0,1,0,0
1038,9.0,2018-07-31,2,0,0,0,3,4,4,3,0,3,2,0
1039,9.0,2018-08-31,1,0,0,0,3,8,3,7,0,2,0,0
1040,9.0,2018-09-30,0,0,0,0,0,2,1,4,0,0,0,0
1041,9.0,2018-10-31,0,1,0,0,2,4,1,5,0,2,0,0
1042,9.0,2018-11-30,0,2,0,0,0,7,0,5,0,3,0,0
1043,9.0,2018-12-31,0,1,0,0,1,11,6,4,1,6,0,0
1044,9.0,2019-01-31,0,0,0,1,1,3,1,5,1,2,0,0
1045,9.0,2019-02-28,0,0,0,0,0,6,1,4,0,2,0,0
1046,9.0,2019-03-31,0,1,0,0,3,3,1,3,2,0,0,0
1047,9.0,2019-04-30,0,1,0,0,5,7,1,3,1,2,0,0
1048,9.0,2019-05-31,1,0,0,1,1,3,5,4,0,2,0,0
1049,9.0,2019-06-30,0,1,1,0,0,3,8,9,0,1,0,0
1050,9.0,2019-07-31,0,0,0,0,2,4,1,4,2,3,0,0
1051,9.0,2019-08-31,0,0,1,0,1,4,4,6,0,2,0,0
1052,9.0,2019-09-30,0,0,0,0,0,2,6,6,0,0,1,0
1053,9.0,2019-10-31,0,0,0,1,1,4,1,3,0,1,0,0
1054,9.0,2019-11-30,1,0,0,0,4,1,3,3,2,1,0,0
1055,9.0,2019-12-31,0,0,0,0,2,6,2,5,1,2,0,0
1056,9.0,2020-01-31,0,0,0,0,2,2,2,3,0,1,0,0
1057,9.0,2020-02-29,1,0,0,0,1,3,1,7,0,2,0,0
1058,9.0,2020-03-31,0,1,0,0,0,3,1,7,0,1,1,0
1059,9.0,2020-04-30,0,0,1,0,1,3,2,4,1,2,1,0
1060,9.0,2020-05-31,0,0,2,0,0,3,2,3,0,1,0,0
1061,9.0,2020-06-30,0,2,1,0,1,5,4,3,0,4,0,0
1062,9.0,2020-07-31,0,0,0,0,0,3,2,6,0,3,0,1
1063,9.0,2020-08-31,0,0,0,0,0,2,1,9,0,1,0,0
1064,9.0,2020-09-30,1,0,0,1,3,3,0,5,1,1,0,1
1065,9.0,2020-10-31,0,0,0,0,2,2,1,4,0,1,0,0
1066,9.0,2020-11-30,0,0,0,0,1,2,0,3,1,1,0,0
1067,9.0,2020-12-31,0,0,0,0,0,0,1,6,0,0,0,0
1068,9.0,2021-01-31,0,0,0,0,0,0,1,3,0,0,0,0
1069,9.0,2021-02-28,0,0,0,0,2,1,1,1,0,1,0,0
1070,9.0,2021-03-31,0,0,0,0,1,1,2,0,0,1,0,0
1071,9.0,2021-04-30,0,0,0,0,2,1,2,2,2,0,0,0
1072,9.0,2021-05-31,0,1,0,0,0,7,1,8,0,3,0,0
1073,9.0,2021-06-30,0,2,0,0,1,5,4,3,0,2,0,0
1074,9.0,2021-07-31,1,1,0,0,3,3,2,9,1,1,1,0
1075,9.0,2021-08-31,0,0,0,0,0,6,4,1,0,2,0,0
1076,9.0,2021-09-30,0,1,0,0,3,5,3,1,1,3,0,0
1077,9.0,2021-10-31,0,1,0,0,1,2,1,8,0,0,0,0
1078,9.0,2021-11-30,1,1,0,0,3,3,3,6,2,1,0,0
1079,9.0,2021-12-31,0,0,0,0,1,5,1,4,1,2,0,0
1080,9.0,2022-01-31,0,1,0,0,0,2,0,4,0,0,0,0
1081,9.0,2022-02-28,0,0,0,0,1,3,1,3,0,1,0,0
1082,9.0,2022-03-31,0,0,0,0,1,2,1,5,1,2,0,0
1083,9.0,2022-04-30,0,0,0,1,1,2,2,4,0,0,0,0
1084,9.0,2022-05-31,0,0,0,0,3,0,3,2,0,0,0,0
1085,9.0,2022-06-30,0,2,0,0,2,5,3,4,0,3,0,0
1086,9.0,2022-07-31,0,0,0,0,2,3,4,1,0,2,0,0
1087,9.0,2022-08-31,0,1,0,0,0,8,2,7,0,5,0,0
1088,9.0,2022-09-30,0,0,0,0,1,5,1,1,1,4,0,0
1089,9.0,2022-10-31,0,0,0,0,2,6,4,11,0,3,0,0
1090,9.0,2022-11-30,0,0,0,0,4,6,1,3,1,3,0,0
1091,9.0,2022-12-31,0,2,0,1,3,5,0,4,0,2,0,0
1092,9.0,2023-01-31,0,1,0,0,1,2,2,4,1,2,0,1
1093,9.0,2023-02-28,0,0,0,0,0,3,0,1,0,1,0,0
1094,9.0,2023-03-31,0,0,0,0,2,2,1,3,0,0,0,0
1095,9.0,2023-04-30,0,0,0,0,2,3,7,4,1,3,1,0
1096,9.0,2023-05-31,0,2,0,0,1,4,4,2,1,3,0,0
1097,9.0,2023-06-30,0,2,1,0,1,4,2,2,0,2,0,0
1098,9.0,2023-07-31,0,0,0,0,3,1,5,3,1,0,0,0
1099,9.0,2023-08-31,0,0,0,0,3,3,1,2,0,0,1,0
1100,9.0,2023-09-30,0,1,0,0,0,4,3,8,0,2,0,0
1101,9.0,2023-10-31,0,0,0,0,1,4,7,5,0,3,0,0
1102,9.0,2023-11-30,0,2,0,0,0,6,3,7,0,3,0,1
1103,9.0,2023-12-31,1,1,0,0,1,3,3,3,1,0,1,0
1104,9.0,2024-01-31,0,0,0,0,1,0,3,7,1,0,1,0
1105,9.0,2024-02-29,0,0,1,0,3,2,4,12,1,0,1,0
1106,9.0,2024-03-31,0,1,0,0,0,4,5,6,0,2,1,0
1107,9.0,2024-04-30,0,0,0,0,0,3,1,3,0,1,0,0
1108,9.0,2024-05-31,0,0,0,0,1,1,0,5,1,1,0,1
1109,9.0,2024-06-30,0,0,0,0,0,2,5,4,0,0,1,0
1110,9.0,2024-07-31,0,0,0,1,6,3,3,9,0,1,0,1
1111,9.0,2024-08-31,1,0,0,0,3,2,4,12,0,0,0,1
1112,9.0,2024-09-30,0,2,0,0,0,4,6,3,0,2,2,0
1113,9.0,2024-10-31,0,1,0,0,0,2,4,5,0,2,1,0
1114,9.0,2024-11-30,0,0,0,0,1,1,4,0,0,0,0,0
1115,9.0,2024-12-31,2,0,0,0,2,3,0,7,1,1,0,0
1116,9.0,2025-01-31,0,0,0,0,4,3,1,3,1,0,0,0
1117,9.0,2025-02-28,0,2,0,0,1,4,9,1,0,3,1,1
1118,9.0,2025-03-31,0,0,0,0,1,1,4,8,0,1,1,0
1119,9.0,2025-04-30,1,0,1,0,1,3,4,4,0,2,0,0
1120,9.0,2025-05-31,0,0,0,0,4,1,4,5,0,0,0,0
1121,9.0,2025-06-30,0,1,1,1,1,5,2,7,0,3,0,0
1122,9.0,2025-07-31,0,1,0,0,0,4,3,2,0,3,0,0
1123,9.0,2025-08-31,0,0,0,1,1,2,2,1,0,2,0,0
1124,9.0,2025-09-30,0,1,0,0,1,1,0,2,0,1,0,0
1125,9.0,2025-10-31,1,1,0,0,3,9,1,4,1,5,0,0
1126,9.0,2025-11-30,0,0,0,0,5,5,1,6,2,1,0,0
1127,9.0,2025-12-31,0,0,1,0,1,6,2,3,0,5,0,0
1128,9.0,2026-01-31,0,0,0,0,0,4,1,2,0,2,0,0
1129,9.0,2026-02-28,0,0,0,0,0,2,0,1,0,1,0,0
1130,9.0,2026-03-31,0,1,0,0,2,3,0,0,1,2,0,0
1131,9.0,2026-04-30,1,0,0,0,1,1,0,2,0,1,0,0
1132,9.0,2026-05-31,0,0,0,0,0,2,2,2,0,1,1,0
1133,9.0,2026-06-30,0,2,0,0,0,2,1,1,0,1,0,0
1134,10.0,2016-01-31,0,3,1,4,6,9,17,28,1,5,0,2
1135,10.0,2016-02-29,1,1,1,3,4,12,28,23,0,8,1,0
1136,10.0,2016-03-31,0,4,0,2,8,21,11,30,3,9,2,0
1137,10.0,2016-04-30,1,2,0,3,4,12,20,20,0,7,1,0
1138,10.0,2016-05-31,1,4,1,2,10,17,13,26,2,11,1,0
1139,10.0,2016-06-30,2,4,0,1,6,16,16,27,1,12,1,3
1140,10.0,2016-07-31,0,3,0,0,6,19,13,28,2,9,1,1
1141,10.0,2016-08-31,0,1,0,1,4,11,16,23,2,6,0,0
1142,10.0,2016-09-30,2,4,2,5,11,17,21,35,0,4,0,1
1143,10.0,2016-10-31,1,5,1,0,6,21,16,37,3,7,1,0
1144,10.0,2016-11-30,0,3,0,0,4,15,8,35,0,7,0,0
1145,10.0,2016-12-31,2,5,0,3,8,17,16,29,1,8,0,0
1146,10.0,2017-01-31,2,1,1,0,5,14,15,27,0,8,0,0
1147,10.0,2017-02-28,1,0,2,0,8,7,9,13,3,4,0,1
1148,10.0,2017-03-31,0,3,0,2,6,21,10,22,0,9,0,0
1149,10.0,2017-04-30,2,2,0,2,7,11,9,15,2,6,0,1
1150,10.0,2017-05-31,2,5,0,1,11,18,16,13,2,8,1,1
1151,10.0,2017-06-30,1,5,0,1,4,12,9,22,1,5,1,0
1152,10.0,2017-07-31,1,1,0,1,11,15,12,18,2,9,0,0
1153,10.0,2017-08-31,1,2,0,2,6,14,10,30,0,9,2,1
1154,10.0,2017-09-30,1,2,1,0,9,17,13,24,3,6,1,0
1155,10.0,2017-10-31,1,4,0,2,4,14,7,26,0,4,0,0
1156,10.0,2017-11-30,1,4,0,4,3,17,9,23,0,11,0,0
1157,10.0,2017-12-31,1,1,1,1,6,12,19,27,2,5,0,0
1158,10.0,2018-01-31,0,1,0,1,8,10,15,29,3,6,1,0
1159,10.0,2018-02-28,0,2,1,0,8,9,10,21,2,1,0,0
1160,10.0,2018-03-31,0,1,0,4,3,16,15,20,0,6,1,1
1161,10.0,2018-04-30,0,5,0,0,6,17,12,14,1,8,0,0
1162,10.0,2018-05-31,2,2,0,3,18,19,8,28,4,8,2,0
1163,10.0,2018-06-30,0,4,2,0,3,13,10,36,0,9,0,0
1164,10.0,2018-07-31,1,3,0,2,9,15,11,23,2,4,1,0
1165,10.0,2018-08-31,2,2,0,2,12,11,17,37,4,7,0,0
1166,10.0,2018-09-30,3,6,0,2,12,17,13,34,1,7,0,1
1167,10.0,2018-10-31,2,4,0,0,8,18,9,29,0,8,0,1
1168,10.0,2018-11-30,0,7,0,2,4,18,8,19,2,4,1,0
1169,10.0,2018-12-31,0,1,0,1,14,16,7,22,3,10,0,0
1170,10.0,2019-01-31,0,4,1,1,2,17,5,18,0,12,0,0
1171,10.0,2019-02-28,1,5,0,0,10,16,10,20,4,8,0,0
1172,10.0,2019-03-31,0,3,2,5,8,20,12,21,3,4,2,1
1173,10.0,2019-04-30,1,5,0,5,6,19,8,32,0,10,0,2
1174,10.0,2019-05-31,3,2,1,2,8,9,9,20,2,4,0,0
1175,10.0,2019-06-30,1,2,1,2,4,14,17,36,0,8,1,0
1176,10.0,2019-07-31,1,4,3,2,11,16,17,33,2,13,0,1
1177,10.0,2019-08-31,2,3,1,4,8,17,8,29,2,8,0,0
1178,10.0,2019-09-30,3,2,0,3,8,13,9,28,1,7,1,0
1179,10.0,2019-10-31,0,0,1,1,7,5,17,17,0,2,0,1
1180,10.0,2019-11-30,1,4,0,2,6,21,16,15,3,10,0,0
1181,10.0,2019-12-31,0,3,0,1,3,24,11,17,1,15,2,0
1182,10.0,2020-01-31,0,2,0,4,4,9,3,14,0,4,0,1
1183,10.0,2020-02-29,0,4,1,1,4,15,10,18,1,10,2,1
1184,10.0,2020-03-31,1,2,0,0,5,6,9,15,1,4,0,0
1185,10.0,2020-04-30,0,2,0,0,2,8,2,8,0,4,0,0
1186,10.0,2020-05-31,0,2,1,5,3,9,7,21,1,2,0,0
1187,10.0,2020-06-30,1,1,1,1,8,14,10,42,1,7,0,1
1188,10.0,2020-07-31,0,6,1,2,7,25,7,22,2,12,1,2
1189,10.0,2020-08-31,0,5,0,2,2,12,14,31,1,8,2,1
1190,10.0,2020-09-30,1,0,0,2,3,10,4,28,1,8,0,0
1191,10.0,2020-10-31,0,0,0,0,4,6,8,21,0,4,0,0
1192,10.0,2020-11-30,3,2,0,1,5,5,11,17,2,3,0,0
1193,10.0,2020-12-31,1,2,0,0,2,12,12,16,1,7,0,0
1194,10.0,2021-01-31,0,2,0,0,5,11,7,11,1,6,1,1
1195,10.0,2021-02-28,0,2,0,1,5,11,5,12,0,7,1,2
1196,10.0,2021-03-31,1,2,0,0,3,11,9,16,0,5,1,0
1197,10.0,2021-04-30,1,1,2,1,7,8,15,13,3,4,1,0
1198,10.0,2021-05-31,0,5,1,3,13,17,17,25,3,10,1,0
1199,10.0,2021-06-30,1,1,0,0,6,16,12,35,2,11,1,1
1200,10.0,2021-07-31,2,3,0,3,7,14,16,30,1,6,0,1
1201,10.0,2021-08-31,1,9,0,0,9,16,9,11,2,5,0,0
1202,10.0,2021-09-30,1,4,0,1,11,13,10,20,1,9,0,1
1203,10.0,2021-10-31,0,4,0,1,8,19,14,24,1,10,0,0
1204,10.0,2021-11-30,0,4,1,0,6,21,21,15,0,11,1,0
1205,10.0,2021-12-31,1,0,0,2,7,18,14,18,1,5,1,1
1206,10.0,2022-01-31,1,0,0,0,3,9,2,9,1,4,0,0
1207,10.0,2022-02-28,2,2,0,0,8,9,4,16,0,3,2,0
1208,10.0,2022-03-31,0,3,0,0,7,20,7,31,3,6,1,0
1209,10.0,2022-04-30,1,2,0,1,7,14,6,27,0,7,0,0
1210,10.0,2022-05-31,0,3,0,0,6,20,9,24,2,13,0,0
1211,10.0,2022-06-30,2,0,0,2,10,14,19,44,2,9,1,0
1212,10.0,2022-07-31,1,2,0,0,6,18,7,23,0,7,0,0
1213,10.0,2022-08-31,1,1,0,1,8,10,12,31,4,7,1,0
1214,10.0,2022-09-30,2,1,0,1,11,15,3,29,0,5,0,0
1215,10.0,2022-10-31,1,2,0,0,12,18,7,32,2,10,1,0
1216,10.0,2022-11-30,0,0,0,1,4,18,11,27,0,8,0,1
1217,10.0,2022-12-31,0,2,0,1,8,26,9,32,2,13,1,0
1218,10.0,2023-01-31,1,3,0,1,5,21,14,22,1,9,1,1
1219,10.0,2023-02-28,1,3,0,1,7,13,5,17,4,4,0,0
1220,10.0,2023-03-31,0,3,0,0,8,14,9,18,0,3,1,1
1221,10.0,2023-04-30,0,6,1,0,3,24,12,21,0,12,1,1
1222,10.0,2023-05-31,3,1,1,2,11,8,8,33,1,6,1,1
1223,10.0,2023-06-30,2,4,0,3,15,18,7,30,5,9,1,0
1224,10.0,2023-07-31,0,2,0,1,11,15,13,40,1,9,2,1
1225,10.0,2023-08-31,0,1,0,1,11,14,11,34,4,7,0,0
1226,10.0,2023-09-30,1,3,1,2,9,18,13,21,0,10,0,0
1227,10.0,2023-10-31,1,6,0,1,6,21,16,36,1,10,0,0
1228,10.0,2023-11-30,1,4,0,0,8,17,6,33,3,7,1,1
1229,10.0,2023-12-31,1,2,0,2,7,8,13,24,1,5,2,1
1230,10.0,2024-01-31,1,1,0,0,5,15,3,30,1,8,0,1
1231,10.0,2024-02-29,0,3,0,1,6,14,15,39,2,7,1,0
1232,10.0,2024-03-31,0,3,0,1,4,9,7,29,2,6,1,0
1233,10.0,2024-04-30,1,3,0,2,6,16,15,36,0,10,1,0
1234,10.0,2024-05-31,1,2,1,0,10,22,12,26,3,6,1,0
1235,10.0,2024-06-30,0,2,0,0,1,11,15,40,0,7,0,1
1236,10.0,2024-07-31,1,5,1,0,9,16,7,30,3,11,0,0
1237,10.0,2024-08-31,0,2,0,0,5,23,8,31,1,9,0,1
1238,10.0,2024-09-30,2,3,0,3,12,18,6,22,1,9,1,0
1239,10.0,2024-10-31,2,4,0,1,9,14,7,22,2,8,0,2
1240,10.0,2024-11-30,2,1,0,0,7,15,12,14,2,5,1,0
1241,10.0,2024-12-31,0,1,1,1,4,16,8,23,0,9,4,1
1242,10.0,2025-01-31,2,4,0,1,6,16,4,16,0,6,0,0
1243,10.0,2025-02-28,0,2,0,2,4,13,5,24,0,2,0,0
1244,10.0,2025-03-31,0,1,1,5,5,11,23,28,2,7,1,1
1245,10.0,2025-04-30,2,4,0,1,13,13,9,20,2,6,0,0
1246,10.0,2025-05-31,3,1,0,7,13,5,13,30,2,2,0,0
1247,10.0,2025-06-30,1,3,2,2,7,10,6,26,0,5,1,1
1248,10.0,2025-07-31,1,7,0,2,8,17,14,25,2,11,1,1
1249,10.0,2025-08-31,1,3,0,5,11,10,14,23,3,3,1,0
1250,10.0,2025-09-30,1,3,1,2,6,12,14,23,1,5,0,1
1251,10.0,2025-10-31,0,4,0,1,4,15,7,18,1,5,1,0
1252,10.0,2025-11-30,1,3,1,0,4,14,8,11,1,7,1,0
1253,10.0,2025-12-31,2,3,0,2,9,13,8,16,2,5,0,1
1254,10.0,2026-01-31,0,2,0,0,7,12,16,18,3,6,1,1
1255,10.0,2026-02-28,1,2,0,1,7,15,3,13,2,5,0,0
1256,10.0,2026-03-31,1,2,1,1,3,7,7,17,1,2,0,1
1257,10.0,2026-04-30,2,4,0,2,8,10,2,22,1,5,0,0
1258,10.0,2026-05-31,1,2,0,3,8,15,7,23,0,10,0,0
1259,10.0,2026-06-30,0,2,1,0,5,18,7,20,3,6,0,1
1260,11.0,2016-01-31,1,1,0,1,2,7,7,25,0,5,0,0
1261,11.0,2016-02-29,2,3,2,4,8,14,10,24,3,7,1,0
1262,11.0,2016-03-31,0,3,0,3,4,11,11,18,0,6,0,0
1263,11.0,2016-04-30,2,0,3,1,8,3,13,22,2,0,0,0
1264,11.0,2016-05-31,1,1,0,0,7,9,14,17,0,7,0,0
1265,11.0,2016-06-30,1,5,0,2,7,19,8,14,0,11,0,0
1266,11.0,2016-07-31,2,3,1,4,6,11,16,21,0,4,1,0
1267,11.0,2016-08-31,2,3,0,2,8,14,10,38,3,11,3,2
1268,11.0,2016-09-30,1,4,0,1,7,17,8,29,2,8,1,1
1269,11.0,2016-10-31,1,3,0,1,8,16,17,31,3,9,1,0
1270,11.0,2016-11-30,1,1,1,1,9,12,15,37,4,9,2,1
1271,11.0,2016-12-31,3,3,0,0,5,14,6,16,2,8,0,1
1272,11.0,2017-01-31,1,1,0,0,8,11,11,18,1,7,0,0
1273,11.0,2017-02-28,2,3,0,2,6,13,10,22,1,7,0,0
1274,11.0,2017-03-31,0,2,1,3,3,18,10,25,0,10,1,3
1275,11.0,2017-04-30,0,2,0,5,6,13,9,24,3,11,1,0
1276,11.0,2017-05-31,0,2,1,1,6,15,15,26,1,9,1,1
1277,11.0,2017-06-30,1,3,0,2,7,12,6,33,0,7,1,0
1278,11.0,2017-07-31,1,6,1,5,5,16,17,24,2,10,2,0
1279,11.0,2017-08-31,1,2,0,0,9,7,12,19,4,3,1,1
1280,11.0,2017-09-30,1,3,0,0,7,11,10,19,2,8,0,1
1281,11.0,2017-10-31,0,2,2,0,2,16,12,11,0,9,0,0
1282,11.0,2017-11-30,1,1,0,0,7,8,9,15,1,5,0,0
1283,11.0,2017-12-31,0,4,0,0,4,16,9,29,2,11,0,0
1284,11.0,2018-01-31,0,3,0,2,8,16,9,28,3,10,0,1
1285,11.0,2018-02-28,1,2,1,1,4,12,10,16,2,8,1,0
1286,11.0,2018-03-31,1,4,1,2,9,19,11,27,0,13,0,1
1287,11.0,2018-04-30,0,3,0,2,10,12,12,19,4,7,0,0
1288,11.0,2018-05-31,3,5,0,0,8,14,15,20,1,8,0,0
1289,11.0,2018-06-30,2,1,2,0,13,13,14,28,3,8,1,0
1290,11.0,2018-07-31,0,2,1,1,4,15,12,27,0,7,0,0
1291,11.0,2018-08-31,0,5,0,0,8,13,6,21,4,9,0,0
1292,11.0,2018-09-30,1,2,2,2,6,11,10,26,1,3,2,0
1293,11.0,2018-10-31,0,4,0,0,4,12,10,22,0,7,1,0
1294,11.0,2018-11-30,1,1,0,2,6,6,10,30,2,5,1,2
1295,11.0,2018-12-31,0,5,0,1,9,16,13,28,0,12,0,0
1296,11.0,2019-01-31,1,4,0,0,6,14,9,13,3,6,1,1
1297,11.0,2019-02-28,1,1,1,4,6,8,6,17,2,5,0,0
1298,11.0,2019-03-31,2,4,1,2,2,12,13,22,1,6,2,0
1299,11.0,2019-04-30,0,6,2,2,7,17,13,30,3,12,0,0
1300,11.0,2019-05-31,1,2,0,1,9,11,13,20,1,8,1,0
1301,11.0,2019-06-30,0,4,2,1,3,20,15,28,0,14,2,0
1302,11.0,2019-07-31,2,5,4,1,9,11,9,28,1,5,1,1
1303,11.0,2019-08-31,0,2,0,4,8,10,9,33,2,8,1,0
1304,11.0,2019-09-30,0,7,0,0,3,22,6,13,1,11,2,0
1305,11.0,2019-10-31,2,4,1,0,9,7,6,13,6,5,0,1
1306,11.0,2019-11-30,0,3,0,1,1,13,10,18,0,11,0,0
1307,11.0,2019-12-31,2,3,0,1,4,11,4,28,0,7,1,1
1308,11.0,2020-01-31,2,2,1,0,5,17,9,16,0,11,0,1
1309,11.0,2020-02-29,0,4,2,1,6,14,5,14,0,7,1,0
1310,11.0,2020-03-31,0,1,0,0,5,15,7,15,1,11,1,0
1311,11.0,2020-04-30,2,0,1,1,6,8,6,22,1,6,1,0
1312,11.0,2020-05-31,0,2,0,0,6,11,5,14,1,7,0,0
1313,11.0,2020-06-30,0,3,1,0,2,14,11,17,1,10,1,0
1314,11.0,2020-07-31,0,5,5,2,6,11,11,26,1,7,1,0
1315,11.0,2020-08-31,1,5,0,3,10,10,9,38,5,6,0,0
1316,11.0,2020-09-30,2,6,0,1,8,16,10,22,5,7,0,1
1317,11.0,2020-10-31,1,3,0,0,5,10,7,23,2,6,0,0
1318,11.0,2020-11-30,3,2,1,0,9,19,11,13,0,9,2,1
1319,11.0,2020-12-31,5,1,1,0,10,10,7,25,2,6,3,1
1320,11.0,2021-01-31,2,2,0,0,5,10,5,11,2,6,1,0
1321,11.0,2021-02-28,0,3,0,0,5,7,6,10,2,5,0,0
1322,11.0,2021-03-31,3,1,0,0,8,11,10,11,2,8,2,0
1323,11.0,2021-04-30,1,1,0,0,4,10,6,13,2,5,0,0
1324,11.0,2021-05-31,1,2,0,0,4,6,6,12,1,3,0,0
1325,11.0,2021-06-30,2,5,1,0,5,11,8,20,2,6,0,0
1326,11.0,2021-07-31,1,3,0,0,8,12,13,14,1,7,1,0
1327,11.0,2021-08-31,0,2,1,0,6,10,15,22,1,7,0,0
1328,11.0,2021-09-30,0,4,0,0,7,17,7,24,4,7,0,0
1329,11.0,2021-10-31,1,3,2,0,7,17,11,20,2,13,1,0
1330,11.0,2021-11-30,2,0,1,0,6,7,6,14,1,6,2,0
1331,11.0,2021-12-31,0,3,0,0,3,7,5,15,1,4,1,0
1332,11.0,2022-01-31,0,2,0,0,6,11,5,18,3,9,3,1
1333,11.0,2022-02-28,1,2,1,1,3,8,5,25,1,5,0,0
1334,11.0,2022-03-31,1,4,0,1,5,10,10,17,0,6,1,0
1335,11.0,2022-04-30,0,1,0,1,6,13,10,14,0,9,1,0
1336,11.0,2022-05-31,3,2,1,0,9,13,8,19,2,7,1,1
1337,11.0,2022-06-30,0,0,2,0,5,15,6,26,2,7,0,1
1338,11.0,2022-07-31,0,9,2,0,1,19,13,40,0,10,1,0
1339,11.0,2022-08-31,1,1,2,2,9,17,11,26,5,10,0,0
1340,11.0,2022-09-30,0,2,2,0,4,17,11,20,0,15,3,1
1341,11.0,2022-10-31,0,3,1,0,10,13,8,44,2,8,0,0
1342,11.0,2022-11-30,1,1,0,0,8,9,5,18,2,3,0,0
1343,11.0,2022-12-31,1,4,0,0,9,14,12,17,1,6,2,0
1344,11.0,2023-01-31,1,3,1,0,9,13,10,9,2,8,0,0
1345,11.0,2023-02-28,1,2,1,0,3,11,12,14,2,7,0,0
1346,11.0,2023-03-31,1,1,1,0,4,10,14,23,0,4,0,1
1347,11.0,2023-04-30,0,2,0,0,5,17,5,21,2,11,1,0
1348,11.0,2023-05-31,2,3,1,3,10,18,11,27,5,7,0,0
1349,11.0,2023-06-30,1,5,0,1,12,22,16,36,1,16,1,1
1350,11.0,2023-07-31,0,5,0,0,11,14,12,27,4,4,0,0
1351,11.0,2023-08-31,0,2,1,0,13,16,9,35,0,11,1,1
1352,11.0,2023-09-30,0,1,1,0,6,12,7,31,1,9,2,0
1353,11.0,2023-10-31,1,4,1,0,6,17,17,32,1,10,4,0
1354,11.0,2023-11-30,0,1,1,0,3,10,15,22,1,5,0,0
1355,11.0,2023-12-31,0,1,0,0,7,11,10,31,2,7,0,0
1356,11.0,2024-01-31,1,4,0,3,5,10,3,21,0,5,1,0
1357,11.0,2024-02-29,2,2,1,1,5,12,13,18,0,2,1,0
1358,11.0,2024-03-31,0,1,0,3,4,14,15,35,1,8,0,0
1359,11.0,2024-04-30,2,4,1,0,9,22,10,15,2,10,1,1
1360,11.0,2024-05-31,1,1,1,0,8,16,8,14,0,9,0,1
1361,11.0,2024-06-30,1,1,0,1,5,11,8,26,1,4,0,1
1362,11.0,2024-07-31,1,2,0,3,7,18,6,28,0,12,0,1
1363,11.0,2024-08-31,1,6,1,0,9,17,10,22,1,10,0,0
1364,11.0,2024-09-30,0,2,0,2,5,14,10,13,2,11,1,0
1365,11.0,2024-10-31,0,5,0,2,7,20,2,21,0,8,0,1
1366,11.0,2024-11-30,1,2,1,0,7,12,10,13,2,8,0,0
1367,11.0,2024-12-31,0,5,0,1,6,18,9,19,3,11,0,1
1368,11.0,2025-01-31,1,2,2,0,1,11,8,12,1,7,0,0
1369,11.0,2025-02-28,1,4,0,2,6,9,9,15,3,4,0,1
1370,11.0,2025-03-31,2,1,0,1,10,5,12,11,3,2,0,0
1371,11.0,2025-04-30,1,1,0,0,5,15,9,8,0,9,0,0
1372,11.0,2025-05-31,1,1,2,0,9,10,17,14,2,3,0,0
1373,11.0,2025-06-30,1,5,0,1,4,21,9,7,1,8,0,1
1374,11.0,2025-07-31,3,6,1,0,6,15,12,17,2,8,0,0
1375,11.0,2025-08-31,1,3,1,2,8,23,12,12,2,12,0,0
1376,11.0,2025-09-30,1,4,0,0,4,20,5,14,0,8,0,0
1377,11.0,2025-10-31,5,5,0,0,11,7,12,17,3,5,1,0
1378,11.0,2025-11-30,3,5,1,1,9,23,7,12,2,11,1,0
1379,11.0,2025-12-31,2,2,1,1,10,9,7,7,5,2,2,0
1380,11.0,2026-01-31,1,5,0,1,4,14,5,10,1,9,0,0
1381,11.0,2026-02-28,1,3,0,1,5,6,5,16,1,3,1,1
1382,11.0,2026-03-31,2,3,1,0,6,11,8,16,1,3,1,1
1383,11.0,2026-04-30,1,3,1,3,4,7,7,13,0,3,0,1
1384,11.0,2026-05-31,1,6,0,1,7,19,6,14,2,8,2,1
1385,11.0,2026-06-30,1,2,0,0,7,15,7,13,3,7,1,0
1386,12.0,2016-01-31,0,0,0,0,2,2,7,15,2,2,0,0
1387,12.0,2016-02-29,0,0,0,1,3,3,5,6,1,1,0,0
1388,12.0,2016-03-31,1,3,1,0,4,10,3,7,1,6,0,0
1389,12.0,2016-04-30,1,0,0,1,4,0,5,7,1,0,0,1
1390,12.0,2016-05-31,0,2,0,0,1,8,11,8,0,4,0,0
1391,12.0,2016-06-30,1,0,0,1,3,6,9,17,1,4,1,0
1392,12.0,2016-07-31,0,3,1,2,1,9,6,13,0,7,0,0
1393,12.0,2016-08-31,0,0,0,2,4,7,6,16,1,6,0,2
1394,12.0,2016-09-30,1,0,0,3,2,1,6,17,1,0,0,1
1395,12.0,2016-10-31,0,0,0,0,1,5,5,15,0,3,1,1
1396,12.0,2016-11-30,0,3,1,0,3,6,6,14,0,2,0,0
1397,12.0,2016-12-31,1,0,0,0,5,4,4,11,1,4,0,0
1398,12.0,2017-01-31,0,1,0,1,3,4,5,9,0,3,0,0
1399,12.0,2017-02-28,0,0,0,0,2,2,3,4,1,2,0,0
1400,12.0,2017-03-31,0,0,0,2,2,3,3,12,1,3,0,0
1401,12.0,2017-04-30,0,0,0,1,1,4,4,19,0,3,0,0
1402,12.0,2017-05-31,0,1,0,2,6,2,9,22,1,2,1,0
1403,12.0,2017-06-30,1,0,0,0,3,8,4,11,1,6,0,0
1404,12.0,2017-07-31,0,1,0,1,1,7,3,13,1,4,1,0
1405,12.0,2017-08-31,0,1,0,1,4,3,5,16,0,1,0,0
1406,12.0,2017-09-30,1,0,0,0,8,6,8,12,2,3,2,1
1407,12.0,2017-10-31,0,1,1,1,1,3,3,14,0,2,0,0
1408,12.0,2017-11-30,0,0,0,0,3,4,2,15,0,2,1,0
1409,12.0,2017-12-31,0,1,0,0,4,4,10,11,1,2,0,0
1410,12.0,2018-01-31,1,0,1,0,3,4,3,10,1,4,0,0
1411,12.0,2018-02-28,0,1,1,0,1,5,4,3,1,3,1,0
1412,12.0,2018-03-31,0,0,0,2,2,3,2,23,1,2,0,0
1413,12.0,2018-04-30,0,1,0,0,1,2,2,7,0,0,0,0
1414,12.0,2018-05-31,2,0,1,1,6,3,6,11,2,3,0,0
1415,12.0,2018-06-30,1,1,0,0,2,4,2,9,1,3,0,0
1416,12.0,2018-07-31,1,1,0,0,2,4,3,14,1,2,0,0
1417,12.0,2018-08-31,0,1,0,2,2,3,1,19,0,3,0,0
1418,12.0,2018-09-30,0,1,0,1,1,4,7,12,0,2,0,0
1419,12.0,2018-10-31,0,3,0,0,1,5,2,14,1,1,0,0
1420,12.0,2018-11-30,0,0,0,3,2,5,3,14,1,4,0,0
1421,12.0,2018-12-31,0,0,0,1,2,0,9,19,0,0,0,0
1422,12.0,2019-01-31,1,0,0,0,1,4,4,13,0,3,0,0
1423,12.0,2019-02-28,0,2,0,2,3,5,3,12,0,3,0,0
1424,12.0,2019-03-31,0,0,0,0,0,6,2,10,0,5,0,0
1425,12.0,2019-04-30,2,0,2,0,6,7,8,10,4,5,1,0
1426,12.0,2019-05-31,0,2,0,0,1,5,3,21,1,3,0,0
1427,12.0,2019-06-30,0,2,0,0,3,5,5,10,1,0,0,0
1428,12.0,2019-07-31,1,1,0,0,4,6,6,8,1,2,0,1
1429,12.0,2019-08-31,1,2,0,0,6,8,4,6,1,3,0,0
1430,12.0,2019-09-30,0,0,0,0,3,4,2,9,0,4,0,0
1431,12.0,2019-10-31,0,1,0,0,3,7,1,4,0,5,0,0
1432,12.0,2019-11-30,0,0,0,0,1,2,2,7,0,0,0,0
1433,12.0,2019-12-31,0,1,1,1,1,4,4,11,1,3,0,0
1434,12.0,2020-01-31,0,1,0,0,0,2,4,8,0,0,1,0
1435,12.0,2020-02-29,0,0,0,1,2,7,4,15,0,5,0,2
1436,12.0,2020-03-31,1,1,1,0,4,9,4,8,1,7,1,0
1437,12.0,2020-04-30,0,2,0,0,4,3,5,5,1,1,2,0
1438,12.0,2020-05-31,1,1,0,0,9,6,3,8,2,4,0,0
1439,12.0,2020-06-30,0,0,0,0,2,6,9,6,0,3,0,0
1440,12.0,2020-07-31,0,1,0,0,1,8,6,16,0,2,0,0
1441,12.0,2020-08-31,1,1,0,0,6,3,7,12,0,3,2,1
1442,12.0,2020-09-30,0,2,0,0,9,3,8,8,2,2,0,0
1443,12.0,2020-10-31,0,1,0,0,4,4,8,4,1,3,0,0
1444,12.0,2020-11-30,0,0,0,0,3,3,4,11,1,1,3,0
1445,12.0,2020-12-31,0,0,0,0,3,1,5,4,1,0,0,0
1446,12.0,2021-01-31,0,2,0,0,1,4,3,7,0,2,1,1
1447,12.0,2021-02-28,0,0,0,0,3,4,0,4,0,3,0,0
1448,12.0,2021-03-31,0,0,0,0,1,5,2,2,1,3,0,0
1449,12.0,2021-04-30,0,0,0,0,1,1,2,8,1,1,0,0
1450,12.0,2021-05-31,0,2,1,1,2,6,4,15,1,3,0,0
1451,12.0,2021-06-30,1,0,0,0,6,6,9,10,1,3,0,0
1452,12.0,2021-07-31,0,0,0,1,1,5,2,17,0,2,0,0
1453,12.0,2021-08-31,0,0,0,0,3,4,3,6,0,3,0,0
1454,12.0,2021-09-30,1,0,0,0,5,4,4,10,2,2,0,0
1455,12.0,2021-10-31,1,0,0,0,2,5,3,4,0,2,0,0
1456,12.0,2021-11-30,0,0,0,0,4,6,4,8,2,5,0,0
1457,12.0,2021-12-31,0,1,0,0,1,9,8,5,0,6,1,0
1458,12.0,2022-01-31,1,0,0,0,2,6,4,2,1,3,0,0
1459,12.0,2022-02-28,0,1,0,0,2,4,3,12,0,2,0,0
1460,12.0,2022-03-31,1,1,0,1,4,5,1,11,2,2,0,0
1461,12.0,2022-04-30,0,1,0,0,6,5,0,7,2,3,0,0
1462,12.0,2022-05-31,1,2,0,1,3,7,3,12,1,5,0,1
1463,12.0,2022-06-30,0,0,0,0,7,1,9,11,0,0,2,0
1464,12.0,2022-07-31,0,1,0,0,4,5,7,14,0,4,0,0
1465,12.0,2022-08-31,0,0,0,0,3,4,7,7,0,2,0,0
1466,12.0,2022-09-30,0,0,0,0,2,3,6,12,0,2,0,1
1467,12.0,2022-10-31,0,1,0,0,2,7,14,18,0,4,1,0
1468,12.0,2022-11-30,0,0,1,0,1,0,8,17,0,0,1,0
1469,12.0,2022-12-31,1,0,0,0,5,2,6,16,1,1,0,0
1470,12.0,2023-01-31,0,1,0,0,1,6,4,14,0,6,0,0
1471,12.0,2023-02-28,0,0,0,0,1,3,4,12,0,1,1,1
1472,12.0,2023-03-31,0,1,1,0,1,4,7,7,0,4,1,0
1473,12.0,2023-04-30,0,0,0,1,1,4,5,9,0,2,1,0
1474,12.0,2023-05-31,1,0,0,0,6,4,3,12,2,2,0,0
1475,12.0,2023-06-30,2,0,0,0,3,4,6,10,0,2,1,0
1476,12.0,2023-07-31,2,2,0,0,6,4,6,14,2,1,2,0
1477,12.0,2023-08-31,1,0,0,0,4,2,5,13,1,1,0,0
1478,12.0,2023-09-30,0,0,0,0,5,4,4,12,1,3,1,0
1479,12.0,2023-10-31,0,1,0,1,2,4,5,18,0,2,1,1
1480,12.0,2023-11-30,0,1,0,0,2,3,3,10,1,1,0,0
1481,12.0,2023-12-31,0,0,0,0,1,3,2,21,0,2,1,1
1482,12.0,2024-01-31,0,2,0,0,3,5,3,5,0,3,0,0
1483,12.0,2024-02-29,0,1,0,0,0,6,4,12,0,4,0,0
1484,12.0,2024-03-31,1,0,1,0,1,1,3,15,0,0,0,0
1485,12.0,2024-04-30,0,4,0,1,4,6,5,10,0,6,0,0
1486,12.0,2024-05-31,0,1,0,0,0,6,5,13,0,5,0,0
1487,12.0,2024-06-30,0,0,0,0,1,4,11,19,0,2,1,0
1488,12.0,2024-07-31,0,0,0,0,1,5,9,11,1,4,0,1
1489,12.0,2024-08-31,1,0,0,0,5,3,4,16,1,2,0,0
1490,12.0,2024-09-30,0,1,1,0,3,6,1,9,1,4,0,0
1491,12.0,2024-10-31,0,1,0,0,5,5,4,12,2,4,0,0
1492,12.0,2024-11-30,1,0,0,0,1,8,5,6,0,2,0,0
1493,12.0,2024-12-31,0,1,0,0,1,3,5,19,1,1,0,0
1494,12.0,2025-01-31,1,1,0,0,3,5,3,11,1,3,0,1
1495,12.0,2025-02-28,0,1,0,0,4,4,0,3,0,1,0,0
1496,12.0,2025-03-31,0,2,0,0,0,5,2,9,0,3,0,0
1497,12.0,2025-04-30,0,0,0,0,1,2,5,7,1,2,1,0
1498,12.0,2025-05-31,0,0,0,0,3,2,2,8,2,1,0,0
1499,12.0,2025-06-30,1,1,0,0,4,6,5,9,0,2,1,1
1500,12.0,2025-07-31,0,0,0,0,0,4,4,7,0,3,0,0
1501,12.0,2025-08-31,0,2,0,0,1,6,3,9,0,5,1,0
1502,12.0,2025-09-30,0,1,0,0,1,5,7,3,1,4,0,0
1503,12.0,2025-10-31,0,2,0,1,4,5,2,8,1,4,0,0
1504,12.0,2025-11-30,0,1,1,1,0,6,4,13,0,5,0,0
1505,12.0,2025-12-31,1,1,0,0,2,2,1,5,1,1,0,0
1506,12.0,2026-01-31,0,1,0,0,0,4,5,8,0,3,0,1
1507,12.0,2026-02-28,0,2,0,0,0,7,2,5,0,5,1,1
1508,12.0,2026-03-31,0,0,0,0,4,2,1,3,1,1,0,0
1509,12.0,2026-04-30,0,2,0,1,1,6,2,4,1,6,0,0
1510,12.0,2026-05-31,0,0,0,0,2,6,3,2,0,4,0,0
1511,12.0,2026-06-30,2,1,0,0,6,7,2,8,1,6,0,0
1512,13.0,2016-01-31,1,4,0,5,4,8,7,15,1,2,0,0
1513,13.0,2016-02-29,0,1,1,7,6,15,13,25,2,7,0,0
1514,13.0,2016-03-31,0,0,0,7,4,14,6,32,0,2,1,1
1515,13.0,2016-04-30,1,2,0,6,2,14,5,28,1,7,0,0
1516,13.0,2016-05-31,0,4,0,3,5,14,15,23,0,8,1,1
1517,13.0,2016-06-30,0,0,0,12,3,13,8,25,0,6,1,0
1518,13.0,2016-07-31,2,1,0,4,4,6,10,18,1,3,1,0
1519,13.0,2016-08-31,0,1,0,3,9,7,16,29,2,5,1,0
1520,13.0,2016-09-30,0,3,0,2,3,11,4,28,1,9,0,0
1521,13.0,2016-10-31,0,1,0,9,6,10,9,32,1,3,0,1
1522,13.0,2016-11-30,0,2,1,6,2,8,8,21,1,4,1,0
1523,13.0,2016-12-31,0,3,0,2,2,10,13,30,1,5,1,0
1524,13.0,2017-01-31,1,0,0,5,3,8,6,26,0,4,0,0
1525,13.0,2017-02-28,0,2,0,4,2,10,11,34,1,5,0,0
1526,13.0,2017-03-31,2,0,0,3,8,9,9,20,1,4,2,1
1527,13.0,2017-04-30,0,2,0,8,2,16,8,30,0,8,1,0
1528,13.0,2017-05-31,0,2,0,3,4,6,8,25,1,1,0,1
1529,13.0,2017-06-30,2,3,0,3,10,12,13,21,3,5,0,0
1530,13.0,2017-07-31,1,0,0,3,1,8,7,25,0,7,0,0
1531,13.0,2017-08-31,4,4,0,1,7,15,7,20,2,9,2,1
1532,13.0,2017-09-30,1,1,1,4,6,13,8,23,2,5,0,0
1533,13.0,2017-10-31,1,4,0,1,3,18,7,44,2,9,1,0
1534,13.0,2017-11-30,2,3,0,4,5,12,3,36,1,6,0,0
1535,13.0,2017-12-31,0,1,0,1,3,8,12,19,1,5,0,0
1536,13.0,2018-01-31,0,0,0,3,1,10,7,25,0,5,0,0
1537,13.0,2018-02-28,0,4,0,2,3,11,4,21,0,5,0,0
1538,13.0,2018-03-31,0,0,0,6,2,10,4,31,0,6,2,0
1539,13.0,2018-04-30,0,2,1,3,4,10,10,32,2,4,1,0
1540,13.0,2018-05-31,0,6,1,2,2,11,14,26,0,8,1,1
1541,13.0,2018-06-30,0,5,1,9,3,14,11,40,2,7,0,0
1542,13.0,2018-07-31,0,1,0,1,7,11,6,19,1,5,1,1
1543,13.0,2018-08-31,0,2,0,1,4,12,10,25,1,3,1,0
1544,13.0,2018-09-30,0,1,0,5,4,17,6,16,0,6,0,0
1545,13.0,2018-10-31,0,2,1,3,6,9,24,23,3,7,0,0
1546,13.0,2018-11-30,0,2,0,2,10,9,9,26,1,2,0,1
1547,13.0,2018-12-31,0,1,0,2,7,6,9,21,1,3,0,1
1548,13.0,2019-01-31,0,1,0,2,3,9,3,18,2,5,0,0
1549,13.0,2019-02-28,1,2,1,2,9,14,4,21,4,7,0,0
1550,13.0,2019-03-31,0,1,0,1,3,11,9,14,1,6,0,0
1551,13.0,2019-04-30,0,2,0,0,4,6,6,16,1,4,1,0
1552,13.0,2019-05-31,0,1,0,0,7,15,3,19,2,6,0,0
1553,13.0,2019-06-30,0,1,0,2,6,8,9,17,0,2,2,0
1554,13.0,2019-07-31,0,0,0,4,4,12,3,24,0,7,0,0
1555,13.0,2019-08-31,1,4,0,0,5,15,7,25,1,3,0,1
1556,13.0,2019-09-30,0,1,0,1,2,13,7,25,0,7,0,1
1557,13.0,2019-10-31,0,4,0,0,7,13,9,16,2,9,0,0
1558,13.0,2019-11-30,0,1,0,1,4,9,7,19,1,5,1,2
1559,13.0,2019-12-31,1,1,0,1,5,11,6,16,1,5,0,0
1560,13.0,2020-01-31,1,1,0,4,5,9,7,25,3,6,0,0
1561,13.0,2020-02-29,1,1,0,2,5,6,7,12,1,2,1,1
1562,13.0,2020-03-31,0,0,0,5,6,15,9,24,1,5,0,1
1563,13.0,2020-04-30,0,0,0,0,4,14,3,20,2,9,0,0
1564,13.0,2020-05-31,0,1,0,0,2,7,9,17,0,4,0,0
1565,13.0,2020-06-30,0,1,0,0,4,14,8,11,1,9,0,1
1566,13.0,2020-07-31,0,2,0,2,6,6,9,13,1,5,0,0
1567,13.0,2020-08-31,0,1,0,0,4,10,10,19,2,7,0,0
1568,13.0,2020-09-30,0,0,0,1,5,9,21,18,0,3,0,1
1569,13.0,2020-10-31,0,1,0,3,9,8,12,24,0,5,0,0
1570,13.0,2020-11-30,0,0,0,0,5,5,8,16,1,2,0,0
1571,13.0,2020-12-31,0,1,0,1,5,4,6,15,1,1,0,0
1572,13.0,2021-01-31,0,0,1,3,2,4,6,9,1,3,0,0
1573,13.0,2021-02-28,0,1,0,2,6,10,3,13,0,9,1,0
1574,13.0,2021-03-31,0,1,0,2,4,8,5,15,0,6,0,0
1575,13.0,2021-04-30,1,1,0,0,4,6,5,13,2,2,0,0
1576,13.0,2021-05-31,0,0,0,1,8,10,9,13,0,7,0,0
1577,13.0,2021-06-30,2,1,0,0,11,6,7,13,4,3,1,0
1578,13.0,2021-07-31,0,1,1,1,3,8,7,18,1,4,1,1
1579,13.0,2021-08-31,0,1,0,1,5,17,11,18,1,10,1,1
1580,13.0,2021-09-30,0,2,0,1,4,10,4,15,0,3,0,1
1581,13.0,2021-10-31,0,0,0,0,4,12,7,18,2,4,0,1
1582,13.0,2021-11-30,0,0,0,2,7,3,7,20,0,1,0,0
1583,13.0,2021-12-31,0,2,0,2,3,9,6,11,1,5,0,0
1584,13.0,2022-01-31,1,0,2,0,4,9,7,8,3,6,1,0
1585,13.0,2022-02-28,0,0,0,3,5,13,4,32,0,3,0,1
1586,13.0,2022-03-31,0,1,0,1,5,13,9,14,0,7,1,2
1587,13.0,2022-04-30,1,0,7,4,13,10,14,21,5,7,0,0
1588,13.0,2022-05-31,0,2,0,2,5,18,13,14,0,8,2,0
1589,13.0,2022-06-30,1,6,0,3,12,19,13,22,1,10,1,0
1590,13.0,2022-07-31,0,1,1,1,4,14,3,22,0,5,0,1
1591,13.0,2022-08-31,1,0,0,1,12,19,11,31,2,5,1,1
1592,13.0,2022-09-30,0,2,0,1,2,14,6,31,0,6,0,2
1593,13.0,2022-10-31,1,2,0,1,6,8,10,30,0,5,0,0
1594,13.0,2022-11-30,1,2,0,0,10,12,12,18,1,7,2,0
1595,13.0,2022-12-31,1,3,0,1,4,13,7,15,0,4,0,0
1596,13.0,2023-01-31,0,0,0,0,6,8,5,16,0,4,0,0
1597,13.0,2023-02-28,2,2,0,1,6,8,5,13,1,4,0,0
1598,13.0,2023-03-31,0,1,0,1,4,11,6,18,1,7,1,0
1599,13.0,2023-04-30,0,3,0,0,4,15,2,23,0,6,0,0
1600,13.0,2023-05-31,1,0,0,0,5,16,7,19,2,8,1,1
1601,13.0,2023-06-30,0,3,0,0,9,17,7,17,4,12,1,0
1602,13.0,2023-07-31,4,0,0,0,9,17,5,16,2,13,1,0
1603,13.0,2023-08-31,3,2,0,1,10,14,11,21,4,7,1,1
1604,13.0,2023-09-30,0,1,0,0,7,20,4,18,0,11,1,0
1605,13.0,2023-10-31,3,1,0,2,10,13,6,28,0,9,1,0
1606,13.0,2023-11-30,2,1,0,0,7,15,14,22,1,11,1,0
1607,13.0,2023-12-31,0,2,0,2,3,8,13,22,2,5,1,0
1608,13.0,2024-01-31,1,3,2,0,8,13,13,21,4,12,1,1
1609,13.0,2024-02-29,0,3,0,0,11,21,5,17,0,14,1,0
1610,13.0,2024-03-31,1,4,0,2,8,20,6,17,0,13,0,2
1611,13.0,2024-04-30,1,4,0,1,11,21,14,30,0,10,0,0
1612,13.0,2024-05-31,1,4,0,1,8,13,10,26,3,9,0,0
1613,13.0,2024-06-30,0,1,0,0,7,8,10,19,1,6,1,0
1614,13.0,2024-07-31,0,1,0,1,9,16,7,41,1,12,0,0
1615,13.0,2024-08-31,3,1,0,1,6,10,16,34,0,3,1,0
1616,13.0,2024-09-30,0,3,0,0,11,31,9,20,1,20,1,0
1617,13.0,2024-10-31,2,1,1,2,9,15,11,36,0,8,0,1
1618,13.0,2024-11-30,1,4,0,1,4,12,1,31,0,8,0,0
1619,13.0,2024-12-31,1,6,0,0,7,18,2,23,1,13,0,0
1620,13.0,2025-01-31,2,1,0,2,6,10,3,35,1,4,0,1
1621,13.0,2025-02-28,2,3,1,5,2,10,7,31,0,6,2,1
1622,13.0,2025-03-31,0,4,1,2,3,24,4,30,2,11,1,0
1623,13.0,2025-04-30,1,1,1,4,5,15,12,37,2,5,1,0
1624,13.0,2025-05-31,1,3,0,1,6,11,2,19,3,8,1,0
1625,13.0,2025-06-30,0,7,0,1,8,16,8,15,0,11,0,0
1626,13.0,2025-07-31,2,2,1,0,8,12,6,27,1,6,0,1
1627,13.0,2025-08-31,1,3,0,0,8,16,4,26,3,6,0,1
1628,13.0,2025-09-30,3,2,0,0,10,10,9,16,1,4,3,0
1629,13.0,2025-10-31,0,2,0,0,4,8,8,33,0,4,1,0
1630,13.0,2025-11-30,0,2,2,0,4,14,9,25,0,5,0,0
1631,13.0,2025-12-31,0,1,0,0,6,9,8,18,2,4,1,0
1632,13.0,2026-01-31,0,1,0,0,4,7,3,15,1,3,0,0
1633,13.0,2026-02-28,0,4,0,1,5,17,5,23,1,10,1,0
1634,13.0,2026-03-31,0,2,3,1,2,10,6,8,0,3,0,0
1635,13.0,2026-04-30,0,3,0,2,5,11,6,10,0,7,0,0
1636,13.0,2026-05-31,1,2,0,0,9,9,12,23,3,5,0,0
1637,13.0,2026-06-30,0,1,0,0,5,14,3,15,0,6,0,1
1638,14.0,2016-01-31,2,9,1,3,14,31,28,43,3,21,1,1
1639,14.0,2016-02-29,1,8,1,2,17,30,32,41,3,12,0,0
1640,14.0,2016-03-31,2,5,2,1,13,37,33,40,5,17,2,1
1641,14.0,2016-04-30,1,10,2,1,14,40,35,40,6,19,1,3
1642,14.0,2016-05-31,1,12,1,0,14,56,36,38,3,28,2,0
1643,14.0,2016-06-30,1,11,0,0,19,43,19,44,7,23,0,2
1644,14.0,2016-07-31,1,2,1,1,8,35,24,54,1,14,3,0
1645,14.0,2016-08-31,2,8,1,2,9,46,40,36,4,23,3,1
1646,14.0,2016-09-30,2,8,1,1,16,44,23,55,6,15,2,1
1647,14.0,2016-10-31,0,4,1,3,6,25,30,60,1,14,2,0
1648,14.0,2016-11-30,0,8,1,1,10,31,28,62,5,18,2,0
1649,14.0,2016-12-31,0,6,0,4,5,33,19,50,0,16,0,1
1650,14.0,2017-01-31,1,7,0,3,7,45,24,50,0,26,1,1
1651,14.0,2017-02-28,0,5,0,3,3,28,21,42,2,19,0,2
1652,14.0,2017-03-31,2,7,2,1,11,33,25,36,1,14,1,0
1653,14.0,2017-04-30,2,9,1,3,19,35,19,43,5,18,0,2
1654,14.0,2017-05-31,2,11,3,0,10,39,30,68,3,21,2,1
1655,14.0,2017-06-30,1,8,2,0,7,42,30,63,0,23,0,0
1656,14.0,2017-07-31,1,3,1,2,13,37,21,63,2,16,2,0
1657,14.0,2017-08-31,1,2,2,2,12,41,20,55,2,19,1,1
1658,14.0,2017-09-30,4,4,0,1,11,34,22,57,1,19,0,1
1659,14.0,2017-10-31,3,4,0,2,14,36,28,74,6,10,2,1
1660,14.0,2017-11-30,1,4,1,1,9,28,20,74,3,9,2,3
1661,14.0,2017-12-31,0,9,1,3,9,33,27,68,2,15,0,0
1662,14.0,2018-01-31,0,8,2,1,5,43,29,45,2,28,1,0
1663,14.0,2018-02-28,3,7,1,2,13,31,16,31,5,17,0,2
1664,14.0,2018-03-31,0,8,1,5,10,45,33,52,0,17,3,2
1665,14.0,2018-04-30,0,7,4,2,12,33,21,52,2,14,1,4
1666,14.0,2018-05-31,3,9,2,1,21,48,22,54,3,19,5,2
1667,14.0,2018-06-30,1,6,1,2,12,43,28,56,2,23,3,3
1668,14.0,2018-07-31,1,7,1,1,12,45,35,43,2,27,2,1
1669,14.0,2018-08-31,3,12,2,1,13,45,33,30,4,27,4,0
1670,14.0,2018-09-30,2,7,1,8,16,47,25,56,2,22,4,1
1671,14.0,2018-10-31,1,8,1,3,9,38,31,56,3,22,0,6
1672,14.0,2018-11-30,2,5,3,2,16,27,26,37,4,18,0,0
1673,14.0,2018-12-31,1,13,1,3,13,37,31,47,1,21,1,0
1674,14.0,2019-01-31,1,3,1,0,13,32,19,37,5,17,0,0
1675,14.0,2019-02-28,1,3,0,4,9,20,23,44,1,10,0,0
1676,14.0,2019-03-31,4,4,0,0,16,31,17,32,2,20,0,1
1677,14.0,2019-04-30,2,6,0,5,13,30,33,64,4,19,4,2
1678,14.0,2019-05-31,1,9,0,0,13,37,24,35,3,16,1,1
1679,14.0,2019-06-30,0,8,4,2,13,47,18,53,5,25,2,1
1680,14.0,2019-07-31,4,5,3,1,13,32,26,48,1,22,3,2
1681,14.0,2019-08-31,3,7,0,1,21,41,24,54,2,22,2,0
1682,14.0,2019-09-30,5,4,4,1,17,31,38,61,6,19,4,4
1683,14.0,2019-10-31,0,3,5,6,9,25,39,60,2,16,1,1
1684,14.0,2019-11-30,3,3,1,1,14,27,23,34,5,14,1,1
1685,14.0,2019-12-31,0,6,2,6,15,24,17,56,3,13,0,1
1686,14.0,2020-01-31,0,3,2,5,10,39,16,40,2,14,2,1
1687,14.0,2020-02-29,3,5,4,1,13,26,19,36,2,16,0,1
1688,14.0,2020-03-31,2,6,1,2,8,42,12,45,4,27,1,1
1689,14.0,2020-04-30,1,2,2,2,4,30,26,24,0,18,2,0
1690,14.0,2020-05-31,0,3,1,2,18,25,18,27,3,16,1,0
1691,14.0,2020-06-30,1,4,1,3,13,28,23,39,2,18,1,0
1692,14.0,2020-07-31,1,5,1,1,17,28,24,45,5,14,1,0
1693,14.0,2020-08-31,2,8,3,2,24,41,38,55,4,20,5,0
1694,14.0,2020-09-30,3,1,1,1,25,27,44,41,2,11,0,0
1695,14.0,2020-10-31,0,4,1,1,15,26,24,35,2,14,1,3
1696,14.0,2020-11-30,1,5,2,2,10,29,23,38,2,16,2,1
1697,14.0,2020-12-31,0,3,1,1,14,12,18,29,2,9,4,0
1698,14.0,2021-01-31,0,2,0,0,13,24,19,27,6,17,0,0
1699,14.0,2021-02-28,2,2,0,3,12,18,21,21,4,14,1,2
1700,14.0,2021-03-31,0,4,1,2,9,33,16,29,4,15,2,0
1701,14.0,2021-04-30,1,6,0,0,7,27,28,27,3,18,2,0
1702,14.0,2021-05-31,0,4,0,0,11,28,24,32,2,12,3,2
1703,14.0,2021-06-30,1,6,0,0,11,30,23,35,3,16,2,0
1704,14.0,2021-07-31,1,5,0,2,19,27,24,46,0,15,0,2
1705,14.0,2021-08-31,2,4,0,2,19,36,19,40,5,22,2,2
1706,14.0,2021-09-30,2,0,0,0,17,28,15,41,6,14,0,3
1707,14.0,2021-10-31,1,1,0,0,14,35,22,43,5,19,2,1
1708,14.0,2021-11-30,1,3,2,0,16,34,29,39,5,20,0,1
1709,14.0,2021-12-31,1,6,0,2,13,33,21,42,4,18,2,4
1710,14.0,2022-01-31,0,4,1,0,11,22,24,26,4,14,3,0
1711,14.0,2022-02-28,2,2,0,0,16,37,18,36,7,19,1,0
1712,14.0,2022-03-31,3,5,1,0,11,30,29,27,4,14,3,2
1713,14.0,2022-04-30,1,5,1,0,9,34,17,35,1,12,3,1
1714,14.0,2022-05-31,1,4,3,4,14,36,30,42,5,21,1,1
1715,14.0,2022-06-30,5,3,0,1,16,29,21,39,2,19,1,1
1716,14.0,2022-07-31,1,8,0,0,14,40,26,48,5,19,1,2
1717,14.0,2022-08-31,3,5,0,0,19,44,29,49,5,23,2,2
1718,14.0,2022-09-30,2,5,0,1,12,34,23,45,3,19,2,2
1719,14.0,2022-10-31,2,6,0,1,16,34,37,54,3,22,1,0
1720,14.0,2022-11-30,0,4,0,3,16,27,28,52,2,15,1,1
1721,14.0,2022-12-31,2,3,1,0,26,36,35,55,8,17,0,0
1722,14.0,2023-01-31,2,8,2,3,16,34,32,49,5,23,1,1
1723,14.0,2023-02-28,2,4,0,1,21,36,18,41,3,15,2,1
1724,14.0,2023-03-31,1,4,0,1,19,34,22,28,7,19,3,2
1725,14.0,2023-04-30,1,8,1,0,18,36,32,50,6,16,2,2
1726,14.0,2023-05-31,2,10,1,3,13,48,34,56,1,30,2,2
1727,14.0,2023-06-30,5,13,3,1,19,40,29,60,9,27,1,1
1728,14.0,2023-07-31,3,6,0,0,14,34,39,59,1,17,3,1
1729,14.0,2023-08-31,5,12,1,1,17,45,24,56,5,23,3,0
1730,14.0,2023-09-30,3,8,1,1,16,42,32,68,4,19,2,2
1731,14.0,2023-10-31,1,9,0,1,20,41,33,60,4,22,0,1
1732,14.0,2023-11-30,1,6,0,0,16,38,35,42,4,26,4,0
1733,14.0,2023-12-31,0,6,0,1,11,37,23,52,2,23,0,0
1734,14.0,2024-01-31,1,11,0,1,13,38,16,45,2,23,3,2
1735,14.0,2024-02-29,1,6,1,1,18,34,21,50,2,16,0,2
1736,14.0,2024-03-31,0,12,0,1,14,39,18,53,3,19,0,0
1737,14.0,2024-04-30,1,6,1,3,19,33,24,48,6,13,2,2
1738,14.0,2024-05-31,0,10,1,4,18,44,34,56,4,23,1,0
1739,14.0,2024-06-30,3,16,0,3,24,52,30,54,8,32,2,5
1740,14.0,2024-07-31,5,11,1,3,23,46,25,55,4,29,0,1
1741,14.0,2024-08-31,1,6,2,2,12,33,32,53,4,17,3,3
1742,14.0,2024-09-30,1,10,1,2,12,52,29,54,4,30,1,0
1743,14.0,2024-10-31,4,10,1,6,19,38,29,45,6,18,0,0
1744,14.0,2024-11-30,3,10,4,2,12,28,29,50,2,18,1,3
1745,14.0,2024-12-31,1,10,1,5,14,52,22,40,5,28,1,1
1746,14.0,2025-01-31,1,4,0,3,9,31,23,44,1,15,2,0
1747,14.0,2025-02-28,2,7,0,7,14,36,18,41,2,21,1,0
1748,14.0,2025-03-31,2,8,2,8,14,33,33,45,2,18,1,0
1749,14.0,2025-04-30,0,3,0,5,20,32,18,24,6,12,0,1
1750,14.0,2025-05-31,5,13,0,11,21,41,27,57,5,24,4,0
1751,14.0,2025-06-30,4,9,0,9,27,36,24,38,4,22,2,1
1752,14.0,2025-07-31,4,7,3,3,18,32,20,40,3,19,1,0
1753,14.0,2025-08-31,1,12,1,5,13,46,22,39,0,20,0,1
1754,14.0,2025-09-30,5,8,1,1,19,34,31,31,3,16,3,2
1755,14.0,2025-10-31,1,11,0,3,15,39,39,32,5,16,3,1
1756,14.0,2025-11-30,5,12,0,0,27,34,29,36,5,12,0,0
1757,14.0,2025-12-31,3,3,0,4,18,28,16,45,5,13,3,0
1758,14.0,2026-01-31,2,3,1,2,13,23,13,26,4,12,1,2
1759,14.0,2026-02-28,3,10,0,6,18,33,16,36,7,15,1,1
1760,14.0,2026-03-31,1,4,2,8,18,31,10,38,8,16,0,0
1761,14.0,2026-04-30,2,4,0,4,9,23,29,29,3,10,1,1
1762,14.0,2026-05-31,1,7,0,4,8,49,19,34,3,30,2,0
1763,14.0,2026-06-30,3,10,1,3,19,40,22,36,4,21,3,1
1764,15.0,2016-01-31,1,7,1,10,9,42,25,68,1,26,2,1
1765,15.0,2016-02-29,5,8,3,5,14,40,38,50,2,23,3,2
1766,15.0,2016-03-31,4,10,2,12,23,49,41,67,5,29,2,2
1767,15.0,2016-04-30,2,13,0,3,11,55,31,46,0,32,2,2
1768,15.0,2016-05-31,2,11,1,10,24,49,34,52,2,28,3,1
1769,15.0,2016-06-30,5,7,2,10,22,51,44,68,3,33,1,1
1770,15.0,2016-07-31,2,14,2,5,24,62,47,70,7,41,1,6
1771,15.0,2016-08-31,1,8,1,16,15,34,35,74,1,21,4,2
1772,15.0,2016-09-30,1,7,1,5,23,42,44,61,6,21,0,2
1773,15.0,2016-10-31,2,6,0,15,17,45,31,64,2,22,2,2
1774,15.0,2016-11-30,0,7,0,10,17,35,31,50,2,20,0,1
1775,15.0,2016-12-31,1,10,2,11,15,43,33,80,5,29,2,3
1776,15.0,2017-01-31,2,6,0,9,15,30,35,63,6,18,2,1
1777,15.0,2017-02-28,7,12,3,2,17,34,32,47,2,19,5,1
1778,15.0,2017-03-31,1,6,1,10,15,34,28,59,3,21,2,2
1779,15.0,2017-04-30,3,12,3,6,16,48,27,56,4,25,1,0
1780,15.0,2017-05-31,6,13,4,13,18,58,33,65,5,35,2,4
1781,15.0,2017-06-30,6,10,2,9,26,54,43,67,3,29,3,2
1782,15.0,2017-07-31,9,6,3,12,25,44,46,80,10,26,2,2
1783,15.0,2017-08-31,4,9,1,13,20,45,28,83,5,23,1,1
1784,15.0,2017-09-30,4,9,3,10,23,46,30,76,5,31,2,0
1785,15.0,2017-10-31,5,11,1,10,24,63,36,73,8,36,2,1
1786,15.0,2017-11-30,1,16,1,5,25,56,52,65,6,37,5,1
1787,15.0,2017-12-31,2,10,0,3,17,48,26,56,4,31,1,1
1788,15.0,2018-01-31,1,6,2,6,16,45,28,76,9,28,0,2
1789,15.0,2018-02-28,1,6,1,5,6,30,25,46,1,22,1,3
1790,15.0,2018-03-31,4,6,0,6,20,41,37,82,8,22,5,1
1791,15.0,2018-04-30,4,9,1,5,27,38,39,72,11,26,4,5
1792,15.0,2018-05-31,7,14,1,2,34,64,38,64,9,40,3,2
1793,15.0,2018-06-30,3,9,1,10,18,61,33,66,7,36,4,1
1794,15.0,2018-07-31,2,9,1,3,25,41,44,51,7,27,4,1
1795,15.0,2018-08-31,6,12,1,7,22,53,32,59,7,29,3,0
1796,15.0,2018-09-30,6,16,1,5,22,51,43,59,9,32,5,0
1797,15.0,2018-10-31,1,8,1,6,12,43,27,71,2,23,2,0
1798,15.0,2018-11-30,4,15,0,5,24,51,21,54,5,23,0,3
1799,15.0,2018-12-31,7,11,1,4,28,45,31,114,11,29,3,2
1800,15.0,2019-01-31,5,10,0,11,21,45,23,67,6,26,0,3
1801,15.0,2019-02-28,3,7,3,6,22,38,37,52,9,26,3,1
1802,15.0,2019-03-31,6,13,1,8,21,48,46,51,5,31,3,2
1803,15.0,2019-04-30,3,17,1,7,21,53,41,55,5,35,3,2
1804,15.0,2019-05-31,4,12,1,4,18,71,24,51,5,36,0,2
1805,15.0,2019-06-30,7,12,1,1,36,43,30,30,11,23,5,0
1806,15.0,2019-07-31,3,11,5,7,21,59,32,51,6,42,1,3
1807,15.0,2019-08-31,2,5,1,8,23,46,31,51,5,31,2,1
1808,15.0,2019-09-30,5,10,0,6,24,49,27,55,7,29,2,2
1809,15.0,2019-10-31,3,9,0,6,19,43,48,44,5,25,1,2
1810,15.0,2019-11-30,3,10,3,6,18,40,25,45,2,23,2,3
1811,15.0,2019-12-31,1,6,1,4,14,49,20,55,6,32,0,2
1812,15.0,2020-01-31,4,10,3,5,18,48,32,50,3,25,4,0
1813,15.0,2020-02-29,3,11,4,5,16,39,32,52,2,28,6,2
1814,15.0,2020-03-31,3,8,2,3,21,54,36,42,8,38,2,2
1815,15.0,2020-04-30,1,10,1,2,11,42,16,27,7,29,4,1
1816,15.0,2020-05-31,4,5,0,3,21,36,24,44,4,23,5,3
1817,15.0,2020-06-30,1,4,3,1,20,50,21,44,7,34,2,2
1818,15.0,2020-07-31,2,12,1,4,21,33,38,43,8,21,4,3
1819,15.0,2020-08-31,2,10,1,2,21,40,27,53,5,26,3,0
1820,15.0,2020-09-30,1,8,0,2,18,35,27,59,6,22,2,0
1821,15.0,2020-10-31,2,10,1,3,14,33,26,51,7,23,4,0
1822,15.0,2020-11-30,7,8,2,3,25,39,34,49,9,26,2,2
1823,15.0,2020-12-31,1,6,0,4,11,30,19,38,5,20,5,1
1824,15.0,2021-01-31,2,6,1,7,14,33,27,41,3,19,1,1
1825,15.0,2021-02-28,0,7,2,1,15,29,28,28,3,16,3,1
1826,15.0,2021-03-31,1,9,2,4,27,34,20,45,6,23,2,3
1827,15.0,2021-04-30,5,9,1,3,17,35,28,40,4,23,2,3
1828,15.0,2021-05-31,2,14,2,2,14,52,21,32,4,28,2,1
1829,15.0,2021-06-30,5,4,2,3,29,44,28,38,7,23,3,1
1830,15.0,2021-07-31,3,8,1,2,22,42,30,50,3,28,2,1
1831,15.0,2021-08-31,6,14,2,1,22,51,24,51,2,34,2,3
1832,15.0,2021-09-30,7,8,1,3,30,58,33,66,8,31,4,3
1833,15.0,2021-10-31,2,3,1,1,23,36,24,52,9,22,1,2
1834,15.0,2021-11-30,4,4,1,2,21,34,22,41,5,21,2,2
1835,15.0,2021-12-31,2,10,0,3,17,41,24,56,4,30,2,4
1836,15.0,2022-01-31,2,9,1,1,20,43,11,36,5,31,1,1
1837,15.0,2022-02-28,0,8,0,1,15,43,21,37,6,24,1,1
1838,15.0,2022-03-31,2,5,1,0,20,27,24,45,3,15,5,1
1839,15.0,2022-04-30,4,5,1,5,20,28,23,60,5,19,3,4
1840,15.0,2022-05-31,1,5,1,1,20,47,23,50,6,32,2,1
1841,15.0,2022-06-30,7,11,3,0,28,40,17,42,11,19,2,1
1842,15.0,2022-07-31,3,15,2,4,19,58,28,76,3,37,6,1
1843,15.0,2022-08-31,1,7,4,1,21,61,28,35,6,44,7,1
1844,15.0,2022-09-30,10,7,4,0,30,40,32,62,8,30,3,2
1845,15.0,2022-10-31,1,7,0,1,21,42,37,72,7,24,2,2
1846,15.0,2022-11-30,2,5,1,0,18,41,25,73,6,35,3,2
1847,15.0,2022-12-31,5,7,1,0,17,42,27,66,6,21,1,1
1848,15.0,2023-01-31,5,7,1,4,21,31,33,61,6,19,3,1
1849,15.0,2023-02-28,1,7,0,4,15,30,19,41,3,18,4,2
1850,15.0,2023-03-31,2,8,0,1,15,42,37,58,3,24,3,3
1851,15.0,2023-04-30,2,10,1,1,19,42,31,69,4,31,3,2
1852,15.0,2023-05-31,2,8,1,0,29,45,33,85,8,28,5,1
1853,15.0,2023-06-30,1,10,2,0,21,56,29,91,2,38,3,1
1854,15.0,2023-07-31,2,13,1,6,28,55,30,94,8,34,5,2
1855,15.0,2023-08-31,4,6,4,7,36,60,33,62,10,28,2,0
1856,15.0,2023-09-30,2,5,1,3,24,46,33,68,5,22,2,6
1857,15.0,2023-10-31,1,5,0,1,15,43,33,78,6,26,3,2
1858,15.0,2023-11-30,3,9,0,0,19,43,28,69,4,31,3,3
1859,15.0,2023-12-31,4,9,1,3,15,47,23,88,6,30,0,3
1860,15.0,2024-01-31,5,6,2,0,25,38,22,46,7,24,2,2
1861,15.0,2024-02-29,3,7,2,5,15,29,21,65,5,20,3,1
1862,15.0,2024-03-31,4,7,2,6,14,32,31,72,2,19,4,2
1863,15.0,2024-04-30,2,8,1,5,19,51,26,63,4,29,4,2
1864,15.0,2024-05-31,1,10,2,10,15,39,33,95,3,22,4,2
1865,15.0,2024-06-30,1,13,0,3,21,45,26,75,6,32,0,3
1866,15.0,2024-07-31,2,7,0,8,17,45,32,89,3,30,0,0
1867,15.0,2024-08-31,1,10,3,7,21,48,31,62,6,33,1,2
1868,15.0,2024-09-30,5,6,2,10,24,42,35,86,7,29,2,0
1869,15.0,2024-10-31,4,2,1,14,30,47,21,78,10,25,1,1
1870,15.0,2024-11-30,3,9,2,18,21,23,27,77,6,16,0,2
1871,15.0,2024-12-31,1,12,2,8,10,43,26,55,2,28,1,1
1872,15.0,2025-01-31,0,4,0,8,11,33,16,51,3,24,0,2
1873,15.0,2025-02-28,2,4,2,12,13,26,25,52,3,17,6,0
1874,15.0,2025-03-31,3,13,5,12,21,46,25,80,3,33,2,1
1875,15.0,2025-04-30,0,9,6,17,16,34,16,73,5,15,1,2
1876,15.0,2025-05-31,6,14,0,14,29,45,26,54,10,28,4,0
1877,15.0,2025-06-30,3,9,0,17,21,40,27,71,6,28,2,0
1878,15.0,2025-07-31,10,19,4,14,26,45,38,78,4,29,3,2
1879,15.0,2025-08-31,2,19,0,26,18,52,23,80,2,39,3,3
1880,15.0,2025-09-30,4,8,1,16,21,39,32,72,5,24,2,1
1881,15.0,2025-10-31,2,4,7,19,16,43,32,82,2,27,2,2
1882,15.0,2025-11-30,4,4,1,28,16,34,29,63,3,19,4,1
1883,15.0,2025-12-31,2,9,0,15,15,22,24,59,3,17,1,3
1884,15.0,2026-01-31,7,8,2,14,19,34,18,55,8,21,2,1
1885,15.0,2026-02-28,4,10,1,17,18,40,22,69,5,22,2,2
1886,15.0,2026-03-31,1,10,0,14,16,33,14,70,6,17,0,0
1887,15.0,2026-04-30,4,9,1,12,18,44,22,58,5,31,1,2
1888,15.0,2026-05-31,2,12,0,12,18,48,34,59,5,28,3,1
1889,15.0,2026-06-30,3,10,3,7,18,43,25,47,4,29,3,2
1890,16.0,2016-01-31,2,10,0,1,13,40,34,41,3,21,1,1
1891,16.0,2016-02-29,3,16,3,3,15,57,35,53,0,34,1,2
1892,16.0,2016-03-31,5,11,0,1,21,51,17,48,6,25,1,0
1893,16.0,2016-04-30,5,11,1,1,16,42,34,40,5,21,1,1
1894,16.0,2016-05-31,1,11,0,4,24,36,25,43,9,24,0,1
1895,16.0,2016-06-30,4,10,3,3,20,48,27,45,2,20,3,0
1896,16.0,2016-07-31,1,8,3,0,13,38,27,51,2,22,1,2
1897,16.0,2016-08-31,1,4,1,1,14,51,60,66,3,30,6,1
1898,16.0,2016-09-30,1,5,3,4,9,45,40,73,1,26,1,3
1899,16.0,2016-10-31,0,12,3,2,17,49,49,72,4,18,1,1
1900,16.0,2016-11-30,1,5,3,2,13,39,37,61,2,22,4,1
1901,16.0,2016-12-31,3,11,0,5,11,38,27,62,3,24,0,1
1902,16.0,2017-01-31,0,11,0,3,12,55,21,82,2,37,1,2
1903,16.0,2017-02-28,0,1,1,0,10,28,38,46,2,11,2,2
1904,16.0,2017-03-31,2,8,0,1,19,43,20,54,7,25,1,1
1905,16.0,2017-04-30,3,9,1,2,15,36,42,55,1,21,2,2
1906,16.0,2017-05-31,3,9,2,1,11,37,50,76,2,20,4,1
1907,16.0,2017-06-30,4,4,1,4,18,44,28,67,5,25,3,2
1908,16.0,2017-07-31,2,6,2,1,12,35,43,72,5,18,3,0
1909,16.0,2017-08-31,1,5,1,2,13,37,33,96,7,18,3,9
1910,16.0,2017-09-30,1,13,2,3,11,49,33,65,2,25,3,2
1911,16.0,2017-10-31,3,9,1,3,20,47,37,69,4,26,3,2
1912,16.0,2017-11-30,2,9,0,0,15,28,30,68,1,14,0,1
1913,16.0,2017-12-31,3,6,0,1,8,29,20,59,1,16,0,2
1914,16.0,2018-01-31,1,6,2,1,10,43,35,56,1,25,1,2
1915,16.0,2018-02-28,0,7,0,5,13,45,13,54,3,27,1,2
1916,16.0,2018-03-31,3,4,4,2,15,40,34,58,2,23,1,0
1917,16.0,2018-04-30,4,7,1,1,11,42,46,63,1,14,3,0
1918,16.0,2018-05-31,3,8,2,1,19,47,38,77,2,18,2,3
1919,16.0,2018-06-30,2,4,0,2,13,38,37,65,2,18,0,2
1920,16.0,2018-07-31,2,7,1,3,14,47,37,90,3,23,0,3
1921,16.0,2018-08-31,1,6,2,0,7,46,25,63,0,23,2,1
1922,16.0,2018-09-30,0,6,0,2,8,35,28,63,3,20,1,1
1923,16.0,2018-10-31,0,10,1,2,19,48,25,55,5,25,1,0
1924,16.0,2018-11-30,3,9,1,1,19,36,21,52,4,20,0,0
1925,16.0,2018-12-31,5,7,3,1,17,40,36,82,3,18,5,2
1926,16.0,2019-01-31,2,3,1,1,18,34,18,55,9,16,4,0
1927,16.0,2019-02-28,2,10,3,3,13,38,18,45,4,25,2,0
1928,16.0,2019-03-31,1,11,1,2,11,35,19,49,3,18,1,0
1929,16.0,2019-04-30,1,5,2,2,7,32,23,57,0,16,2,1
1930,16.0,2019-05-31,1,8,1,3,17,43,22,44,4,20,2,2
1931,16.0,2019-06-30,1,7,1,3,18,42,25,49,1,27,0,0
1932,16.0,2019-07-31,1,8,0,3,15,39,34,64,5,19,1,2
1933,16.0,2019-08-31,2,5,1,2,15,35,35,85,2,23,0,2
1934,16.0,2019-09-30,2,5,3,1,16,34,37,61,2,20,2,3
1935,16.0,2019-10-31,1,10,1,4,22,37,34,91,4,18,2,2
1936,16.0,2019-11-30,2,6,1,2,16,39,27,57,2,17,5,0
1937,16.0,2019-12-31,1,7,1,2,16,40,36,63,4,20,4,0
1938,16.0,2020-01-31,1,5,0,0,12,55,26,55,2,29,1,0
1939,16.0,2020-02-29,5,7,1,0,21,45,16,40,7,18,1,1
1940,16.0,2020-03-31,1,4,1,2,9,31,27,36,2,17,0,1
1941,16.0,2020-04-30,1,5,0,0,12,26,26,35,4,17,3,1
1942,16.0,2020-05-31,1,5,3,0,12,32,15,33,1,21,1,1
1943,16.0,2020-06-30,0,5,2,1,14,33,32,26,2,15,0,2
1944,16.0,2020-07-31,1,4,2,0,17,33,26,39,7,16,2,1
1945,16.0,2020-08-31,1,4,0,1,18,28,23,46,6,18,2,0
1946,16.0,2020-09-30,1,3,1,0,20,30,26,51,5,16,3,1
1947,16.0,2020-10-31,0,5,0,1,16,30,31,41,3,21,0,1
1948,16.0,2020-11-30,2,3,1,6,13,23,17,53,2,13,1,4
1949,16.0,2020-12-31,2,5,1,0,11,26,11,42,0,16,0,1
1950,16.0,2021-01-31,2,6,0,3,11,17,9,35,4,14,1,3
1951,16.0,2021-02-28,0,6,1,1,14,21,16,32,2,13,2,0
1952,16.0,2021-03-31,0,1,0,1,10,17,25,28,2,10,5,1
1953,16.0,2021-04-30,1,4,0,0,9,27,27,43,2,12,2,2
1954,16.0,2021-05-31,0,3,2,0,12,25,20,39,0,17,1,3
1955,16.0,2021-06-30,0,4,1,0,17,27,25,47,2,18,1,1
1956,16.0,2021-07-31,2,9,1,0,24,46,29,54,4,25,3,1
1957,16.0,2021-08-31,2,6,1,2,14,40,32,54,2,19,1,4
1958,16.0,2021-09-30,2,3,0,1,22,35,27,55,5,17,2,3
1959,16.0,2021-10-31,0,5,0,1,23,46,32,64,7,22,2,0
1960,16.0,2021-11-30,0,5,1,2,22,37,22,57,3,18,0,3
1961,16.0,2021-12-31,0,8,3,0,12,26,36,49,3,19,2,2
1962,16.0,2022-01-31,0,6,0,0,9,31,17,39,3,18,0,0
1963,16.0,2022-02-28,1,6,1,1,14,24,20,34,3,14,2,2
1964,16.0,2022-03-31,2,1,0,2,14,34,25,57,0,14,2,2
1965,16.0,2022-04-30,0,2,1,1,17,23,24,31,5,8,0,0
1966,16.0,2022-05-31,3,7,3,0,17,37,26,44,4,18,1,0
1967,16.0,2022-06-30,0,3,0,0,14,37,30,61,4,22,3,2
1968,16.0,2022-07-31,1,4,0,1,14,34,25,76,4,21,0,4
1969,16.0,2022-08-31,5,7,1,1,25,43,25,55,7,24,5,0
1970,16.0,2022-09-30,1,4,2,2,11,37,23,89,2,16,1,1
1971,16.0,2022-10-31,2,5,0,1,15,31,22,91,2,14,4,1
1972,16.0,2022-11-30,4,12,0,0,17,33,22,68,2,17,1,0
1973,16.0,2022-12-31,2,6,0,0,21,33,24,70,5,17,2,0
1974,16.0,2023-01-31,2,5,3,1,20,45,30,60,6,26,7,1
1975,16.0,2023-02-28,2,8,1,1,17,44,32,47,6,21,3,1
1976,16.0,2023-03-31,2,10,1,1,22,33,19,93,5,14,1,1
1977,16.0,2023-04-30,2,5,0,1,25,33,22,52,5,20,4,0
1978,16.0,2023-05-31,2,7,0,1,18,45,23,47,4,19,6,2
1979,16.0,2023-06-30,2,1,0,0,17,24,14,59,6,13,4,0
1980,16.0,2023-07-31,0,5,1,1,11,38,22,57,4,20,2,1
1981,16.0,2023-08-31,3,5,0,2,18,31,29,47,8,15,1,2
1982,16.0,2023-09-30,1,6,3,1,25,33,22,66,6,21,2,0
1983,16.0,2023-10-31,6,9,0,1,30,37,30,71,7,26,2,2
1984,16.0,2023-11-30,2,7,0,1,17,35,19,61,4,18,3,3
1985,16.0,2023-12-31,0,10,0,2,14,45,36,49,2,19,1,4
1986,16.0,2024-01-31,2,4,1,2,17,20,20,56,2,10,1,1
1987,16.0,2024-02-29,0,4,0,2,14,46,21,61,2,17,1,1
1988,16.0,2024-03-31,1,6,0,1,14,31,21,43,3,18,2,2
1989,16.0,2024-04-30,1,9,2,1,14,35,26,41,2,19,2,2
1990,16.0,2024-05-31,1,7,0,0,20,33,24,49,8,17,1,2
1991,16.0,2024-06-30,3,10,1,5,22,49,26,64,5,26,4,1
1992,16.0,2024-07-31,0,6,0,2,12,29,31,74,3,19,0,1
1993,16.0,2024-08-31,3,7,1,2,20,37,26,63,2,25,5,3
1994,16.0,2024-09-30,1,6,1,1,25,50,28,56,5,31,1,2
1995,16.0,2024-10-31,1,4,0,0,16,49,20,62,7,22,2,1
1996,16.0,2024-11-30,0,3,1,1,18,33,22,44,2,14,1,0
1997,16.0,2024-12-31,3,9,0,1,13,43,34,46,3,21,2,1
1998,16.0,2025-01-31,1,5,0,1,10,33,12,41,3,21,1,0
1999,16.0,2025-02-28,3,5,2,3,11,29,22,48,3,17,3,1
2000,16.0,2025-03-31,5,4,3,1,20,41,26,39,4,26,4,2
2001,16.0,2025-04-30,5,4,1,3,22,26,25,37,6,11,5,2
2002,16.0,2025-05-31,2,9,0,0,17,36,11,45,4,19,0,1
2003,16.0,2025-06-30,6,4,0,0,21,25,28,40,6,15,0,1
2004,16.0,2025-07-31,2,5,0,0,15,36,22,57,5,21,0,1
2005,16.0,2025-08-31,1,6,2,0,13,38,20,39,4,16,2,1
2006,16.0,2025-09-30,1,4,5,1,14,31,30,39,3,14,2,0
2007,16.0,2025-10-31,1,2,1,6,14,28,27,49,2,14,2,2
2008,16.0,2025-11-30,1,10,2,2,9,37,33,27,2,19,0,1
2009,16.0,2025-12-31,3,6,0,2,10,28,14,33,2,15,1,2
2010,16.0,2026-01-31,2,7,0,1,18,29,11,32,5,21,1,1
2011,16.0,2026-02-28,0,4,0,2,15,36,23,34,4,14,2,2
2012,16.0,2026-03-31,2,3,8,3,14,24,27,38,2,16,1,1
2013,16.0,2026-04-30,1,8,1,2,12,39,33,38,4,20,1,2
2014,16.0,2026-05-31,1,6,0,1,17,33,16,30,3,17,2,0
2015,16.0,2026-06-30,1,6,1,0,11,39,19,33,1,24,0,2
2016,17.0,2016-01-31,2,2,0,1,6,15,24,29,0,10,1,2
2017,17.0,2016-02-29,1,3,0,0,10,25,15,24,5,20,0,0
2018,17.0,2016-03-31,2,5,1,1,16,17,23,29,4,11,0,0
2019,17.0,2016-04-30,2,6,2,2,11,19,16,22,7,10,3,0
2020,17.0,2016-05-31,1,5,2,0,11,27,24,27,4,12,1,0
2021,17.0,2016-06-30,2,4,1,2,6,22,30,26,1,14,0,1
2022,17.0,2016-07-31,2,4,1,0,14,31,27,32,5,15,0,1
2023,17.0,2016-08-31,3,7,0,5,12,31,22,26,0,14,0,3
2024,17.0,2016-09-30,0,6,0,2,10,26,15,32,3,13,3,2
2025,17.0,2016-10-31,1,4,0,4,11,21,19,26,4,14,4,1
2026,17.0,2016-11-30,4,6,1,3,15,23,12,33,4,16,0,1
2027,17.0,2016-12-31,2,3,0,1,7,22,16,21,5,15,0,0
2028,17.0,2017-01-31,1,2,2,2,8,14,18,21,2,4,0,0
2029,17.0,2017-02-28,1,6,1,4,3,23,18,20,0,12,0,1
2030,17.0,2017-03-31,1,3,1,1,10,20,12,18,1,11,1,0
2031,17.0,2017-04-30,0,7,2,3,11,29,13,31,2,20,0,0
2032,17.0,2017-05-31,3,11,2,2,16,38,20,18,6,22,1,1
2033,17.0,2017-06-30,1,9,4,3,6,28,26,39,2,18,2,1
2034,17.0,2017-07-31,3,5,0,1,8,26,10,18,2,15,0,3
2035,17.0,2017-08-31,2,13,0,1,5,36,22,20,2,21,2,1
2036,17.0,2017-09-30,1,9,0,2,11,23,16,39,2,19,0,2
2037,17.0,2017-10-31,3,5,0,0,12,23,18,21,7,14,1,0
2038,17.0,2017-11-30,1,2,0,3,5,20,24,28,0,15,3,1
2039,17.0,2017-12-31,0,5,0,1,9,17,13,24,4,10,2,0
2040,17.0,2018-01-31,1,5,0,1,8,11,14,18,2,8,1,0
2041,17.0,2018-02-28,1,6,0,4,4,22,17,20,2,16,1,0
2042,17.0,2018-03-31,0,8,0,2,5,28,10,24,0,17,2,2
2043,17.0,2018-04-30,1,5,0,2,6,19,17,15,3,11,0,1
2044,17.0,2018-05-31,3,7,1,0,9,27,14,28,3,16,3,3
2045,17.0,2018-06-30,1,4,1,2,11,32,18,21,3,21,2,1
2046,17.0,2018-07-31,2,11,0,2,12,31,10,28,2,19,0,3
2047,17.0,2018-08-31,2,5,0,3,14,28,22,20,3,19,0,2
2048,17.0,2018-09-30,2,9,0,0,11,23,14,18,2,19,0,1
2049,17.0,2018-10-31,3,5,1,2,6,32,17,37,2,23,1,0
2050,17.0,2018-11-30,2,2,0,4,14,28,18,32,2,17,2,0
2051,17.0,2018-12-31,3,5,2,1,16,25,18,33,9,18,5,1
2052,17.0,2019-01-31,3,6,0,0,9,24,13,17,2,21,0,0
2053,17.0,2019-02-28,0,6,0,1,13,20,10,19,3,12,0,0
2054,17.0,2019-03-31,2,2,2,1,8,7,17,17,1,1,2,1
2055,17.0,2019-04-30,1,5,0,1,8,29,17,19,2,18,1,1
2056,17.0,2019-05-31,1,6,2,2,8,22,16,22,2,14,2,0
2057,17.0,2019-06-30,2,9,2,0,10,26,15,17,2,13,1,1
2058,17.0,2019-07-31,1,9,2,0,15,25,20,24,4,19,0,1
2059,17.0,2019-08-31,0,3,0,2,7,23,20,18,4,14,2,2
2060,17.0,2019-09-30,2,6,0,0,18,32,14,11,5,19,2,2
2061,17.0,2019-10-31,1,3,1,1,9,15,17,14,2,10,0,0
2062,17.0,2019-11-30,0,1,0,0,8,29,17,19,2,14,3,1
2063,17.0,2019-12-31,4,2,1,2,10,20,12,27,7,11,0,1
2064,17.0,2020-01-31,1,4,0,0,13,16,12,29,3,8,1,2
2065,17.0,2020-02-29,0,7,1,3,6,21,14,13,1,14,3,0
2066,17.0,2020-03-31,1,3,1,1,8,23,13,22,0,11,6,2
2067,17.0,2020-04-30,0,2,0,0,7,15,12,11,1,12,3,1
2068,17.0,2020-05-31,2,6,0,1,8,17,24,12,4,14,1,0
2069,17.0,2020-06-30,0,5,0,1,11,25,20,22,3,16,3,1
2070,17.0,2020-07-31,4,6,2,1,17,20,20,17,3,15,0,1
2071,17.0,2020-08-31,2,2,0,0,8,22,16,14,1,14,1,1
2072,17.0,2020-09-30,2,0,0,0,9,16,18,32,3,8,1,1
2073,17.0,2020-10-31,1,2,1,0,7,17,9,21,1,11,1,1
2074,17.0,2020-11-30,0,2,2,1,13,9,18,19,4,7,1,0
2075,17.0,2020-12-31,0,2,2,0,6,14,12,21,3,11,1,1
2076,17.0,2021-01-31,1,4,0,0,8,24,8,26,4,18,2,2
2077,17.0,2021-02-28,1,3,0,2,5,17,6,22,1,7,1,0
2078,17.0,2021-03-31,0,3,0,0,6,25,14,18,2,12,2,0
2079,17.0,2021-04-30,0,3,2,1,8,19,15,17,3,12,0,0
2080,17.0,2021-05-31,4,7,1,0,16,29,13,24,2,22,1,4
2081,17.0,2021-06-30,0,6,3,2,9,29,17,32,4,25,2,4
2082,17.0,2021-07-31,2,3,1,1,13,18,18,24,4,13,2,0
2083,17.0,2021-08-31,2,10,1,0,11,31,18,33,6,23,5,2
2084,17.0,2021-09-30,2,4,0,0,9,30,15,37,3,13,4,0
2085,17.0,2021-10-31,0,4,0,0,10,28,15,23,2,21,3,2
2086,17.0,2021-11-30,2,3,0,0,9,20,16,29,3,14,3,2
2087,17.0,2021-12-31,2,2,0,0,7,14,15,33,4,11,1,1
2088,17.0,2022-01-31,0,1,1,0,7,12,7,20,1,9,0,0
2089,17.0,2022-02-28,0,4,1,0,5,19,9,17,2,13,2,1
2090,17.0,2022-03-31,0,3,1,1,6,19,17,31,2,7,1,1
2091,17.0,2022-04-30,0,4,0,0,10,32,13,13,3,20,3,1
2092,17.0,2022-05-31,2,3,1,2,21,26,8,16,3,11,1,0
2093,17.0,2022-06-30,3,6,0,1,15,27,8,28,3,10,1,0
2094,17.0,2022-07-31,2,2,1,1,15,25,18,37,6,18,4,0
2095,17.0,2022-08-31,2,5,1,0,11,19,20,18,1,11,3,0
2096,17.0,2022-09-30,0,2,0,0,11,27,11,15,3,16,2,0
2097,17.0,2022-10-31,1,4,0,0,10,23,12,37,0,11,1,1
2098,17.0,2022-11-30,0,2,0,0,13,15,15,35,5,11,0,0
2099,17.0,2022-12-31,2,2,0,0,6,14,16,34,2,9,0,0
2100,17.0,2023-01-31,0,1,0,0,8,16,21,13,2,13,4,0
2101,17.0,2023-02-28,0,4,0,0,4,23,15,27,2,9,3,0
2102,17.0,2023-03-31,0,0,0,0,12,14,18,22,1,8,1,1
2103,17.0,2023-04-30,0,5,1,1,6,14,17,33,1,6,4,0
2104,17.0,2023-05-31,0,2,2,1,5,16,12,41,2,11,1,1
2105,17.0,2023-06-30,1,3,0,0,12,24,11,28,5,14,0,0
2106,17.0,2023-07-31,1,8,0,1,18,28,17,46,6,21,2,1
2107,17.0,2023-08-31,1,5,0,2,11,30,17,34,3,17,0,1
2108,17.0,2023-09-30,1,4,0,0,12,27,11,35,2,13,0,1
2109,17.0,2023-10-31,1,3,1,0,16,20,13,37,3,15,2,1
2110,17.0,2023-11-30,2,3,0,1,15,17,16,43,4,10,0,2
2111,17.0,2023-12-31,0,9,1,0,5,27,15,35,0,19,2,0
2112,17.0,2024-01-31,1,5,0,0,7,24,17,25,4,13,3,0
2113,17.0,2024-02-29,0,8,4,0,4,23,12,37,2,13,5,0
2114,17.0,2024-03-31,2,6,0,1,12,20,15,18,1,16,2,1
2115,17.0,2024-04-30,0,4,0,1,6,24,19,29,1,8,3,0
2116,17.0,2024-05-31,4,5,0,0,19,38,12,21,5,25,0,0
2117,17.0,2024-06-30,0,4,1,1,10,32,11,35,1,18,1,2
2118,17.0,2024-07-31,1,3,0,0,9,27,18,33,1,17,2,0
2119,17.0,2024-08-31,0,5,0,1,10,25,20,30,2,17,0,3
2120,17.0,2024-09-30,2,3,0,0,22,27,21,31,4,19,1,1
2121,17.0,2024-10-31,2,4,3,0,14,17,22,30,2,7,3,1
2122,17.0,2024-11-30,1,3,0,1,6,24,17,24,2,16,2,1
2123,17.0,2024-12-31,4,6,0,0,19,28,12,22,8,20,0,1
2124,17.0,2025-01-31,0,2,0,1,8,21,16,23,3,12,3,1
2125,17.0,2025-02-28,3,2,1,0,8,11,6,17,3,4,2,1
2126,17.0,2025-03-31,1,2,1,2,10,12,17,27,2,9,2,2
2127,17.0,2025-04-30,0,1,1,2,2,20,13,19,1,13,1,0
2128,17.0,2025-05-31,3,2,0,1,14,29,12,17,3,18,6,0
2129,17.0,2025-06-30,0,6,1,0,10,26,12,18,3,15,1,0
2130,17.0,2025-07-31,1,6,1,1,7,24,19,16,4,14,2,0
2131,17.0,2025-08-31,1,7,1,2,7,34,13,19,1,23,0,1
2132,17.0,2025-09-30,4,3,1,0,14,19,13,22,1,10,0,2
2133,17.0,2025-10-31,1,1,0,1,12,19,20,26,6,10,2,2
2134,17.0,2025-11-30,1,6,0,0,14,21,18,14,6,16,2,0
2135,17.0,2025-12-31,2,4,0,0,8,17,15,22,2,7,3,1
2136,17.0,2026-01-31,1,6,0,5,5,21,11,19,2,14,0,0
2137,17.0,2026-02-28,1,6,1,1,8,24,4,11,5,12,0,1
2138,17.0,2026-03-31,2,3,0,4,11,16,14,21,2,6,0,1
2139,17.0,2026-04-30,0,3,0,0,6,13,8,12,1,10,0,1
2140,17.0,2026-05-31,1,7,1,0,7,34,16,14,0,20,1,0
2141,17.0,2026-06-30,1,7,0,1,11,30,10,20,0,18,1,0
2142,18.0,2016-01-31,2,1,0,2,5,5,4,13,0,4,1,0
2143,18.0,2016-02-29,0,2,0,4,2,8,7,8,0,1,0,0
2144,18.0,2016-03-31,0,2,0,1,2,10,7,13,1,6,2,1
2145,18.0,2016-04-30,0,4,1,0,2,12,11,3,0,7,0,0
2146,18.0,2016-05-31,0,2,1,1,3,10,11,13,2,8,0,0
2147,18.0,2016-06-30,0,7,0,4,2,24,10,12,0,17,1,0
2148,18.0,2016-07-31,0,5,1,3,3,16,10,13,1,10,0,0
2149,18.0,2016-08-31,0,1,0,3,4,8,7,8,1,6,1,0
2150,18.0,2016-09-30,0,2,0,0,5,9,7,9,2,5,0,0
2151,18.0,2016-10-31,2,2,0,0,5,8,9,15,0,6,0,0
2152,18.0,2016-11-30,1,0,0,0,9,6,7,17,2,5,0,1
2153,18.0,2016-12-31,0,1,0,1,1,17,7,9,0,12,0,0
2154,18.0,2017-01-31,0,4,0,1,0,15,11,11,0,9,0,0
2155,18.0,2017-02-28,0,4,0,1,1,11,6,8,1,8,0,1
2156,18.0,2017-03-31,0,0,1,0,4,3,10,6,0,1,0,0
2157,18.0,2017-04-30,0,2,0,1,4,13,9,5,1,6,0,0
2158,18.0,2017-05-31,1,1,0,1,4,6,6,8,2,5,0,0
2159,18.0,2017-06-30,0,4,0,0,5,22,3,11,1,14,1,0
2160,18.0,2017-07-31,0,3,2,2,3,11,11,9,0,8,2,1
2161,18.0,2017-08-31,1,2,0,0,2,14,8,8,0,10,2,0
2162,18.0,2017-09-30,0,0,0,1,3,6,9,15,1,2,1,0
2163,18.0,2017-10-31,2,4,0,0,5,13,5,9,3,10,0,0
2164,18.0,2017-11-30,0,1,0,0,3,11,3,8,1,9,0,1
2165,18.0,2017-12-31,0,2,2,0,1,15,13,9,0,10,0,0
2166,18.0,2018-01-31,0,2,1,0,1,8,6,6,0,5,0,0
2167,18.0,2018-02-28,1,1,0,0,6,11,5,7,0,8,0,1
2168,18.0,2018-03-31,0,4,0,1,4,10,8,9,0,6,1,0
2169,18.0,2018-04-30,0,3,0,0,3,10,7,14,2,7,1,1
2170,18.0,2018-05-31,2,2,0,0,11,7,2,9,5,5,0,0
2171,18.0,2018-06-30,1,3,0,2,4,11,3,13,1,8,1,1
2172,18.0,2018-07-31,0,2,0,0,4,11,12,8,1,9,1,0
2173,18.0,2018-08-31,0,4,0,3,4,8,9,17,0,4,1,1
2174,18.0,2018-09-30,0,2,0,0,3,11,5,17,2,9,0,1
2175,18.0,2018-10-31,1,1,0,1,3,6,1,10,0,6,0,0
2176,18.0,2018-11-30,0,2,0,1,1,14,7,9,1,12,0,0
2177,18.0,2018-12-31,0,2,0,0,2,16,7,14,1,12,0,2
2178,18.0,2019-01-31,2,2,0,1,5,13,5,11,1,11,2,1
2179,18.0,2019-02-28,1,0,0,1,2,3,5,7,0,2,0,0
2180,18.0,2019-03-31,0,0,0,0,4,9,5,11,2,3,1,0
2181,18.0,2019-04-30,0,5,0,0,4,12,2,10,1,7,1,0
2182,18.0,2019-05-31,0,3,0,1,5,15,8,6,2,9,0,2
2183,18.0,2019-06-30,1,3,0,0,4,11,13,12,1,9,2,0
2184,18.0,2019-07-31,2,1,0,1,6,8,7,8,1,7,1,0
2185,18.0,2019-08-31,0,1,0,0,5,9,6,14,1,3,1,2
2186,18.0,2019-09-30,0,1,0,2,2,10,4,11,0,8,0,1
2187,18.0,2019-10-31,0,0,0,0,5,7,4,7,0,5,1,1
2188,18.0,2019-11-30,0,3,0,0,1,10,4,11,0,8,0,1
2189,18.0,2019-12-31,0,0,0,0,0,7,3,12,0,3,0,1
2190,18.0,2020-01-31,0,1,0,1,1,5,6,6,1,5,1,0
2191,18.0,2020-02-29,0,3,1,0,1,8,10,7,0,5,1,0
2192,18.0,2020-03-31,1,2,0,1,3,12,2,11,2,6,1,1
2193,18.0,2020-04-30,0,0,0,0,5,7,9,6,4,6,2,0
2194,18.0,2020-05-31,0,0,0,0,1,5,3,8,0,4,0,0
2195,18.0,2020-06-30,0,2,0,0,5,9,10,11,2,5,2,0
2196,18.0,2020-07-31,1,3,1,2,4,15,10,9,1,9,2,0
2197,18.0,2020-08-31,1,2,0,1,6,10,9,10,0,7,2,0
2198,18.0,2020-09-30,0,4,0,0,3,10,10,10,2,8,1,0
2199,18.0,2020-10-31,0,4,0,1,4,13,6,10,1,10,1,0
2200,18.0,2020-11-30,0,3,0,0,4,10,8,4,2,9,0,0
2201,18.0,2020-12-31,1,0,0,0,4,3,2,7,1,2,0,0
2202,18.0,2021-01-31,0,1,0,0,1,13,1,7,0,8,0,0
2203,18.0,2021-02-28,1,0,0,0,3,7,6,5,0,5,0,1
2204,18.0,2021-03-31,1,3,0,2,2,11,4,8,1,9,2,2
2205,18.0,2021-04-30,0,2,0,0,2,9,5,5,0,4,0,0
2206,18.0,2021-05-31,0,5,0,1,2,9,5,16,1,6,3,0
2207,18.0,2021-06-30,1,2,0,1,5,11,8,7,2,8,1,0
2208,18.0,2021-07-31,1,0,0,0,5,5,5,15,2,4,2,2
2209,18.0,2021-08-31,0,1,0,0,1,8,5,8,0,6,1,1
2210,18.0,2021-09-30,2,1,0,1,10,9,2,11,3,6,0,0
2211,18.0,2021-10-31,0,0,0,0,2,5,2,10,0,4,0,1
2212,18.0,2021-11-30,0,0,0,0,7,10,2,9,2,6,1,0
2213,18.0,2021-12-31,0,3,0,0,3,4,5,17,2,2,1,1
2214,18.0,2022-01-31,0,2,0,1,0,8,5,4,0,6,1,0
2215,18.0,2022-02-28,0,1,0,1,3,5,4,12,1,4,0,0
2216,18.0,2022-03-31,1,0,0,1,6,4,13,9,3,3,0,1
2217,18.0,2022-04-30,0,0,1,0,2,10,8,9,0,8,1,1
2218,18.0,2022-05-31,0,0,0,0,2,7,5,9,0,5,0,0
2219,18.0,2022-06-30,0,1,0,0,6,7,2,16,5,4,0,1
2220,18.0,2022-07-31,0,1,0,0,8,7,10,13,4,3,1,1
2221,18.0,2022-08-31,0,2,1,0,3,6,15,14,0,5,1,1
2222,18.0,2022-09-30,1,1,0,1,6,9,5,8,0,7,0,0
2223,18.0,2022-10-31,0,2,1,0,9,9,12,13,1,6,2,0
2224,18.0,2022-11-30,1,1,0,0,2,6,11,17,1,2,0,0
2225,18.0,2022-12-31,1,0,0,2,3,5,5,13,1,2,0,0
2226,18.0,2023-01-31,1,1,0,0,2,14,3,12,1,9,0,0
2227,18.0,2023-02-28,0,0,0,0,5,6,6,5,2,4,1,1
2228,18.0,2023-03-31,0,3,0,0,3,6,5,12,0,5,0,3
2229,18.0,2023-04-30,0,0,0,0,4,8,7,14,1,7,1,1
2230,18.0,2023-05-31,1,2,0,0,6,5,6,17,3,5,0,3
2231,18.0,2023-06-30,1,2,0,0,8,7,8,13,3,5,1,0
2232,18.0,2023-07-31,0,2,0,0,5,8,13,26,0,6,0,1
2233,18.0,2023-08-31,0,2,0,1,4,12,10,19,0,9,4,0
2234,18.0,2023-09-30,2,1,0,1,2,7,6,14,2,6,0,0
2235,18.0,2023-10-31,0,1,0,1,8,9,8,8,3,7,1,0
2236,18.0,2023-11-30,0,1,0,0,2,7,11,11,2,4,0,0
2237,18.0,2023-12-31,0,3,0,3,3,11,7,20,1,9,0,0
2238,18.0,2024-01-31,0,0,0,0,8,4,8,6,3,3,0,0
2239,18.0,2024-02-29,0,1,0,0,0,4,7,13,0,2,1,0
2240,18.0,2024-03-31,0,1,0,2,6,7,8,17,2,2,0,0
2241,18.0,2024-04-30,0,0,2,2,6,5,13,8,0,3,2,0
2242,18.0,2024-05-31,2,4,0,3,7,10,6,13,1,9,1,2
2243,18.0,2024-06-30,0,3,0,2,4,11,7,21,1,5,0,1
2244,18.0,2024-07-31,1,2,0,2,3,13,6,20,0,10,1,0
2245,18.0,2024-08-31,0,2,0,0,3,8,7,14,2,5,0,0
2246,18.0,2024-09-30,1,4,0,1,9,11,6,12,3,7,0,0
2247,18.0,2024-10-31,3,2,0,1,7,9,7,23,1,7,1,0
2248,18.0,2024-11-30,0,5,0,0,6,12,17,12,3,6,2,0
2249,18.0,2024-12-31,0,2,0,1,3,6,4,13,1,5,1,1
2250,18.0,2025-01-31,0,0,0,0,1,5,0,6,0,5,0,2
2251,18.0,2025-02-28,0,2,0,1,6,4,6,19,0,4,0,0
2252,18.0,2025-03-31,0,5,0,0,4,11,8,12,1,8,2,0
2253,18.0,2025-04-30,1,1,0,7,7,6,6,18,1,3,1,0
2254,18.0,2025-05-31,0,0,1,0,8,10,9,21,3,8,2,3
2255,18.0,2025-06-30,0,3,0,1,5,16,4,15,1,7,0,0
2256,18.0,2025-07-31,0,0,0,1,6,14,7,19,3,9,0,3
2257,18.0,2025-08-31,1,4,0,1,5,8,4,11,0,7,0,1
2258,18.0,2025-09-30,0,4,0,2,1,16,7,23,0,7,0,0
2259,18.0,2025-10-31,0,1,0,1,4,9,9,8,1,2,1,1
2260,18.0,2025-11-30,1,1,0,0,2,5,7,10,1,5,0,0
2261,18.0,2025-12-31,0,2,0,0,2,10,9,9,0,6,1,0
2262,18.0,2026-01-31,1,1,0,1,3,10,4,12,2,5,1,1
2263,18.0,2026-02-28,0,3,0,1,4,7,4,6,2,4,0,0
2264,18.0,2026-03-31,1,3,0,0,3,8,5,9,0,3,0,0
2265,18.0,2026-04-30,1,2,1,0,6,10,4,7,0,7,3,1
2266,18.0,2026-05-31,0,5,2,0,4,7,3,7,3,5,0,1
2267,18.0,2026-06-30,0,2,0,0,0,12,7,12,0,8,1,1
2268,19.0,2016-01-31,6,23,3,16,26,80,56,86,7,45,8,1
2269,19.0,2016-02-29,4,14,1,10,16,56,49,71,4,37,3,3
2270,19.0,2016-03-31,2,25,5,13,23,77,50,61,6,46,5,3
2271,19.0,2016-04-30,4,21,3,13,24,77,46,82,9,46,4,6
2272,19.0,2016-05-31,5,25,1,18,45,95,52,87,13,50,2,4
2273,19.0,2016-06-30,3,18,2,14,40,79,37,77,8,47,3,4
2274,19.0,2016-07-31,1,19,1,10,27,86,58,84,10,51,7,5
2275,19.0,2016-08-31,3,20,6,11,29,69,50,83,7,43,6,5
2276,19.0,2016-09-30,5,13,0,11,33,70,47,74,11,38,2,5
2277,19.0,2016-10-31,6,18,2,11,33,79,49,94,9,51,1,3
2278,19.0,2016-11-30,7,19,4,8,23,78,47,77,5,43,7,6
2279,19.0,2016-12-31,6,19,2,7,36,73,42,73,12,44,3,1
2280,19.0,2017-01-31,7,15,1,10,29,67,41,76,5,37,3,2
2281,19.0,2017-02-28,4,14,2,4,16,52,43,63,4,31,3,4
2282,19.0,2017-03-31,8,10,2,4,23,63,52,56,9,36,5,0
2283,19.0,2017-04-30,4,16,2,6,28,73,43,66,8,43,5,1
2284,19.0,2017-05-31,3,24,2,8,23,80,38,60,5,47,3,4
2285,19.0,2017-06-30,5,13,4,8,37,77,51,72,8,53,3,3
2286,19.0,2017-07-31,6,21,4,14,33,87,54,89,9,54,3,9
2287,19.0,2017-08-31,7,19,4,6,32,69,43,75,13,45,10,4
2288,19.0,2017-09-30,5,14,3,1,34,77,41,69,12,47,2,0
2289,19.0,2017-10-31,3,17,2,17,30,74,33,91,12,40,3,4
2290,19.0,2017-11-30,6,11,2,2,25,51,47,66,9,24,7,0
2291,19.0,2017-12-31,4,17,0,12,27,82,42,73,9,48,5,2
2292,19.0,2018-01-31,3,16,2,4,21,61,37,74,5,36,3,2
2293,19.0,2018-02-28,5,9,1,8,18,59,33,66,6,36,1,3
2294,19.0,2018-03-31,2,19,1,3,22,69,59,62,5,45,5,4
2295,19.0,2018-04-30,1,9,1,7,28,74,49,63,9,49,1,6
2296,19.0,2018-05-31,8,15,2,3,37,90,40,68,9,56,4,3
2297,19.0,2018-06-30,5,15,1,7,31,72,39,72,7,46,5,3
2298,19.0,2018-07-31,5,10,2,8,25,78,45,73,5,44,3,1
2299,19.0,2018-08-31,2,15,4,2,26,64,46,70,6,47,2,4
2300,19.0,2018-09-30,8,18,0,5,42,90,38,71,13,55,5,3
2301,19.0,2018-10-31,3,12,6,5,29,82,48,78,9,45,2,5
2302,19.0,2018-11-30,8,13,2,6,29,81,29,53,10,48,3,2
2303,19.0,2018-12-31,1,18,0,5,25,72,43,61,6,51,3,2
2304,19.0,2019-01-31,4,17,3,5,28,77,51,62,7,42,5,5
2305,19.0,2019-02-28,3,18,3,6,24,63,40,76,9,47,2,0
2306,19.0,2019-03-31,6,15,2,8,31,59,39,69,12,32,6,2
2307,19.0,2019-04-30,5,14,2,10,27,61,32,72,9,37,1,3
2308,19.0,2019-05-31,2,24,1,13,29,92,44,70,7,51,5,4
2309,19.0,2019-06-30,6,16,7,7,31,80,39,71,11,44,3,5
2310,19.0,2019-07-31,1,17,2,6,28,88,51,65,10,52,5,4
2311,19.0,2019-08-31,6,14,1,10,30,91,42,72,6,61,4,4
2312,19.0,2019-09-30,4,18,4,0,35,90,47,59,13,46,4,2
2313,19.0,2019-10-31,4,16,2,5,29,99,39,63,6,57,5,7
2314,19.0,2019-11-30,5,12,2,8,28,62,39,77,11,35,5,3
2315,19.0,2019-12-31,3,13,0,12,19,67,46,71,8,43,4,1
2316,19.0,2020-01-31,5,9,2,9,26,70,33,65,8,42,3,1
2317,19.0,2020-02-29,0,15,1,3,24,70,37,57,6,43,2,5
2318,19.0,2020-03-31,3,17,1,2,25,65,37,49,8,35,6,4
2319,19.0,2020-04-30,0,9,2,2,22,49,47,37,10,38,9,1
2320,19.0,2020-05-31,4,13,3,4,33,64,43,39,6,36,6,0
2321,19.0,2020-06-30,3,14,0,2,30,74,33,43,10,48,7,1
2322,19.0,2020-07-31,6,14,2,5,37,87,35,65,12,55,7,5
2323,19.0,2020-08-31,2,16,2,4,37,83,45,67,12,53,7,0
2324,19.0,2020-09-30,4,16,0,2,43,61,24,45,12,38,1,4
2325,19.0,2020-10-31,1,9,0,5,23,61,34,60,2,43,3,0
2326,19.0,2020-11-30,3,10,1,8,20,65,28,56,4,41,4,4
2327,19.0,2020-12-31,2,9,1,0,25,57,32,48,10,43,3,1
2328,19.0,2021-01-31,4,4,3,3,36,50,31,56,12,39,4,1
2329,19.0,2021-02-28,1,6,3,1,16,46,29,40,6,31,2,0
2330,19.0,2021-03-31,2,10,1,1,30,51,45,51,6,45,4,2
2331,19.0,2021-04-30,2,9,2,4,20,59,38,46,4,37,3,3
2332,19.0,2021-05-31,1,8,4,0,33,68,46,40,9,48,8,1
2333,19.0,2021-06-30,2,10,1,4,28,49,34,45,4,33,6,4
2334,19.0,2021-07-31,4,12,1,4,26,78,47,48,13,52,5,1
2335,19.0,2021-08-31,2,12,1,0,24,65,31,66,7,44,5,3
2336,19.0,2021-09-30,2,12,1,2,31,72,31,57,12,50,3,6
2337,19.0,2021-10-31,4,12,2,3,37,70,40,70,16,45,8,0
2338,19.0,2021-11-30,1,7,0,2,29,63,48,51,7,34,4,1
2339,19.0,2021-12-31,1,11,0,0,23,67,43,49,6,41,3,3
2340,19.0,2022-01-31,1,4,1,0,22,51,34,40,7,33,4,2
2341,19.0,2022-02-28,5,9,2,2,35,60,24,40,7,35,2,3
2342,19.0,2022-03-31,5,8,0,1,32,49,24,51,9,31,6,1
2343,19.0,2022-04-30,2,11,0,1,32,54,33,56,7,36,7,3
2344,19.0,2022-05-31,6,6,0,3,32,66,41,63,7,26,5,5
2345,19.0,2022-06-30,4,4,1,7,36,61,36,68,11,35,5,6
2346,19.0,2022-07-31,3,6,1,2,31,60,39,68,7,31,6,3
2347,19.0,2022-08-31,5,7,1,2,43,80,44,87,13,46,5,1
2348,19.0,2022-09-30,4,11,1,5,32,74,34,82,6,40,3,4
2349,19.0,2022-10-31,4,7,2,1,34,59,42,76,10,29,6,2
2350,19.0,2022-11-30,3,7,0,2,24,76,60,69,5,41,5,4
2351,19.0,2022-12-31,3,13,1,3,27,51,28,69,10,31,3,7
2352,19.0,2023-01-31,3,10,1,7,31,58,27,73,8,30,4,4
2353,19.0,2023-02-28,1,6,2,3,27,47,26,60,6,32,3,2
2354,19.0,2023-03-31,3,7,3,3,34,54,49,83,4,27,10,5
2355,19.0,2023-04-30,3,9,2,5,34,66,51,86,6,47,5,4
2356,19.0,2023-05-31,3,9,2,4,40,78,46,68,13,43,6,5
2357,19.0,2023-06-30,6,13,0,0,46,72,38,76,14,40,4,1
2358,19.0,2023-07-31,7,5,2,4,34,68,41,82,14,34,1,4
2359,19.0,2023-08-31,3,18,3,4,34,78,37,64,10,46,4,5
2360,19.0,2023-09-30,3,16,0,7,37,76,37,88,11,31,8,4
2361,19.0,2023-10-31,5,12,1,6,38,87,59,83,8,54,4,4
2362,19.0,2023-11-30,6,12,1,5,31,61,34,75,6,33,3,3
2363,19.0,2023-12-31,5,12,0,5,37,79,38,96,10,39,8,5
2364,19.0,2024-01-31,5,12,1,7,28,56,30,82,12,40,1,5
2365,19.0,2024-02-29,6,10,2,7,35,61,45,80,11,31,9,1
2366,19.0,2024-03-31,2,13,1,9,49,94,31,78,14,53,3,4
2367,19.0,2024-04-30,0,13,1,4,41,74,32,88,10,46,2,2
2368,19.0,2024-05-31,6,19,2,11,43,82,38,105,13,50,6,5
2369,19.0,2024-06-30,6,13,2,11,48,74,49,98,8,53,10,4
2370,19.0,2024-07-31,7,19,2,13,49,93,43,107,8,56,1,1
2371,19.0,2024-08-31,5,7,3,10,30,53,40,84,7,27,4,6
2372,19.0,2024-09-30,9,10,2,7,45,83,48,76,14,41,3,1
2373,19.0,2024-10-31,3,11,3,9,31,63,34,108,10,34,7,1
2374,19.0,2024-11-30,0,12,1,13,23,68,34,76,6,32,6,1
2375,19.0,2024-12-31,5,17,3,20,34,70,34,83,11,45,5,4
2376,19.0,2025-01-31,4,20,3,22,26,80,25,78,6,47,6,6
2377,19.0,2025-02-28,4,12,5,14,25,42,28,83,9,23,6,5
2378,19.0,2025-03-31,7,11,1,11,36,62,29,67,9,39,3,2
2379,19.0,2025-04-30,7,15,0,15,30,76,30,84,11,37,7,2
2380,19.0,2025-05-31,6,14,1,12,31,64,31,75,7,36,4,3
2381,19.0,2025-06-30,6,14,4,13,36,66,46,75,8,39,5,4
2382,19.0,2025-07-31,4,22,1,8,35,67,28,70,11,44,3,2
2383,19.0,2025-08-31,4,16,3,8,29,69,36,87,9,45,2,5
2384,19.0,2025-09-30,8,11,2,11,35,68,29,78,6,31,1,6
2385,19.0,2025-10-31,6,14,1,10,38,54,50,66,7,35,5,2
2386,19.0,2025-11-30,7,19,0,13,22,58,41,53,3,34,4,2
2387,19.0,2025-12-31,3,19,2,11,16,54,41,64,7,35,1,2
2388,19.0,2026-01-31,3,14,3,17,18,52,38,61,5,30,5,0
2389,19.0,2026-02-28,4,10,0,22,28,55,16,77,5,32,0,2
2390,19.0,2026-03-31,5,13,0,6,33,62,37,59,7,38,1,2
2391,19.0,2026-04-30,5,9,0,20,45,59,30,65,8,37,1,4
2392,19.0,2026-05-31,4,8,0,8,35,67,34,71,11,37,3,7
2393,19.0,2026-06-30,7,17,1,15,35,72,27,60,8,46,2,3
2394,20.0,2016-01-31,0,5,2,7,7,23,22,20,0,13,3,2
2395,20.0,2016-02-29,0,7,1,2,4,24,15,24,1,15,3,1
2396,20.0,2016-03-31,1,4,3,4,9,21,19,17,1,13,3,1
2397,20.0,2016-04-30,2,4,1,5,15,22,14,19,2,11,0,2
2398,20.0,2016-05-31,2,1,1,1,8,19,11,18,1,14,2,0
2399,20.0,2016-06-30,1,5,0,4,9,30,17,27,1,15,1,1
2400,20.0,2016-07-31,1,5,0,4,5,22,24,32,2,16,1,3
2401,20.0,2016-08-31,0,5,0,1,15,34,18,23,3,21,2,0
2402,20.0,2016-09-30,2,7,1,2,10,20,23,26,3,11,1,4
2403,20.0,2016-10-31,1,4,1,1,3,21,24,17,1,12,5,0
2404,20.0,2016-11-30,1,5,1,1,7,22,12,23,5,12,3,1
2405,20.0,2016-12-31,1,6,0,2,11,25,9,19,2,21,1,0
2406,20.0,2017-01-31,2,4,1,9,11,18,16,31,4,11,0,0
2407,20.0,2017-02-28,2,2,0,1,7,18,19,17,2,10,1,2
2408,20.0,2017-03-31,1,5,2,4,9,20,22,26,4,10,1,1
2409,20.0,2017-04-30,0,5,0,3,12,26,10,24,5,16,0,2
2410,20.0,2017-05-31,0,10,2,3,12,24,11,40,2,17,1,3
2411,20.0,2017-06-30,1,5,0,1,10,25,14,30,3,16,1,3
2412,20.0,2017-07-31,1,7,1,4,7,30,13,31,3,20,1,1
2413,20.0,2017-08-31,3,6,0,1,8,22,10,25,2,16,1,2
2414,20.0,2017-09-30,1,5,2,1,8,22,9,19,3,16,2,0
2415,20.0,2017-10-31,1,4,0,0,8,28,15,21,3,18,0,2
2416,20.0,2017-11-30,0,4,0,1,6,29,6,20,1,17,1,2
2417,20.0,2017-12-31,1,6,2,4,7,19,13,21,3,15,2,0
2418,20.0,2018-01-31,0,5,2,6,11,24,22,18,5,14,1,0
2419,20.0,2018-02-28,1,6,4,2,11,16,15,10,5,9,3,0
2420,20.0,2018-03-31,2,6,0,1,11,21,10,19,2,13,0,1
2421,20.0,2018-04-30,1,7,0,3,8,27,11,15,2,14,1,2
2422,20.0,2018-05-31,2,4,1,5,9,32,16,17,0,15,2,1
2423,20.0,2018-06-30,2,3,0,2,11,25,13,24,5,19,1,0
2424,20.0,2018-07-31,0,5,2,5,10,25,10,36,1,17,1,2
2425,20.0,2018-08-31,0,7,0,1,7,24,14,27,2,17,4,2
2426,20.0,2018-09-30,0,3,1,7,5,23,16,22,2,17,4,0
2427,20.0,2018-10-31,2,5,1,2,10,26,16,23,5,17,3,1
2428,20.0,2018-11-30,1,7,0,2,8,26,13,16,3,19,3,0
2429,20.0,2018-12-31,1,7,0,1,6,17,17,28,0,15,3,1
2430,20.0,2019-01-31,2,4,0,1,10,26,14,9,0,22,2,2
2431,20.0,2019-02-28,0,1,1,7,4,20,8,20,1,12,1,0
2432,20.0,2019-03-31,2,8,0,3,13,17,10,24,6,11,4,0
2433,20.0,2019-04-30,1,6,0,8,9,25,16,21,6,17,2,0
2434,20.0,2019-05-31,3,6,0,3,5,26,9,9,3,18,2,0
2435,20.0,2019-06-30,1,5,1,3,12,22,8,13,3,13,0,1
2436,20.0,2019-07-31,3,4,0,6,9,25,15,25,4,16,1,0
2437,20.0,2019-08-31,2,2,1,5,13,23,16,18,4,18,2,0
2438,20.0,2019-09-30,0,0,1,4,8,18,16,19,2,11,3,0
2439,20.0,2019-10-31,0,4,1,2,5,18,17,27,0,14,0,4
2440,20.0,2019-11-30,0,8,1,4,7,25,15,18,3,14,1,2
2441,20.0,2019-12-31,0,4,1,2,7,14,11,21,0,9,0,1
2442,20.0,2020-01-31,0,4,1,1,5,16,19,34,3,8,2,4
2443,20.0,2020-02-29,0,4,0,2,9,23,13,15,2,15,0,1
2444,20.0,2020-03-31,0,3,0,0,6,18,4,12,1,13,0,1
2445,20.0,2020-04-30,1,4,0,1,4,24,9,11,2,20,3,2
2446,20.0,2020-05-31,1,4,0,3,11,12,6,23,5,4,0,0
2447,20.0,2020-06-30,2,7,0,0,12,27,16,16,6,19,0,0
2448,20.0,2020-07-31,1,3,0,0,9,17,15,12,0,11,1,0
2449,20.0,2020-08-31,0,2,0,4,9,18,11,34,2,13,3,1
2450,20.0,2020-09-30,3,3,0,2,13,27,12,12,3,16,0,1
2451,20.0,2020-10-31,0,3,0,4,8,17,12,22,1,11,1,1
2452,20.0,2020-11-30,0,2,0,2,11,15,10,11,3,11,1,1
2453,20.0,2020-12-31,1,3,0,2,3,12,10,12,1,9,0,2
2454,20.0,2021-01-31,2,2,1,2,11,16,5,13,4,13,0,1
2455,20.0,2021-02-28,0,0,0,3,5,13,6,12,2,11,0,0
2456,20.0,2021-03-31,0,3,0,6,4,11,9,16,2,8,1,1
2457,20.0,2021-04-30,1,4,1,0,7,13,9,9,2,11,2,1
2458,20.0,2021-05-31,0,5,0,1,6,26,12,20,2,19,2,2
2459,20.0,2021-06-30,0,1,1,7,10,20,11,21,4,10,3,2
2460,20.0,2021-07-31,1,4,0,1,8,32,11,14,4,23,1,1
2461,20.0,2021-08-31,0,4,1,1,8,30,14,24,3,24,1,1
2462,20.0,2021-09-30,1,2,0,4,14,20,23,30,6,13,4,1
2463,20.0,2021-10-31,1,4,0,3,10,21,8,39,3,12,0,5
2464,20.0,2021-11-30,0,2,0,6,9,21,18,29,1,12,2,0
2465,20.0,2021-12-31,0,4,0,2,6,22,16,20,2,18,1,1
2466,20.0,2022-01-31,1,6,0,9,6,17,12,37,1,12,1,0
2467,20.0,2022-02-28,1,0,0,10,3,16,9,34,1,10,1,1
2468,20.0,2022-03-31,1,1,0,2,9,14,10,22,5,7,0,1
2469,20.0,2022-04-30,1,1,1,4,8,17,10,24,6,9,1,1
2470,20.0,2022-05-31,1,4,0,1,11,30,12,19,4,19,3,1
2471,20.0,2022-06-30,0,3,0,2,8,21,8,24,1,12,2,4
2472,20.0,2022-07-31,0,1,0,1,9,25,14,23,1,14,2,1
2473,20.0,2022-08-31,3,4,0,0,19,25,5,16,3,18,0,0
2474,20.0,2022-09-30,1,5,0,0,11,21,8,20,4,13,1,2
2475,20.0,2022-10-31,2,3,1,0,7,18,18,28,2,12,4,1
2476,20.0,2022-11-30,1,3,0,3,3,15,13,24,2,6,2,1
2477,20.0,2022-12-31,1,2,1,1,8,15,15,17,4,10,2,1
2478,20.0,2023-01-31,2,0,0,3,7,14,12,19,1,8,0,1
2479,20.0,2023-02-28,2,2,0,1,11,20,14,20,4,13,4,1
2480,20.0,2023-03-31,2,3,1,1,10,22,13,27,1,17,1,3
2481,20.0,2023-04-30,0,6,0,1,11,22,22,18,3,16,6,1
2482,20.0,2023-05-31,1,2,0,0,11,34,13,19,3,20,3,1
2483,20.0,2023-06-30,2,6,0,2,11,22,15,20,2,13,2,1
2484,20.0,2023-07-31,3,1,1,1,14,21,19,15,2,11,3,2
2485,20.0,2023-08-31,1,2,0,0,16,17,17,14,3,10,0,1
2486,20.0,2023-09-30,0,5,0,1,9,22,14,21,2,14,0,1
2487,20.0,2023-10-31,1,6,1,1,9,22,11,27,2,17,0,2
2488,20.0,2023-11-30,1,2,0,0,9,24,20,25,2,13,3,3
2489,20.0,2023-12-31,2,2,0,4,11,29,14,28,6,18,2,2
2490,20.0,2024-01-31,1,1,1,2,12,23,12,12,5,16,4,0
2491,20.0,2024-02-29,2,5,0,1,21,29,9,12,2,15,0,1
2492,20.0,2024-03-31,0,2,1,1,15,18,13,23,3,9,1,0
2493,20.0,2024-04-30,2,5,0,0,14,26,11,13,2,13,1,0
2494,20.0,2024-05-31,1,7,0,4,17,26,11,29,6,13,2,2
2495,20.0,2024-06-30,3,6,1,1,19,31,11,23,8,17,0,1
2496,20.0,2024-07-31,0,9,0,3,10,30,13,20,3,16,2,1
2497,20.0,2024-08-31,1,3,0,8,8,24,19,27,0,13,3,1
2498,20.0,2024-09-30,3,3,0,2,13,29,11,24,3,20,0,1
2499,20.0,2024-10-31,3,2,1,1,15,22,14,24,6,12,3,0
2500,20.0,2024-11-30,0,6,1,6,10,22,13,26,4,13,1,1
2501,20.0,2024-12-31,1,6,0,4,8,21,14,24,2,14,0,0
2502,20.0,2025-01-31,2,2,0,1,9,14,14,26,3,3,3,3
2503,20.0,2025-02-28,2,2,1,4,11,9,4,16,3,7,0,3
2504,20.0,2025-03-31,4,5,0,2,9,24,11,19,3,15,2,1
2505,20.0,2025-04-30,1,4,1,0,5,22,9,13,1,13,0,0
2506,20.0,2025-05-31,0,3,0,2,9,20,11,15,2,14,1,0
2507,20.0,2025-06-30,1,5,0,0,10,19,6,9,5,9,1,0
2508,20.0,2025-07-31,1,6,0,5,11,22,15,27,5,13,1,0
2509,20.0,2025-08-31,0,7,1,0,11,27,7,25,7,16,0,1
2510,20.0,2025-09-30,2,10,0,1,11,19,10,19,3,8,3,0
2511,20.0,2025-10-31,1,4,3,6,10,18,18,24,5,9,0,1
2512,20.0,2025-11-30,0,7,2,4,6,21,12,19,1,11,3,1
2513,20.0,2025-12-31,1,7,0,1,14,22,17,15,8,14,3,0
2514,20.0,2026-01-31,3,5,0,2,10,15,8,17,5,12,1,0
2515,20.0,2026-02-28,0,7,2,1,8,17,19,10,4,12,3,1
2516,20.0,2026-03-31,4,5,0,5,12,14,11,24,2,7,1,1
2517,20.0,2026-04-30,2,4,2,3,12,17,17,16,5,9,2,2
2518,20.0,2026-05-31,0,11,1,1,12,34,8,21,2,18,1,0
2519,20.0,2026-06-30,1,6,0,0,10,18,8,15,1,14,0,0
2520,21.0,2016-01-31,2,7,0,6,8,28,22,47,2,21,0,3
2521,21.0,2016-02-29,0,3,1,6,5,23,29,36,0,11,0,0
2522,21.0,2016-03-31,4,12,0,6,13,33,22,40,1,17,2,2
2523,21.0,2016-04-30,0,8,1,6,8,29,27,39,3,16,1,0
2524,21.0,2016-05-31,2,9,1,4,12,45,26,49,3,27,2,0
2525,21.0,2016-06-30,7,5,3,7,13,38,18,54,4,21,1,1
2526,21.0,2016-07-31,3,10,1,6,15,37,36,52,2,21,1,3
2527,21.0,2016-08-31,4,4,2,6,15,25,32,62,2,14,2,0
2528,21.0,2016-09-30,3,8,2,5,20,35,29,61,5,14,1,2
2529,21.0,2016-10-31,0,3,2,6,11,28,33,44,2,15,2,0
2530,21.0,2016-11-30,4,5,2,4,9,21,16,52,3,13,2,0
2531,21.0,2016-12-31,3,4,1,5,12,21,23,63,4,12,0,1
2532,21.0,2017-01-31,3,5,0,7,7,25,11,52,2,17,1,1
2533,21.0,2017-02-28,3,3,0,8,13,20,18,41,2,13,0,1
2534,21.0,2017-03-31,0,8,1,11,9,30,19,40,3,16,1,0
2535,21.0,2017-04-30,3,3,1,7,14,24,19,55,5,17,0,1
2536,21.0,2017-05-31,1,9,1,5,11,37,41,66,1,23,1,0
2537,21.0,2017-06-30,4,11,2,6,20,34,24,51,5,16,2,1
2538,21.0,2017-07-31,4,6,1,6,18,33,30,62,1,15,2,0
2539,21.0,2017-08-31,1,6,0,0,8,29,27,71,1,20,1,0
2540,21.0,2017-09-30,0,5,0,4,6,21,26,70,1,10,3,1
2541,21.0,2017-10-31,2,10,2,9,6,36,36,61,1,17,1,2
2542,21.0,2017-11-30,2,5,1,2,13,29,34,53,2,15,1,0
2543,21.0,2017-12-31,3,7,1,8,10,33,26,51,3,18,2,1
2544,21.0,2018-01-31,1,3,1,4,10,25,28,49,1,15,1,3
2545,21.0,2018-02-28,3,5,0,6,11,35,18,56,3,17,0,0
2546,21.0,2018-03-31,2,4,1,6,13,27,21,49,0,9,1,2
2547,21.0,2018-04-30,2,7,1,9,17,24,30,61,2,13,2,1
2548,21.0,2018-05-31,0,7,0,3,15,33,21,47,6,16,3,1
2549,21.0,2018-06-30,3,8,3,3,9,32,21,56,3,14,1,0
2550,21.0,2018-07-31,4,6,0,5,19,29,28,83,2,19,0,0
2551,21.0,2018-08-31,0,9,3,2,14,37,30,48,2,21,3,1
2552,21.0,2018-09-30,0,8,1,5,6,32,24,57,4,16,2,1
2553,21.0,2018-10-31,3,7,0,4,17,40,24,56,7,22,0,1
2554,21.0,2018-11-30,2,4,2,2,13,25,19,54,1,11,3,4
2555,21.0,2018-12-31,0,6,1,5,15,23,16,52,7,12,1,0
2556,21.0,2019-01-31,4,4,0,4,13,26,11,49,7,15,1,1
2557,21.0,2019-02-28,2,5,0,7,8,27,15,37,1,15,0,1
2558,21.0,2019-03-31,1,6,0,8,6,35,29,43,1,18,0,0
2559,21.0,2019-04-30,0,4,0,3,4,18,23,31,2,9,2,1
2560,21.0,2019-05-31,1,9,2,6,12,37,22,36,2,16,0,0
2561,21.0,2019-06-30,1,3,2,8,7,32,20,56,1,15,0,0
2562,21.0,2019-07-31,3,9,0,12,7,26,24,53,3,9,0,2
2563,21.0,2019-08-31,0,5,0,11,15,30,26,75,1,13,1,2
2564,21.0,2019-09-30,1,4,0,13,4,35,19,67,0,18,1,0
2565,21.0,2019-10-31,1,2,4,4,13,36,27,51,5,15,2,1
2566,21.0,2019-11-30,0,6,0,7,15,31,20,43,2,16,2,1
2567,21.0,2019-12-31,2,2,0,6,9,18,23,60,5,12,1,1
2568,21.0,2020-01-31,1,5,1,8,11,22,18,47,4,12,0,0
2569,21.0,2020-02-29,2,5,0,6,11,18,13,50,2,12,0,2
2570,21.0,2020-03-31,2,3,2,2,9,21,15,34,3,15,1,0
2571,21.0,2020-04-30,2,3,0,0,10,29,23,21,3,18,2,1
2572,21.0,2020-05-31,4,6,1,2,9,22,26,39,0,12,3,2
2573,21.0,2020-06-30,2,2,1,2,21,22,25,27,5,13,2,0
2574,21.0,2020-07-31,1,5,1,4,13,39,16,29,4,17,4,0
2575,21.0,2020-08-31,1,4,3,2,12,33,36,71,1,18,4,0
2576,21.0,2020-09-30,2,4,0,1,14,27,19,36,0,10,0,0
2577,21.0,2020-10-31,0,1,1,3,8,19,18,48,2,10,1,1
2578,21.0,2020-11-30,2,6,0,2,7,20,12,49,1,17,1,1
2579,21.0,2020-12-31,0,7,1,8,8,22,13,41,2,15,0,0
2580,21.0,2021-01-31,2,6,0,1,11,22,12,28,0,13,1,1
2581,21.0,2021-02-28,2,1,0,3,11,12,11,27,3,4,0,1
2582,21.0,2021-03-31,1,5,1,2,14,19,13,30,6,11,1,0
2583,21.0,2021-04-30,0,4,0,3,8,24,13,31,1,18,0,0
2584,21.0,2021-05-31,0,2,0,2,11,23,13,26,3,14,0,2
2585,21.0,2021-06-30,2,3,0,2,12,26,11,44,3,13,1,2
2586,21.0,2021-07-31,0,4,0,4,9,26,19,30,4,17,1,0
2587,21.0,2021-08-31,1,6,1,5,8,29,15,39,2,12,0,2
2588,21.0,2021-09-30,0,2,0,6,10,23,30,43,3,12,1,1
2589,21.0,2021-10-31,1,0,0,1,9,26,16,33,6,12,0,2
2590,21.0,2021-11-30,2,5,0,1,14,21,23,27,1,15,3,1
2591,21.0,2021-12-31,0,2,0,3,8,24,20,28,1,14,3,1
2592,21.0,2022-01-31,1,1,0,3,11,19,12,29,2,12,0,0
2593,21.0,2022-02-28,1,3,0,3,11,19,11,27,6,10,1,0
2594,21.0,2022-03-31,1,5,1,0,15,26,15,38,2,17,1,0
2595,21.0,2022-04-30,1,4,1,3,11,24,20,38,2,13,3,2
2596,21.0,2022-05-31,1,2,0,5,15,36,25,46,2,18,1,1
2597,21.0,2022-06-30,2,5,1,2,14,29,11,55,2,17,0,2
2598,21.0,2022-07-31,2,4,1,2,9,22,16,66,2,11,2,0
2599,21.0,2022-08-31,1,3,0,2,21,32,15,57,3,18,2,0
2600,21.0,2022-09-30,2,4,0,3,17,33,20,51,4,22,2,1
2601,21.0,2022-10-31,3,6,0,5,15,29,16,59,4,15,0,1
2602,21.0,2022-11-30,1,5,0,1,11,27,22,60,2,14,3,0
2603,21.0,2022-12-31,1,6,0,2,9,23,22,51,4,15,2,0
2604,21.0,2023-01-31,1,5,0,2,14,29,14,43,1,22,0,1
2605,21.0,2023-02-28,0,6,0,2,11,29,18,48,2,15,1,0
2606,21.0,2023-03-31,2,7,3,3,14,23,22,57,5,15,2,1
2607,21.0,2023-04-30,1,6,0,3,11,26,27,41,3,16,4,1
2608,21.0,2023-05-31,3,4,1,1,12,24,15,47,3,10,2,3
2609,21.0,2023-06-30,0,2,0,3,17,24,31,54,3,19,3,1
2610,21.0,2023-07-31,4,5,0,2,14,29,15,48,3,24,3,0
2611,21.0,2023-08-31,1,2,0,3,11,23,19,60,3,16,1,0
2612,21.0,2023-09-30,1,3,1,2,12,33,23,65,2,20,2,0
2613,21.0,2023-10-31,4,5,0,5,16,30,13,78,4,19,0,2
2614,21.0,2023-11-30,0,7,0,5,15,23,20,69,2,14,1,2
2615,21.0,2023-12-31,1,5,0,3,8,32,20,59,1,15,0,0
2616,21.0,2024-01-31,3,5,0,6,15,21,14,64,4,14,0,0
2617,21.0,2024-02-29,1,8,1,3,24,23,19,72,7,11,1,2
2618,21.0,2024-03-31,1,9,1,1,10,35,15,74,2,18,0,1
2619,21.0,2024-04-30,1,2,0,6,10,22,22,80,2,8,2,1
2620,21.0,2024-05-31,2,8,0,15,16,36,12,98,6,17,0,1
2621,21.0,2024-06-30,1,6,0,2,18,25,16,68,5,15,1,2
2622,21.0,2024-07-31,1,7,2,14,14,22,31,92,6,15,1,1
2623,21.0,2024-08-31,1,6,0,12,17,29,14,89,3,14,3,1
2624,21.0,2024-09-30,2,6,5,9,18,29,23,71,2,16,1,3
2625,21.0,2024-10-31,5,5,0,12,23,30,28,84,3,18,1,3
2626,21.0,2024-11-30,1,6,2,9,10,29,26,67,6,11,1,0
2627,21.0,2024-12-31,1,2,1,5,14,22,12,45,4,15,2,2
2628,21.0,2025-01-31,2,6,1,17,9,23,21,63,0,14,2,1
2629,21.0,2025-02-28,2,5,0,10,14,21,11,49,2,13,0,2
2630,21.0,2025-03-31,1,5,1,12,7,18,19,66,2,5,2,0
2631,21.0,2025-04-30,2,9,0,5,15,29,18,53,2,21,1,1
2632,21.0,2025-05-31,3,6,0,15,16,27,18,70,3,14,2,1
2633,21.0,2025-06-30,2,4,0,10,13,33,9,93,4,21,0,0
2634,21.0,2025-07-31,5,5,1,11,14,30,21,72,6,20,2,2
2635,21.0,2025-08-31,2,5,0,10,12,21,30,63,3,11,2,0
2636,21.0,2025-09-30,1,5,0,11,15,23,29,56,4,16,3,1
2637,21.0,2025-10-31,3,7,0,13,7,30,16,61,0,18,0,0
2638,21.0,2025-11-30,1,5,0,17,17,24,26,59,3,13,1,0
2639,21.0,2025-12-31,0,4,0,14,14,19,22,68,5,12,4,3
2640,21.0,2026-01-31,4,7,1,8,10,24,13,77,2,15,0,0
2641,21.0,2026-02-28,0,7,0,15,10,26,14,65,5,17,0,0
2642,21.0,2026-03-31,0,4,0,14,10,20,23,62,3,8,1,2
2643,21.0,2026-04-30,0,3,1,8,9,17,22,43,0,9,1,1
2644,21.0,2026-05-31,1,8,2,8,14,27,18,64,2,17,1,2
2645,21.0,2026-06-30,1,3,1,6,12,21,10,40,2,13,0,2
2646,22.0,2016-01-31,5,21,1,8,13,51,45,152,2,27,0,3
2647,22.0,2016-02-29,3,10,3,6,16,46,39,116,6,20,1,0
2648,22.0,2016-03-31,7,10,4,11,29,45,50,118,5,23,7,0
2649,22.0,2016-04-30,4,11,1,23,25,48,50,135,5,26,2,2
2650,22.0,2016-05-31,5,19,2,16,25,70,61,166,4,33,2,0
2651,22.0,2016-06-30,6,13,3,11,37,70,44,123,11,32,2,1
2652,22.0,2016-07-31,6,13,2,14,22,77,74,145,3,32,1,1
2653,22.0,2016-08-31,3,9,4,15,23,56,68,187,5,23,1,2
2654,22.0,2016-09-30,3,14,2,12,26,64,69,196,4,24,5,3
2655,22.0,2016-10-31,5,14,2,10,26,70,52,187,3,36,1,3
2656,22.0,2016-11-30,2,12,5,12,18,57,53,157,3,24,4,2
2657,22.0,2016-12-31,5,10,1,19,21,43,46,182,6,23,0,1
2658,22.0,2017-01-31,5,15,3,15,24,51,43,151,3,23,2,0
2659,22.0,2017-02-28,9,14,4,12,25,44,51,146,7,19,1,4
2660,22.0,2017-03-31,2,10,2,17,20,61,51,138,6,35,1,5
2661,22.0,2017-04-30,6,10,3,14,28,39,56,127,4,10,4,2
2662,22.0,2017-05-31,4,11,4,10,34,56,45,129,4,25,8,1
2663,22.0,2017-06-30,3,14,5,11,30,63,43,157,8,38,1,5
2664,22.0,2017-07-31,12,8,0,6,30,68,31,162,4,30,3,1
2665,22.0,2017-08-31,7,17,2,10,40,72,34,176,8,37,2,3
2666,22.0,2017-09-30,5,11,2,10,22,56,47,153,4,26,1,0
2667,22.0,2017-10-31,3,12,4,13,18,57,46,174,5,26,4,1
2668,22.0,2017-11-30,1,11,2,14,17,55,41,158,4,29,2,0
2669,22.0,2017-12-31,0,7,1,15,14,43,37,129,2,23,2,1
2670,22.0,2018-01-31,2,13,1,11,18,58,33,143,3,31,5,3
2671,22.0,2018-02-28,0,12,2,8,14,46,39,110,3,24,1,0
2672,22.0,2018-03-31,2,10,3,13,19,64,36,119,1,37,2,2
2673,22.0,2018-04-30,4,7,4,15,30,44,39,129,8,22,1,2
2674,22.0,2018-05-31,6,14,4,18,29,62,72,153,9,29,1,2
2675,22.0,2018-06-30,5,12,2,16,32,64,40,154,2,33,1,2
2676,22.0,2018-07-31,4,16,2,11,27,72,58,149,9,35,1,2
2677,22.0,2018-08-31,2,15,2,13,27,82,42,148,5,35,3,0
2678,22.0,2018-09-30,5,12,3,7,30,46,41,136,10,25,3,3
2679,22.0,2018-10-31,4,11,6,15,19,72,56,169,3,39,2,0
2680,22.0,2018-11-30,6,10,1,10,21,48,52,147,5,20,5,2
2681,22.0,2018-12-31,4,14,8,18,30,50,52,178,10,25,2,2
2682,22.0,2019-01-31,8,5,1,11,25,30,29,149,6,13,2,1
2683,22.0,2019-02-28,8,8,1,9,24,41,24,104,5,17,2,2
2684,22.0,2019-03-31,6,17,2,16,25,54,59,117,6,27,4,2
2685,22.0,2019-04-30,4,10,3,12,21,43,31,116,3,14,2,1
2686,22.0,2019-05-31,9,17,1,12,31,57,51,137,8,32,1,2
2687,22.0,2019-06-30,10,19,1,17,29,78,52,172,5,25,3,3
2688,22.0,2019-07-31,5,13,2,16,34,54,51,198,5,30,2,5
2689,22.0,2019-08-31,6,14,3,16,22,48,52,155,6,24,3,4
2690,22.0,2019-09-30,4,15,2,11,24,55,44,156,2,33,4,2
2691,22.0,2019-10-31,4,12,0,18,24,58,51,176,6,27,3,5
2692,22.0,2019-11-30,7,14,1,25,17,42,35,155,4,23,3,3
2693,22.0,2019-12-31,4,14,0,25,11,41,45,189,1,18,5,4
2694,22.0,2020-01-31,5,18,5,13,25,60,40,150,8,32,5,0
2695,22.0,2020-02-29,2,16,4,21,14,58,29,120,3,31,1,1
2696,22.0,2020-03-31,5,12,1,15,26,47,40,111,4,28,3,4
2697,22.0,2020-04-30,1,5,1,3,13,33,23,69,3,19,0,2
2698,22.0,2020-05-31,2,6,4,5,18,44,40,67,6,28,2,0
2699,22.0,2020-06-30,4,14,2,5,20,63,37,92,2,45,6,0
2700,22.0,2020-07-31,6,6,2,5,25,46,35,85,5,28,3,3
2701,22.0,2020-08-31,1,10,2,7,21,42,42,112,4,21,1,2
2702,22.0,2020-09-30,4,12,3,11,13,43,38,106,2,24,3,2
2703,22.0,2020-10-31,2,5,4,3,18,40,30,102,5,27,2,1
2704,22.0,2020-11-30,4,7,0,4,19,37,19,101,7,23,2,1
2705,22.0,2020-12-31,0,9,1,5,14,44,27,93,3,27,4,6
2706,22.0,2021-01-31,1,3,0,5,19,26,28,77,3,16,5,2
2707,22.0,2021-02-28,1,6,1,4,18,28,23,65,3,13,0,1
2708,22.0,2021-03-31,5,3,4,2,31,46,49,92,9,28,4,2
2709,22.0,2021-04-30,2,8,0,1,17,44,43,76,4,25,11,2
2710,22.0,2021-05-31,3,7,2,1,20,57,40,105,3,26,3,1
2711,22.0,2021-06-30,1,10,1,1,18,56,33,70,8,29,2,1
2712,22.0,2021-07-31,4,7,0,4,22,47,36,74,6,25,4,2
2713,22.0,2021-08-31,3,7,1,3,21,39,31,91,2,19,2,2
2714,22.0,2021-09-30,6,5,1,1,28,53,53,111,4,21,4,1
2715,22.0,2021-10-31,3,5,1,6,29,55,32,108,4,31,0,4
2716,22.0,2021-11-30,3,6,2,3,31,39,48,97,5,21,2,1
2717,22.0,2021-12-31,1,12,1,1,11,43,39,81,3,22,2,3
2718,22.0,2022-01-31,2,8,4,1,16,31,32,58,7,17,3,2
2719,22.0,2022-02-28,2,5,0,2,21,40,19,70,3,22,2,1
2720,22.0,2022-03-31,5,12,1,7,22,57,40,117,3,26,0,2
2721,22.0,2022-04-30,2,6,0,1,21,33,28,102,2,21,1,1
2722,22.0,2022-05-31,1,7,4,3,22,38,30,110,4,13,4,1
2723,22.0,2022-06-30,1,9,1,1,23,52,31,124,7,20,3,1
2724,22.0,2022-07-31,5,8,0,4,33,38,48,130,10,17,7,0
2725,22.0,2022-08-31,1,4,2,3,20,45,35,130,3,21,4,1
2726,22.0,2022-09-30,6,7,0,3,31,45,49,136,3,14,2,1
2727,22.0,2022-10-31,3,3,0,4,21,31,69,127,4,14,4,1
2728,22.0,2022-11-30,2,10,1,5,20,39,43,129,4,22,1,0
2729,22.0,2022-12-31,1,7,2,7,13,38,38,109,2,22,1,1
2730,22.0,2023-01-31,1,5,1,11,17,43,47,120,1,27,3,1
2731,22.0,2023-02-28,2,11,3,4,19,41,41,93,2,16,2,1
2732,22.0,2023-03-31,6,13,1,3,27,49,51,134,5,27,5,0
2733,22.0,2023-04-30,3,13,2,9,20,47,61,136,7,24,5,2
2734,22.0,2023-05-31,3,11,4,8,25,63,42,154,6,35,4,4
2735,22.0,2023-06-30,4,14,4,8,24,49,44,149,5,27,2,1
2736,22.0,2023-07-31,10,17,1,11,38,61,56,151,9,36,3,1
2737,22.0,2023-08-31,4,6,2,10,22,52,39,144,6,28,2,1
2738,22.0,2023-09-30,3,10,4,11,29,55,44,147,5,30,3,5
2739,22.0,2023-10-31,1,13,3,14,25,56,37,156,3,31,1,4
2740,22.0,2023-11-30,4,6,2,13,27,50,47,180,5,29,2,1
2741,22.0,2023-12-31,7,17,3,15,35,51,52,177,8,23,3,3
2742,22.0,2024-01-31,7,6,1,16,26,44,40,164,4,22,2,3
2743,22.0,2024-02-29,2,8,3,18,15,64,44,165,4,35,1,1
2744,22.0,2024-03-31,4,10,0,10,29,56,35,135,3,26,2,2
2745,22.0,2024-04-30,1,8,0,10,26,51,33,139,5,19,1,0
2746,22.0,2024-05-31,4,9,1,18,33,52,38,189,6,22,3,1
2747,22.0,2024-06-30,3,8,1,16,33,58,49,192,5,29,1,1
2748,22.0,2024-07-31,6,12,2,29,33,76,56,220,8,37,3,4
2749,22.0,2024-08-31,2,12,0,33,19,67,47,181,4,26,1,1
2750,22.0,2024-09-30,5,11,0,29,30,69,35,205,7,38,3,4
2751,22.0,2024-10-31,1,9,3,28,20,56,45,193,4,24,1,5
2752,22.0,2024-11-30,4,8,1,34,20,42,52,157,6,20,2,0
2753,22.0,2024-12-31,0,13,2,29,18,52,66,144,2,28,3,3
2754,22.0,2025-01-31,2,4,1,31,24,32,25,128,5,19,2,1
2755,22.0,2025-02-28,2,7,3,36,16,36,24,126,0,18,2,1
2756,22.0,2025-03-31,2,17,3,34,22,47,36,138,3,23,1,2
2757,22.0,2025-04-30,2,6,3,26,25,47,58,141,6,20,1,4
2758,22.0,2025-05-31,5,15,2,23,29,58,34,113,7,26,3,0
2759,22.0,2025-06-30,3,7,2,32,14,46,48,148,6,21,2,3
2760,22.0,2025-07-31,5,10,2,26,23,37,55,172,5,23,5,2
2761,22.0,2025-08-31,7,12,1,28,38,37,46,158,9,15,3,1
2762,22.0,2025-09-30,4,15,1,34,28,51,52,138,3,18,3,2
2763,22.0,2025-10-31,1,12,1,25,26,40,50,125,3,21,1,0
2764,22.0,2025-11-30,7,6,5,34,31,42,35,134,7,21,1,3
2765,22.0,2025-12-31,2,14,3,32,23,53,42,124,6,22,1,2
2766,22.0,2026-01-31,1,14,0,28,16,44,32,112,4,25,4,0
2767,22.0,2026-02-28,2,4,1,26,19,34,33,107,4,15,1,2
2768,22.0,2026-03-31,4,9,17,29,19,42,68,115,5,27,4,1
2769,22.0,2026-04-30,1,9,1,16,14,52,45,97,4,23,1,2
2770,22.0,2026-05-31,1,8,2,22,14,47,32,131,4,22,3,1
2771,22.0,2026-06-30,4,9,2,17,21,42,46,131,3,21,0,1
2772,23.0,2016-01-31,8,26,3,14,40,140,66,78,20,83,11,2
2773,23.0,2016-02-29,3,27,5,15,37,113,55,98,16,57,15,8
2774,23.0,2016-03-31,6,21,4,6,51,152,85,86,16,74,10,8
2775,23.0,2016-04-30,8,24,2,9,41,128,71,101,19,79,14,6
2776,23.0,2016-05-31,7,30,3,9,59,152,82,108,18,80,12,8
2777,23.0,2016-06-30,17,26,2,10,71,165,71,106,18,88,12,6
2778,23.0,2016-07-31,11,25,5,14,63,156,79,125,19,89,12,12
2779,23.0,2016-08-31,9,24,7,8,60,164,82,111,12,108,15,5
2780,23.0,2016-09-30,6,21,3,11,56,143,69,139,14,81,9,6
2781,23.0,2016-10-31,7,28,1,15,52,134,62,111,19,78,11,6
2782,23.0,2016-11-30,7,20,2,14,41,118,59,106,10,73,8,3
2783,23.0,2016-12-31,4,18,3,12,34,110,53,107,10,69,7,13
2784,23.0,2017-01-31,5,18,2,14,44,105,67,104,11,68,11,7
2785,23.0,2017-02-28,9,11,1,12,40,82,63,102,15,48,4,11
2786,23.0,2017-03-31,10,28,5,10,49,124,67,73,12,77,8,8
2787,23.0,2017-04-30,13,17,1,12,60,119,68,113,19,65,9,7
2788,23.0,2017-05-31,11,33,8,11,64,150,76,98,15,80,12,6
2789,23.0,2017-06-30,13,24,3,9,60,162,56,129,21,85,12,9
2790,23.0,2017-07-31,12,24,5,6,68,170,72,104,16,106,11,6
2791,23.0,2017-08-31,8,23,4,7,48,152,67,127,13,86,3,13
2792,23.0,2017-09-30,14,26,2,9,72,138,79,85,22,81,13,5
2793,23.0,2017-10-31,7,24,3,5,45,149,74,100,19,75,12,9
2794,23.0,2017-11-30,10,19,4,5,52,109,66,93,14,59,11,3
2795,23.0,2017-12-31,4,20,5,10,57,109,53,83,14,65,8,8
2796,23.0,2018-01-31,5,22,2,5,37,111,47,78,12,66,8,8
2797,23.0,2018-02-28,5,20,0,5,46,109,30,42,13,65,7,3
2798,23.0,2018-03-31,8,27,5,11,52,143,61,87,12,89,8,6
2799,23.0,2018-04-30,7,16,1,9,55,127,47,76,22,71,9,2
2800,23.0,2018-05-31,7,31,8,4,59,170,66,90,20,95,6,10
2801,23.0,2018-06-30,7,16,3,4,66,141,51,87,17,78,9,10
2802,23.0,2018-07-31,9,36,4,6,50,160,61,101,17,111,4,8
2803,23.0,2018-08-31,4,28,2,12,54,157,65,101,15,94,14,9
2804,23.0,2018-09-30,6,23,4,11,48,134,55,102,22,67,7,8
2805,23.0,2018-10-31,8,21,2,12,56,128,49,108,17,78,7,4
2806,23.0,2018-11-30,11,21,6,8,55,105,44,76,13,65,8,9
2807,23.0,2018-12-31,10,30,2,7,41,135,44,107,13,74,9,4
2808,23.0,2019-01-31,5,22,4,5,28,109,56,72,15,75,8,6
2809,23.0,2019-02-28,12,16,3,2,44,105,39,73,17,58,3,15
2810,23.0,2019-03-31,3,17,6,4,41,128,62,69,14,56,15,6
2811,23.0,2019-04-30,7,28,3,4,47,118,51,68,15,65,8,12
2812,23.0,2019-05-31,8,29,1,9,62,127,55,96,18,76,7,8
2813,23.0,2019-06-30,18,26,3,8,53,151,66,99,13,85,12,8
2814,23.0,2019-07-31,5,28,3,5,64,172,57,108,20,97,9,5
2815,23.0,2019-08-31,8,29,5,8,53,145,69,115,23,80,13,8
2816,23.0,2019-09-30,9,25,8,16,52,123,81,113,11,70,10,6
2817,23.0,2019-10-31,6,27,7,3,42,121,61,86,11,57,10,3
2818,23.0,2019-11-30,7,16,4,10,40,101,49,75,12,55,8,6
2819,23.0,2019-12-31,9,21,2,9,37,123,45,98,14,73,5,7
2820,23.0,2020-01-31,2,12,5,8,39,89,49,72,18,60,4,5
2821,23.0,2020-02-29,7,16,8,8,36,87,55,74,14,51,9,1
2822,23.0,2020-03-31,9,22,2,3,46,133,58,83,15,76,12,7
2823,23.0,2020-04-30,4,14,1,4,32,103,46,62,9,55,8,3
2824,23.0,2020-05-31,9,14,2,3,46,120,85,68,18,73,19,7
2825,23.0,2020-06-30,2,13,7,3,54,163,72,69,20,97,17,7
2826,23.0,2020-07-31,5,15,7,2,49,109,61,83,11,62,14,5
2827,23.0,2020-08-31,7,27,3,5,51,147,62,102,18,87,11,4
2828,23.0,2020-09-30,3,16,2,1,48,117,71,87,14,66,15,5
2829,23.0,2020-10-31,3,10,1,1,47,98,63,66,16,50,13,4
2830,23.0,2020-11-30,2,15,3,2,27,92,49,67,9,54,17,7
2831,23.0,2020-12-31,2,9,2,1,39,69,45,67,13,44,10,9
2832,23.0,2021-01-31,2,6,2,2,35,72,51,48,18,45,8,3
2833,23.0,2021-02-28,4,15,1,1,38,76,40,35,11,55,8,2
2834,23.0,2021-03-31,5,12,0,1,37,89,54,56,12,53,15,7
2835,23.0,2021-04-30,3,11,3,1,54,105,61,58,21,69,6,10
2836,23.0,2021-05-31,8,18,0,3,63,99,68,82,22,63,15,8
2837,23.0,2021-06-30,3,14,0,0,50,132,67,65,17,75,10,10
2838,23.0,2021-07-31,5,7,2,2,59,107,66,81,21,64,17,10
2839,23.0,2021-08-31,6,17,2,3,49,118,57,74,17,67,8,7
2840,23.0,2021-09-30,5,19,3,2,52,120,50,58,16,65,10,5
2841,23.0,2021-10-31,3,8,0,2,55,89,61,72,20,47,10,7
2842,23.0,2021-11-30,6,8,2,1,42,97,69,84,17,59,12,5
2843,23.0,2021-12-31,3,9,1,3,40,75,83,81,16,45,13,8
2844,23.0,2022-01-31,6,9,2,2,31,79,32,57,5,52,4,5
2845,23.0,2022-02-28,2,13,4,1,44,83,43,49,22,56,10,4
2846,23.0,2022-03-31,8,7,2,2,54,91,54,75,15,50,8,7
2847,23.0,2022-04-30,3,18,3,2,36,117,44,58,18,64,6,4
2848,23.0,2022-05-31,4,20,0,3,58,117,54,69,13,63,8,8
2849,23.0,2022-06-30,2,15,3,1,42,97,43,54,12,54,13,5
2850,23.0,2022-07-31,2,16,5,2,49,110,52,73,13,57,7,7
2851,23.0,2022-08-31,3,6,1,1,41,98,61,95,15,51,8,12
2852,23.0,2022-09-30,5,16,4,1,46,109,62,87,13,69,11,7
2853,23.0,2022-10-31,2,16,1,4,60,106,83,105,25,62,12,7
2854,23.0,2022-11-30,2,9,1,1,41,103,62,79,4,57,8,6
2855,23.0,2022-12-31,0,7,1,0,31,54,40,69,14,29,7,5
2856,23.0,2023-01-31,4,10,1,3,49,76,46,66,15,46,6,8
2857,23.0,2023-02-28,3,11,2,0,38,68,36,47,11,37,6,5
2858,23.0,2023-03-31,1,19,3,2,37,106,57,81,20,63,6,2
2859,23.0,2023-04-30,2,13,4,2,41,90,62,68,16,52,9,7
2860,23.0,2023-05-31,2,15,3,2,34,121,57,80,7,68,12,3
2861,23.0,2023-06-30,6,15,0,1,50,87,56,87,16,54,8,7
2862,23.0,2023-07-31,1,23,1,9,42,134,49,97,14,79,11,5
2863,23.0,2023-08-31,2,22,1,1,65,123,52,98,23,71,4,6
2864,23.0,2023-09-30,12,14,1,0,66,116,51,80,22,69,10,7
2865,23.0,2023-10-31,4,19,2,1,55,104,57,75,10,58,11,2
2866,23.0,2023-11-30,3,15,1,3,48,107,56,80,10,63,6,6
2867,23.0,2023-12-31,1,18,3,0,50,99,54,85,18,59,6,9
2868,23.0,2024-01-31,5,16,3,1,43,94,38,55,13,58,7,3
2869,23.0,2024-02-29,1,10,2,2,31,83,42,56,3,41,4,9
2870,23.0,2024-03-31,6,20,0,2,52,101,58,86,11,54,7,2
2871,23.0,2024-04-30,5,19,0,4,52,107,50,71,14,54,5,6
2872,23.0,2024-05-31,3,22,4,1,68,132,67,79,16,75,10,5
2873,23.0,2024-06-30,9,22,0,1,70,142,57,88,19,74,6,5
2874,23.0,2024-07-31,6,23,1,8,72,110,58,96,18,69,9,7
2875,23.0,2024-08-31,7,17,5,4,50,103,55,92,17,60,10,4
2876,23.0,2024-09-30,10,18,6,2,56,123,57,75,17,73,7,5
2877,23.0,2024-10-31,7,11,2,6,45,99,54,87,7,51,9,6
2878,23.0,2024-11-30,3,18,2,5,47,100,45,78,11,60,5,10
2879,23.0,2024-12-31,5,20,1,13,33,108,47,80,8,60,5,1
2880,23.0,2025-01-31,3,18,1,5,27,77,51,70,8,38,5,6
2881,23.0,2025-02-28,4,14,1,7,32,72,29,62,4,41,5,6
2882,23.0,2025-03-31,3,20,3,14,34,108,40,72,11,64,7,2
2883,23.0,2025-04-30,4,21,0,17,53,99,36,93,11,47,5,9
2884,23.0,2025-05-31,10,22,1,14,68,117,47,85,22,63,6,7
2885,23.0,2025-06-30,3,21,3,19,47,96,47,87,15,53,11,12
2886,23.0,2025-07-31,5,19,3,12,40,110,48,91,10,47,10,6
2887,23.0,2025-08-31,4,13,4,13,52,110,49,87,14,53,6,4
2888,23.0,2025-09-30,5,22,2,9,31,111,52,74,5,60,5,3
2889,23.0,2025-10-31,6,25,3,4,38,96,45,63,7,53,8,6
2890,23.0,2025-11-30,4,17,3,3,35,100,40,60,8,64,5,3
2891,23.0,2025-12-31,5,19,3,4,41,76,42,55,12,51,3,4
2892,23.0,2026-01-31,6,19,0,5,37,86,45,56,12,49,5,5
2893,23.0,2026-02-28,4,20,0,4,29,75,28,51,5,49,4,6
2894,23.0,2026-03-31,4,18,0,4,40,93,29,71,9,51,7,3
2895,23.0,2026-04-30,5,12,2,12,47,77,64,75,10,43,11,5
2896,23.0,2026-05-31,12,13,3,6,54,101,57,91,13,50,9,11
2897,23.0,2026-06-30,8,24,1,4,58,124,55,90,18,71,11,11
2898,24.0,2016-01-31,3,20,1,11,29,80,68,218,3,38,3,4
2899,24.0,2016-02-29,5,10,4,13,26,68,59,190,9,22,1,3
2900,24.0,2016-03-31,6,21,1,13,29,85,71,257,1,29,3,5
2901,24.0,2016-04-30,4,15,2,16,36,87,74,270,6,36,5,6
2902,24.0,2016-05-31,5,19,7,24,46,83,97,283,8,23,1,1
2903,24.0,2016-06-30,7,18,5,13,38,98,94,260,11,39,3,5
2904,24.0,2016-07-31,4,16,2,13,40,101,116,279,7,39,6,1
2905,24.0,2016-08-31,2,15,5,16,30,82,94,311,8,22,1,4
2906,24.0,2016-09-30,8,15,3,17,33,85,92,293,2,31,1,0
2907,24.0,2016-10-31,2,13,4,10,31,73,88,263,3,31,4,3
2908,24.0,2016-11-30,4,12,1,16,32,68,92,290,4,21,7,2
2909,24.0,2016-12-31,5,12,6,21,25,66,85,296,3,36,4,2
2910,24.0,2017-01-31,1,16,2,17,28,80,98,260,9,30,3,3
2911,24.0,2017-02-28,6,12,2,12,32,71,60,270,3,21,1,2
2912,24.0,2017-03-31,8,23,6,9,37,77,88,206,8,25,4,2
2913,24.0,2017-04-30,5,12,4,10,41,80,74,226,6,38,5,2
2914,24.0,2017-05-31,10,6,3,10,42,73,80,235,8,16,5,2
2915,24.0,2017-06-30,9,26,3,14,49,102,66,298,8,35,4,5
2916,24.0,2017-07-31,5,17,4,16,42,75,82,322,7,23,5,0
2917,24.0,2017-08-31,5,9,4,13,39,83,74,279,6,29,3,6
2918,24.0,2017-09-30,11,18,2,6,37,95,61,248,2,32,2,1
2919,24.0,2017-10-31,7,13,3,12,35,80,84,280,8,19,4,6
2920,24.0,2017-11-30,4,20,3,10,35,68,67,238,6,24,3,4
2921,24.0,2017-12-31,4,14,3,9,24,78,56,241,6,36,2,0
2922,24.0,2018-01-31,7,9,3,8,39,51,48,170,5,19,3,1
2923,24.0,2018-02-28,7,9,1,7,30,51,39,136,6,18,0,2
2924,24.0,2018-03-31,4,15,2,14,34,61,57,194,3,25,3,2
2925,24.0,2018-04-30,5,15,5,14,34,81,69,240,7,25,6,7
2926,24.0,2018-05-31,7,21,5,8,39,91,84,245,7,32,3,1
2927,24.0,2018-06-30,5,22,5,16,36,86,86,220,6,37,1,2
2928,24.0,2018-07-31,2,18,5,13,35,73,80,246,7,30,6,7
2929,24.0,2018-08-31,10,18,4,12,52,85,73,261,9,30,1,5
2930,24.0,2018-09-30,8,14,3,13,47,80,64,230,4,34,1,2
2931,24.0,2018-10-31,7,11,4,11,44,84,65,275,4,26,4,2
2932,24.0,2018-11-30,5,10,2,13,28,58,65,281,4,31,1,2
2933,24.0,2018-12-31,5,10,1,14,27,75,66,275,4,38,1,0
2934,24.0,2019-01-31,9,16,7,18,25,67,50,200,7,34,1,1
2935,24.0,2019-02-28,6,16,3,8,38,65,44,177,13,23,0,1
2936,24.0,2019-03-31,9,16,1,15,35,78,58,192,5,31,6,5
2937,24.0,2019-04-30,7,12,2,6,43,64,58,182,5,27,3,0
2938,24.0,2019-05-31,4,22,3,17,35,90,87,229,6,34,1,3
2939,24.0,2019-06-30,13,14,2,11,51,103,102,259,6,38,3,1
2940,24.0,2019-07-31,9,26,3,11,38,105,79,276,9,37,4,2
2941,24.0,2019-08-31,9,17,3,8,39,80,90,280,9,40,2,3
2942,24.0,2019-09-30,7,20,9,15,34,84,71,278,9,31,2,1
2943,24.0,2019-10-31,3,17,7,9,33,76,62,286,6,31,3,3
2944,24.0,2019-11-30,7,17,5,8,30,66,54,204,3,26,2,3
2945,24.0,2019-12-31,9,22,2,10,29,83,47,253,2,37,3,2
2946,24.0,2020-01-31,7,17,4,13,37,64,47,215,9,26,0,2
2947,24.0,2020-02-29,8,6,3,14,20,54,56,171,2,19,2,0
2948,24.0,2020-03-31,3,10,3,11,25,46,50,124,5,27,5,2
2949,24.0,2020-04-30,2,3,0,3,21,39,30,98,4,17,5,2
2950,24.0,2020-05-31,1,15,0,5,17,47,44,129,4,29,2,6
2951,24.0,2020-06-30,3,4,4,4,33,58,56,149,12,22,2,0
2952,24.0,2020-07-31,2,8,1,7,28,60,51,170,6,24,3,2
2953,24.0,2020-08-31,3,17,1,5,37,73,62,169,11,29,5,1
2954,24.0,2020-09-30,5,13,2,7,31,54,60,164,7,15,2,4
2955,24.0,2020-10-31,4,6,3,8,29,53,58,174,7,21,1,2
2956,24.0,2020-11-30,0,5,1,11,28,47,34,138,7,26,2,2
2957,24.0,2020-12-31,4,9,1,7,21,34,36,130,7,21,1,2
2958,24.0,2021-01-31,2,4,1,5,24,32,63,96,4,23,4,1
2959,24.0,2021-02-28,1,2,0,1,15,42,23,94,3,21,1,4
2960,24.0,2021-03-31,5,5,1,11,22,41,40,150,10,19,2,4
2961,24.0,2021-04-30,0,4,0,6,22,42,44,117,6,22,4,7
2962,24.0,2021-05-31,2,16,0,6,33,71,47,152,9,36,7,4
2963,24.0,2021-06-30,2,11,0,2,35,67,53,164,10,23,1,2
2964,24.0,2021-07-31,2,17,3,8,43,75,56,181,10,26,2,6
2965,24.0,2021-08-31,3,10,1,4,41,71,52,160,9,26,4,2
2966,24.0,2021-09-30,5,7,2,1,45,81,52,146,6,21,2,4
2967,24.0,2021-10-31,3,10,0,1,46,69,53,252,4,27,2,3
2968,24.0,2021-11-30,4,10,2,1,29,56,50,187,5,21,4,0
2969,24.0,2021-12-31,1,8,1,4,32,58,49,191,5,30,3,3
2970,24.0,2022-01-31,0,9,0,6,18,48,34,163,3,29,0,4
2971,24.0,2022-02-28,3,12,2,5,31,68,41,154,5,30,3,3
2972,24.0,2022-03-31,3,6,2,4,19,73,41,241,4,20,2,3
2973,24.0,2022-04-30,1,8,2,8,26,55,48,214,2,18,4,3
2974,24.0,2022-05-31,3,12,2,8,36,77,55,219,6,32,1,7
2975,24.0,2022-06-30,7,17,1,0,46,81,71,231,9,28,3,3
2976,24.0,2022-07-31,4,10,2,3,36,59,60,261,2,19,3,4
2977,24.0,2022-08-31,3,11,1,4,36,71,69,211,6,28,3,1
2978,24.0,2022-09-30,3,12,0,2,44,75,79,248,9,27,1,3
2979,24.0,2022-10-31,5,9,1,2,42,54,123,265,10,21,5,2
2980,24.0,2022-11-30,3,12,0,6,34,61,77,259,7,21,6,1
2981,24.0,2022-12-31,2,12,3,9,37,48,56,215,6,17,2,0
2982,24.0,2023-01-31,1,7,1,6,35,69,61,173,6,30,3,6
2983,24.0,2023-02-28,3,8,5,4,30,40,87,166,9,16,7,1
2984,24.0,2023-03-31,1,7,3,4,33,66,74,199,6,22,2,4
2985,24.0,2023-04-30,8,10,2,2,37,74,87,189,10,23,3,3
2986,24.0,2023-05-31,5,13,1,5,45,78,83,199,6,21,4,3
2987,24.0,2023-06-30,5,17,0,5,37,83,79,228,7,27,4,2
2988,24.0,2023-07-31,2,11,1,4,31,83,82,220,7,39,1,7
2989,24.0,2023-08-31,4,11,1,5,42,73,92,262,7,25,3,3
2990,24.0,2023-09-30,1,8,4,8,48,67,78,212,4,23,2,1
2991,24.0,2023-10-31,5,5,1,4,51,62,96,220,5,21,1,2
2992,24.0,2023-11-30,2,10,1,4,51,72,92,221,15,27,2,2
2993,24.0,2023-12-31,2,17,2,8,33,84,69,222,5,33,1,0
2994,24.0,2024-01-31,6,15,0,6,29,52,61,202,8,28,2,4
2995,24.0,2024-02-29,1,9,2,5,36,75,74,212,2,24,1,4
2996,24.0,2024-03-31,5,11,0,2,37,68,70,198,2,30,2,4
2997,24.0,2024-04-30,5,6,2,9,41,63,75,191,4,21,3,0
2998,24.0,2024-05-31,4,12,1,3,53,106,74,221,9,38,4,2
2999,24.0,2024-06-30,8,15,4,4,40,83,59,231,7,22,1,2
3000,24.0,2024-07-31,0,12,1,9,33,77,71,250,2,35,3,3
3001,24.0,2024-08-31,3,16,3,15,34,74,85,281,4,28,6,3
3002,24.0,2024-09-30,3,14,1,9,45,81,77,255,5,28,2,5
3003,24.0,2024-10-31,8,13,3,7,39,107,77,233,5,33,2,3
3004,24.0,2024-11-30,1,9,2,7,48,64,87,203,8,18,2,1
3005,24.0,2024-12-31,5,20,0,3,30,62,88,185,5,33,1,2
3006,24.0,2025-01-31,1,6,3,9,18,33,49,200,4,10,2,4
3007,24.0,2025-02-28,5,13,1,10,24,60,25,165,2,26,2,3
3008,24.0,2025-03-31,6,15,3,9,45,71,52,168,8,20,4,1
3009,24.0,2025-04-30,2,10,2,13,37,46,72,176,5,12,3,4
3010,24.0,2025-05-31,1,12,3,11,36,72,41,223,7,31,2,7
3011,24.0,2025-06-30,5,23,4,16,38,81,77,213,8,30,2,1
3012,24.0,2025-07-31,7,12,5,10,33,70,92,223,4,19,1,1
3013,24.0,2025-08-31,5,16,2,17,40,79,111,182,3,26,1,3
3014,24.0,2025-09-30,7,14,0,4,46,84,72,179,4,23,3,1
3015,24.0,2025-10-31,3,8,3,14,28,67,88,232,4,17,1,1
3016,24.0,2025-11-30,5,18,2,8,25,56,81,153,5,20,1,4
3017,24.0,2025-12-31,0,9,0,7,25,62,48,164,8,19,0,1
3018,24.0,2026-01-31,8,11,1,15,29,55,51,169,5,24,5,1
3019,24.0,2026-02-28,4,10,0,9,30,65,46,135,5,28,1,1
3020,24.0,2026-03-31,2,10,2,6,31,60,74,162,2,23,2,5
3021,24.0,2026-04-30,5,6,2,7,40,68,73,164,7,23,3,1
3022,24.0,2026-05-31,7,21,3,3,44,84,77,207,8,26,6,7
3023,24.0,2026-06-30,3,13,0,8,33,66,53,204,6,20,0,8
3024,25.0,2016-01-31,13,50,3,23,85,258,133,153,35,162,22,17
3025,25.0,2016-02-29,21,47,8,13,80,268,104,128,26,169,25,14
3026,25.0,2016-03-31,22,70,12,16,105,312,165,143,35,176,30,19
3027,25.0,2016-04-30,20,52,13,25,113,308,145,176,36,181,32,27
3028,25.0,2016-05-31,23,70,11,23,125,378,153,156,44,227,33,24
3029,25.0,2016-06-30,31,66,9,21,117,397,170,210,26,244,32,31
3030,25.0,2016-07-31,25,60,11,22,105,369,175,224,44,217,30,25
3031,25.0,2016-08-31,26,47,13,25,123,296,177,239,41,172,26,16
3032,25.0,2016-09-30,22,57,11,17,115,298,159,231,52,169,24,18
3033,25.0,2016-10-31,14,54,3,23,107,283,147,258,39,154,24,12
3034,25.0,2016-11-30,23,55,4,15,86,274,150,194,27,160,26,14
3035,25.0,2016-12-31,6,41,4,19,73,235,133,196,31,155,25,20
3036,25.0,2017-01-31,20,41,13,17,93,222,153,176,29,142,33,19
3037,25.0,2017-02-28,15,50,6,20,85,251,114,160,24,158,17,16
3038,25.0,2017-03-31,12,51,9,13,94,266,123,156,31,160,28,16
3039,25.0,2017-04-30,23,48,8,19,99,284,168,158,36,188,38,11
3040,25.0,2017-05-31,18,60,7,21,106,307,141,169,51,181,25,23
3041,25.0,2017-06-30,20,54,12,19,107,343,160,170,44,199,34,15
3042,25.0,2017-07-31,15,58,13,18,112,334,151,198,45,204,33,29
3043,25.0,2017-08-31,18,52,8,22,113,315,150,233,51,188,36,22
3044,25.0,2017-09-30,19,49,10,20,95,294,126,178,39,177,18,23
3045,25.0,2017-10-31,13,60,5,13,92,272,99,179,39,158,16,18
3046,25.0,2017-11-30,12,43,15,17,91,220,125,186,27,128,26,16
3047,25.0,2017-12-31,17,49,7,26,111,240,159,184,46,155,32,19
3048,25.0,2018-01-31,15,46,8,28,96,214,99,169,44,137,16,8
3049,25.0,2018-02-28,15,51,2,25,98,196,69,142,40,124,18,15
3050,25.0,2018-03-31,13,47,5,15,84,282,113,195,41,172,24,22
3051,25.0,2018-04-30,23,51,8,25,100,253,118,143,37,155,28,16
3052,25.0,2018-05-31,20,59,8,32,115,358,150,210,46,222,29,13
3053,25.0,2018-06-30,11,58,7,29,101,328,121,226,32,215,24,28
3054,25.0,2018-07-31,23,44,7,42,118,347,157,251,37,212,34,24
3055,25.0,2018-08-31,21,53,9,36,125,314,122,237,47,192,17,16
3056,25.0,2018-09-30,20,63,13,24,104,304,127,191,38,186,27,20
3057,25.0,2018-10-31,23,48,5,15,108,268,135,169,46,165,28,17
3058,25.0,2018-11-30,17,57,6,15,86,256,111,188,34,181,25,15
3059,25.0,2018-12-31,16,45,5,17,90,258,97,191,38,153,22,20
3060,25.0,2019-01-31,17,47,5,32,78,226,88,169,36,140,18,9
3061,25.0,2019-02-28,13,39,6,16,84,205,109,135,37,117,17,10
3062,25.0,2019-03-31,36,49,11,17,113,272,124,179,42,163,25,12
3063,25.0,2019-04-30,20,47,13,14,113,296,130,188,41,187,27,12
3064,25.0,2019-05-31,26,58,10,21,142,326,130,212,50,211,32,29
3065,25.0,2019-06-30,18,83,3,29,129,332,122,210,55,209,31,15
3066,25.0,2019-07-31,31,70,9,26,133,397,153,243,42,261,25,20
3067,25.0,2019-08-31,16,47,12,17,113,308,170,220,34,200,34,19
3068,25.0,2019-09-30,17,49,8,20,102,300,133,240,42,193,25,34
3069,25.0,2019-10-31,20,42,7,18,97,278,104,183,40,174,19,14
3070,25.0,2019-11-30,13,52,8,14,92,282,106,190,40,193,16,22
3071,25.0,2019-12-31,15,51,9,11,105,259,121,181,45,163,27,17
3072,25.0,2020-01-31,14,50,5,14,91,288,81,174,35,180,4,17
3073,25.0,2020-02-29,19,43,7,14,94,240,88,128,40,162,25,18
3074,25.0,2020-03-31,17,56,9,14,99,257,113,154,41,173,36,14
3075,25.0,2020-04-30,11,36,6,3,64,205,97,106,27,131,27,20
3076,25.0,2020-05-31,22,49,10,5,114,276,158,135,46,184,32,17
3077,25.0,2020-06-30,21,38,10,2,128,297,153,132,49,194,31,18
3078,25.0,2020-07-31,13,42,13,3,114,299,168,153,43,189,47,21
3079,25.0,2020-08-31,16,55,7,7,122,310,159,154,48,197,48,24
3080,25.0,2020-09-30,11,46,11,7,108,258,110,131,45,162,34,19
3081,25.0,2020-10-31,15,35,3,4,103,270,121,123,36,165,28,18
3082,25.0,2020-11-30,9,42,3,6,85,243,133,111,33,161,41,15
3083,25.0,2020-12-31,14,35,4,9,91,217,80,114,42,149,22,16
3084,25.0,2021-01-31,11,35,2,5,89,197,100,110,40,135,34,17
3085,25.0,2021-02-28,5,19,3,4,69,146,93,76,23,119,24,7
3086,25.0,2021-03-31,5,38,6,7,99,217,143,119,49,145,36,22
3087,25.0,2021-04-30,10,32,4,7,103,224,112,127,53,149,35,20
3088,25.0,2021-05-31,8,40,9,8,96,253,142,145,42,166,30,30
3089,25.0,2021-06-30,15,30,7,6,120,258,148,141,54,180,40,21
3090,25.0,2021-07-31,15,33,3,10,111,247,126,132,49,148,36,22
3091,25.0,2021-08-31,13,43,4,6,120,233,124,121,42,148,31,13
3092,25.0,2021-09-30,10,30,6,12,110,254,133,130,43,148,35,15
3093,25.0,2021-10-31,12,28,8,8,98,221,132,158,34,149,35,17
3094,25.0,2021-11-30,12,29,0,12,93,190,89,133,33,117,22,12
3095,25.0,2021-12-31,10,28,7,5,89,222,115,137,38,143,36,19
3096,25.0,2022-01-31,12,28,1,4,79,155,78,112,36,87,18,16
3097,25.0,2022-02-28,7,27,6,2,85,142,84,108,34,90,22,5
3098,25.0,2022-03-31,7,43,6,4,99,222,99,127,35,139,23,13
3099,25.0,2022-04-30,17,30,4,9,110,215,131,161,42,118,28,14
3100,25.0,2022-05-31,22,41,7,11,127,239,135,160,38,150,39,22
3101,25.0,2022-06-30,14,32,5,4,107,216,112,162,38,137,32,15
3102,25.0,2022-07-31,12,33,5,3,119,222,148,189,41,136,39,29
3103,25.0,2022-08-31,19,42,6,4,122,227,165,164,59,122,34,17
3104,25.0,2022-09-30,9,30,4,5,106,205,184,182,39,124,26,14
3105,25.0,2022-10-31,3,23,5,11,83,215,154,193,30,123,25,19
3106,25.0,2022-11-30,4,18,2,4,81,169,99,154,34,107,12,20
3107,25.0,2022-12-31,7,10,6,5,90,159,92,115,34,96,17,15
3108,25.0,2023-01-31,13,27,5,3,102,189,118,134,39,115,26,19
3109,25.0,2023-02-28,11,35,6,2,75,198,85,114,29,128,21,9
3110,25.0,2023-03-31,7,33,4,7,97,214,105,167,40,118,29,18
3111,25.0,2023-04-30,13,24,4,7,98,196,113,150,39,118,23,16
3112,25.0,2023-05-31,13,34,2,5,117,252,146,164,46,137,27,23
3113,25.0,2023-06-30,12,38,3,8,117,242,132,160,45,138,33,22
3114,25.0,2023-07-31,11,27,1,4,94,237,169,155,44,148,28,15
3115,25.0,2023-08-31,8,30,7,5,112,228,114,163,39,134,34,23
3116,25.0,2023-09-30,4,35,5,6,104,222,120,151,41,129,33,17
3117,25.0,2023-10-31,9,30,0,4,106,236,122,160,41,139,23,17
3118,25.0,2023-11-30,10,25,3,3,98,189,112,165,29,126,24,17
3119,25.0,2023-12-31,13,27,1,6,110,169,115,179,40,111,28,22
3120,25.0,2024-01-31,5,34,4,9,105,193,104,134,38,115,31,20
3121,25.0,2024-02-29,16,35,2,3,98,209,99,128,36,136,25,22
3122,25.0,2024-03-31,16,36,4,2,130,225,126,121,44,134,24,14
3123,25.0,2024-04-30,11,32,7,7,109,251,98,161,43,151,24,18
3124,25.0,2024-05-31,7,45,7,9,126,259,119,191,42,149,31,12
3125,25.0,2024-06-30,13,40,5,12,135,256,123,220,52,156,29,30
3126,25.0,2024-07-31,11,43,8,9,112,249,112,192,43,171,26,22
3127,25.0,2024-08-31,12,38,8,17,121,232,143,173,43,146,25,15
3128,25.0,2024-09-30,11,40,5,20,109,256,110,185,36,149,24,18
3129,25.0,2024-10-31,14,39,3,8,129,255,138,174,46,147,28,22
3130,25.0,2024-11-30,8,35,3,13,88,227,98,170,38,143,20,9
3131,25.0,2024-12-31,10,48,4,27,87,228,100,221,34,153,23,15
3132,25.0,2025-01-31,9,33,2,53,83,184,83,199,36,125,20,27
3133,25.0,2025-02-28,12,32,3,38,87,180,82,184,26,113,21,15
3134,25.0,2025-03-31,10,46,15,30,86,218,127,182,34,142,26,19
3135,25.0,2025-04-30,11,39,5,32,96,236,105,190,31,145,30,17
3136,25.0,2025-05-31,14,39,8,37,106,233,100,175,36,124,23,27
3137,25.0,2025-06-30,8,38,7,31,97,228,132,177,36,148,33,22
3138,25.0,2025-07-31,16,47,5,24,116,242,127,174,39,143,28,26
3139,25.0,2025-08-31,15,36,5,20,108,232,113,159,49,124,32,15
3140,25.0,2025-09-30,15,36,10,9,97,240,109,142,39,152,30,16
3141,25.0,2025-10-31,14,38,9,14,105,231,98,132,42,149,21,12
3142,25.0,2025-11-30,12,47,3,12,103,221,75,141,47,132,18,19
3143,25.0,2025-12-31,14,43,2,12,86,170,79,112,31,116,20,6
3144,25.0,2026-01-31,12,35,5,12,86,181,100,107,34,110,30,15
3145,25.0,2026-02-28,6,35,2,11,83,178,89,111,44,126,17,23
3146,25.0,2026-03-31,12,34,6,13,96,216,108,127,29,143,33,10
3147,25.0,2026-04-30,13,47,5,9,111,214,113,132,39,138,24,20
3148,25.0,2026-05-31,16,51,7,7,111,248,115,141,36,148,25,20
3149,25.0,2026-06-30,13,27,6,7,99,225,128,160,37,140,30,17
3150,26.0,2016-01-31,2,8,3,2,25,73,40,35,9,41,11,2
3151,26.0,2016-02-29,8,13,1,2,27,67,28,29,11,44,9,2
3152,26.0,2016-03-31,2,17,3,2,27,105,39,56,10,57,7,7
3153,26.0,2016-04-30,4,18,6,2,21,106,51,44,8,63,9,5
3154,26.0,2016-05-31,6,21,0,6,37,116,41,47,17,59,3,8
3155,26.0,2016-06-30,2,26,2,5,31,120,41,48,12,74,5,5
3156,26.0,2016-07-31,4,11,3,0,25,96,48,60,7,55,8,9
3157,26.0,2016-08-31,6,18,1,6,33,102,52,56,10,60,10,6
3158,26.0,2016-09-30,1,16,2,3,32,99,50,55,13,57,9,2
3159,26.0,2016-10-31,2,19,4,4,22,104,49,60,13,63,9,3
3160,26.0,2016-11-30,11,14,2,4,27,84,34,55,12,52,4,0
3161,26.0,2016-12-31,3,14,1,5,22,59,30,39,10,40,3,4
3162,26.0,2017-01-31,5,17,4,3,26,76,52,56,11,45,7,3
3163,26.0,2017-02-28,3,12,1,6,25,64,33,39,9,35,11,7
3164,26.0,2017-03-31,5,26,4,1,35,93,30,49,13,55,10,8
3165,26.0,2017-04-30,4,20,6,6,28,113,46,40,12,67,6,5
3166,26.0,2017-05-31,10,12,3,1,44,102,42,58,17,57,9,10
3167,26.0,2017-06-30,12,25,5,2,47,125,59,48,16,69,15,6
3168,26.0,2017-07-31,9,17,2,7,44,106,51,54,26,59,6,10
3169,26.0,2017-08-31,5,18,4,4,44,103,44,56,19,52,7,1
3170,26.0,2017-09-30,5,15,6,3,32,88,40,51,14,54,8,7
3171,26.0,2017-10-31,6,27,3,6,32,88,42,42,16,46,3,1
3172,26.0,2017-11-30,2,12,4,6,18,90,35,47,9,57,6,4
3173,26.0,2017-12-31,5,13,1,6,26,69,22,43,10,47,5,8
3174,26.0,2018-01-31,5,14,2,5,29,84,36,40,15,45,6,6
3175,26.0,2018-02-28,2,15,0,10,21,71,23,42,6,41,6,7
3176,26.0,2018-03-31,9,14,3,5,31,77,36,55,16,45,3,9
3177,26.0,2018-04-30,6,9,1,6,26,77,35,39,11,52,11,1
3178,26.0,2018-05-31,6,14,4,6,35,122,53,79,12,75,10,13
3179,26.0,2018-06-30,5,14,2,7,31,123,43,62,10,77,10,7
3180,26.0,2018-07-31,9,16,0,5,43,110,42,64,11,58,8,5
3181,26.0,2018-08-31,3,21,3,3,41,116,48,45,12,52,12,5
3182,26.0,2018-09-30,6,5,4,5,41,97,48,47,18,56,16,3
3183,26.0,2018-10-31,11,11,2,4,39,99,122,70,11,52,12,8
3184,26.0,2018-11-30,3,16,2,2,26,75,28,44,10,44,6,3
3185,26.0,2018-12-31,3,15,3,0,32,77,35,44,16,47,10,4
3186,26.0,2019-01-31,6,15,3,4,25,72,32,35,10,47,8,6
3187,26.0,2019-02-28,4,19,2,4,29,82,20,41,10,50,5,6
3188,26.0,2019-03-31,3,16,2,3,31,104,29,55,8,66,5,3
3189,26.0,2019-04-30,2,16,2,5,32,107,42,47,14,65,9,6
3190,26.0,2019-05-31,3,19,4,6,26,125,51,59,10,75,13,9
3191,26.0,2019-06-30,3,13,0,1,33,114,29,51,15,62,9,6
3192,26.0,2019-07-31,5,13,3,3,26,116,41,43,7,76,11,8
3193,26.0,2019-08-31,8,10,4,7,36,114,36,49,14,64,9,8
3194,26.0,2019-09-30,7,18,2,7,30,95,36,72,14,49,9,11
3195,26.0,2019-10-31,5,11,4,0,26,89,42,40,13,56,10,6
3196,26.0,2019-11-30,2,18,1,2,21,89,30,54,11,58,10,10
3197,26.0,2019-12-31,5,17,2,1,29,88,35,43,18,54,12,5
3198,26.0,2020-01-31,7,13,4,2,35,82,24,34,10,48,3,5
3199,26.0,2020-02-29,2,16,6,6,28,74,40,45,12,46,11,5
3200,26.0,2020-03-31,2,11,0,1,23,95,43,42,7,57,22,8
3201,26.0,2020-04-30,2,6,2,2,25,52,39,33,11,32,8,5
3202,26.0,2020-05-31,5,14,6,1,25,92,56,46,9,44,10,5
3203,26.0,2020-06-30,9,13,2,0,42,100,42,42,18,60,5,9
3204,26.0,2020-07-31,4,19,3,0,39,113,39,35,14,59,7,9
3205,26.0,2020-08-31,6,16,2,0,36,109,65,45,14,59,11,8
3206,26.0,2020-09-30,2,20,0,2,26,92,34,40,13,43,10,9
3207,26.0,2020-10-31,2,12,2,4,24,85,46,44,12,42,12,3
3208,26.0,2020-11-30,6,8,2,2,33,77,36,39,14,39,11,3
3209,26.0,2020-12-31,5,11,1,1,27,73,30,30,6,43,12,5
3210,26.0,2021-01-31,4,10,2,2,35,65,34,29,17,34,11,6
3211,26.0,2021-02-28,1,10,1,0,24,57,24,23,9,37,8,3
3212,26.0,2021-03-31,4,11,1,0,27,78,43,27,12,50,21,4
3213,26.0,2021-04-30,3,9,0,2,30,81,41,29,16,52,10,4
3214,26.0,2021-05-31,2,13,2,2,25,91,43,50,8,55,7,15
3215,26.0,2021-06-30,2,14,1,3,38,81,53,32,19,50,15,5
3216,26.0,2021-07-31,5,8,1,3,37,89,67,44,19,55,18,14
3217,26.0,2021-08-31,2,8,1,0,44,83,38,32,18,39,10,10
3218,26.0,2021-09-30,1,4,3,1,28,83,63,29,9,42,25,2
3219,26.0,2021-10-31,2,11,0,0,35,90,31,29,11,50,12,6
3220,26.0,2021-11-30,2,2,1,0,12,53,41,25,5,21,8,5
3221,26.0,2021-12-31,2,4,0,0,30,41,17,42,12,20,3,7
3222,26.0,2022-01-31,2,3,1,0,18,49,21,24,8,23,6,5
3223,26.0,2022-02-28,3,14,3,1,21,51,23,23,9,35,6,2
3224,26.0,2022-03-31,2,6,1,0,22,53,31,21,7,31,8,5
3225,26.0,2022-04-30,1,10,2,1,30,61,38,41,16,37,13,6
3226,26.0,2022-05-31,3,7,1,0,28,77,27,26,8,42,2,9
3227,26.0,2022-06-30,4,14,0,1,29,72,39,48,10,50,10,7
3228,26.0,2022-07-31,4,7,1,0,31,84,51,41,14,37,11,3
3229,26.0,2022-08-31,2,7,2,0,38,64,44,43,15,37,8,4
3230,26.0,2022-09-30,2,11,0,0,28,78,27,32,10,40,8,4
3231,26.0,2022-10-31,2,13,1,3,38,72,53,46,14,43,9,3
3232,26.0,2022-11-30,1,7,1,0,22,66,28,42,9,47,6,7
3233,26.0,2022-12-31,2,5,3,1,24,58,35,37,8,39,5,5
3234,26.0,2023-01-31,1,5,0,1,27,46,30,40,10,30,5,8
3235,26.0,2023-02-28,1,3,0,0,27,48,11,35,8,29,2,8
3236,26.0,2023-03-31,2,13,3,0,29,60,40,34,7,36,13,4
3237,26.0,2023-04-30,2,9,1,1,33,87,38,38,11,55,9,4
3238,26.0,2023-05-31,3,12,1,1,32,69,34,32,13,39,10,3
3239,26.0,2023-06-30,3,6,1,0,35,94,32,45,7,48,5,5
3240,26.0,2023-07-31,1,15,3,0,34,86,39,32,15,50,10,6
3241,26.0,2023-08-31,3,12,3,0,32,76,44,32,11,47,10,5
3242,26.0,2023-09-30,5,6,1,0,39,81,29,29,9,46,5,6
3243,26.0,2023-10-31,3,15,0,2,29,73,36,29,10,46,8,5
3244,26.0,2023-11-30,3,11,2,0,27,58,35,42,11,40,5,4
3245,26.0,2023-12-31,2,10,1,0,28,73,28,39,12,45,10,5
3246,26.0,2024-01-31,5,11,2,1,23,66,28,33,10,39,6,1
3247,26.0,2024-02-29,5,9,0,1,33,67,21,31,12,37,3,7
3248,26.0,2024-03-31,3,9,0,0,41,61,39,22,21,36,8,6
3249,26.0,2024-04-30,2,8,2,0,31,67,38,30,17,37,6,4
3250,26.0,2024-05-31,2,9,1,0,31,73,42,26,14,45,7,6
3251,26.0,2024-06-30,2,14,2,1,40,93,42,29,15,42,10,8
3252,26.0,2024-07-31,5,12,1,2,39,81,37,28,18,40,8,2
3253,26.0,2024-08-31,3,12,3,1,42,67,50,34,15,38,12,6
3254,26.0,2024-09-30,2,16,4,2,31,69,34,33,11,36,7,5
3255,26.0,2024-10-31,3,5,0,0,33,60,32,25,16,31,7,3
3256,26.0,2024-11-30,1,8,1,0,23,42,29,21,10,27,5,3
3257,26.0,2024-12-31,4,10,2,1,27,67,27,30,11,37,9,3
3258,26.0,2025-01-31,4,8,0,0,22,56,29,23,9,32,4,5
3259,26.0,2025-02-28,0,7,1,2,25,43,14,23,10,29,1,7
3260,26.0,2025-03-31,3,14,2,1,24,64,29,28,11,40,3,5
3261,26.0,2025-04-30,2,11,3,0,36,66,27,15,18,41,11,3
3262,26.0,2025-05-31,4,11,1,1,36,65,27,23,16,43,7,3
3263,26.0,2025-06-30,4,12,2,1,34,78,29,27,17,47,9,4
3264,26.0,2025-07-31,3,18,2,1,35,85,48,41,14,50,17,5
3265,26.0,2025-08-31,1,8,3,2,29,70,32,38,11,34,12,7
3266,26.0,2025-09-30,5,10,1,1,25,77,37,29,9,38,10,6
3267,26.0,2025-10-31,0,14,0,1,23,74,30,43,10,46,7,6
3268,26.0,2025-11-30,2,9,1,0,25,47,23,28,10,33,8,3
3269,26.0,2025-12-31,4,14,1,1,22,50,20,37,11,31,4,4
3270,26.0,2026-01-31,3,11,2,0,14,47,29,22,7,30,9,4
3271,26.0,2026-02-28,0,6,1,2,15,45,21,27,3,31,6,6
3272,26.0,2026-03-31,2,4,0,1,16,53,24,31,8,34,7,3
3273,26.0,2026-04-30,1,10,4,0,31,54,35,25,11,28,6,4
3274,26.0,2026-05-31,4,9,0,0,32,68,27,42,13,30,6,4
3275,26.0,2026-06-30,3,12,2,0,28,69,32,27,10,46,8,5
3276,27.0,2016-01-31,5,13,4,0,23,71,38,46,5,35,5,8
3277,27.0,2016-02-29,4,10,0,0,28,80,25,42,11,48,4,7
3278,27.0,2016-03-31,4,11,2,3,33,109,37,48,11,55,6,8
3279,27.0,2016-04-30,5,22,1,1,40,88,24,45,16,48,6,7
3280,27.0,2016-05-31,8,21,2,1,36,115,61,39,12,58,15,4
3281,27.0,2016-06-30,3,22,4,1,35,147,48,63,12,74,11,11
3282,27.0,2016-07-31,4,15,2,3,39,103,54,60,10,62,15,6
3283,27.0,2016-08-31,4,17,2,2,51,121,51,84,17,70,10,9
3284,27.0,2016-09-30,8,17,2,1,38,119,51,57,17,62,9,3
3285,27.0,2016-10-31,7,12,2,2,41,96,32,57,15,49,8,8
3286,27.0,2016-11-30,4,13,3,2,26,76,43,45,9,37,2,9
3287,27.0,2016-12-31,4,17,2,1,42,73,30,45,17,38,7,4
3288,27.0,2017-01-31,3,16,5,2,21,75,42,52,7,44,10,4
3289,27.0,2017-02-28,6,22,0,0,27,81,18,40,8,44,3,4
3290,27.0,2017-03-31,4,12,3,0,29,87,29,43,10,52,6,9
3291,27.0,2017-04-30,6,21,1,5,29,98,31,36,12,59,7,1
3292,27.0,2017-05-31,7,15,2,0,34,108,43,57,18,57,9,9
3293,27.0,2017-06-30,3,18,2,4,35,130,32,58,20,76,5,9
3294,27.0,2017-07-31,9,9,4,2,33,108,37,56,14,70,12,6
3295,27.0,2017-08-31,7,18,3,1,31,95,34,56,13,53,8,6
3296,27.0,2017-09-30,10,18,4,1,33,116,44,51,10,55,7,3
3297,27.0,2017-10-31,10,14,6,1,41,92,40,40,12,41,7,4
3298,27.0,2017-11-30,7,19,1,0,35,78,32,48,14,40,7,3
3299,27.0,2017-12-31,3,12,1,0,30,76,48,41,8,38,10,6
3300,27.0,2018-01-31,5,14,4,1,32,87,42,44,6,51,6,9
3301,27.0,2018-02-28,2,12,3,0,32,73,23,33,17,36,5,1
3302,27.0,2018-03-31,5,18,0,3,31,100,48,43,13,68,10,3
3303,27.0,2018-04-30,8,8,2,3,42,80,49,50,15,50,13,8
3304,27.0,2018-05-31,10,22,5,1,38,130,49,60,13,72,10,8
3305,27.0,2018-06-30,3,15,3,1,36,96,37,75,11,66,12,11
3306,27.0,2018-07-31,0,10,3,3,37,120,38,57,12,74,8,4
3307,27.0,2018-08-31,6,19,2,4,38,118,52,65,8,75,8,8
3308,27.0,2018-09-30,7,15,4,3,48,103,35,74,18,68,11,9
3309,27.0,2018-10-31,4,20,6,1,35,112,52,79,9,57,10,4
3310,27.0,2018-11-30,3,10,5,1,30,83,24,66,14,38,6,6
3311,27.0,2018-12-31,5,14,3,2,38,67,29,58,9,44,3,10
3312,27.0,2019-01-31,4,17,4,1,21,71,32,50,10,39,7,5
3313,27.0,2019-02-28,8,11,0,1,36,71,24,32,18,42,6,2
3314,27.0,2019-03-31,5,18,1,1,27,86,23,42,8,43,5,8
3315,27.0,2019-04-30,5,10,3,4,47,77,41,52,17,54,6,5
3316,27.0,2019-05-31,9,17,3,2,48,105,37,57,20,54,10,8
3317,27.0,2019-06-30,9,21,2,2,40,118,49,71,14,70,10,9
3318,27.0,2019-07-31,4,18,2,4,33,110,48,84,12,67,11,14
3319,27.0,2019-08-31,6,20,2,3,41,105,48,80,20,60,8,6
3320,27.0,2019-09-30,7,8,3,3,34,67,23,56,10,37,6,4
3321,27.0,2019-10-31,7,12,2,1,26,66,20,58,8,39,4,4
3322,27.0,2019-11-30,2,15,1,1,30,86,21,54,14,52,8,6
3323,27.0,2019-12-31,4,11,2,1,30,87,27,58,12,58,3,9
3324,27.0,2020-01-31,5,15,0,2,28,71,22,37,7,30,8,5
3325,27.0,2020-02-29,3,11,3,1,28,61,25,47,14,31,9,7
3326,27.0,2020-03-31,2,5,1,2,28,68,34,49,13,45,13,7
3327,27.0,2020-04-30,0,4,0,0,20,61,29,32,11,36,9,9
3328,27.0,2020-05-31,0,15,1,2,31,84,46,45,10,54,16,7
3329,27.0,2020-06-30,2,10,4,0,28,89,41,39,18,53,13,6
3330,27.0,2020-07-31,3,7,4,0,32,84,52,37,17,50,15,4
3331,27.0,2020-08-31,3,9,0,0,32,73,44,32,10,46,13,6
3332,27.0,2020-09-30,3,16,2,4,24,75,37,42,9,45,11,3
3333,27.0,2020-10-31,1,13,0,0,29,87,27,36,14,45,5,6
3334,27.0,2020-11-30,4,7,1,1,17,59,38,36,9,40,9,2
3335,27.0,2020-12-31,0,5,0,0,16,56,24,42,8,37,3,6
3336,27.0,2021-01-31,1,11,1,0,23,67,36,34,10,48,11,3
3337,27.0,2021-02-28,2,8,2,0,27,57,22,24,16,38,6,1
3338,27.0,2021-03-31,4,7,3,0,32,55,27,33,13,36,9,7
3339,27.0,2021-04-30,3,4,1,0,26,64,40,29,12,41,12,8
3340,27.0,2021-05-31,3,6,2,0,26,72,43,39,13,44,14,6
3341,27.0,2021-06-30,6,11,2,2,42,77,38,38,21,40,10,8
3342,27.0,2021-07-31,3,9,5,1,35,77,53,49,17,44,16,6
3343,27.0,2021-08-31,3,12,0,0,44,79,53,39,23,46,13,4
3344,27.0,2021-09-30,4,7,5,1,53,83,56,45,19,33,18,7
3345,27.0,2021-10-31,4,7,4,1,46,89,43,37,27,42,15,4
3346,27.0,2021-11-30,0,13,2,3,22,66,31,48,7,36,9,8
3347,27.0,2021-12-31,4,7,2,1,27,55,26,42,9,40,11,6
3348,27.0,2022-01-31,2,4,0,1,21,38,33,45,7,25,8,8
3349,27.0,2022-02-28,2,10,3,0,25,61,26,38,7,36,6,3
3350,27.0,2022-03-31,3,9,0,2,41,59,39,36,18,33,12,5
3351,27.0,2022-04-30,1,9,4,1,30,83,36,43,14,48,10,6
3352,27.0,2022-05-31,1,8,6,1,26,79,50,49,11,45,18,3
3353,27.0,2022-06-30,7,12,2,0,45,74,39,37,17,43,8,6
3354,27.0,2022-07-31,1,10,0,0,23,76,34,52,7,40,6,6
3355,27.0,2022-08-31,0,12,3,1,25,77,50,57,8,46,7,9
3356,27.0,2022-09-30,3,8,2,1,26,74,49,47,10,28,6,2
3357,27.0,2022-10-31,4,13,2,0,50,61,52,48,17,37,10,6
3358,27.0,2022-11-30,2,7,2,1,31,56,41,49,12,33,4,7
3359,27.0,2022-12-31,5,7,2,0,37,65,52,51,16,38,8,8
3360,27.0,2023-01-31,2,7,1,1,30,61,38,41,12,37,10,6
3361,27.0,2023-02-28,1,6,2,0,25,60,38,33,8,35,8,5
3362,27.0,2023-03-31,2,11,2,1,35,60,43,47,11,29,6,2
3363,27.0,2023-04-30,2,9,1,0,26,76,27,48,9,48,4,4
3364,27.0,2023-05-31,4,11,2,2,55,74,51,47,18,33,14,4
3365,27.0,2023-06-30,6,9,2,1,48,84,33,57,16,43,5,6
3366,27.0,2023-07-31,9,5,1,1,45,73,45,60,13,45,6,2
3367,27.0,2023-08-31,5,5,1,1,49,72,49,37,19,31,10,3
3368,27.0,2023-09-30,2,17,3,3,46,96,36,63,16,47,7,6
3369,27.0,2023-10-31,6,11,2,1,52,73,42,48,18,46,13,2
3370,27.0,2023-11-30,3,14,2,1,26,85,41,39,6,43,9,3
3371,27.0,2023-12-31,4,10,0,0,28,67,39,69,13,42,11,7
3372,27.0,2024-01-31,3,13,0,1,46,55,29,48,20,32,8,5
3373,27.0,2024-02-29,5,14,2,0,34,80,23,27,8,36,4,5
3374,27.0,2024-03-31,3,13,1,1,33,86,31,53,10,51,7,11
3375,27.0,2024-04-30,4,13,1,3,29,73,40,44,10,38,10,7
3376,27.0,2024-05-31,4,6,0,1,44,84,29,49,17,47,8,5
3377,27.0,2024-06-30,2,14,0,0,39,83,30,44,17,50,6,4
3378,27.0,2024-07-31,7,14,3,1,46,70,43,54,15,33,13,10
3379,27.0,2024-08-31,3,12,2,1,32,105,46,60,9,51,10,6
3380,27.0,2024-09-30,4,8,3,1,36,86,46,45,10,43,9,3
3381,27.0,2024-10-31,1,7,1,1,38,66,35,42,10,37,11,4
3382,27.0,2024-11-30,1,6,1,1,26,67,34,40,13,39,9,4
3383,27.0,2024-12-31,3,9,1,0,26,65,30,45,12,39,4,3
3384,27.0,2025-01-31,2,4,2,1,24,53,38,37,9,36,8,3
3385,27.0,2025-02-28,5,10,1,1,28,49,22,27,9,30,7,7
3386,27.0,2025-03-31,1,15,0,0,21,53,28,36,10,35,7,3
3387,27.0,2025-04-30,6,7,1,0,41,62,28,38,13,37,9,4
3388,27.0,2025-05-31,4,8,2,1,44,64,37,38,8,33,13,6
3389,27.0,2025-06-30,5,9,2,1,55,73,47,41,14,35,13,6
3390,27.0,2025-07-31,6,11,0,1,42,99,45,46,12,54,16,7
3391,27.0,2025-08-31,3,9,2,0,35,72,40,30,13,39,9,4
3392,27.0,2025-09-30,4,14,4,2,37,63,33,45,14,36,11,5
3393,27.0,2025-10-31,5,11,0,0,34,76,20,41,9,41,7,4
3394,27.0,2025-11-30,1,13,2,0,27,63,34,39,10,35,7,10
3395,27.0,2025-12-31,6,7,3,0,32,52,20,43,17,28,5,11
3396,27.0,2026-01-31,3,10,2,1,21,35,23,38,10,25,8,2
3397,27.0,2026-02-28,5,8,3,0,28,50,41,28,11,30,11,3
3398,27.0,2026-03-31,6,11,4,0,24,56,44,33,8,26,13,4
3399,27.0,2026-04-30,2,13,3,2,26,78,40,54,7,40,10,8
3400,27.0,2026-05-31,6,11,2,1,46,72,39,47,7,34,2,5
3401,27.0,2026-06-30,6,8,1,1,36,68,32,41,10,47,6,8
3402,28.0,2016-01-31,10,15,0,31,37,89,62,232,11,38,2,3
3403,28.0,2016-02-29,10,22,7,33,44,90,74,225,12,42,7,5
3404,28.0,2016-03-31,6,27,3,29,42,106,68,241,8,48,11,6
3405,28.0,2016-04-30,7,16,4,39,39,83,75,264,5,34,5,9
3406,28.0,2016-05-31,7,21,2,39,48,115,82,297,12,51,9,8
3407,28.0,2016-06-30,14,28,4,29,51,129,75,312,10,53,6,5
3408,28.0,2016-07-31,5,17,2,39,48,113,76,375,13,48,8,4
3409,28.0,2016-08-31,5,20,1,50,45,109,101,369,10,52,2,4
3410,28.0,2016-09-30,8,20,5,37,47,114,115,377,10,43,6,2
3411,28.0,2016-10-31,4,15,0,27,50,100,95,348,10,39,2,5
3412,28.0,2016-11-30,2,18,6,23,34,92,128,354,6,37,5,4
3413,28.0,2016-12-31,5,13,0,20,32,90,58,261,7,31,4,6
3414,28.0,2017-01-31,3,11,2,28,24,76,93,301,11,34,3,5
3415,28.0,2017-02-28,5,18,2,29,42,85,50,242,6,46,1,4
3416,28.0,2017-03-31,3,26,3,32,39,107,64,258,6,38,3,4
3417,28.0,2017-04-30,14,23,3,32,55,95,56,275,12,43,8,4
3418,28.0,2017-05-31,7,29,5,22,62,119,61,276,14,56,6,4
3419,28.0,2017-06-30,7,12,3,27,55,96,80,339,13,34,4,4
3420,28.0,2017-07-31,11,18,2,41,52,105,96,298,9,45,14,3
3421,28.0,2017-08-31,9,19,3,30,49,113,81,287,4,54,0,3
3422,28.0,2017-09-30,6,12,3,33,70,91,75,269,14,39,3,4
3423,28.0,2017-10-31,5,21,2,31,54,97,76,274,12,30,4,5
3424,28.0,2017-11-30,7,14,1,25,45,97,78,260,7,33,7,9
3425,28.0,2017-12-31,3,21,5,23,41,99,71,266,7,38,4,4
3426,28.0,2018-01-31,2,8,1,29,43,76,52,233,8,30,7,4
3427,28.0,2018-02-28,2,16,1,28,34,71,43,214,6,32,4,5
3428,28.0,2018-03-31,4,22,7,37,48,95,72,252,13,50,3,5
3429,28.0,2018-04-30,8,24,3,35,51,95,83,295,10,43,11,6
3430,28.0,2018-05-31,8,28,5,27,61,141,87,263,15,60,6,3
3431,28.0,2018-06-30,10,16,2,28,69,108,67,382,11,45,6,2
3432,28.0,2018-07-31,14,33,2,33,69,138,64,356,13,69,8,11
3433,28.0,2018-08-31,9,25,3,43,57,127,63,376,13,55,3,6
3434,28.0,2018-09-30,4,17,4,29,46,91,76,362,9,28,6,6
3435,28.0,2018-10-31,9,25,2,28,56,129,88,324,7,47,11,5
3436,28.0,2018-11-30,7,20,1,31,55,99,54,282,17,39,1,4
3437,28.0,2018-12-31,12,21,2,32,69,113,60,267,22,43,6,6
3438,28.0,2019-01-31,6,19,3,42,37,104,60,280,8,48,8,6
3439,28.0,2019-02-28,4,24,3,28,34,96,58,262,5,39,2,4
3440,28.0,2019-03-31,11,23,3,30,55,115,60,239,8,43,10,6
3441,28.0,2019-04-30,8,14,2,37,54,91,55,243,14,37,6,5
3442,28.0,2019-05-31,10,30,6,35,62,139,55,289,17,47,3,8
3443,28.0,2019-06-30,14,23,5,36,65,131,77,276,13,46,8,7
3444,28.0,2019-07-31,13,15,3,37,60,122,76,311,12,46,7,8
3445,28.0,2019-08-31,16,16,4,33,71,108,73,341,10,46,10,3
3446,28.0,2019-09-30,11,28,1,34,72,112,57,299,7,36,3,5
3447,28.0,2019-10-31,11,22,2,39,69,101,76,335,9,42,7,4
3448,28.0,2019-11-30,14,34,2,48,50,110,61,301,9,45,7,4
3449,28.0,2019-12-31,12,20,4,47,52,104,64,298,14,46,5,4
3450,28.0,2020-01-31,7,21,4,41,41,95,37,225,11,40,1,1
3451,28.0,2020-02-29,7,16,1,30,53,104,49,226,10,35,4,3
3452,28.0,2020-03-31,7,17,1,25,37,95,50,155,3,43,3,2
3453,28.0,2020-04-30,1,6,0,5,26,50,37,76,5,25,4,3
3454,28.0,2020-05-31,5,13,4,3,35,87,58,113,12,43,6,7
3455,28.0,2020-06-30,4,9,3,4,33,84,59,122,7,39,7,2
3456,28.0,2020-07-31,6,14,2,5,53,109,58,171,10,45,7,8
3457,28.0,2020-08-31,3,21,4,10,52,100,56,187,10,39,4,4
3458,28.0,2020-09-30,6,14,3,8,50,98,68,179,14,37,12,7
3459,28.0,2020-10-31,2,14,2,11,38,89,64,166,7,45,8,4
3460,28.0,2020-11-30,1,9,4,12,33,66,58,136,5,28,5,5
3461,28.0,2020-12-31,3,13,1,8,34,63,55,125,7,34,3,4
3462,28.0,2021-01-31,4,13,1,11,43,60,51,130,9,38,5,5
3463,28.0,2021-02-28,4,8,5,8,29,49,47,121,7,20,5,2
3464,28.0,2021-03-31,6,7,2,5,43,80,47,145,9,47,5,4
3465,28.0,2021-04-30,4,11,3,10,44,85,55,118,11,43,7,1
3466,28.0,2021-05-31,5,18,5,6,46,114,85,148,11,41,8,6
3467,28.0,2021-06-30,3,15,1,9,46,91,67,166,14,39,3,10
3468,28.0,2021-07-31,5,14,0,7,46,100,66,174,11,44,9,5
3469,28.0,2021-08-31,3,11,2,4,53,108,65,184,10,41,8,11
3470,28.0,2021-09-30,2,17,3,9,67,112,68,211,15,42,8,2
3471,28.0,2021-10-31,2,10,1,8,68,119,71,285,25,50,5,2
3472,28.0,2021-11-30,1,13,1,8,41,91,56,237,9,35,7,5
3473,28.0,2021-12-31,5,16,1,13,47,81,61,239,10,35,7,2
3474,28.0,2022-01-31,2,8,1,12,40,80,43,225,8,46,6,4
3475,28.0,2022-02-28,1,6,1,10,35,75,48,234,4,32,4,6
3476,28.0,2022-03-31,1,16,3,14,48,96,58,301,11,37,5,10
3477,28.0,2022-04-30,3,11,2,11,44,86,54,215,6,37,3,7
3478,28.0,2022-05-31,7,15,4,9,52,111,72,239,8,35,8,6
3479,28.0,2022-06-30,5,11,0,12,74,146,99,272,14,53,12,6
3480,28.0,2022-07-31,4,12,3,10,79,116,97,319,15,51,8,7
3481,28.0,2022-08-31,5,17,4,11,65,111,123,295,12,37,9,11
3482,28.0,2022-09-30,7,7,1,12,56,114,63,299,8,42,6,7
3483,28.0,2022-10-31,2,11,0,8,66,101,110,314,14,45,3,10
3484,28.0,2022-11-30,5,15,2,9,66,95,100,372,9,30,7,5
3485,28.0,2022-12-31,5,20,4,4,49,103,90,291,11,45,8,7
3486,28.0,2023-01-31,6,7,1,12,59,107,99,262,20,47,12,6
3487,28.0,2023-02-28,4,13,2,12,46,96,81,227,6,42,4,1
3488,28.0,2023-03-31,3,22,1,14,65,117,76,281,10,48,7,3
3489,28.0,2023-04-30,9,24,3,4,61,122,73,230,14,55,7,7
3490,28.0,2023-05-31,8,17,2,11,81,127,101,247,12,43,13,6
3491,28.0,2023-06-30,3,19,4,13,68,139,102,253,14,54,5,5
3492,28.0,2023-07-31,6,20,3,11,72,138,121,238,16,47,7,3
3493,28.0,2023-08-31,10,20,5,10,60,116,101,279,9,48,6,6
3494,28.0,2023-09-30,7,12,4,10,72,110,94,318,17,35,7,5
3495,28.0,2023-10-31,7,23,3,12,70,129,74,267,13,41,7,2
3496,28.0,2023-11-30,3,21,1,11,58,112,80,287,8,41,7,8
3497,28.0,2023-12-31,3,13,2,25,65,121,71,286,15,50,3,8
3498,28.0,2024-01-31,9,16,3,17,75,72,83,275,18,26,7,7
3499,28.0,2024-02-29,5,20,4,19,66,133,75,259,9,56,11,7
3500,28.0,2024-03-31,5,17,4,21,79,111,96,240,14,47,3,8
3501,28.0,2024-04-30,11,22,4,12,67,134,77,278,14,49,5,5
3502,28.0,2024-05-31,9,11,1,19,88,145,92,279,22,57,5,5
3503,28.0,2024-06-30,11,20,4,14,71,150,116,293,13,50,10,6
3504,28.0,2024-07-31,7,20,2,19,81,143,102,337,8,58,7,6
3505,28.0,2024-08-31,13,27,4,16,89,139,106,317,22,49,14,4
3506,28.0,2024-09-30,6,19,4,18,72,135,126,328,14,42,12,4
3507,28.0,2024-10-31,7,22,3,14,75,139,137,301,11,50,8,4
3508,28.0,2024-11-30,5,17,2,17,71,136,107,252,17,44,10,5
3509,28.0,2024-12-31,5,23,2,23,75,113,115,253,18,46,2,6
3510,28.0,2025-01-31,7,21,0,21,56,100,66,206,8,39,3,4
3511,28.0,2025-02-28,8,15,1,22,60,77,51,191,17,35,3,7
3512,28.0,2025-03-31,11,20,1,20,75,137,78,214,14,45,8,10
3513,28.0,2025-04-30,4,21,0,21,65,117,95,300,7,44,5,7
3514,28.0,2025-05-31,10,18,3,24,90,137,112,272,14,62,5,3
3515,28.0,2025-06-30,11,18,3,21,67,123,106,273,11,40,8,8
3516,28.0,2025-07-31,7,18,5,19,98,133,146,308,15,56,6,8
3517,28.0,2025-08-31,3,19,3,21,77,152,106,296,12,47,4,9
3518,28.0,2025-09-30,6,20,5,20,87,136,112,257,16,40,5,5
3519,28.0,2025-10-31,7,19,2,26,106,139,98,280,12,43,4,6
3520,28.0,2025-11-30,6,21,2,28,64,128,88,239,10,42,2,13
3521,28.0,2025-12-31,5,17,0,22,47,107,71,214,8,36,7,6
3522,28.0,2026-01-31,10,16,0,18,73,106,62,212,7,49,3,5
3523,28.0,2026-02-28,6,20,2,23,56,110,93,195,7,42,4,4
3524,28.0,2026-03-31,8,17,4,23,67,122,134,207,10,39,5,5
3525,28.0,2026-04-30,9,21,3,18,62,111,91,236,10,34,4,9
3526,28.0,2026-05-31,11,24,1,18,77,142,111,271,9,55,5,11
3527,28.0,2026-06-30,9,21,5,33,74,109,95,249,16,47,5,6
3528,29.0,2016-01-31,9,30,6,1,40,160,76,58,17,92,19,7
3529,29.0,2016-02-29,5,28,3,2,40,138,57,46,17,90,15,7
3530,29.0,2016-03-31,15,41,4,12,70,190,82,94,31,113,21,9
3531,29.0,2016-04-30,5,37,14,6,39,189,92,66,9,107,26,7
3532,29.0,2016-05-31,11,45,13,5,58,205,94,63,21,115,30,6
3533,29.0,2016-06-30,7,36,5,3,52,194,86,91,22,114,23,11
3534,29.0,2016-07-31,17,31,8,4,71,210,99,91,18,125,22,15
3535,29.0,2016-08-31,10,26,3,5,67,221,99,106,20,120,17,19
3536,29.0,2016-09-30,8,36,7,5,73,182,77,94,20,106,16,15
3537,29.0,2016-10-31,10,25,4,9,57,186,109,95,16,112,21,9
3538,29.0,2016-11-30,9,24,5,2,63,155,83,80,23,87,19,8
3539,29.0,2016-12-31,6,18,1,1,39,133,58,70,13,82,15,7
3540,29.0,2017-01-31,7,30,8,7,46,167,69,93,16,107,17,11
3541,29.0,2017-02-28,4,30,2,5,43,154,61,65,14,88,13,7
3542,29.0,2017-03-31,9,28,7,1,44,162,67,57,19,111,22,9
3543,29.0,2017-04-30,13,37,8,6,65,188,80,70,21,122,29,12
3544,29.0,2017-05-31,10,29,7,7,74,178,82,89,28,99,23,19
3545,29.0,2017-06-30,13,29,5,7,63,180,51,71,26,102,15,7
3546,29.0,2017-07-31,13,26,2,3,71,179,66,72,36,107,10,23
3547,29.0,2017-08-31,9,29,6,2,51,188,88,97,21,111,18,11
3548,29.0,2017-09-30,18,33,4,6,71,182,69,86,24,96,20,9
3549,29.0,2017-10-31,17,28,6,5,51,151,67,99,17,89,13,5
3550,29.0,2017-11-30,2,28,11,8,36,152,75,98,17,86,21,10
3551,29.0,2017-12-31,5,20,7,4,33,135,66,70,16,78,17,8
3552,29.0,2018-01-31,8,30,8,7,42,124,51,63,19,80,11,8
3553,29.0,2018-02-28,5,27,7,4,44,117,49,47,20,72,13,5
3554,29.0,2018-03-31,16,29,7,9,64,136,78,88,15,82,13,14
3555,29.0,2018-04-30,11,23,5,2,62,147,74,66,28,82,16,10
3556,29.0,2018-05-31,13,40,4,3,75,180,83,93,25,101,21,15
3557,29.0,2018-06-30,10,22,10,6,72,179,88,100,33,109,23,13
3558,29.0,2018-07-31,7,28,9,12,72,198,82,102,25,115,20,15
3559,29.0,2018-08-31,13,36,7,8,63,205,82,101,17,120,14,12
3560,29.0,2018-09-30,9,29,8,3,61,183,78,95,23,112,19,14
3561,29.0,2018-10-31,13,29,5,10,56,186,96,87,19,113,26,14
3562,29.0,2018-11-30,3,24,5,5,42,130,53,84,21,85,14,6
3563,29.0,2018-12-31,9,29,5,7,33,144,55,75,13,105,7,10
3564,29.0,2019-01-31,16,34,3,7,58,133,56,66,25,82,18,4
3565,29.0,2019-02-28,8,30,7,4,34,122,43,50,16,81,11,10
3566,29.0,2019-03-31,10,32,3,5,61,158,51,73,33,97,16,7
3567,29.0,2019-04-30,18,26,6,6,77,146,72,63,31,95,16,13
3568,29.0,2019-05-31,9,34,3,7,73,176,75,81,20,94,17,10
3569,29.0,2019-06-30,12,29,2,6,69,161,74,87,32,88,17,14
3570,29.0,2019-07-31,9,25,7,6,53,189,76,101,22,118,15,14
3571,29.0,2019-08-31,11,22,2,4,61,180,76,91,26,108,18,10
3572,29.0,2019-09-30,6,31,7,8,44,150,81,103,19,88,19,9
3573,29.0,2019-10-31,5,27,5,5,57,147,69,78,20,90,14,13
3574,29.0,2019-11-30,7,27,2,2,46,128,41,80,14,75,10,10
3575,29.0,2019-12-31,6,32,7,9,54,140,72,81,19,88,17,6
3576,29.0,2020-01-31,9,40,4,7,45,156,53,66,17,107,21,4
3577,29.0,2020-02-29,13,26,7,3,38,122,40,76,14,82,13,15
3578,29.0,2020-03-31,8,28,6,5,56,140,58,57,16,85,20,9
3579,29.0,2020-04-30,6,20,7,4,44,124,56,44,20,65,19,10
3580,29.0,2020-05-31,12,32,6,5,60,160,86,65,24,105,32,6
3581,29.0,2020-06-30,8,13,2,2,59,162,67,62,28,95,20,12
3582,29.0,2020-07-31,10,21,6,5,79,200,76,70,32,110,25,12
3583,29.0,2020-08-31,15,23,3,4,60,185,81,72,22,110,27,20
3584,29.0,2020-09-30,3,20,1,4,67,161,67,76,24,92,19,17
3585,29.0,2020-10-31,6,19,2,3,47,137,58,67,13,88,19,11
3586,29.0,2020-11-30,6,14,2,1,47,112,53,48,25,72,16,5
3587,29.0,2020-12-31,8,21,6,0,43,132,66,58,14,85,21,10
3588,29.0,2021-01-31,5,16,3,4,48,96,51,57,26,70,10,11
3589,29.0,2021-02-28,9,14,5,0,58,93,43,48,25,57,13,13
3590,29.0,2021-03-31,4,21,3,0,63,127,51,62,22,77,13,9
3591,29.0,2021-04-30,8,14,1,3,51,115,58,53,27,73,19,13
3592,29.0,2021-05-31,10,22,7,3,78,134,78,66,32,86,27,11
3593,29.0,2021-06-30,3,26,4,0,54,156,80,65,19,88,28,11
3594,29.0,2021-07-31,6,18,6,0,54,130,90,57,31,71,24,10
3595,29.0,2021-08-31,2,15,1,1,50,129,85,92,20,75,20,10
3596,29.0,2021-09-30,4,17,4,2,65,126,74,80,31,62,16,10
3597,29.0,2021-10-31,3,18,3,2,64,129,64,78,28,64,14,13
3598,29.0,2021-11-30,4,12,1,1,31,97,57,57,14,60,21,11
3599,29.0,2021-12-31,5,13,1,2,42,115,58,83,19,66,17,11
3600,29.0,2022-01-31,5,15,1,1,34,99,51,62,15,72,19,6
3601,29.0,2022-02-28,8,24,4,1,47,103,42,43,20,71,10,8
3602,29.0,2022-03-31,3,21,2,2,40,147,59,73,19,88,12,12
3603,29.0,2022-04-30,3,17,5,4,41,112,63,80,18,69,20,15
3604,29.0,2022-05-31,7,24,0,2,53,131,51,68,16,79,16,9
3605,29.0,2022-06-30,6,26,2,2,62,155,79,120,24,89,16,10
3606,29.0,2022-07-31,4,26,3,2,52,144,81,108,22,86,22,15
3607,29.0,2022-08-31,8,14,4,3,56,123,73,83,15,64,17,8
3608,29.0,2022-09-30,4,29,4,2,51,169,88,88,18,94,13,8
3609,29.0,2022-10-31,4,19,4,7,55,105,102,83,21,65,18,9
3610,29.0,2022-11-30,5,19,2,2,56,111,70,63,23,70,18,6
3611,29.0,2022-12-31,3,16,4,4,52,93,67,64,16,60,19,7
3612,29.0,2023-01-31,10,27,4,3,46,129,57,62,23,80,12,4
3613,29.0,2023-02-28,3,16,2,2,38,110,40,53,11,73,7,7
3614,29.0,2023-03-31,7,28,5,1,41,130,73,89,19,78,19,10
3615,29.0,2023-04-30,5,22,3,4,70,127,78,73,27,80,21,6
3616,29.0,2023-05-31,7,26,3,1,63,139,86,60,12,86,21,6
3617,29.0,2023-06-30,8,15,1,6,67,155,88,82,29,94,17,7
3618,29.0,2023-07-31,11,30,4,7,66,184,98,92,30,114,18,15
3619,29.0,2023-08-31,6,18,7,6,65,126,81,77,29,78,22,11
3620,29.0,2023-09-30,11,23,1,2,59,132,72,95,22,79,16,16
3621,29.0,2023-10-31,4,30,3,2,67,127,73,92,21,76,19,10
3622,29.0,2023-11-30,3,24,0,1,63,132,46,50,29,80,15,10
3623,29.0,2023-12-31,4,23,2,1,51,113,67,71,21,81,19,4
3624,29.0,2024-01-31,9,23,4,0,64,116,52,42,29,75,15,6
3625,29.0,2024-02-29,6,26,1,4,65,116,68,53,24,64,16,14
3626,29.0,2024-03-31,6,26,5,0,60,123,67,51,22,73,13,9
3627,29.0,2024-04-30,11,21,5,3,86,120,74,60,24,74,24,9
3628,29.0,2024-05-31,14,26,3,2,82,167,80,92,22,90,15,10
3629,29.0,2024-06-30,3,17,3,4,52,154,85,95,18,84,20,11
3630,29.0,2024-07-31,6,19,5,3,60,155,84,75,24,89,17,7
3631,29.0,2024-08-31,8,28,2,1,58,137,64,80,18,66,13,11
3632,29.0,2024-09-30,7,26,2,6,59,150,52,72,22,81,11,8
3633,29.0,2024-10-31,10,17,0,5,60,133,59,78,28,77,10,12
3634,29.0,2024-11-30,9,19,4,1,59,121,60,70,19,64,11,7
3635,29.0,2024-12-31,3,23,2,3,50,115,59,58,21,70,12,5
3636,29.0,2025-01-31,1,11,5,2,34,88,49,58,19,55,9,12
3637,29.0,2025-02-28,5,13,3,1,53,80,40,47,27,43,9,3
3638,29.0,2025-03-31,7,12,7,0,56,98,47,62,22,56,13,9
3639,29.0,2025-04-30,7,26,2,3,48,123,38,51,15,69,10,12
3640,29.0,2025-05-31,4,27,0,2,61,142,54,68,20,65,15,13
3641,29.0,2025-06-30,10,27,5,1,67,143,58,65,27,72,15,14
3642,29.0,2025-07-31,4,27,3,2,52,146,62,54,26,77,18,8
3643,29.0,2025-08-31,8,27,3,2,64,132,53,62,29,66,15,6
3644,29.0,2025-09-30,10,17,3,0,69,121,63,50,23,63,12,3
3645,29.0,2025-10-31,7,16,3,1,55,123,64,76,15,60,9,7
3646,29.0,2025-11-30,10,27,7,2,43,125,59,71,18,86,24,4
3647,29.0,2025-12-31,7,27,1,3,40,91,39,71,15,60,9,7
3648,29.0,2026-01-31,4,16,4,0,45,103,57,62,14,58,7,3
3649,29.0,2026-02-28,3,16,2,1,36,93,38,47,16,56,8,6
3650,29.0,2026-03-31,4,29,4,3,39,116,50,65,14,71,18,15
3651,29.0,2026-04-30,9,21,8,1,64,127,54,53,26,67,14,8
3652,29.0,2026-05-31,7,25,4,2,47,141,62,61,18,79,9,11
3653,29.0,2026-06-30,5,34,1,2,51,128,47,67,14,81,10,11
3654,30.0,2016-01-31,8,20,5,5,23,68,47,63,9,42,3,3
3655,30.0,2016-02-29,8,25,2,4,26,84,56,50,7,35,6,2
3656,30.0,2016-03-31,4,21,11,3,32,86,51,68,13,45,4,2
3657,30.0,2016-04-30,5,27,2,6,31,86,32,55,6,54,6,3
3658,30.0,2016-05-31,7,26,3,4,47,102,36,47,13,56,4,2
3659,30.0,2016-06-30,10,21,2,4,39,101,54,77,12,50,5,0
3660,30.0,2016-07-31,14,12,5,4,40,91,50,76,11,47,6,3
3661,30.0,2016-08-31,5,28,2,5,35,115,49,61,14,68,6,6
3662,30.0,2016-09-30,5,24,4,4,41,103,55,73,12,52,3,2
3663,30.0,2016-10-31,6,17,4,4,40,90,58,73,10,46,3,2
3664,30.0,2016-11-30,6,19,1,1,31,80,48,71,12,46,3,2
3665,30.0,2016-12-31,3,12,2,5,21,73,34,61,7,47,3,4
3666,30.0,2017-01-31,3,16,2,3,25,61,35,55,8,28,3,1
3667,30.0,2017-02-28,0,15,2,8,21,60,32,67,3,40,2,1
3668,30.0,2017-03-31,8,11,4,1,39,61,47,57,9,36,4,2
3669,30.0,2017-04-30,3,24,3,3,28,73,53,63,9,46,3,4
3670,30.0,2017-05-31,8,24,6,4,43,106,52,86,9,48,10,4
3671,30.0,2017-06-30,4,19,5,4,33,93,49,85,9,54,3,6
3672,30.0,2017-07-31,5,16,2,7,37,94,59,81,9,48,5,2
3673,30.0,2017-08-31,7,18,3,2,33,91,51,75,11,46,3,3
3674,30.0,2017-09-30,6,18,4,3,35,98,57,71,11,41,2,1
3675,30.0,2017-10-31,4,15,2,1,41,74,52,71,9,37,1,1
3676,30.0,2017-11-30,6,13,0,8,31,63,40,73,8,37,5,5
3677,30.0,2017-12-31,7,11,3,6,27,66,43,68,8,43,5,4
3678,30.0,2018-01-31,7,18,2,5,36,77,39,67,15,43,3,1
3679,30.0,2018-02-28,5,13,3,4,26,65,33,47,7,38,4,1
3680,30.0,2018-03-31,2,17,7,5,29,74,49,50,5,33,1,4
3681,30.0,2018-04-30,2,14,1,3,24,87,40,51,7,46,4,3
3682,30.0,2018-05-31,3,20,2,5,27,93,41,70,7,54,5,6
3683,30.0,2018-06-30,3,18,3,11,30,94,51,86,7,43,5,3
3684,30.0,2018-07-31,2,22,2,4,24,96,45,80,7,49,3,4
3685,30.0,2018-08-31,12,19,6,6,40,86,62,57,12,52,6,5
3686,30.0,2018-09-30,4,18,3,5,38,85,40,71,12,36,1,3
3687,30.0,2018-10-31,6,16,3,4,37,71,41,69,12,40,4,3
3688,30.0,2018-11-30,5,16,4,6,33,82,46,74,6,52,5,5
3689,30.0,2018-12-31,4,17,5,11,28,82,40,79,9,43,1,2
3690,30.0,2019-01-31,6,17,3,6,35,76,41,58,9,46,2,2
3691,30.0,2019-02-28,6,9,4,5,20,53,35,45,7,31,4,2
3692,30.0,2019-03-31,3,17,2,4,31,77,29,68,6,42,4,7
3693,30.0,2019-04-30,7,21,6,3,40,93,55,58,11,56,4,0
3694,30.0,2019-05-31,15,25,1,1,46,84,43,70,15,49,4,4
3695,30.0,2019-06-30,4,17,6,0,27,89,39,63,7,43,8,7
3696,30.0,2019-07-31,2,21,2,5,29,93,55,70,5,41,3,6
3697,30.0,2019-08-31,9,18,4,2,33,97,43,74,6,50,8,6
3698,30.0,2019-09-30,4,18,3,3,20,101,43,64,3,51,5,4
3699,30.0,2019-10-31,5,16,4,5,30,64,39,72,9,30,2,5
3700,30.0,2019-11-30,1,9,3,4,24,58,38,48,5,28,5,1
3701,30.0,2019-12-31,6,19,5,3,35,70,29,51,10,37,3,6
3702,30.0,2020-01-31,2,18,0,3,21,62,30,36,5,37,2,3
3703,30.0,2020-02-29,8,13,1,1,29,62,30,44,10,35,1,2
3704,30.0,2020-03-31,4,24,4,4,27,73,35,59,6,46,4,2
3705,30.0,2020-04-30,2,7,3,2,16,65,32,26,3,36,2,2
3706,30.0,2020-05-31,4,11,2,4,37,72,40,41,6,45,4,5
3707,30.0,2020-06-30,5,21,2,3,34,100,51,37,7,51,5,4
3708,30.0,2020-07-31,8,13,1,2,43,68,48,41,17,37,3,2
3709,30.0,2020-08-31,4,12,3,2,31,81,33,40,10,44,4,7
3710,30.0,2020-09-30,0,12,1,3,29,76,30,35,9,40,3,2
3711,30.0,2020-10-31,2,11,3,2,30,59,38,28,8,29,4,5
3712,30.0,2020-11-30,1,15,1,2,18,63,30,41,6,36,5,5
3713,30.0,2020-12-31,3,12,0,2,16,59,22,38,2,40,3,4
3714,30.0,2021-01-31,2,12,0,1,23,54,28,36,10,37,3,1
3715,30.0,2021-02-28,1,8,0,2,20,36,27,19,4,19,1,1
3716,30.0,2021-03-31,3,16,0,1,16,67,28,24,4,41,3,1
3717,30.0,2021-04-30,3,9,0,0,33,51,29,32,10,19,1,4
3718,30.0,2021-05-31,2,17,4,0,27,84,59,46,11,43,7,3
3719,30.0,2021-06-30,1,13,1,1,42,86,39,59,13,46,4,2
3720,30.0,2021-07-31,1,13,0,1,39,83,37,43,7,38,3,3
3721,30.0,2021-08-31,5,7,1,1,36,52,46,32,10,26,5,2
3722,30.0,2021-09-30,4,11,2,0,38,81,57,29,10,36,6,3
3723,30.0,2021-10-31,3,14,0,0,38,66,43,44,12,34,6,1
3724,30.0,2021-11-30,4,10,0,2,25,66,46,46,5,37,7,4
3725,30.0,2021-12-31,1,13,0,2,26,57,41,47,5,31,2,4
3726,30.0,2022-01-31,3,11,1,4,16,56,38,37,5,34,5,4
3727,30.0,2022-02-28,2,10,1,4,28,57,35,36,3,32,3,4
3728,30.0,2022-03-31,4,10,1,2,26,86,42,57,5,35,3,6
3729,30.0,2022-04-30,4,8,3,0,30,73,37,33,9,33,5,4
3730,30.0,2022-05-31,1,10,2,2,31,73,41,49,6,36,4,6
3731,30.0,2022-06-30,6,16,5,2,42,76,47,64,10,37,5,4
3732,30.0,2022-07-31,3,18,3,3,32,80,50,43,10,42,5,1
3733,30.0,2022-08-31,5,9,2,1,34,72,56,59,9,32,5,4
3734,30.0,2022-09-30,8,16,2,2,33,82,43,60,9,40,7,6
3735,30.0,2022-10-31,4,10,2,3,26,77,38,47,8,40,3,3
3736,30.0,2022-11-30,2,12,2,1,30,62,45,32,6,28,5,1
3737,30.0,2022-12-31,2,14,1,2,25,66,31,46,11,37,2,4
3738,30.0,2023-01-31,7,8,1,3,33,64,30,58,6,34,6,2
3739,30.0,2023-02-28,5,17,2,7,34,63,31,56,6,27,3,1
3740,30.0,2023-03-31,1,13,3,4,23,62,40,62,4,28,5,7
3741,30.0,2023-04-30,5,11,0,3,31,61,32,45,7,30,1,3
3742,30.0,2023-05-31,0,14,3,5,35,82,41,56,7,39,4,3
3743,30.0,2023-06-30,8,23,2,1,42,95,51,59,11,53,3,4
3744,30.0,2023-07-31,8,18,1,2,43,80,57,52,13,57,6,2
3745,30.0,2023-08-31,3,15,1,6,34,89,54,62,11,44,5,4
3746,30.0,2023-09-30,5,19,0,2,51,95,46,41,11,45,1,0
3747,30.0,2023-10-31,6,22,5,1,41,93,39,54,8,41,5,5
3748,30.0,2023-11-30,1,9,3,9,37,78,54,65,3,41,5,1
3749,30.0,2023-12-31,3,12,2,5,38,69,60,58,12,37,8,1
3750,30.0,2024-01-31,4,20,2,1,34,66,37,63,8,40,6,2
3751,30.0,2024-02-29,8,22,2,4,43,80,53,47,9,45,6,1
3752,30.0,2024-03-31,3,16,1,5,43,86,41,54,10,49,3,0
3753,30.0,2024-04-30,5,17,2,3,55,85,41,55,11,37,5,5
3754,30.0,2024-05-31,6,19,1,4,38,106,36,65,8,50,4,6
3755,30.0,2024-06-30,5,16,1,10,40,84,55,100,9,43,10,5
3756,30.0,2024-07-31,7,12,6,7,43,83,54,78,12,40,3,2
3757,30.0,2024-08-31,3,19,1,9,35,85,34,70,5,38,5,4
3758,30.0,2024-09-30,11,25,4,4,52,113,30,52,11,57,3,5
3759,30.0,2024-10-31,4,12,2,2,38,86,43,52,2,46,4,3
3760,30.0,2024-11-30,2,17,1,6,26,85,36,49,8,51,3,2
3761,30.0,2024-12-31,4,11,0,2,33,60,26,52,10,38,4,5
3762,30.0,2025-01-31,6,13,3,2,20,55,18,40,5,29,9,6
3763,30.0,2025-02-28,1,8,3,2,22,56,32,35,5,35,7,0
3764,30.0,2025-03-31,4,16,1,3,26,63,38,56,5,33,6,4
3765,30.0,2025-04-30,8,20,0,2,37,78,29,35,10,38,2,2
3766,30.0,2025-05-31,10,26,2,2,40,81,34,54,10,45,4,5
3767,30.0,2025-06-30,6,27,6,3,40,81,42,54,5,48,5,3
3768,30.0,2025-07-31,5,18,4,5,48,88,32,71,9,45,3,7
3769,30.0,2025-08-31,8,13,0,7,47,69,34,54,13,32,1,5
3770,30.0,2025-09-30,7,18,1,4,28,72,39,50,11,36,7,2
3771,30.0,2025-10-31,6,18,1,4,40,68,31,45,7,32,3,2
3772,30.0,2025-11-30,8,17,0,1,25,79,32,40,5,39,1,1
3773,30.0,2025-12-31,2,15,4,7,24,52,40,56,8,35,3,3
3774,30.0,2026-01-31,4,11,2,7,19,46,25,46,4,34,3,3
3775,30.0,2026-02-28,6,17,5,3,29,65,28,33,5,41,4,2
3776,30.0,2026-03-31,4,22,3,4,26,83,25,60,7,49,8,3
3777,30.0,2026-04-30,8,21,2,5,26,77,25,44,4,35,2,2
3778,30.0,2026-05-31,7,17,1,4,34,75,34,63,4,35,4,6
3779,30.0,2026-06-30,5,21,3,4,26,67,38,49,4,39,4,3
3780,31.0,2016-01-31,5,6,1,5,19,26,33,47,5,11,0,4
3781,31.0,2016-02-29,2,8,2,8,19,39,28,35,5,18,0,3
3782,31.0,2016-03-31,5,8,1,13,22,43,22,47,1,22,0,2
3783,31.0,2016-04-30,4,8,1,7,20,35,26,40,6,23,2,0
3784,31.0,2016-05-31,4,11,0,2,11,46,37,59,1,23,1,1
3785,31.0,2016-06-30,2,12,5,2,27,45,31,44,7,23,3,2
3786,31.0,2016-07-31,4,9,1,9,21,45,39,63,7,22,0,2
3787,31.0,2016-08-31,1,8,1,5,22,40,29,61,7,20,1,0
3788,31.0,2016-09-30,2,2,1,7,10,41,46,56,2,23,0,3
3789,31.0,2016-10-31,2,5,2,2,16,50,44,49,3,27,1,1
3790,31.0,2016-11-30,2,5,1,6,19,35,34,51,6,20,1,1
3791,31.0,2016-12-31,0,2,1,3,10,38,29,34,3,16,1,2
3792,31.0,2017-01-31,2,9,3,15,17,43,28,51,8,19,4,0
3793,31.0,2017-02-28,3,6,0,5,14,22,30,49,4,12,2,2
3794,31.0,2017-03-31,4,10,3,7,13,48,36,54,1,25,1,0
3795,31.0,2017-04-30,1,4,5,4,17,33,39,39,1,15,3,1
3796,31.0,2017-05-31,7,8,1,2,20,48,27,39,4,15,1,4
3797,31.0,2017-06-30,4,7,0,8,28,35,27,39,7,17,3,1
3798,31.0,2017-07-31,5,6,0,7,29,44,35,41,6,15,3,1
3799,31.0,2017-08-31,4,16,1,6,22,57,31,36,6,29,0,0
3800,31.0,2017-09-30,3,11,1,2,18,55,26,45,4,27,1,1
3801,31.0,2017-10-31,5,5,2,5,24,44,46,44,4,16,4,1
3802,31.0,2017-11-30,2,11,2,6,10,47,27,43,2,19,2,0
3803,31.0,2017-12-31,2,12,0,1,10,53,21,41,3,30,3,2
3804,31.0,2018-01-31,2,6,3,1,13,26,24,40,2,15,2,0
3805,31.0,2018-02-28,2,8,3,4,17,30,25,20,2,16,2,0
3806,31.0,2018-03-31,2,7,1,4,16,33,42,34,0,21,4,4
3807,31.0,2018-04-30,1,8,1,5,10,30,12,35,1,14,2,0
3808,31.0,2018-05-31,2,10,3,6,27,36,25,50,8,17,0,0
3809,31.0,2018-06-30,6,6,1,6,22,39,23,43,9,18,3,0
3810,31.0,2018-07-31,3,6,0,5,14,38,27,59,3,16,0,3
3811,31.0,2018-08-31,7,11,1,5,18,48,29,58,6,24,1,3
3812,31.0,2018-09-30,2,15,0,7,24,50,22,52,5,26,1,1
3813,31.0,2018-10-31,3,15,1,6,18,46,19,50,7,22,0,2
3814,31.0,2018-11-30,5,6,3,7,18,33,21,57,6,15,1,0
3815,31.0,2018-12-31,3,9,0,12,23,33,30,68,4,18,1,1
3816,31.0,2019-01-31,3,6,0,9,8,24,11,36,1,11,3,2
3817,31.0,2019-02-28,0,5,1,3,10,24,22,44,1,9,0,0
3818,31.0,2019-03-31,3,14,0,7,24,43,25,42,6,23,0,1
3819,31.0,2019-04-30,5,8,0,6,11,38,20,44,0,18,2,0
3820,31.0,2019-05-31,3,9,0,17,20,48,25,63,7,16,0,1
3821,31.0,2019-06-30,4,8,2,13,22,46,22,47,3,19,0,2
3822,31.0,2019-07-31,7,8,2,9,16,40,31,48,3,15,2,2
3823,31.0,2019-08-31,2,10,2,6,16,44,33,52,2,25,4,1
3824,31.0,2019-09-30,6,14,3,9,23,49,31,58,6,25,2,2
3825,31.0,2019-10-31,3,6,0,8,19,38,22,56,2,22,0,1
3826,31.0,2019-11-30,1,3,0,3,14,27,22,34,3,15,1,1
3827,31.0,2019-12-31,3,8,1,5,13,32,22,66,3,15,1,2
3828,31.0,2020-01-31,1,15,0,10,13,36,14,61,4,15,1,1
3829,31.0,2020-02-29,1,9,0,8,11,36,35,40,2,14,3,1
3830,31.0,2020-03-31,10,5,4,13,21,27,16,48,2,11,1,0
3831,31.0,2020-04-30,4,2,0,17,15,15,16,47,1,9,1,0
3832,31.0,2020-05-31,3,6,1,3,16,30,29,32,4,11,1,0
3833,31.0,2020-06-30,3,5,0,6,19,30,27,34,2,11,0,1
3834,31.0,2020-07-31,1,4,1,2,19,33,27,36,1,16,2,2
3835,31.0,2020-08-31,2,8,1,3,20,40,19,35,1,16,0,1
3836,31.0,2020-09-30,0,3,2,1,13,37,18,43,3,18,1,1
3837,31.0,2020-10-31,2,3,1,3,21,31,21,41,7,10,3,0
3838,31.0,2020-11-30,2,5,0,1,18,31,17,28,1,11,1,0
3839,31.0,2020-12-31,0,4,0,0,14,24,24,31,4,13,2,1
3840,31.0,2021-01-31,1,3,2,1,20,17,23,27,2,10,1,0
3841,31.0,2021-02-28,2,7,1,2,22,28,24,20,6,15,0,0
3842,31.0,2021-03-31,1,2,0,2,16,20,15,23,2,7,1,2
3843,31.0,2021-04-30,0,3,2,3,17,28,21,30,4,6,1,2
3844,31.0,2021-05-31,1,2,1,2,17,43,23,26,5,15,3,0
3845,31.0,2021-06-30,0,6,0,3,15,37,23,45,1,20,1,1
3846,31.0,2021-07-31,0,3,0,0,17,41,29,36,4,15,2,1
3847,31.0,2021-08-31,3,7,1,2,24,40,25,39,6,19,2,2
3848,31.0,2021-09-30,2,7,0,0,32,51,29,57,4,26,1,2
3849,31.0,2021-10-31,3,5,1,2,24,43,38,54,6,15,0,0
3850,31.0,2021-11-30,0,2,0,0,17,27,22,45,2,11,2,1
3851,31.0,2021-12-31,1,4,1,2,21,33,22,45,6,18,2,1
3852,31.0,2022-01-31,3,6,2,0,16,37,23,41,2,24,2,1
3853,31.0,2022-02-28,1,2,3,1,11,27,28,37,2,9,3,1
3854,31.0,2022-03-31,1,6,1,1,22,31,24,55,3,19,2,2
3855,31.0,2022-04-30,4,7,0,1,18,38,36,48,4,17,1,0
3856,31.0,2022-05-31,1,4,0,2,22,41,35,76,2,15,2,1
3857,31.0,2022-06-30,1,8,2,0,18,54,33,68,7,26,0,4
3858,31.0,2022-07-31,2,7,2,4,26,53,38,58,6,21,1,2
3859,31.0,2022-08-31,3,12,1,1,23,58,36,72,5,25,4,1
3860,31.0,2022-09-30,2,7,1,3,22,46,36,71,6,17,0,2
3861,31.0,2022-10-31,2,4,2,3,26,40,38,59,3,13,3,0
3862,31.0,2022-11-30,3,6,2,0,24,38,34,38,3,15,1,0
3863,31.0,2022-12-31,0,4,2,3,22,28,23,52,5,16,1,0
3864,31.0,2023-01-31,2,8,1,1,11,38,27,43,1,17,0,1
3865,31.0,2023-02-28,3,3,0,2,22,27,26,57,5,11,0,2
3866,31.0,2023-03-31,3,6,0,3,25,29,25,54,4,12,0,3
3867,31.0,2023-04-30,4,10,2,3,20,41,34,35,6,19,0,2
3868,31.0,2023-05-31,3,7,1,1,21,43,28,38,2,21,3,0
3869,31.0,2023-06-30,0,7,2,4,15,48,22,63,2,27,2,1
3870,31.0,2023-07-31,3,5,2,1,22,40,34,67,3,17,0,2
3871,31.0,2023-08-31,5,8,1,2,26,53,37,51,3,30,2,3
3872,31.0,2023-09-30,3,14,0,2,23,47,32,60,6,20,2,5
3873,31.0,2023-10-31,1,4,0,5,25,42,36,66,3,17,1,0
3874,31.0,2023-11-30,1,6,0,0,25,33,30,55,1,10,1,1
3875,31.0,2023-12-31,2,11,1,3,26,52,26,74,8,22,4,4
3876,31.0,2024-01-31,3,8,1,0,20,35,23,54,2,18,1,3
3877,31.0,2024-02-29,5,10,1,1,26,49,17,56,3,16,1,4
3878,31.0,2024-03-31,5,13,0,3,23,59,60,54,2,31,3,0
3879,31.0,2024-04-30,3,8,3,2,24,47,31,59,8,24,3,2
3880,31.0,2024-05-31,4,5,1,5,30,54,45,61,5,24,4,0
3881,31.0,2024-06-30,2,5,1,2,17,55,29,85,8,24,1,1
3882,31.0,2024-07-31,1,7,1,5,27,62,38,82,9,29,2,2
3883,31.0,2024-08-31,3,8,0,3,24,66,23,52,6,27,3,2
3884,31.0,2024-09-30,5,3,1,2,28,53,30,62,6,27,2,1
3885,31.0,2024-10-31,3,11,1,4,25,58,27,70,4,36,1,1
3886,31.0,2024-11-30,1,7,2,0,16,35,23,67,2,17,3,3
3887,31.0,2024-12-31,2,9,2,2,22,56,24,54,2,35,0,2
3888,31.0,2025-01-31,5,3,1,3,28,37,16,48,12,15,1,3
3889,31.0,2025-02-28,2,9,1,0,13,39,16,49,2,17,1,1
3890,31.0,2025-03-31,5,10,1,4,21,39,20,41,8,15,2,3
3891,31.0,2025-04-30,3,5,5,6,22,40,30,57,4,17,4,0
3892,31.0,2025-05-31,4,9,0,4,26,56,28,60,4,26,0,1
3893,31.0,2025-06-30,2,9,1,5,24,53,19,50,5,25,1,2
3894,31.0,2025-07-31,2,11,1,5,16,53,36,58,2,21,5,1
3895,31.0,2025-08-31,3,13,1,1,26,48,26,50,6,17,4,4
3896,31.0,2025-09-30,2,8,3,2,24,45,34,56,2,21,5,5
3897,31.0,2025-10-31,5,7,1,3,36,52,29,51,10,18,0,1
3898,31.0,2025-11-30,3,9,2,2,18,46,18,55,2,18,0,2
3899,31.0,2025-12-31,2,6,0,3,19,32,17,59,3,12,1,1
3900,31.0,2026-01-31,2,6,0,7,19,38,13,60,2,16,2,0
3901,31.0,2026-02-28,0,9,1,5,17,45,10,46,5,11,0,1
3902,31.0,2026-03-31,1,7,0,3,21,35,23,50,5,15,2,4
3903,31.0,2026-04-30,5,10,0,2,21,44,26,46,2,21,1,1
3904,31.0,2026-05-31,1,12,0,2,20,45,23,74,4,21,1,3
3905,31.0,2026-06-30,1,5,2,0,11,47,29,56,1,21,1,0
3906,32.0,2016-01-31,9,23,1,95,27,65,50,371,1,12,1,3
3907,32.0,2016-02-29,4,13,2,61,22,46,29,341,2,15,1,4
3908,32.0,2016-03-31,7,13,7,50,36,63,35,345,6,14,0,1
3909,32.0,2016-04-30,4,10,3,65,29,61,21,343,2,7,0,2
3910,32.0,2016-05-31,11,19,5,76,36,80,35,423,4,23,0,0
3911,32.0,2016-06-30,7,14,3,67,28,66,24,396,2,20,0,1
3912,32.0,2016-07-31,6,20,3,62,25,75,25,528,5,12,1,4
3913,32.0,2016-08-31,14,19,4,62,36,72,28,395,1,16,1,1
3914,32.0,2016-09-30,5,15,3,68,23,64,37,431,3,12,1,3
3915,32.0,2016-10-31,10,11,1,50,36,57,28,390,9,4,0,2
3916,32.0,2016-11-30,6,11,6,73,24,73,34,406,2,10,1,2
3917,32.0,2016-12-31,10,10,6,76,27,62,35,410,1,13,1,1
3918,32.0,2017-01-31,4,10,4,55,33,56,32,355,7,9,0,0
3919,32.0,2017-02-28,9,22,4,54,31,64,27,355,4,7,3,0
3920,32.0,2017-03-31,7,21,1,51,32,90,48,379,8,14,1,1
3921,32.0,2017-04-30,9,13,4,72,41,75,26,447,2,11,1,1
3922,32.0,2017-05-31,10,13,1,55,38,76,35,471,6,17,1,1
3923,32.0,2017-06-30,7,19,5,76,38,83,25,495,3,13,0,1
3924,32.0,2017-07-31,8,26,2,61,35,102,42,507,2,21,2,2
3925,32.0,2017-08-31,8,37,5,75,42,109,39,804,4,12,1,3
3926,32.0,2017-09-30,6,19,6,67,53,73,36,479,5,15,1,0
3927,32.0,2017-10-31,5,9,3,63,41,72,30,536,3,13,1,3
3928,32.0,2017-11-30,6,14,1,75,43,65,32,542,1,8,0,1
3929,32.0,2017-12-31,4,12,1,94,29,59,37,512,0,10,0,1
3930,32.0,2018-01-31,6,13,3,79,25,77,26,467,0,20,0,2
3931,32.0,2018-02-28,12,13,1,50,46,61,32,376,3,9,0,3
3932,32.0,2018-03-31,9,25,5,59,45,102,42,407,3,18,0,1
3933,32.0,2018-04-30,7,27,2,48,41,71,51,468,3,12,0,0
3934,32.0,2018-05-31,12,20,5,67,44,89,40,564,3,8,0,0
3935,32.0,2018-06-30,9,19,2,58,36,81,58,500,3,13,2,2
3936,32.0,2018-07-31,7,24,1,52,45,103,40,480,2,12,1,1
3937,32.0,2018-08-31,9,31,7,60,36,107,42,672,4,18,1,4
3938,32.0,2018-09-30,4,17,4,34,45,91,38,440,2,15,1,0
3939,32.0,2018-10-31,5,25,0,62,47,86,30,446,4,9,0,2
3940,32.0,2018-11-30,5,15,0,69,33,76,17,436,4,17,0,1
3941,32.0,2018-12-31,8,18,2,77,32,84,51,541,3,18,0,2
3942,32.0,2019-01-31,5,14,2,66,44,72,23,485,3,13,0,0
3943,32.0,2019-02-28,7,15,3,67,33,63,37,429,3,14,1,1
3944,32.0,2019-03-31,5,24,5,65,36,83,35,432,4,13,0,1
3945,32.0,2019-04-30,9,22,3,59,47,103,52,435,1,18,0,0
3946,32.0,2019-05-31,4,18,4,70,40,89,43,523,5,14,0,1
3947,32.0,2019-06-30,11,19,5,72,52,93,51,500,5,20,1,1
3948,32.0,2019-07-31,12,20,5,58,46,107,45,490,1,14,3,2
3949,32.0,2019-08-31,8,36,4,49,40,111,45,635,0,13,1,2
3950,32.0,2019-09-30,8,19,3,61,46,78,27,400,3,7,0,1
3951,32.0,2019-10-31,10,25,2,67,43,86,25,421,3,15,1,3
3952,32.0,2019-11-30,10,23,4,77,40,75,27,422,6,21,0,3
3953,32.0,2019-12-31,5,13,0,67,46,86,37,423,5,22,1,3
3954,32.0,2020-01-31,8,28,7,85,26,85,29,347,1,18,1,1
3955,32.0,2020-02-29,4,27,0,62,36,79,28,317,2,15,0,0
3956,32.0,2020-03-31,5,13,2,29,22,54,15,180,2,20,0,2
3957,32.0,2020-04-30,1,16,3,11,16,40,27,79,2,12,0,0
3958,32.0,2020-05-31,2,18,10,5,20,62,81,92,3,9,0,0
3959,32.0,2020-06-30,1,6,4,8,17,34,27,86,2,6,1,1
3960,32.0,2020-07-31,5,24,4,12,23,97,30,154,2,22,0,0
3961,32.0,2020-08-31,9,16,2,25,32,57,31,157,5,15,1,1
3962,32.0,2020-09-30,3,9,3,21,19,50,23,135,4,11,0,0
3963,32.0,2020-10-31,4,18,4,15,27,56,24,120,3,11,1,2
3964,32.0,2020-11-30,4,9,2,9,13,45,28,101,1,19,0,4
3965,32.0,2020-12-31,4,11,1,13,20,40,15,88,1,15,1,5
3966,32.0,2021-01-31,2,10,1,16,16,44,12,106,2,12,2,1
3967,32.0,2021-02-28,3,8,1,12,14,35,19,77,1,12,0,1
3968,32.0,2021-03-31,2,11,1,20,22,44,23,85,4,9,3,0
3969,32.0,2021-04-30,8,22,5,13,21,75,27,105,1,18,1,2
3970,32.0,2021-05-31,9,17,1,14,29,72,30,155,3,21,0,1
3971,32.0,2021-06-30,9,12,5,10,41,75,42,193,2,21,3,1
3972,32.0,2021-07-31,9,26,2,14,37,92,36,491,0,33,1,0
3973,32.0,2021-08-31,8,15,1,9,41,88,37,237,5,30,1,2
3974,32.0,2021-09-30,3,11,2,16,22,80,26,185,3,18,1,2
3975,32.0,2021-10-31,3,19,4,14,33,87,40,185,3,26,4,3
3976,32.0,2021-11-30,7,12,1,18,37,78,21,179,3,19,0,1
3977,32.0,2021-12-31,10,24,1,21,38,86,28,198,1,21,1,2
3978,32.0,2022-01-31,7,18,2,17,35,78,29,197,2,22,0,2
3979,32.0,2022-02-28,4,12,3,20,43,69,33,195,2,13,0,0
3980,32.0,2022-03-31,9,9,0,27,39,93,44,264,1,21,0,4
3981,32.0,2022-04-30,6,12,2,16,41,87,42,217,2,20,1,2
3982,32.0,2022-05-31,11,26,1,33,47,107,43,258,4,17,1,5
3983,32.0,2022-06-30,8,15,2,23,45,91,31,284,2,27,5,1
3984,32.0,2022-07-31,14,23,3,24,55,102,82,708,4,24,2,2
3985,32.0,2022-08-31,5,22,5,22,38,101,70,264,2,26,0,3
3986,32.0,2022-09-30,8,17,3,20,28,105,60,274,4,13,3,6
3987,32.0,2022-10-31,4,11,4,26,27,76,67,266,2,13,0,1
3988,32.0,2022-11-30,5,11,0,46,38,66,63,302,4,9,0,1
3989,32.0,2022-12-31,4,17,3,43,30,83,53,237,4,12,2,0
3990,32.0,2023-01-31,11,12,2,48,55,86,83,263,3,29,0,4
3991,32.0,2023-02-28,7,18,6,50,46,76,50,193,1,18,0,0
3992,32.0,2023-03-31,7,25,3,47,55,99,48,262,2,22,1,5
3993,32.0,2023-04-30,11,14,1,37,44,89,34,255,5,14,0,1
3994,32.0,2023-05-31,14,19,1,41,46,82,41,272,1,19,2,2
3995,32.0,2023-06-30,6,20,3,31,50,84,73,298,0,16,1,2
3996,32.0,2023-07-31,8,20,3,52,37,95,51,314,3,19,3,0
3997,32.0,2023-08-31,11,16,2,40,60,110,88,471,1,17,2,1
3998,32.0,2023-09-30,6,23,3,37,41,92,66,251,4,18,2,1
3999,32.0,2023-10-31,6,17,4,54,39,86,48,302,1,16,3,1
4000,32.0,2023-11-30,10,9,3,52,42,83,55,275,1,15,0,2
4001,32.0,2023-12-31,10,20,2,71,54,92,53,302,2,20,0,1
4002,32.0,2024-01-31,4,20,3,60,42,91,42,256,1,17,1,3
4003,32.0,2024-02-29,4,20,3,36,34,87,39,253,1,18,0,4
4004,32.0,2024-03-31,8,26,4,42,34,113,57,267,0,28,0,4
4005,32.0,2024-04-30,7,21,2,38,36,109,47,250,1,14,1,2
4006,32.0,2024-05-31,6,28,4,58,33,123,79,322,2,20,0,4
4007,32.0,2024-06-30,5,36,4,45,33,126,50,347,1,15,0,2
4008,32.0,2024-07-31,10,24,4,59,47,93,67,392,4,19,1,5
4009,32.0,2024-08-31,9,22,4,62,39,108,47,435,4,20,1,5
4010,32.0,2024-09-30,12,20,4,42,54,94,61,308,4,15,1,4
4011,32.0,2024-10-31,14,15,5,53,54,81,65,345,4,15,0,1
4012,32.0,2024-11-30,6,21,5,43,34,81,38,268,1,13,2,1
4013,32.0,2024-12-31,8,14,4,34,32,84,48,238,0,21,1,0
4014,32.0,2025-01-31,6,18,3,42,29,83,36,207,2,20,0,2
4015,32.0,2025-02-28,12,18,2,55,41,64,29,245,2,9,2,2
4016,32.0,2025-03-31,5,23,4,36,39,98,58,292,2,23,2,2
4017,32.0,2025-04-30,16,14,5,37,40,65,44,270,0,13,1,2
4018,32.0,2025-05-31,8,17,4,41,36,81,36,316,5,13,1,2
4019,32.0,2025-06-30,10,34,3,39,46,113,82,316,5,15,2,2
4020,32.0,2025-07-31,11,23,2,50,39,107,62,304,3,13,0,1
4021,32.0,2025-08-31,10,29,2,34,39,125,44,303,3,15,0,1
4022,32.0,2025-09-30,13,28,3,34,49,107,62,270,3,17,1,0
4023,32.0,2025-10-31,12,20,2,45,46,122,37,300,3,18,1,0
4024,32.0,2025-11-30,6,18,4,44,32,93,31,270,1,11,1,2
4025,32.0,2025-12-31,6,19,3,38,37,68,33,260,0,11,0,3
4026,32.0,2026-01-31,5,19,4,38,33,82,26,201,2,11,0,1
4027,32.0,2026-02-28,7,13,3,53,36,75,46,220,2,18,0,1
4028,32.0,2026-03-31,12,24,4,27,40,117,55,262,3,20,1,4
4029,32.0,2026-04-30,7,15,1,54,33,97,61,254,4,20,0,0
4030,32.0,2026-05-31,10,21,5,29,49,91,47,227,6,16,0,5
4031,32.0,2026-06-30,6,16,2,45,32,109,56,259,3,22,1,1
4032,33.0,2016-01-31,2,9,0,5,7,19,10,41,0,8,0,0
4033,33.0,2016-02-29,1,5,1,5,11,16,12,44,2,6,0,0
4034,33.0,2016-03-31,2,4,0,4,11,15,16,53,0,8,3,0
4035,33.0,2016-04-30,1,5,1,8,7,22,7,50,1,7,0,1
4036,33.0,2016-05-31,1,9,2,7,12,31,15,56,4,11,1,3
4037,33.0,2016-06-30,2,6,1,5,11,31,17,64,0,9,1,1
4038,33.0,2016-07-31,1,7,2,10,10,35,21,67,2,13,1,0
4039,33.0,2016-08-31,1,7,0,14,7,25,18,74,3,10,1,2
4040,33.0,2016-09-30,0,4,3,10,8,24,18,67,1,10,0,1
4041,33.0,2016-10-31,1,8,0,2,10,22,14,48,1,7,1,1
4042,33.0,2016-11-30,5,6,2,6,13,22,10,53,4,7,0,1
4043,33.0,2016-12-31,1,2,1,7,10,10,12,40,3,4,1,0
4044,33.0,2017-01-31,1,5,0,10,8,17,3,44,3,9,0,1
4045,33.0,2017-02-28,2,4,1,11,7,18,13,50,1,10,2,1
4046,33.0,2017-03-31,1,6,0,10,9,23,9,47,1,8,0,1
4047,33.0,2017-04-30,1,5,0,3,7,24,15,46,0,8,0,0
4048,33.0,2017-05-31,1,6,1,8,8,18,6,55,1,9,0,0
4049,33.0,2017-06-30,2,9,1,3,10,38,18,55,0,12,2,0
4050,33.0,2017-07-31,1,9,1,6,8,26,5,54,1,11,0,2
4051,33.0,2017-08-31,2,8,0,7,10,28,28,46,1,15,4,0
4052,33.0,2017-09-30,1,9,0,4,5,34,9,42,3,15,1,1
4053,33.0,2017-10-31,0,7,0,4,9,28,14,45,5,13,3,0
4054,33.0,2017-11-30,1,3,0,2,10,24,21,37,2,8,1,0
4055,33.0,2017-12-31,1,5,1,4,4,22,14,38,1,11,4,0
4056,33.0,2018-01-31,5,7,1,6,12,23,10,44,5,11,1,1
4057,33.0,2018-02-28,2,4,1,6,16,20,20,38,1,10,0,2
4058,33.0,2018-03-31,2,6,0,5,9,22,22,43,4,12,1,0
4059,33.0,2018-04-30,4,5,1,4,6,24,16,40,0,14,1,4
4060,33.0,2018-05-31,1,3,0,9,9,22,21,66,2,7,1,0
4061,33.0,2018-06-30,3,5,0,6,11,24,28,66,2,7,1,0
4062,33.0,2018-07-31,1,7,2,11,9,21,19,67,0,5,1,0
4063,33.0,2018-08-31,2,1,0,5,9,11,16,79,1,3,1,3
4064,33.0,2018-09-30,5,8,2,5,15,33,9,45,3,9,0,1
4065,33.0,2018-10-31,0,8,2,8,9,30,14,44,1,12,1,0
4066,33.0,2018-11-30,3,7,0,6,11,24,6,35,4,8,0,1
4067,33.0,2018-12-31,0,11,0,0,6,35,8,30,0,11,1,1
4068,33.0,2019-01-31,3,3,1,3,8,18,9,39,1,4,1,1
4069,33.0,2019-02-28,0,4,0,3,5,21,5,44,1,7,0,0
4070,33.0,2019-03-31,0,4,0,2,5,23,9,42,0,10,1,1
4071,33.0,2019-04-30,2,4,1,3,10,16,11,48,2,7,0,0
4072,33.0,2019-05-31,3,8,2,2,17,34,14,47,3,15,1,0
4073,33.0,2019-06-30,4,3,2,6,27,36,19,53,5,14,0,2
4074,33.0,2019-07-31,3,14,2,2,10,32,17,48,1,7,3,1
4075,33.0,2019-08-31,0,3,0,4,11,26,7,45,1,12,2,1
4076,33.0,2019-09-30,0,15,1,2,12,47,18,43,1,15,1,3
4077,33.0,2019-10-31,4,4,1,3,17,27,6,40,2,8,0,3
4078,33.0,2019-11-30,2,7,0,5,13,29,12,55,4,6,2,1
4079,33.0,2019-12-31,0,3,1,4,11,22,16,56,1,12,1,0
4080,33.0,2020-01-31,1,7,1,7,8,19,20,52,1,8,1,1
4081,33.0,2020-02-29,5,4,1,6,12,23,20,48,2,9,0,2
4082,33.0,2020-03-31,0,2,0,6,10,20,7,32,1,7,0,0
4083,33.0,2020-04-30,2,1,1,2,9,8,14,22,3,5,1,0
4084,33.0,2020-05-31,0,5,0,0,8,17,19,28,1,6,0,0
4085,33.0,2020-06-30,2,5,1,2,10,18,20,32,2,7,5,1
4086,33.0,2020-07-31,1,3,0,3,11,20,8,36,1,9,0,1
4087,33.0,2020-08-31,0,4,2,1,13,23,14,36,3,7,1,0
4088,33.0,2020-09-30,3,5,1,3,15,19,9,26,3,8,1,0
4089,33.0,2020-10-31,1,3,0,0,11,27,11,31,5,7,0,1
4090,33.0,2020-11-30,1,5,0,3,7,21,12,23,3,9,1,0
4091,33.0,2020-12-31,1,4,0,1,4,17,11,26,0,8,0,0
4092,33.0,2021-01-31,2,1,2,0,10,15,7,16,1,9,3,0
4093,33.0,2021-02-28,1,2,0,1,7,15,11,19,4,7,0,1
4094,33.0,2021-03-31,1,5,1,1,11,29,14,10,2,17,1,1
4095,33.0,2021-04-30,4,3,0,2,9,23,10,30,0,9,0,2
4096,33.0,2021-05-31,1,5,2,0,15,28,14,18,1,10,2,2
4097,33.0,2021-06-30,1,9,2,0,11,31,14,24,2,15,1,1
4098,33.0,2021-07-31,5,7,0,3,23,38,17,45,2,24,1,3
4099,33.0,2021-08-31,2,8,0,1,14,28,9,30,3,10,1,1
4100,33.0,2021-09-30,2,8,2,1,23,40,14,41,3,12,1,2
4101,33.0,2021-10-31,1,8,2,0,21,42,16,42,3,17,0,2
4102,33.0,2021-11-30,3,6,1,1,23,30,15,40,6,15,0,7
4103,33.0,2021-12-31,1,4,0,3,13,28,9,36,2,11,2,1
4104,33.0,2022-01-31,2,6,0,5,12,23,19,47,1,14,1,0
4105,33.0,2022-02-28,4,1,1,1,20,10,12,40,0,6,2,0
4106,33.0,2022-03-31,2,9,1,2,17,43,16,43,0,18,1,2
4107,33.0,2022-04-30,3,7,0,1,14,38,12,60,2,18,0,1
4108,33.0,2022-05-31,4,10,1,2,22,38,18,49,5,11,1,0
4109,33.0,2022-06-30,2,7,1,2,23,43,8,65,2,18,0,3
4110,33.0,2022-07-31,2,13,0,5,23,39,19,63,3,16,0,0
4111,33.0,2022-08-31,4,11,0,4,29,41,27,65,6,15,2,1
4112,33.0,2022-09-30,2,3,0,3,16,37,18,63,2,9,1,2
4113,33.0,2022-10-31,3,5,2,4,16,23,23,48,2,9,0,0
4114,33.0,2022-11-30,1,6,1,6,19,32,24,51,1,16,0,0
4115,33.0,2022-12-31,2,7,0,2,14,24,18,47,3,9,1,4
4116,33.0,2023-01-31,2,6,1,1,11,33,13,41,3,12,0,1
4117,33.0,2023-02-28,1,7,0,0,8,36,20,41,1,18,1,1
4118,33.0,2023-03-31,2,4,0,1,20,23,17,39,1,11,0,0
4119,33.0,2023-04-30,6,6,0,1,24,32,18,48,5,17,2,0
4120,33.0,2023-05-31,4,5,1,1,24,37,29,56,2,10,1,1
4121,33.0,2023-06-30,4,9,3,4,23,34,29,67,4,9,1,3
4122,33.0,2023-07-31,1,11,3,0,16,43,31,72,3,13,2,2
4123,33.0,2023-08-31,1,7,4,0,11,37,64,66,2,16,1,0
4124,33.0,2023-09-30,1,9,0,3,19,30,36,63,2,12,3,2
4125,33.0,2023-10-31,1,10,0,5,18,45,32,66,2,19,0,6
4126,33.0,2023-11-30,2,4,0,2,18,28,24,39,4,11,0,1
4127,33.0,2023-12-31,2,6,1,1,14,25,23,37,3,12,0,2
4128,33.0,2024-01-31,2,6,0,2,18,27,15,54,4,12,0,1
4129,33.0,2024-02-29,3,6,1,3,17,34,28,44,3,11,3,0
4130,33.0,2024-03-31,3,11,4,0,18,38,17,35,1,15,0,2
4131,33.0,2024-04-30,4,9,0,1,19,34,23,47,5,14,2,3
4132,33.0,2024-05-31,1,8,1,2,17,41,24,44,2,17,1,0
4133,33.0,2024-06-30,1,9,1,2,9,44,29,62,0,12,1,0
4134,33.0,2024-07-31,1,9,1,1,14,44,37,76,4,16,2,1
4135,33.0,2024-08-31,1,8,2,1,16,53,31,61,4,16,1,0
4136,33.0,2024-09-30,0,7,1,3,16,38,36,70,2,14,1,1
4137,33.0,2024-10-31,1,12,1,2,21,38,27,78,0,10,1,0
4138,33.0,2024-11-30,2,10,1,3,11,26,16,66,1,8,0,5
4139,33.0,2024-12-31,4,12,1,1,21,46,15,51,4,18,0,2
4140,33.0,2025-01-31,2,8,0,3,22,33,10,47,3,13,0,2
4141,33.0,2025-02-28,1,4,0,0,17,23,13,30,5,12,0,3
4142,33.0,2025-03-31,2,4,1,1,12,23,32,40,1,9,0,4
4143,33.0,2025-04-30,1,7,0,3,11,35,23,44,4,14,0,2
4144,33.0,2025-05-31,0,4,3,1,16,31,31,54,1,12,4,5
4145,33.0,2025-06-30,2,15,0,0,19,53,16,35,4,25,1,1
4146,33.0,2025-07-31,5,8,2,1,18,29,13,46,1,10,1,3
4147,33.0,2025-08-31,3,9,0,3,15,37,22,45,4,14,1,2
4148,33.0,2025-09-30,1,9,1,2,19,36,24,51,3,14,1,4
4149,33.0,2025-10-31,3,10,2,2,23,30,15,44,3,15,2,1
4150,33.0,2025-11-30,2,5,2,1,11,25,12,36,2,12,2,5
4151,33.0,2025-12-31,2,9,0,0,11,27,13,44,1,16,0,1
4152,33.0,2026-01-31,2,11,4,0,13,34,19,23,1,9,2,1
4153,33.0,2026-02-28,2,4,1,0,10,31,13,45,1,11,0,0
4154,33.0,2026-03-31,3,4,0,2,10,32,16,39,1,15,2,1
4155,33.0,2026-04-30,2,10,1,0,20,33,6,23,3,15,0,0
4156,33.0,2026-05-31,4,8,0,2,24,34,11,45,8,7,1,4
4157,33.0,2026-06-30,3,12,1,1,17,42,8,59,2,12,0,0
4158,34.0,2016-01-31,0,1,1,0,6,14,13,14,1,7,2,1
4159,34.0,2016-02-29,2,2,0,0,4,7,2,19,1,1,0,2
4160,34.0,2016-03-31,1,5,0,0,6,12,4,5,1,3,0,0
4161,34.0,2016-04-30,2,5,0,0,7,10,5,15,3,2,0,0
4162,34.0,2016-05-31,0,5,0,1,6,16,10,19,1,7,0,0
4163,34.0,2016-06-30,2,2,0,1,8,12,5,16,3,6,0,1
4164,34.0,2016-07-31,1,5,1,3,10,25,13,24,2,14,1,1
4165,34.0,2016-08-31,2,9,0,0,3,27,5,33,0,11,0,1
4166,34.0,2016-09-30,0,5,1,3,6,18,13,32,0,10,2,1
4167,34.0,2016-10-31,1,4,1,3,3,19,9,28,1,8,0,0
4168,34.0,2016-11-30,0,4,0,2,1,20,3,22,1,7,0,1
4169,34.0,2016-12-31,1,4,1,1,4,10,7,17,0,3,1,0
4170,34.0,2017-01-31,1,1,2,0,3,9,10,22,0,6,2,0
4171,34.0,2017-02-28,2,2,1,1,3,11,7,15,1,5,1,0
4172,34.0,2017-03-31,0,1,0,0,5,7,9,16,0,4,1,0
4173,34.0,2017-04-30,1,6,0,0,3,21,9,12,1,10,3,0
4174,34.0,2017-05-31,1,5,0,2,6,16,13,21,0,4,0,1
4175,34.0,2017-06-30,3,3,0,0,14,19,11,21,1,7,1,0
4176,34.0,2017-07-31,1,1,1,3,7,13,7,36,1,7,2,0
4177,34.0,2017-08-31,0,7,0,1,7,23,7,23,2,10,1,2
4178,34.0,2017-09-30,1,2,1,1,6,22,7,26,0,8,0,0
4179,34.0,2017-10-31,0,4,1,0,4,17,8,24,1,7,0,1
4180,34.0,2017-11-30,3,4,1,0,13,18,5,35,6,7,0,3
4181,34.0,2017-12-31,0,1,0,0,3,11,6,12,1,1,1,0
4182,34.0,2018-01-31,2,5,1,1,5,17,7,15,0,8,2,1
4183,34.0,2018-02-28,2,1,0,2,6,11,4,11,1,2,0,1
4184,34.0,2018-03-31,3,2,0,0,11,7,7,21,1,2,1,1
4185,34.0,2018-04-30,1,5,0,2,4,15,7,23,0,7,0,0
4186,34.0,2018-05-31,0,6,0,2,4,20,9,34,0,3,0,0
4187,34.0,2018-06-30,3,4,0,1,10,16,9,38,3,3,0,1
4188,34.0,2018-07-31,2,3,1,1,6,19,13,31,1,10,2,0
4189,34.0,2018-08-31,1,1,0,1,9,20,5,27,3,6,0,1
4190,34.0,2018-09-30,0,3,1,0,5,19,15,29,0,9,1,0
4191,34.0,2018-10-31,1,1,0,0,11,17,2,23,1,7,0,2
4192,34.0,2018-11-30,1,3,0,0,7,12,9,31,0,3,0,0
4193,34.0,2018-12-31,0,3,0,1,5,11,7,28,1,8,1,0
4194,34.0,2019-01-31,3,4,0,3,4,8,5,26,0,4,1,1
4195,34.0,2019-02-28,2,3,0,3,9,12,4,21,1,7,1,0
4196,34.0,2019-03-31,4,7,0,0,8,19,6,21,1,8,3,2
4197,34.0,2019-04-30,0,3,0,1,5,13,5,24,3,3,0,0
4198,34.0,2019-05-31,0,4,0,2,3,14,12,27,1,7,1,1
4199,34.0,2019-06-30,2,2,0,0,10,19,12,31,2,4,1,1
4200,34.0,2019-07-31,1,3,0,1,9,13,7,31,0,2,1,0
4201,34.0,2019-08-31,1,3,0,1,3,22,6,26,0,5,0,0
4202,34.0,2019-09-30,0,4,1,4,7,15,12,32,3,9,0,1
4203,34.0,2019-10-31,1,3,2,3,8,20,13,19,1,8,1,1
4204,34.0,2019-11-30,0,4,2,3,3,14,16,28,0,6,3,1
4205,34.0,2019-12-31,0,1,1,1,4,19,9,31,1,6,0,1
4206,34.0,2020-01-31,0,1,1,0,6,11,8,26,1,7,2,1
4207,34.0,2020-02-29,1,3,2,3,11,10,10,29,0,4,0,1
4208,34.0,2020-03-31,1,0,0,2,5,13,1,20,2,5,0,0
4209,34.0,2020-04-30,2,0,0,0,7,8,8,9,1,2,0,0
4210,34.0,2020-05-31,1,2,0,0,8,14,0,11,0,4,0,0
4211,34.0,2020-06-30,2,2,1,0,8,20,6,8,3,8,0,0
4212,34.0,2020-07-31,2,0,0,0,8,18,19,18,0,8,2,0
4213,34.0,2020-08-31,1,1,0,1,5,14,3,14,0,8,1,1
4214,34.0,2020-09-30,0,0,1,1,6,16,10,14,1,6,2,0
4215,34.0,2020-10-31,0,2,0,0,6,14,4,22,1,2,0,0
4216,34.0,2020-11-30,1,1,0,0,3,4,4,5,0,1,0,0
4217,34.0,2020-12-31,0,1,0,1,4,6,9,13,0,4,0,0
4218,34.0,2021-01-31,0,2,6,2,2,10,17,8,2,6,0,0
4219,34.0,2021-02-28,1,1,0,0,6,7,5,11,0,1,0,0
4220,34.0,2021-03-31,0,0,0,0,3,11,11,5,0,7,0,0
4221,34.0,2021-04-30,1,1,0,0,4,4,5,17,2,0,0,1
4222,34.0,2021-05-31,0,2,0,0,5,14,10,12,0,6,1,0
4223,34.0,2021-06-30,1,0,0,0,11,15,10,18,2,5,2,0
4224,34.0,2021-07-31,0,0,1,0,6,14,17,11,3,4,1,0
4225,34.0,2021-08-31,0,4,0,1,7,21,4,16,0,2,0,2
4226,34.0,2021-09-30,0,4,0,0,8,21,14,17,0,5,1,0
4227,34.0,2021-10-31,0,5,0,1,6,16,6,19,2,5,0,1
4228,34.0,2021-11-30,0,2,0,0,8,10,4,22,3,2,1,0
4229,34.0,2021-12-31,2,0,0,0,8,5,11,17,2,2,1,0
4230,34.0,2022-01-31,2,1,0,1,6,7,8,21,0,3,1,0
4231,34.0,2022-02-28,1,2,0,0,6,10,6,17,1,2,1,0
4232,34.0,2022-03-31,0,2,1,0,7,17,11,24,3,7,1,1
4233,34.0,2022-04-30,2,2,0,0,3,12,13,13,1,4,1,0
4234,34.0,2022-05-31,0,7,1,0,8,32,9,20,3,11,0,0
4235,34.0,2022-06-30,1,4,0,2,12,18,6,27,2,6,0,2
4236,34.0,2022-07-31,0,1,0,1,6,21,10,39,1,8,0,2
4237,34.0,2022-08-31,0,8,0,1,12,23,8,21,5,10,2,0
4238,34.0,2022-09-30,1,3,2,1,7,17,15,22,0,4,0,0
4239,34.0,2022-10-31,1,1,0,0,6,16,13,30,2,9,1,1
4240,34.0,2022-11-30,1,1,0,0,11,13,7,23,1,4,3,0
4241,34.0,2022-12-31,0,3,0,1,4,8,12,15,0,3,1,0
4242,34.0,2023-01-31,0,3,0,0,7,10,8,24,0,4,0,1
4243,34.0,2023-02-28,1,2,0,1,2,10,6,22,0,6,0,0
4244,34.0,2023-03-31,1,1,0,1,2,8,7,21,0,1,0,1
4245,34.0,2023-04-30,0,2,1,0,7,13,9,20,1,7,2,0
4246,34.0,2023-05-31,3,3,1,1,12,9,12,16,0,4,1,1
4247,34.0,2023-06-30,1,5,0,0,12,15,13,17,0,4,1,0
4248,34.0,2023-07-31,0,4,0,1,11,27,31,33,2,7,1,1
4249,34.0,2023-08-31,0,6,1,3,7,19,23,27,1,5,0,0
4250,34.0,2023-09-30,1,3,0,1,4,12,10,25,0,3,0,1
4251,34.0,2023-10-31,0,1,0,1,7,12,15,29,2,5,1,0
4252,34.0,2023-11-30,1,4,1,1,7,16,17,30,2,10,0,2
4253,34.0,2023-12-31,0,1,0,2,7,20,13,24,2,10,3,2
4254,34.0,2024-01-31,1,3,0,0,5,9,11,24,2,5,0,0
4255,34.0,2024-02-29,1,1,0,0,7,20,9,16,1,10,0,2
4256,34.0,2024-03-31,2,3,2,1,8,16,6,19,1,8,0,1
4257,34.0,2024-04-30,2,3,0,0,9,15,10,26,0,6,0,1
4258,34.0,2024-05-31,1,0,0,0,6,14,7,25,0,4,1,2
4259,34.0,2024-06-30,0,10,1,1,8,30,12,33,3,13,0,1
4260,34.0,2024-07-31,1,3,1,0,8,11,13,29,3,2,2,0
4261,34.0,2024-08-31,0,4,3,1,6,17,8,22,0,5,1,0
4262,34.0,2024-09-30,2,4,0,3,11,22,5,17,3,10,0,1
4263,34.0,2024-10-31,0,1,0,1,7,19,7,28,2,6,1,0
4264,34.0,2024-11-30,0,5,1,3,8,14,12,21,0,5,1,0
4265,34.0,2024-12-31,0,0,0,2,5,5,4,26,1,2,0,1
4266,34.0,2025-01-31,1,2,1,1,8,8,4,29,2,5,0,0
4267,34.0,2025-02-28,2,5,0,2,10,10,7,20,3,3,0,0
4268,34.0,2025-03-31,1,4,1,2,11,16,15,27,1,5,2,3
4269,34.0,2025-04-30,3,2,2,1,11,17,17,17,0,6,1,0
4270,34.0,2025-05-31,0,3,0,1,10,15,4,20,3,4,1,0
4271,34.0,2025-06-30,1,4,3,1,9,20,14,15,2,12,2,0
4272,34.0,2025-07-31,0,1,0,1,6,15,13,27,3,3,1,1
4273,34.0,2025-08-31,0,4,0,1,8,18,14,29,2,4,2,1
4274,34.0,2025-09-30,1,6,3,1,6,16,21,26,2,9,2,1
4275,34.0,2025-10-31,1,2,2,0,12,13,8,17,5,6,2,0
4276,34.0,2025-11-30,2,7,2,5,7,17,17,34,2,7,2,0
4277,34.0,2025-12-31,2,2,0,0,9,16,15,21,6,6,0,2
4278,34.0,2026-01-31,0,3,0,0,2,16,10,28,0,6,0,0
4279,34.0,2026-02-28,0,4,2,0,6,13,6,24,1,4,0,1
4280,34.0,2026-03-31,1,1,1,0,3,10,12,24,1,5,0,1
4281,34.0,2026-04-30,1,5,0,1,7,19,11,23,0,11,0,0
4282,34.0,2026-05-31,2,6,1,2,4,27,16,33,1,9,1,0
4283,34.0,2026-06-30,2,6,0,1,6,16,3,19,1,2,0,3
4284,35.0,2016-01-31,0,6,1,1,11,34,27,60,4,14,2,0
4285,35.0,2016-02-29,2,6,0,1,17,35,15,59,3,14,2,3
4286,35.0,2016-03-31,2,14,1,3,14,43,19,60,4,16,2,1
4287,35.0,2016-04-30,5,9,0,8,20,39,21,61,2,14,1,1
4288,35.0,2016-05-31,2,14,0,7,19,43,20,49,2,24,4,2
4289,35.0,2016-06-30,4,12,1,5,14,54,14,54,5,25,2,4
4290,35.0,2016-07-31,3,6,1,4,20,38,27,36,5,16,4,6
4291,35.0,2016-08-31,0,4,0,4,17,34,31,44,3,21,6,4
4292,35.0,2016-09-30,5,6,1,7,22,35,32,57,5,17,2,1
4293,35.0,2016-10-31,6,14,2,17,13,49,25,81,3,27,3,3
4294,35.0,2016-11-30,3,8,1,20,13,43,21,78,2,21,1,5
4295,35.0,2016-12-31,4,4,0,15,24,28,14,63,8,14,1,1
4296,35.0,2017-01-31,1,17,0,15,16,54,19,62,3,26,1,2
4297,35.0,2017-02-28,4,6,3,11,17,39,12,41,2,20,3,1
4298,35.0,2017-03-31,5,11,2,18,18,42,22,63,2,12,3,1
4299,35.0,2017-04-30,2,9,1,20,15,41,21,63,4,14,3,0
4300,35.0,2017-05-31,3,8,2,16,19,41,14,54,4,17,0,1
4301,35.0,2017-06-30,6,16,1,11,16,56,19,69,7,28,4,1
4302,35.0,2017-07-31,4,9,0,8,15,46,18,73,2,26,1,1
4303,35.0,2017-08-31,7,6,0,8,19,39,21,55,2,21,1,4
4304,35.0,2017-09-30,2,10,0,16,15,42,16,70,5,20,2,4
4305,35.0,2017-10-31,2,6,1,11,23,48,24,60,2,24,2,2
4306,35.0,2017-11-30,5,12,0,13,18,55,16,71,3,29,3,1
4307,35.0,2017-12-31,1,15,0,10,14,39,18,36,3,23,2,1
4308,35.0,2018-01-31,5,8,0,6,19,32,11,57,4,12,0,3
4309,35.0,2018-02-28,4,6,2,7,13,32,19,47,0,15,2,0
4310,35.0,2018-03-31,1,11,0,4,19,46,20,56,7,22,3,5
4311,35.0,2018-04-30,2,10,1,7,20,54,25,53,7,24,3,2
4312,35.0,2018-05-31,2,8,1,12,23,52,18,75,6,21,1,0
4313,35.0,2018-06-30,3,13,3,5,25,61,36,48,5,25,6,2
4314,35.0,2018-07-31,0,4,1,12,14,45,25,65,3,21,3,5
4315,35.0,2018-08-31,2,14,2,11,16,47,31,70,4,23,5,4
4316,35.0,2018-09-30,4,11,2,13,22,59,28,71,2,30,5,1
4317,35.0,2018-10-31,2,11,0,10,22,54,13,60,4,23,1,4
4318,35.0,2018-11-30,2,8,1,11,24,45,18,61,8,21,2,1
4319,35.0,2018-12-31,2,10,1,8,22,51,7,66,8,23,3,4
4320,35.0,2019-01-31,1,11,0,10,15,43,10,60,8,24,2,4
4321,35.0,2019-02-28,2,9,3,8,22,48,16,51,5,20,6,5
4322,35.0,2019-03-31,4,10,0,6,26,66,16,43,8,21,2,3
4323,35.0,2019-04-30,8,10,0,6,29,43,15,49,5,17,4,0
4324,35.0,2019-05-31,3,7,0,4,25,48,23,53,5,18,5,2
4325,35.0,2019-06-30,1,3,1,4,23,41,21,64,6,21,2,5
4326,35.0,2019-07-31,2,9,0,5,20,68,25,62,4,33,0,0
4327,35.0,2019-08-31,2,7,0,3,22,47,17,60,5,26,2,0
4328,35.0,2019-09-30,1,11,0,5,22,58,22,78,7,33,2,3
4329,35.0,2019-10-31,2,6,3,13,26,48,19,86,3,23,4,0
4330,35.0,2019-11-30,3,13,0,11,23,35,15,62,4,21,0,2
4331,35.0,2019-12-31,2,4,4,8,16,29,19,76,2,11,2,5
4332,35.0,2020-01-31,4,7,0,4,22,45,15,59,5,17,4,3
4333,35.0,2020-02-29,3,8,1,7,16,37,23,51,1,19,2,4
4334,35.0,2020-03-31,3,7,1,1,21,46,16,31,3,21,2,1
4335,35.0,2020-04-30,0,1,1,1,6,26,12,21,0,14,1,2
4336,35.0,2020-05-31,4,8,2,2,10,37,14,36,3,20,2,3
4337,35.0,2020-06-30,1,7,0,1,17,35,13,29,3,23,3,3
4338,35.0,2020-07-31,2,4,1,2,24,41,20,37,6,19,4,2
4339,35.0,2020-08-31,2,5,0,2,24,42,25,36,5,20,4,3
4340,35.0,2020-09-30,1,10,0,2,21,45,13,50,3,21,3,2
4341,35.0,2020-10-31,0,7,1,3,21,33,18,30,5,16,7,3
4342,35.0,2020-11-30,3,4,0,6,18,37,26,43,6,20,3,2
4343,35.0,2020-12-31,0,6,0,1,17,34,17,22,1,21,3,2
4344,35.0,2021-01-31,1,7,0,2,11,36,16,30,5,26,6,5
4345,35.0,2021-02-28,0,5,0,3,11,34,11,31,4,23,5,2
4346,35.0,2021-03-31,2,6,1,1,14,45,10,39,4,23,2,3
4347,35.0,2021-04-30,2,4,0,2,28,26,19,40,8,17,5,4
4348,35.0,2021-05-31,1,5,0,1,15,38,21,43,5,22,4,2
4349,35.0,2021-06-30,0,7,0,4,21,53,29,49,3,28,4,3
4350,35.0,2021-07-31,1,4,0,4,33,45,15,44,6,22,6,2
4351,35.0,2021-08-31,3,6,0,1,33,33,22,48,8,20,5,6
4352,35.0,2021-09-30,1,4,0,1,25,41,11,41,3,26,4,2
4353,35.0,2021-10-31,4,3,1,0,21,46,19,36,6,22,5,2
4354,35.0,2021-11-30,0,4,0,3,16,32,21,38,6,15,1,2
4355,35.0,2021-12-31,0,2,0,3,18,30,18,38,5,17,3,3
4356,35.0,2022-01-31,3,3,0,0,20,28,18,39,5,15,0,2
4357,35.0,2022-02-28,1,5,0,0,18,36,20,38,4,22,4,6
4358,35.0,2022-03-31,1,4,0,0,17,33,14,45,3,16,3,4
4359,35.0,2022-04-30,1,3,0,0,16,27,18,46,5,13,2,1
4360,35.0,2022-05-31,3,3,0,2,20,48,27,60,9,22,5,4
4361,35.0,2022-06-30,1,5,1,1,26,52,24,77,6,27,3,6
4362,35.0,2022-07-31,1,6,0,0,17,51,34,51,6,30,4,5
4363,35.0,2022-08-31,3,7,1,2,24,40,27,83,3,18,3,3
4364,35.0,2022-09-30,2,2,1,0,31,41,24,66,8,22,0,2
4365,35.0,2022-10-31,1,5,1,0,16,47,25,56,4,25,5,1
4366,35.0,2022-11-30,3,3,0,0,23,44,22,48,8,21,3,0
4367,35.0,2022-12-31,3,6,2,2,24,30,44,56,9,18,2,1
4368,35.0,2023-01-31,2,6,1,2,25,35,35,52,5,15,5,1
4369,35.0,2023-02-28,2,1,0,1,16,28,11,53,2,15,1,1
4370,35.0,2023-03-31,2,7,0,1,16,41,14,42,4,22,0,3
4371,35.0,2023-04-30,0,3,1,3,10,47,28,42,2,19,2,5
4372,35.0,2023-05-31,3,5,4,2,34,52,50,56,2,30,3,1
4373,35.0,2023-06-30,1,11,0,0,24,41,27,51,5,23,1,2
4374,35.0,2023-07-31,0,7,1,0,27,45,34,55,7,26,4,2
4375,35.0,2023-08-31,1,6,1,2,23,61,34,70,6,26,1,2
4376,35.0,2023-09-30,2,3,0,2,23,56,44,79,7,27,2,7
4377,35.0,2023-10-31,2,1,0,1,25,40,43,60,7,16,3,3
4378,35.0,2023-11-30,2,8,1,2,20,42,31,54,4,28,5,1
4379,35.0,2023-12-31,1,4,1,2,18,33,33,66,8,14,5,4
4380,35.0,2024-01-31,2,5,1,2,27,36,33,41,6,18,0,4
4381,35.0,2024-02-29,3,4,0,2,26,32,22,42,8,13,0,2
4382,35.0,2024-03-31,1,9,3,1,21,41,33,42,8,15,2,2
4383,35.0,2024-04-30,1,4,2,3,26,41,32,50,3,22,5,3
4384,35.0,2024-05-31,3,13,1,4,35,58,27,60,9,15,5,3
4385,35.0,2024-06-30,1,8,0,2,20,58,24,65,3,24,2,8
4386,35.0,2024-07-31,3,5,0,3,16,56,28,66,3,29,2,3
4387,35.0,2024-08-31,4,4,0,3,27,41,29,85,7,13,4,2
4388,35.0,2024-09-30,1,6,1,4,26,45,30,66,6,22,4,4
4389,35.0,2024-10-31,1,5,0,4,19,57,40,75,4,18,3,3
4390,35.0,2024-11-30,2,6,3,4,19,38,19,43,1,18,3,1
4391,35.0,2024-12-31,1,9,1,2,21,50,14,50,3,29,2,4
4392,35.0,2025-01-31,4,9,1,2,28,44,21,46,6,21,2,3
4393,35.0,2025-02-28,1,10,0,1,26,35,22,40,5,14,3,3
4394,35.0,2025-03-31,3,2,0,1,23,42,22,45,4,15,4,5
4395,35.0,2025-04-30,3,10,1,1,26,36,23,45,8,14,6,4
4396,35.0,2025-05-31,4,6,1,0,27,42,38,64,6,17,2,3
4397,35.0,2025-06-30,3,7,0,1,23,55,31,43,3,21,2,2
4398,35.0,2025-07-31,2,9,1,5,16,44,31,69,4,22,1,4
4399,35.0,2025-08-31,3,7,0,2,22,38,39,57,3,18,3,3
4400,35.0,2025-09-30,2,3,2,1,22,50,30,64,5,24,6,1
4401,35.0,2025-10-31,7,7,0,5,23,39,27,63,7,18,4,7
4402,35.0,2025-11-30,4,10,0,4,26,35,21,57,4,13,2,5
4403,35.0,2025-12-31,2,6,1,2,16,36,40,65,3,19,2,5
4404,35.0,2026-01-31,2,8,0,5,20,36,44,52,4,17,0,3
4405,35.0,2026-02-28,4,8,0,5,15,35,64,42,2,18,2,1
4406,35.0,2026-03-31,0,3,2,3,21,42,31,49,5,22,1,7
4407,35.0,2026-04-30,4,5,2,0,18,32,16,44,4,15,0,4
4408,35.0,2026-05-31,2,12,1,5,26,51,27,55,5,28,3,3
4409,35.0,2026-06-30,1,3,1,3,14,25,19,35,1,8,5,4
4410,36.0,2016-01-31,0,1,0,0,5,7,7,7,3,6,3,1
4411,36.0,2016-02-29,0,0,0,0,1,7,7,8,1,5,1,0
4412,36.0,2016-03-31,3,0,0,0,4,7,9,13,0,5,0,3
4413,36.0,2016-04-30,1,5,0,0,5,12,3,23,2,8,1,4
4414,36.0,2016-05-31,1,0,0,0,10,13,8,15,2,8,1,5
4415,36.0,2016-06-30,1,1,0,0,3,9,12,17,1,6,2,2
4416,36.0,2016-07-31,0,3,0,0,2,13,10,22,0,7,1,2
4417,36.0,2016-08-31,0,2,0,1,9,8,9,14,1,7,2,0
4418,36.0,2016-09-30,1,1,0,0,6,11,4,18,3,7,0,1
4419,36.0,2016-10-31,2,3,0,0,5,11,10,21,2,9,0,0
4420,36.0,2016-11-30,0,0,0,0,3,8,2,18,0,6,0,0
4421,36.0,2016-12-31,0,2,0,0,3,14,9,14,2,9,2,2
4422,36.0,2017-01-31,0,0,0,0,2,9,7,14,1,5,1,0
4423,36.0,2017-02-28,0,0,0,0,2,12,4,10,0,7,1,1
4424,36.0,2017-03-31,0,1,2,0,4,12,8,11,2,10,3,2
4425,36.0,2017-04-30,1,0,0,1,7,6,12,8,3,3,2,0
4426,36.0,2017-05-31,0,1,2,0,5,9,8,15,3,5,1,4
4427,36.0,2017-06-30,0,0,0,0,5,14,14,16,2,7,2,0
4428,36.0,2017-07-31,1,0,0,0,4,13,10,14,1,9,1,0
4429,36.0,2017-08-31,0,2,0,1,11,13,19,18,5,9,1,1
4430,36.0,2017-09-30,0,0,1,0,7,7,6,12,3,2,2,0
4431,36.0,2017-10-31,1,1,0,0,6,6,7,9,3,5,1,0
4432,36.0,2017-11-30,0,3,0,0,6,9,10,3,4,7,2,0
4433,36.0,2017-12-31,0,0,1,0,3,13,5,14,1,11,2,5
4434,36.0,2018-01-31,1,1,2,0,5,10,12,5,1,5,4,1
4435,36.0,2018-02-28,0,1,0,0,6,7,8,13,5,5,3,2
4436,36.0,2018-03-31,0,0,1,0,3,11,6,9,2,8,1,0
4437,36.0,2018-04-30,0,4,0,0,5,7,4,11,2,3,1,1
4438,36.0,2018-05-31,1,1,0,0,10,11,11,18,4,5,3,4
4439,36.0,2018-06-30,0,0,0,0,5,14,7,22,1,7,2,2
4440,36.0,2018-07-31,0,0,1,0,4,14,11,8,2,10,6,2
4441,36.0,2018-08-31,1,1,0,0,10,16,4,13,3,9,1,1
4442,36.0,2018-09-30,0,2,0,0,5,8,10,8,2,5,0,1
4443,36.0,2018-10-31,0,1,0,0,4,13,12,9,1,10,1,0
4444,36.0,2018-11-30,0,0,2,0,5,9,7,9,3,7,1,2
4445,36.0,2018-12-31,0,1,0,0,4,11,4,9,0,11,1,0
4446,36.0,2019-01-31,0,0,0,0,5,10,5,10,4,8,1,1
4447,36.0,2019-02-28,0,0,0,0,2,5,6,9,1,2,1,3
4448,36.0,2019-03-31,1,1,0,0,10,10,3,10,5,9,1,1
4449,36.0,2019-04-30,0,2,1,1,5,13,8,8,2,8,3,0
4450,36.0,2019-05-31,0,4,0,0,12,17,4,9,2,13,1,0
4451,36.0,2019-06-30,1,3,0,0,8,12,9,18,3,10,5,2
4452,36.0,2019-07-31,0,1,0,1,3,12,6,14,1,9,0,1
4453,36.0,2019-08-31,1,1,0,0,9,11,12,16,4,4,0,1
4454,36.0,2019-09-30,0,1,1,0,6,15,14,4,4,12,1,1
4455,36.0,2019-10-31,3,2,0,0,9,8,7,12,2,7,1,3
4456,36.0,2019-11-30,0,2,1,0,3,8,5,12,1,7,2,1
4457,36.0,2019-12-31,0,0,0,0,1,6,4,8,0,3,1,1
4458,36.0,2020-01-31,0,0,0,0,4,9,4,4,1,5,2,0
4459,36.0,2020-02-29,0,3,0,0,4,15,4,9,1,11,0,0
4460,36.0,2020-03-31,1,0,1,0,5,9,11,6,0,4,3,1
4461,36.0,2020-04-30,0,2,0,0,7,5,5,6,2,4,2,1
4462,36.0,2020-05-31,1,2,0,0,5,8,5,13,1,7,0,0
4463,36.0,2020-06-30,0,2,0,0,1,10,10,7,1,6,1,0
4464,36.0,2020-07-31,0,0,1,0,10,11,5,10,3,10,1,1
4465,36.0,2020-08-31,1,1,0,0,7,9,8,18,1,7,1,2
4466,36.0,2020-09-30,0,1,0,0,5,13,6,7,2,11,0,1
4467,36.0,2020-10-31,1,1,0,0,10,10,11,9,3,6,1,1
4468,36.0,2020-11-30,2,1,0,0,5,8,6,7,1,4,2,3
4469,36.0,2020-12-31,3,0,0,0,8,13,8,3,5,9,0,0
4470,36.0,2021-01-31,0,3,0,0,5,4,3,6,1,3,1,1
4471,36.0,2021-02-28,1,2,0,0,5,9,3,4,1,6,1,0
4472,36.0,2021-03-31,0,1,0,0,4,8,9,8,1,6,1,1
4473,36.0,2021-04-30,1,1,0,0,7,11,3,6,5,9,0,0
4474,36.0,2021-05-31,0,2,0,0,6,6,8,13,0,4,3,4
4475,36.0,2021-06-30,0,1,0,0,5,7,5,10,3,6,3,2
4476,36.0,2021-07-31,1,1,0,0,5,10,6,4,2,8,3,0
4477,36.0,2021-08-31,2,0,0,0,8,11,7,7,4,6,3,1
4478,36.0,2021-09-30,0,1,0,0,8,20,8,4,4,13,1,1
4479,36.0,2021-10-31,0,1,0,0,4,9,9,10,0,5,3,0
4480,36.0,2021-11-30,0,2,0,0,3,12,7,12,3,10,3,2
4481,36.0,2021-12-31,0,2,0,0,4,14,4,6,4,12,0,1
4482,36.0,2022-01-31,0,2,0,0,4,11,1,7,3,9,0,0
4483,36.0,2022-02-28,0,3,0,0,3,9,7,6,1,6,3,0
4484,36.0,2022-03-31,1,1,0,0,8,10,5,12,1,6,1,0
4485,36.0,2022-04-30,0,3,0,0,2,12,4,3,0,10,2,1
4486,36.0,2022-05-31,0,0,0,0,10,10,6,18,3,6,1,1
4487,36.0,2022-06-30,0,1,0,0,9,19,6,8,5,11,1,1
4488,36.0,2022-07-31,1,0,0,0,13,15,9,21,6,8,1,2
4489,36.0,2022-08-31,1,2,0,0,6,8,9,14,2,7,0,0
4490,36.0,2022-09-30,0,3,0,0,7,13,8,6,2,7,1,1
4491,36.0,2022-10-31,0,2,0,0,2,5,6,18,0,5,1,3
4492,36.0,2022-11-30,0,2,0,0,6,9,12,12,0,6,1,3
4493,36.0,2022-12-31,0,2,0,0,8,8,14,9,2,4,0,0
4494,36.0,2023-01-31,0,2,0,0,7,10,11,9,3,7,2,2
4495,36.0,2023-02-28,0,1,1,1,1,9,10,10,0,7,1,3
4496,36.0,2023-03-31,0,2,0,1,5,14,7,11,2,14,1,2
4497,36.0,2023-04-30,0,3,0,1,4,13,14,9,1,8,3,1
4498,36.0,2023-05-31,0,2,0,0,9,9,22,16,3,7,1,1
4499,36.0,2023-06-30,0,4,0,1,16,9,12,15,5,4,1,3
4500,36.0,2023-07-31,0,5,0,0,7,21,16,23,1,12,2,2
4501,36.0,2023-08-31,1,5,0,0,10,20,12,18,5,14,2,0
4502,36.0,2023-09-30,1,2,1,0,14,18,16,14,7,17,2,0
4503,36.0,2023-10-31,0,5,1,0,4,18,4,14,1,16,1,0
4504,36.0,2023-11-30,0,0,0,0,3,10,14,7,0,6,5,0
4505,36.0,2023-12-31,0,5,0,0,5,13,6,9,2,10,1,0
4506,36.0,2024-01-31,0,1,0,0,10,7,15,13,4,5,1,2
4507,36.0,2024-02-29,0,1,0,0,9,3,11,8,5,2,1,0
4508,36.0,2024-03-31,0,0,0,0,6,8,12,20,4,7,1,0
4509,36.0,2024-04-30,1,3,0,0,7,15,9,11,5,10,0,1
4510,36.0,2024-05-31,2,2,0,0,10,13,12,7,4,8,0,0
4511,36.0,2024-06-30,1,1,0,0,9,19,8,12,3,13,2,0
4512,36.0,2024-07-31,2,3,0,0,7,20,10,16,3,9,0,4
4513,36.0,2024-08-31,0,1,0,0,8,9,15,15,3,6,1,1
4514,36.0,2024-09-30,0,1,0,0,3,14,6,17,2,12,1,1
4515,36.0,2024-10-31,0,3,0,0,8,15,12,17,6,12,1,0
4516,36.0,2024-11-30,0,0,0,0,8,12,9,15,3,8,4,2
4517,36.0,2024-12-31,0,1,0,0,6,8,10,18,4,6,5,2
4518,36.0,2025-01-31,1,0,0,0,6,7,4,10,0,4,0,2
4519,36.0,2025-02-28,0,1,0,0,2,8,8,13,0,4,1,3
4520,36.0,2025-03-31,0,2,0,0,3,16,10,11,0,11,2,1
4521,36.0,2025-04-30,1,0,0,1,13,10,11,11,5,5,1,0
4522,36.0,2025-05-31,0,3,0,0,9,14,15,13,3,9,7,1
4523,36.0,2025-06-30,1,0,0,0,9,13,11,18,2,7,2,2
4524,36.0,2025-07-31,1,4,0,0,4,19,16,21,2,12,0,0
4525,36.0,2025-08-31,0,3,0,0,4,8,13,13,0,6,1,1
4526,36.0,2025-09-30,0,2,0,0,6,15,5,15,4,10,1,2
4527,36.0,2025-10-31,1,3,0,0,5,9,15,11,3,7,0,3
4528,36.0,2025-11-30,1,4,0,1,10,13,6,6,3,11,1,0
4529,36.0,2025-12-31,0,5,0,0,1,15,9,11,1,12,2,0
4530,36.0,2026-01-31,0,7,0,0,7,16,20,9,4,12,2,2
4531,36.0,2026-02-28,1,1,1,0,2,11,7,11,2,9,2,2
4532,36.0,2026-03-31,0,0,0,0,4,16,6,17,2,13,2,2
4533,36.0,2026-04-30,3,3,0,0,8,10,4,11,3,9,1,1
4534,36.0,2026-05-31,0,4,0,0,9,14,15,9,3,9,2,1
4535,36.0,2026-06-30,0,1,0,0,8,10,11,10,4,7,0,1
4536,37.0,2016-01-31,4,1,1,4,9,11,5,15,4,6,0,2
4537,37.0,2016-02-29,1,2,0,0,9,6,3,9,3,4,0,1
4538,37.0,2016-03-31,0,0,1,6,7,12,3,14,2,5,2,1
4539,37.0,2016-04-30,2,3,2,5,6,19,14,19,3,8,4,3
4540,37.0,2016-05-31,2,0,1,3,6,13,10,16,1,9,3,1
4541,37.0,2016-06-30,2,3,4,8,7,18,9,29,0,12,3,2
4542,37.0,2016-07-31,0,0,0,2,12,16,10,21,2,9,0,1
4543,37.0,2016-08-31,1,5,1,2,9,19,9,26,3,12,2,0
4544,37.0,2016-09-30,0,2,0,4,9,19,7,27,2,7,2,1
4545,37.0,2016-10-31,2,5,0,3,10,15,7,28,5,6,0,1
4546,37.0,2016-11-30,2,2,0,2,5,13,5,22,0,7,0,0
4547,37.0,2016-12-31,2,3,0,1,7,10,9,13,1,3,1,0
4548,37.0,2017-01-31,0,2,0,1,5,9,6,13,1,6,1,0
4549,37.0,2017-02-28,0,3,0,1,3,10,6,8,0,6,0,0
4550,37.0,2017-03-31,0,1,1,0,7,8,8,9,2,2,1,1
4551,37.0,2017-04-30,1,2,1,1,6,11,11,24,0,7,0,2
4552,37.0,2017-05-31,0,2,0,1,9,11,9,15,1,5,1,0
4553,37.0,2017-06-30,1,2,2,1,10,17,11,26,1,9,5,1
4554,37.0,2017-07-31,1,6,0,2,8,20,9,21,4,11,0,2
4555,37.0,2017-08-31,5,2,1,1,11,12,7,20,2,6,0,0
4556,37.0,2017-09-30,3,2,1,2,10,17,7,29,3,7,0,1
4557,37.0,2017-10-31,1,4,3,2,6,12,10,18,2,5,1,2
4558,37.0,2017-11-30,0,4,0,0,4,13,3,11,0,8,0,1
4559,37.0,2017-12-31,0,2,0,0,6,17,1,16,1,13,0,0
4560,37.0,2018-01-31,1,4,0,0,6,9,6,8,3,3,0,0
4561,37.0,2018-02-28,0,1,0,1,10,11,5,11,2,4,2,1
4562,37.0,2018-03-31,1,1,1,1,7,12,8,8,0,5,2,1
4563,37.0,2018-04-30,0,4,0,0,3,11,8,10,0,6,1,0
4564,37.0,2018-05-31,1,5,1,1,4,21,9,14,0,12,2,0
4565,37.0,2018-06-30,0,4,1,0,4,19,18,14,0,10,1,3
4566,37.0,2018-07-31,1,2,0,0,5,15,7,15,1,8,1,1
4567,37.0,2018-08-31,2,5,0,0,10,17,9,13,3,11,3,0
4568,37.0,2018-09-30,1,7,0,2,6,19,6,27,0,10,1,0
4569,37.0,2018-10-31,3,4,0,1,10,23,6,12,4,12,0,0
4570,37.0,2018-11-30,1,1,0,0,5,15,5,21,0,7,1,0
4571,37.0,2018-12-31,0,2,0,0,2,6,2,8,0,1,0,0
4572,37.0,2019-01-31,0,1,0,0,7,11,4,8,3,4,0,1
4573,37.0,2019-02-28,1,4,1,3,7,12,9,15,0,2,0,0
4574,37.0,2019-03-31,1,4,2,0,6,18,8,13,2,10,3,0
4575,37.0,2019-04-30,0,4,1,2,8,13,10,13,2,6,1,3
4576,37.0,2019-05-31,0,4,0,2,3,17,8,15,2,8,1,1
4577,37.0,2019-06-30,1,4,2,0,7,18,5,15,0,8,0,2
4578,37.0,2019-07-31,0,1,0,1,2,12,6,15,1,5,3,1
4579,37.0,2019-08-31,0,3,0,1,5,12,5,18,1,5,1,0
4580,37.0,2019-09-30,0,3,1,2,6,15,12,16,0,6,0,0
4581,37.0,2019-10-31,0,2,0,1,11,14,7,13,3,5,2,0
4582,37.0,2019-11-30,1,5,0,1,5,10,7,13,2,2,0,0
4583,37.0,2019-12-31,1,1,0,1,3,8,6,17,0,3,1,0
4584,37.0,2020-01-31,1,3,1,0,5,11,5,13,0,4,1,0
4585,37.0,2020-02-29,2,2,0,0,8,11,4,10,1,6,0,0
4586,37.0,2020-03-31,2,1,0,1,6,8,12,12,1,3,1,1
4587,37.0,2020-04-30,1,1,0,0,6,7,6,4,3,2,2,0
4588,37.0,2020-05-31,2,3,0,1,4,12,12,4,1,6,0,0
4589,37.0,2020-06-30,1,1,1,4,10,13,7,11,2,8,2,0
4590,37.0,2020-07-31,1,2,0,1,7,15,5,8,1,4,1,1
4591,37.0,2020-08-31,0,0,0,0,11,12,5,6,4,6,0,1
4592,37.0,2020-09-30,0,1,0,1,6,9,1,7,2,3,1,1
4593,37.0,2020-10-31,0,2,0,0,7,11,3,3,3,2,0,0
4594,37.0,2020-11-30,0,1,1,0,5,8,5,5,1,3,0,0
4595,37.0,2020-12-31,1,4,2,0,8,12,6,5,3,5,0,0
4596,37.0,2021-01-31,2,0,0,1,6,8,8,4,0,3,0,0
4597,37.0,2021-02-28,0,0,0,0,3,4,1,1,1,2,0,0
4598,37.0,2021-03-31,2,0,0,0,7,10,6,6,4,1,0,1
4599,37.0,2021-04-30,0,3,0,0,5,9,3,8,3,5,0,1
4600,37.0,2021-05-31,0,2,0,0,10,9,3,5,3,4,1,0
4601,37.0,2021-06-30,1,0,0,0,3,10,6,6,0,5,2,1
4602,37.0,2021-07-31,1,1,1,0,9,15,5,10,3,8,0,0
4603,37.0,2021-08-31,2,1,3,0,14,11,13,4,4,5,5,0
4604,37.0,2021-09-30,0,1,0,0,4,12,14,10,0,5,2,1
4605,37.0,2021-10-31,0,1,0,0,6,9,4,7,1,3,1,1
4606,37.0,2021-11-30,0,1,0,0,2,11,3,9,1,4,0,0
4607,37.0,2021-12-31,0,0,0,0,6,11,6,5,3,6,3,0
4608,37.0,2022-01-31,0,0,0,0,3,9,4,6,0,4,1,0
4609,37.0,2022-02-28,1,0,0,1,4,7,5,17,1,2,0,4
4610,37.0,2022-03-31,0,1,1,0,4,8,6,7,0,4,0,2
4611,37.0,2022-04-30,0,0,0,0,9,7,7,11,2,4,3,2
4612,37.0,2022-05-31,1,1,1,0,6,14,4,13,0,4,1,4
4613,37.0,2022-06-30,1,2,0,0,8,20,10,5,1,12,2,0
4614,37.0,2022-07-31,3,0,0,0,10,11,4,7,1,3,0,0
4615,37.0,2022-08-31,0,0,0,1,5,4,7,16,1,0,2,2
4616,37.0,2022-09-30,0,0,0,0,8,6,4,6,0,3,0,2
4617,37.0,2022-10-31,0,1,0,0,2,12,8,10,0,5,2,1
4618,37.0,2022-11-30,2,0,0,0,6,5,7,6,4,3,0,0
4619,37.0,2022-12-31,0,1,0,0,0,7,7,12,0,3,0,2
4620,37.0,2023-01-31,1,0,0,1,12,8,5,13,3,4,2,2
4621,37.0,2023-02-28,1,2,0,0,7,13,3,5,1,7,1,1
4622,37.0,2023-03-31,0,0,0,0,7,14,2,6,3,8,0,0
4623,37.0,2023-04-30,0,3,2,0,7,14,7,9,1,2,0,1
4624,37.0,2023-05-31,0,1,0,0,9,9,3,6,1,6,0,2
4625,37.0,2023-06-30,2,2,0,0,7,12,7,6,1,6,2,2
4626,37.0,2023-07-31,1,2,0,0,4,11,3,9,1,7,0,1
4627,37.0,2023-08-31,1,2,0,0,11,17,9,13,2,2,2,2
4628,37.0,2023-09-30,1,4,0,0,4,9,10,10,1,6,0,0
4629,37.0,2023-10-31,1,1,0,1,8,12,3,7,0,5,1,0
4630,37.0,2023-11-30,1,2,0,1,4,12,6,7,1,8,1,1
4631,37.0,2023-12-31,2,2,0,1,11,11,6,15,1,7,2,2
4632,37.0,2024-01-31,1,0,1,0,2,10,4,4,1,5,1,1
4633,37.0,2024-02-29,0,3,1,0,3,10,5,6,0,3,1,0
4634,37.0,2024-03-31,2,3,1,0,12,16,5,6,2,8,0,1
4635,37.0,2024-04-30,0,5,0,0,5,16,3,10,1,6,0,2
4636,37.0,2024-05-31,1,1,0,2,8,12,10,15,2,5,0,0
4637,37.0,2024-06-30,1,3,0,0,6,23,5,6,2,11,0,1
4638,37.0,2024-07-31,1,3,1,0,8,15,9,16,1,4,2,1
4639,37.0,2024-08-31,1,6,1,0,6,18,8,12,0,7,0,0
4640,37.0,2024-09-30,2,0,0,0,9,12,8,10,2,6,0,1
4641,37.0,2024-10-31,0,1,0,0,5,11,3,4,1,4,0,0
4642,37.0,2024-11-30,0,6,1,0,5,16,4,6,1,6,0,0
4643,37.0,2024-12-31,0,1,1,0,3,4,5,8,0,2,1,0
4644,37.0,2025-01-31,1,2,1,1,6,7,6,9,1,3,0,0
4645,37.0,2025-02-28,1,1,1,1,6,6,5,9,1,3,0,0
4646,37.0,2025-03-31,0,5,0,0,2,16,3,6,0,8,0,0
4647,37.0,2025-04-30,1,2,0,0,7,9,5,7,4,3,0,0
4648,37.0,2025-05-31,2,1,0,0,4,12,5,8,1,4,0,0
4649,37.0,2025-06-30,0,0,1,1,8,12,8,18,0,5,0,4
4650,37.0,2025-07-31,2,3,1,0,5,9,5,6,1,4,0,0
4651,37.0,2025-08-31,1,6,1,0,5,19,5,15,0,9,0,0
4652,37.0,2025-09-30,1,3,1,0,6,14,10,5,1,5,2,0
4653,37.0,2025-10-31,0,2,0,0,4,10,5,8,1,4,1,0
4654,37.0,2025-11-30,0,0,0,0,7,11,3,9,1,5,0,2
4655,37.0,2025-12-31,3,2,0,0,5,8,4,16,1,4,1,0
4656,37.0,2026-01-31,2,1,0,1,6,7,3,11,1,3,2,0
4657,37.0,2026-02-28,0,2,0,0,4,7,2,2,1,3,0,0
4658,37.0,2026-03-31,2,3,1,1,6,9,8,6,1,2,1,0
4659,37.0,2026-04-30,2,1,0,0,7,7,5,3,1,2,0,0
4660,37.0,2026-05-31,0,4,0,0,5,13,8,16,0,3,0,1
4661,37.0,2026-06-30,2,2,0,2,4,14,5,9,1,2,1,0
4662,38.0,2016-01-31,1,9,2,6,14,50,25,58,1,31,6,3
4663,38.0,2016-02-29,3,8,0,5,20,38,21,41,4,27,5,3
4664,38.0,2016-03-31,5,9,6,10,29,55,42,56,9,25,9,3
4665,38.0,2016-04-30,1,12,0,7,18,45,31,52,6,29,5,2
4666,38.0,2016-05-31,2,11,2,5,17,52,40,60,9,32,9,3
4667,38.0,2016-06-30,8,13,2,4,31,70,41,62,10,44,8,5
4668,38.0,2016-07-31,3,7,3,6,25,66,43,83,6,40,5,6
4669,38.0,2016-08-31,4,20,3,8,34,83,48,76,15,50,6,4
4670,38.0,2016-09-30,3,9,2,6,23,55,50,66,6,41,5,4
4671,38.0,2016-10-31,2,12,1,11,19,59,37,70,6,34,4,3
4672,38.0,2016-11-30,1,7,3,4,18,55,31,52,6,36,6,5
4673,38.0,2016-12-31,2,7,0,5,16,35,28,52,7,23,2,2
4674,38.0,2017-01-31,2,6,0,2,15,46,26,42,5,33,2,1
4675,38.0,2017-02-28,1,12,1,3,19,58,37,48,5,35,3,1
4676,38.0,2017-03-31,3,8,1,6,23,48,31,61,7,25,6,3
4677,38.0,2017-04-30,2,6,1,4,20,60,37,51,5,38,6,6
4678,38.0,2017-05-31,6,10,2,6,29,55,29,61,8,39,2,3
4679,38.0,2017-06-30,4,16,2,5,25,70,28,49,10,39,3,3
4680,38.0,2017-07-31,1,13,1,4,21,74,43,53,6,49,5,4
4681,38.0,2017-08-31,5,10,2,2,32,81,28,59,8,46,3,2
4682,38.0,2017-09-30,1,11,0,3,22,49,27,58,9,24,4,5
4683,38.0,2017-10-31,4,12,1,8,32,72,46,61,7,42,2,5
4684,38.0,2017-11-30,3,14,2,5,22,79,32,50,5,48,8,1
4685,38.0,2017-12-31,3,11,2,4,26,52,23,54,7,35,3,7
4686,38.0,2018-01-31,4,13,0,3,17,53,27,44,1,31,4,4
4687,38.0,2018-02-28,3,15,1,4,18,61,25,34,7,34,5,5
4688,38.0,2018-03-31,3,15,3,2,31,47,40,46,11,24,12,4
4689,38.0,2018-04-30,1,15,0,6,19,71,33,60,7,35,4,3
4690,38.0,2018-05-31,4,9,3,0,33,76,44,59,12,46,9,6
4691,38.0,2018-06-30,2,14,1,4,22,63,36,59,4,37,5,6
4692,38.0,2018-07-31,1,18,2,3,17,87,39,62,2,57,7,3
4693,38.0,2018-08-31,4,9,4,2,21,71,32,55,9,49,3,3
4694,38.0,2018-09-30,6,11,1,4,33,54,23,53,12,33,7,3
4695,38.0,2018-10-31,4,10,2,4,30,48,21,43,12,30,8,1
4696,38.0,2018-11-30,5,19,3,8,18,75,22,41,10,37,6,4
4697,38.0,2018-12-31,3,10,1,2,23,56,26,58,6,35,6,5
4698,38.0,2019-01-31,7,10,2,6,22,58,13,36,6,36,4,2
4699,38.0,2019-02-28,0,10,2,8,12,50,28,43,5,40,2,4
4700,38.0,2019-03-31,2,18,5,3,15,68,25,42,5,41,10,4
4701,38.0,2019-04-30,3,14,0,8,20,53,15,64,5,34,1,9
4702,38.0,2019-05-31,8,18,5,2,36,85,31,53,11,42,4,3
4703,38.0,2019-06-30,4,26,4,2,22,78,43,83,5,42,9,5
4704,38.0,2019-07-31,4,17,3,10,30,58,35,78,11,31,8,3
4705,38.0,2019-08-31,2,15,3,8,25,75,37,64,11,47,14,4
4706,38.0,2019-09-30,4,13,2,2,26,81,35,67,6,50,9,8
4707,38.0,2019-10-31,4,14,2,0,31,62,33,48,11,50,10,4
4708,38.0,2019-11-30,2,6,0,1,18,45,27,61,3,28,5,8
4709,38.0,2019-12-31,2,9,2,3,21,63,26,61,6,41,8,8
4710,38.0,2020-01-31,2,11,0,3,25,54,22,42,5,30,4,3
4711,38.0,2020-02-29,5,15,1,6,25,48,27,61,5,25,6,5
4712,38.0,2020-03-31,0,17,3,7,20,63,23,36,8,37,4,6
4713,38.0,2020-04-30,0,9,2,1,19,48,21,30,4,29,3,6
4714,38.0,2020-05-31,6,5,3,3,23,53,35,40,5,32,6,0
4715,38.0,2020-06-30,3,5,0,1,27,65,66,33,12,30,9,0
4716,38.0,2020-07-31,4,3,3,1,26,59,52,47,12,36,9,8
4717,38.0,2020-08-31,2,4,3,2,30,64,35,57,11,31,10,4
4718,38.0,2020-09-30,2,6,1,2,24,56,26,43,5,33,9,4
4719,38.0,2020-10-31,1,5,1,2,23,35,28,45,4,18,9,2
4720,38.0,2020-11-30,2,2,2,2,31,43,25,52,7,29,5,3
4721,38.0,2020-12-31,1,2,2,0,22,45,28,34,6,30,5,6
4722,38.0,2021-01-31,1,5,2,3,21,45,31,34,9,28,9,6
4723,38.0,2021-02-28,2,8,0,4,31,43,25,27,7,24,2,3
4724,38.0,2021-03-31,1,6,4,2,20,38,24,31,6,26,8,3
4725,38.0,2021-04-30,3,5,1,2,25,41,22,35,9,23,6,6
4726,38.0,2021-05-31,0,8,1,1,18,53,34,27,3,38,13,9
4727,38.0,2021-06-30,2,5,0,2,39,61,34,37,15,30,11,5
4728,38.0,2021-07-31,1,3,4,2,31,44,41,29,10,27,8,1
4729,38.0,2021-08-31,2,1,1,1,31,38,33,45,15,24,5,6
4730,38.0,2021-09-30,3,8,1,0,36,52,34,39,14,26,8,1
4731,38.0,2021-10-31,2,4,1,0,30,48,28,49,12,28,7,5
4732,38.0,2021-11-30,4,8,0,0,31,47,30,46,13,22,6,4
4733,38.0,2021-12-31,0,2,0,1,21,39,24,53,8,27,6,5
4734,38.0,2022-01-31,0,6,0,0,16,52,36,47,5,30,8,5
4735,38.0,2022-02-28,0,7,0,2,16,43,23,35,4,29,4,4
4736,38.0,2022-03-31,2,6,0,1,26,54,26,52,7,29,6,5
4737,38.0,2022-04-30,2,5,1,1,26,40,28,38,6,26,4,5
4738,38.0,2022-05-31,2,8,0,0,25,51,29,56,12,29,8,8
4739,38.0,2022-06-30,2,4,2,1,23,49,38,50,7,29,16,5
4740,38.0,2022-07-31,3,4,2,2,26,46,47,57,9,30,4,6
4741,38.0,2022-08-31,2,6,0,0,24,57,44,56,7,31,3,3
4742,38.0,2022-09-30,2,7,0,1,31,48,41,49,6,28,4,4
4743,38.0,2022-10-31,6,11,1,0,35,62,48,54,10,32,6,5
4744,38.0,2022-11-30,1,10,0,1,23,48,41,45,6,24,4,3
4745,38.0,2022-12-31,3,5,1,0,28,42,34,47,8,27,4,5
4746,38.0,2023-01-31,2,3,0,2,36,48,38,41,10,32,4,2
4747,38.0,2023-02-28,4,8,2,0,27,47,31,43,4,35,3,3
4748,38.0,2023-03-31,4,4,1,1,36,41,35,48,10,20,9,5
4749,38.0,2023-04-30,3,13,1,0,33,66,53,54,16,31,6,2
4750,38.0,2023-05-31,2,6,4,2,32,61,42,63,7,31,5,7
4751,38.0,2023-06-30,1,9,2,0,49,83,62,54,13,51,11,7
4752,38.0,2023-07-31,2,7,4,1,26,51,66,54,9,37,12,10
4753,38.0,2023-08-31,6,17,3,1,33,66,48,61,12,28,10,5
4754,38.0,2023-09-30,3,5,0,1,19,67,36,68,10,44,8,3
4755,38.0,2023-10-31,2,7,0,0,35,54,39,56,9,32,6,3
4756,38.0,2023-11-30,2,8,0,1,30,57,36,41,10,36,4,0
4757,38.0,2023-12-31,4,5,0,1,36,62,37,59,10,42,3,4
4758,38.0,2024-01-31,1,13,1,0,24,67,40,47,8,39,6,3
4759,38.0,2024-02-29,1,11,0,1,22,53,46,39,9,30,9,2
4760,38.0,2024-03-31,4,7,3,0,36,60,43,51,9,34,8,4
4761,38.0,2024-04-30,4,6,0,1,35,54,41,57,12,36,9,5
4762,38.0,2024-05-31,5,7,1,1,39,58,39,59,15,37,3,2
4763,38.0,2024-06-30,4,10,3,1,33,51,52,70,16,28,11,3
4764,38.0,2024-07-31,6,5,2,1,39,44,43,78,11,30,11,7
4765,38.0,2024-08-31,7,11,1,3,35,64,79,93,7,32,7,7
4766,38.0,2024-09-30,1,6,2,3,27,55,53,73,4,33,7,5
4767,38.0,2024-10-31,1,8,0,5,26,52,44,74,4,32,7,8
4768,38.0,2024-11-30,2,12,2,5,33,64,29,85,10,36,1,7
4769,38.0,2024-12-31,3,6,0,2,24,56,27,76,10,40,6,4
4770,38.0,2025-01-31,5,5,2,2,37,44,34,51,7,25,4,6
4771,38.0,2025-02-28,4,8,1,4,24,47,14,36,17,30,1,2
4772,38.0,2025-03-31,4,4,0,3,36,47,22,39,15,31,6,5
4773,38.0,2025-04-30,2,6,2,2,30,42,31,42,9,29,9,4
4774,38.0,2025-05-31,2,3,1,1,32,39,37,59,8,23,7,6
4775,38.0,2025-06-30,1,17,1,3,27,58,36,64,9,38,8,7
4776,38.0,2025-07-31,6,6,2,2,41,43,38,63,14,27,5,6
4777,38.0,2025-08-31,1,14,1,3,26,54,36,62,8,30,8,5
4778,38.0,2025-09-30,1,5,0,5,32,62,34,49,7,43,5,2
4779,38.0,2025-10-31,1,6,0,3,27,46,66,69,8,17,8,4
4780,38.0,2025-11-30,2,9,4,3,24,45,62,43,12,32,5,5
4781,38.0,2025-12-31,1,8,1,2,16,59,56,49,8,44,5,2
4782,38.0,2026-01-31,2,3,1,2,23,28,29,38,7,15,6,4
4783,38.0,2026-02-28,1,13,2,2,23,51,40,48,10,29,5,4
4784,38.0,2026-03-31,2,9,3,1,25,46,55,40,9,33,6,6
4785,38.0,2026-04-30,7,7,1,3,35,48,39,50,15,23,8,5
4786,38.0,2026-05-31,4,10,1,1,34,55,45,56,14,37,7,5
4787,38.0,2026-06-30,3,7,3,1,23,58,39,62,6,41,7,6
4788,39.0,2016-01-31,2,2,0,2,9,19,18,20,2,13,3,1
4789,39.0,2016-02-29,1,4,0,1,7,24,10,19,3,14,0,1
4790,39.0,2016-03-31,0,3,0,0,8,17,7,33,3,11,1,2
4791,39.0,2016-04-30,0,2,0,0,9,20,13,16,3,15,0,1
4792,39.0,2016-05-31,0,3,0,3,4,27,19,26,0,23,3,2
4793,39.0,2016-06-30,4,2,0,3,11,20,13,28,4,8,1,1
4794,39.0,2016-07-31,0,2,0,0,8,27,12,33,2,19,3,0
4795,39.0,2016-08-31,0,7,1,3,8,25,17,35,2,20,1,2
4796,39.0,2016-09-30,0,3,0,2,11,16,10,35,3,13,3,3
4797,39.0,2016-10-31,0,4,0,0,12,35,18,33,4,21,2,2
4798,39.0,2016-11-30,2,4,0,1,16,20,13,29,4,14,4,2
4799,39.0,2016-12-31,0,3,0,1,11,19,16,31,3,14,1,1
4800,39.0,2017-01-31,1,0,1,1,6,23,18,44,2,13,2,2
4801,39.0,2017-02-28,1,4,1,1,9,22,11,22,4,14,1,2
4802,39.0,2017-03-31,1,9,1,0,12,20,13,13,4,10,3,0
4803,39.0,2017-04-30,0,1,1,0,8,8,12,34,2,6,0,4
4804,39.0,2017-05-31,1,4,0,2,10,26,17,33,3,18,2,3
4805,39.0,2017-06-30,0,5,1,1,7,29,16,35,1,20,3,3
4806,39.0,2017-07-31,2,6,2,2,10,32,24,35,2,22,2,3
4807,39.0,2017-08-31,2,2,0,0,14,17,17,43,3,11,1,2
4808,39.0,2017-09-30,1,2,2,2,15,24,9,31,6,17,1,2
4809,39.0,2017-10-31,3,4,2,2,14,19,18,38,6,12,2,4
4810,39.0,2017-11-30,0,3,1,0,6,19,16,34,2,13,2,2
4811,39.0,2017-12-31,0,2,0,4,15,15,9,45,7,10,0,1
4812,39.0,2018-01-31,0,4,0,4,4,17,8,34,1,14,1,2
4813,39.0,2018-02-28,3,4,1,6,8,23,3,20,2,17,0,1
4814,39.0,2018-03-31,1,4,2,4,7,24,45,27,2,19,2,4
4815,39.0,2018-04-30,0,2,0,3,7,18,18,23,2,10,1,0
4816,39.0,2018-05-31,1,1,0,1,11,20,13,30,2,13,1,2
4817,39.0,2018-06-30,1,3,0,2,15,23,20,37,4,8,5,3
4818,39.0,2018-07-31,1,2,0,0,11,30,22,38,4,15,1,1
4819,39.0,2018-08-31,1,0,1,0,9,16,16,32,0,12,4,1
4820,39.0,2018-09-30,1,4,2,1,11,26,5,26,4,18,1,3
4821,39.0,2018-10-31,1,2,0,3,14,20,10,37,3,9,0,1
4822,39.0,2018-11-30,1,1,0,3,12,24,17,36,1,15,2,2
4823,39.0,2018-12-31,0,3,2,3,9,21,9,32,5,13,3,0
4824,39.0,2019-01-31,1,6,0,0,9,25,9,29,2,18,1,3
4825,39.0,2019-02-28,1,4,0,0,7,19,9,19,2,10,1,0
4826,39.0,2019-03-31,2,3,1,5,8,12,7,22,1,8,2,2
4827,39.0,2019-04-30,0,5,0,2,7,19,8,27,3,12,2,3
4828,39.0,2019-05-31,1,2,0,0,9,27,14,30,2,20,4,0
4829,39.0,2019-06-30,1,6,1,1,13,23,18,31,3,14,2,3
4830,39.0,2019-07-31,2,1,0,2,15,18,11,36,3,12,2,2
4831,39.0,2019-08-31,2,3,1,2,16,17,13,49,6,13,1,0
4832,39.0,2019-09-30,1,6,0,1,8,18,14,22,2,13,1,1
4833,39.0,2019-10-31,0,2,0,0,11,22,19,43,4,16,4,3
4834,39.0,2019-11-30,0,4,0,0,7,21,12,30,2,14,1,1
4835,39.0,2019-12-31,3,8,1,1,11,24,19,27,3,15,2,3
4836,39.0,2020-01-31,2,4,1,1,9,23,8,23,1,15,0,3
4837,39.0,2020-02-29,1,2,0,2,6,9,10,20,1,7,3,3
4838,39.0,2020-03-31,0,1,1,1,11,19,8,12,3,13,0,3
4839,39.0,2020-04-30,2,2,0,3,4,22,9,20,2,14,5,0
4840,39.0,2020-05-31,1,3,1,0,8,19,12,14,0,11,3,1
4841,39.0,2020-06-30,1,0,0,1,14,17,14,23,8,10,3,2
4842,39.0,2020-07-31,2,0,0,0,10,24,10,28,4,15,4,3
4843,39.0,2020-08-31,2,2,2,1,12,23,16,23,3,18,2,2
4844,39.0,2020-09-30,0,2,0,0,13,19,13,29,6,7,3,3
4845,39.0,2020-10-31,1,3,1,0,20,30,16,20,5,18,4,2
4846,39.0,2020-11-30,1,3,0,0,10,14,6,16,6,11,0,2
4847,39.0,2020-12-31,2,3,0,0,11,15,8,24,3,11,2,1
4848,39.0,2021-01-31,0,1,4,1,4,14,7,13,3,10,5,1
4849,39.0,2021-02-28,0,1,0,0,11,11,4,14,2,6,1,2
4850,39.0,2021-03-31,1,1,0,0,8,16,7,22,3,10,0,2
4851,39.0,2021-04-30,1,2,0,0,10,19,8,24,1,10,1,4
4852,39.0,2021-05-31,0,1,0,0,12,23,15,36,5,18,2,5
4853,39.0,2021-06-30,1,2,0,0,6,19,17,21,2,15,4,2
4854,39.0,2021-07-31,1,5,0,1,15,25,15,22,3,14,4,3
4855,39.0,2021-08-31,0,3,0,0,17,17,11,31,6,13,2,3
4856,39.0,2021-09-30,1,1,0,1,15,20,9,26,7,14,2,5
4857,39.0,2021-10-31,3,2,1,0,8,23,19,29,2,15,4,1
4858,39.0,2021-11-30,1,0,0,0,11,23,8,30,0,11,3,5
4859,39.0,2021-12-31,0,3,2,0,15,22,14,26,4,12,4,1
4860,39.0,2022-01-31,0,2,0,0,5,20,12,24,1,14,3,4
4861,39.0,2022-02-28,0,2,0,0,12,19,18,21,3,10,1,2
4862,39.0,2022-03-31,0,6,2,0,11,39,14,30,2,27,1,5
4863,39.0,2022-04-30,0,5,0,0,13,24,13,30,3,16,4,5
4864,39.0,2022-05-31,1,2,1,0,12,28,5,27,3,20,2,4
4865,39.0,2022-06-30,0,3,0,1,14,22,20,34,6,15,3,3
4866,39.0,2022-07-31,0,4,0,0,7,28,36,36,1,22,4,4
4867,39.0,2022-08-31,1,1,0,0,20,24,18,41,9,14,2,4
4868,39.0,2022-09-30,1,3,0,0,8,27,15,40,2,16,4,2
4869,39.0,2022-10-31,3,2,0,0,15,33,21,37,5,24,1,2
4870,39.0,2022-11-30,2,5,2,0,14,28,16,49,4,22,1,1
4871,39.0,2022-12-31,3,6,1,0,21,23,45,48,6,13,5,2
4872,39.0,2023-01-31,0,3,2,0,13,22,24,47,5,17,3,4
4873,39.0,2023-02-28,0,6,1,0,18,30,22,26,5,23,3,0
4874,39.0,2023-03-31,1,7,0,0,15,30,10,34,6,22,0,1
4875,39.0,2023-04-30,2,2,0,1,18,27,21,36,5,18,5,4
4876,39.0,2023-05-31,1,1,1,0,20,21,27,30,4,16,7,0
4877,39.0,2023-06-30,4,2,0,0,12,16,28,33,3,12,3,4
4878,39.0,2023-07-31,2,0,0,1,16,32,34,57,5,22,4,3
4879,39.0,2023-08-31,0,4,0,0,14,23,30,45,4,19,3,2
4880,39.0,2023-09-30,1,2,0,0,14,23,35,49,4,12,4,2
4881,39.0,2023-10-31,1,0,0,0,12,26,14,28,6,17,2,0
4882,39.0,2023-11-30,1,5,0,0,13,21,17,32,2,14,2,1
4883,39.0,2023-12-31,0,1,0,0,4,22,19,36,2,13,5,3
4884,39.0,2024-01-31,0,1,2,0,11,16,28,41,1,13,1,3
4885,39.0,2024-02-29,0,5,0,1,15,27,20,42,2,20,1,2
4886,39.0,2024-03-31,0,4,0,0,12,29,13,32,1,19,4,1
4887,39.0,2024-04-30,0,8,0,1,14,20,19,30,8,15,5,0
4888,39.0,2024-05-31,0,2,1,1,15,32,19,43,5,11,4,4
4889,39.0,2024-06-30,2,1,0,0,22,25,17,46,4,18,0,2
4890,39.0,2024-07-31,1,2,1,1,16,26,17,38,7,15,2,0
4891,39.0,2024-08-31,3,3,0,1,19,27,31,38,6,16,4,3
4892,39.0,2024-09-30,3,3,0,1,23,29,30,53,6,20,2,8
4893,39.0,2024-10-31,2,2,0,1,19,25,32,58,3,12,6,2
4894,39.0,2024-11-30,0,7,0,2,16,31,26,47,5,20,3,6
4895,39.0,2024-12-31,0,6,0,1,16,35,27,38,5,28,4,4
4896,39.0,2025-01-31,0,6,1,0,19,20,19,38,7,14,1,1
4897,39.0,2025-02-28,2,4,1,2,11,18,12,28,6,13,3,1
4898,39.0,2025-03-31,0,5,2,0,18,27,25,38,6,18,4,2
4899,39.0,2025-04-30,3,3,3,1,12,29,36,39,7,14,9,8
4900,39.0,2025-05-31,1,5,2,0,17,24,32,52,3,15,8,4
4901,39.0,2025-06-30,0,7,0,0,15,36,28,39,5,27,3,2
4902,39.0,2025-07-31,4,5,1,2,18,34,36,58,5,25,5,3
4903,39.0,2025-08-31,4,7,0,2,16,32,27,56,3,19,6,6
4904,39.0,2025-09-30,1,3,0,1,14,29,23,44,5,14,2,1
4905,39.0,2025-10-31,1,1,1,0,19,19,42,48,7,10,7,4
4906,39.0,2025-11-30,3,6,1,1,18,29,16,40,6,18,2,2
4907,39.0,2025-12-31,1,5,0,0,7,29,34,32,2,20,3,4
4908,39.0,2026-01-31,0,3,1,0,11,37,13,30,4,25,1,4
4909,39.0,2026-02-28,3,4,0,0,16,21,22,26,5,17,3,3
4910,39.0,2026-03-31,3,5,2,0,21,25,28,39,13,14,5,4
4911,39.0,2026-04-30,6,5,0,0,26,30,22,31,7,20,5,2
4912,39.0,2026-05-31,1,5,0,0,13,35,32,55,2,27,5,8
4913,39.0,2026-06-30,2,0,4,0,21,30,34,30,4,18,3,2
4914,40.0,2016-01-31,4,7,0,3,19,53,26,24,4,34,4,3
4915,40.0,2016-02-29,2,12,3,3,12,58,25,38,3,33,3,3
4916,40.0,2016-03-31,5,7,5,1,23,54,36,38,7,29,9,5
4917,40.0,2016-04-30,5,13,2,4,16,52,22,30,7,30,4,2
4918,40.0,2016-05-31,4,14,1,3,20,66,21,38,3,44,1,5
4919,40.0,2016-06-30,4,11,2,3,22,56,35,31,10,30,8,2
4920,40.0,2016-07-31,6,16,2,2,22,68,35,46,6,40,8,6
4921,40.0,2016-08-31,0,13,0,3,19,62,42,37,4,47,7,4
4922,40.0,2016-09-30,2,17,1,4,19,46,30,39,8,28,4,7
4923,40.0,2016-10-31,3,8,1,2,22,56,26,37,11,39,2,2
4924,40.0,2016-11-30,5,9,2,3,18,55,29,30,7,37,6,2
4925,40.0,2016-12-31,2,6,0,3,12,55,18,42,6,39,4,5
4926,40.0,2017-01-31,1,9,0,0,20,38,29,21,7,30,6,1
4927,40.0,2017-02-28,2,8,3,1,16,48,17,19,4,30,2,1
4928,40.0,2017-03-31,4,7,2,2,17,62,24,28,4,36,4,6
4929,40.0,2017-04-30,4,10,0,5,27,59,26,45,13,33,3,8
4930,40.0,2017-05-31,3,9,1,3,25,72,33,51,9,42,10,10
4931,40.0,2017-06-30,3,8,2,3,19,70,32,41,6,46,7,3
4932,40.0,2017-07-31,1,11,5,1,21,63,37,29,11,38,7,3
4933,40.0,2017-08-31,8,21,4,6,23,71,32,43,4,47,2,3
4934,40.0,2017-09-30,4,5,1,6,29,54,27,26,12,33,4,4
4935,40.0,2017-10-31,2,8,2,1,16,59,28,34,3,38,9,8
4936,40.0,2017-11-30,5,12,3,1,22,56,31,44,6,38,6,4
4937,40.0,2017-12-31,3,15,5,3,15,61,40,41,3,45,11,2
4938,40.0,2018-01-31,4,16,0,1,26,62,26,29,14,40,6,2
4939,40.0,2018-02-28,2,14,0,2,16,41,40,34,4,32,4,7
4940,40.0,2018-03-31,3,12,3,0,22,50,56,40,6,32,9,5
4941,40.0,2018-04-30,5,5,3,0,23,47,41,31,8,32,7,5
4942,40.0,2018-05-31,3,14,0,3,29,68,69,56,10,40,7,7
4943,40.0,2018-06-30,3,24,2,3,25,89,64,59,8,55,7,4
4944,40.0,2018-07-31,6,17,1,1,29,73,49,52,7,46,7,4
4945,40.0,2018-08-31,3,11,3,1,18,60,29,33,7,38,10,6
4946,40.0,2018-09-30,4,10,1,1,20,55,31,37,8,38,6,1
4947,40.0,2018-10-31,5,7,0,4,20,55,20,20,3,37,6,6
4948,40.0,2018-11-30,2,8,0,3,29,44,26,35,7,31,5,5
4949,40.0,2018-12-31,2,8,1,2,19,35,36,35,9,23,7,10
4950,40.0,2019-01-31,2,5,0,1,18,42,18,22,6,30,3,7
4951,40.0,2019-02-28,1,10,1,0,13,34,18,19,5,20,2,1
4952,40.0,2019-03-31,3,12,0,0,23,42,17,25,9,26,2,3
4953,40.0,2019-04-30,2,12,2,2,19,52,25,23,6,36,7,3
4954,40.0,2019-05-31,0,8,1,1,25,56,32,31,10,35,6,2
4955,40.0,2019-06-30,6,8,0,1,30,47,27,26,8,28,4,4
4956,40.0,2019-07-31,7,14,1,3,27,64,31,32,15,45,5,4
4957,40.0,2019-08-31,2,7,1,0,15,50,29,29,5,35,5,1
4958,40.0,2019-09-30,3,13,1,4,18,67,22,43,7,37,8,5
4959,40.0,2019-10-31,3,11,0,1,18,51,25,37,4,32,4,6
4960,40.0,2019-11-30,5,4,2,0,16,42,25,28,7,25,3,1
4961,40.0,2019-12-31,3,5,1,1,13,33,23,41,6,24,6,3
4962,40.0,2020-01-31,3,8,1,0,20,44,34,32,5,29,9,7
4963,40.0,2020-02-29,2,6,0,0,11,44,13,22,3,30,3,3
4964,40.0,2020-03-31,1,5,2,0,17,30,19,20,6,20,5,1
4965,40.0,2020-04-30,0,1,1,0,12,35,13,14,6,24,6,0
4966,40.0,2020-05-31,0,5,0,0,13,33,18,19,6,27,2,2
4967,40.0,2020-06-30,4,10,0,2,21,57,31,20,9,33,7,5
4968,40.0,2020-07-31,3,12,1,1,22,67,31,29,5,40,6,5
4969,40.0,2020-08-31,3,7,0,0,20,54,29,24,8,36,8,8
4970,40.0,2020-09-30,1,3,0,0,20,19,15,28,10,15,3,5
4971,40.0,2020-10-31,0,6,2,1,7,46,26,22,3,33,5,6
4972,40.0,2020-11-30,1,8,0,0,18,43,22,18,5,33,6,4
4973,40.0,2020-12-31,4,4,0,0,20,39,17,12,6,34,8,3
4974,40.0,2021-01-31,2,4,0,0,20,39,15,14,10,29,4,3
4975,40.0,2021-02-28,1,2,0,0,23,21,16,12,7,17,2,1
4976,40.0,2021-03-31,0,4,1,0,14,35,21,17,5,22,8,2
4977,40.0,2021-04-30,1,1,0,0,15,42,15,19,6,32,6,1
4978,40.0,2021-05-31,1,4,1,1,10,31,20,23,4,23,4,4
4979,40.0,2021-06-30,0,14,0,0,27,58,15,20,10,37,5,3
4980,40.0,2021-07-31,0,10,1,0,17,45,23,28,8,28,8,6
4981,40.0,2021-08-31,3,8,1,0,27,56,24,24,13,41,8,7
4982,40.0,2021-09-30,1,3,1,0,23,45,26,22,9,33,5,6
4983,40.0,2021-10-31,1,5,0,1,22,32,29,16,6,19,8,4
4984,40.0,2021-11-30,1,5,0,0,19,42,16,21,9,30,3,7
4985,40.0,2021-12-31,3,7,0,1,27,39,23,25,7,24,10,6
4986,40.0,2022-01-31,2,7,0,2,19,38,15,13,13,26,3,3
4987,40.0,2022-02-28,2,5,0,1,20,35,13,25,5,26,4,5
4988,40.0,2022-03-31,1,4,0,0,18,41,17,36,9,22,4,5
4989,40.0,2022-04-30,0,7,0,0,17,35,25,28,4,25,5,3
4990,40.0,2022-05-31,1,6,1,1,23,37,13,36,11,24,2,3
4991,40.0,2022-06-30,3,3,0,0,28,34,26,29,16,23,4,4
4992,40.0,2022-07-31,1,3,0,0,19,51,21,25,9,29,7,8
4993,40.0,2022-08-31,3,11,1,0,17,50,38,26,9,32,7,0
4994,40.0,2022-09-30,1,5,0,0,25,36,23,24,9,24,5,3
4995,40.0,2022-10-31,4,2,2,0,13,40,19,23,9,21,6,2
4996,40.0,2022-11-30,2,5,2,0,16,35,28,29,9,20,6,3
4997,40.0,2022-12-31,2,2,0,1,24,31,16,32,9,19,2,3
4998,40.0,2023-01-31,0,4,0,2,25,50,23,31,7,33,5,8
4999,40.0,2023-02-28,0,6,1,0,20,48,26,15,6,29,11,1
5000,40.0,2023-03-31,3,6,1,0,17,44,20,17,7,24,7,0
5001,40.0,2023-04-30,1,7,0,0,16,44,22,26,8,27,7,4
5002,40.0,2023-05-31,1,8,0,0,28,53,24,24,11,29,4,9
5003,40.0,2023-06-30,0,6,3,0,23,45,40,36,8,26,6,7
5004,40.0,2023-07-31,6,4,1,1,31,42,38,50,12,27,4,7
5005,40.0,2023-08-31,4,4,0,0,26,41,31,24,11,28,6,1
5006,40.0,2023-09-30,1,5,2,0,17,46,29,28,10,25,6,5
5007,40.0,2023-10-31,1,6,2,0,20,56,29,33,7,38,8,0
5008,40.0,2023-11-30,3,5,0,1,17,48,28,20,9,32,5,4
5009,40.0,2023-12-31,3,7,0,1,24,51,21,38,12,35,3,1
5010,40.0,2024-01-31,2,4,1,1,20,32,26,24,6,23,7,2
5011,40.0,2024-02-29,1,4,0,0,18,45,18,27,6,30,1,7
5012,40.0,2024-03-31,0,2,2,0,14,37,23,33,4,25,7,3
5013,40.0,2024-04-30,2,8,0,1,22,44,24,25,13,29,5,2
5014,40.0,2024-05-31,2,11,1,1,31,62,23,25,11,35,5,2
5015,40.0,2024-06-30,1,8,0,0,26,53,25,39,8,32,8,3
5016,40.0,2024-07-31,1,4,1,0,21,55,24,38,10,34,8,3
5017,40.0,2024-08-31,2,10,1,1,23,52,35,29,5,37,4,2
5018,40.0,2024-09-30,4,10,1,1,20,60,25,36,3,40,7,7
5019,40.0,2024-10-31,1,7,0,0,24,53,20,35,9,34,3,5
5020,40.0,2024-11-30,3,8,2,0,16,43,17,31,8,27,3,3
5021,40.0,2024-12-31,6,8,2,0,27,41,28,35,8,29,10,3
5022,40.0,2025-01-31,2,9,3,0,16,42,21,15,4,29,4,2
5023,40.0,2025-02-28,3,7,2,2,12,35,15,23,3,25,6,3
5024,40.0,2025-03-31,5,14,2,0,24,54,41,39,11,42,12,4
5025,40.0,2025-04-30,5,6,2,3,35,50,18,21,18,24,6,4
5026,40.0,2025-05-31,1,7,2,0,27,48,23,38,8,32,8,10
5027,40.0,2025-06-30,1,12,1,2,29,72,50,28,14,46,17,7
5028,40.0,2025-07-31,1,10,4,1,35,53,43,34,17,30,14,3
5029,40.0,2025-08-31,3,7,0,1,20,48,22,33,9,29,4,12
5030,40.0,2025-09-30,1,11,1,1,27,53,21,28,8,33,6,4
5031,40.0,2025-10-31,4,5,1,0,25,37,16,29,10,20,4,2
5032,40.0,2025-11-30,2,8,1,0,25,39,18,30,12,26,5,2
5033,40.0,2025-12-31,1,7,2,0,26,39,24,35,13,34,4,5
5034,40.0,2026-01-31,4,2,1,1,18,42,26,16,5,29,5,1
5035,40.0,2026-02-28,2,6,0,1,21,41,14,17,8,34,4,2
5036,40.0,2026-03-31,2,4,0,2,26,49,15,25,10,29,3,6
5037,40.0,2026-04-30,3,11,2,1,26,46,25,26,8,31,5,3
5038,40.0,2026-05-31,2,16,4,0,20,59,27,34,10,31,4,3
5039,40.0,2026-06-30,3,9,3,0,22,55,27,20,7,39,9,3
5040,41.0,2016-01-31,0,5,0,2,5,18,18,27,0,15,2,1
5041,41.0,2016-02-29,2,0,0,2,5,7,11,15,1,3,2,0
5042,41.0,2016-03-31,0,5,0,6,7,19,20,34,1,11,1,1
5043,41.0,2016-04-30,0,4,1,1,3,14,7,35,1,9,0,2
5044,41.0,2016-05-31,0,0,0,3,5,6,13,47,1,2,0,2
5045,41.0,2016-06-30,0,3,1,4,4,13,27,49,0,9,0,2
5046,41.0,2016-07-31,1,3,0,3,8,25,26,70,2,16,4,0
5047,41.0,2016-08-31,1,4,0,5,6,17,12,73,1,8,1,3
5048,41.0,2016-09-30,2,0,0,3,7,12,9,55,2,5,0,0
5049,41.0,2016-10-31,1,4,0,1,7,15,38,58,1,3,2,1
5050,41.0,2016-11-30,0,3,0,6,11,13,15,68,4,4,2,2
5051,41.0,2016-12-31,0,0,0,3,4,7,20,41,0,5,0,0
5052,41.0,2017-01-31,0,1,1,10,9,12,10,58,0,5,0,0
5053,41.0,2017-02-28,0,3,0,2,7,22,10,41,2,7,0,1
5054,41.0,2017-03-31,0,5,0,7,5,16,18,44,0,11,2,1
5055,41.0,2017-04-30,1,2,0,12,6,16,10,51,3,7,0,2
5056,41.0,2017-05-31,0,2,1,8,8,14,11,44,2,6,2,0
5057,41.0,2017-06-30,1,5,0,14,9,22,12,58,5,10,2,2
5058,41.0,2017-07-31,1,1,0,14,11,15,11,84,2,10,2,1
5059,41.0,2017-08-31,0,3,0,1,8,20,9,51,3,12,1,0
5060,41.0,2017-09-30,0,7,0,7,9,19,11,46,1,10,2,0
5061,41.0,2017-10-31,1,4,0,10,6,16,11,47,2,7,1,1
5062,41.0,2017-11-30,1,5,0,6,9,18,7,49,3,9,0,1
5063,41.0,2017-12-31,0,3,0,4,9,19,15,50,0,6,0,3
5064,41.0,2018-01-31,0,3,0,12,6,17,27,52,1,13,1,2
5065,41.0,2018-02-28,1,2,1,3,5,8,36,33,1,3,1,0
5066,41.0,2018-03-31,1,3,0,7,10,16,28,53,1,7,0,0
5067,41.0,2018-04-30,2,1,6,9,8,9,22,49,0,6,0,1
5068,41.0,2018-05-31,0,4,0,9,7,22,24,57,3,12,2,4
5069,41.0,2018-06-30,0,2,1,5,6,14,28,51,0,7,0,2
5070,41.0,2018-07-31,1,3,0,4,7,23,32,75,1,12,1,2
5071,41.0,2018-08-31,0,4,0,5,9,20,12,68,2,9,0,1
5072,41.0,2018-09-30,0,2,1,4,11,25,11,59,2,17,1,3
5073,41.0,2018-10-31,2,8,0,10,15,29,45,73,4,13,0,0
5074,41.0,2018-11-30,1,1,1,7,11,16,14,53,1,7,1,4
5075,41.0,2018-12-31,0,2,0,5,8,16,9,38,3,6,1,0
5076,41.0,2019-01-31,0,5,0,6,12,18,11,41,5,9,2,0
5077,41.0,2019-02-28,1,2,0,3,6,15,8,34,0,8,0,1
5078,41.0,2019-03-31,0,2,0,3,10,23,13,49,3,10,2,0
5079,41.0,2019-04-30,1,4,0,2,12,15,18,34,6,9,0,0
5080,41.0,2019-05-31,0,4,0,1,13,23,11,43,4,12,0,1
5081,41.0,2019-06-30,3,2,3,6,12,28,18,71,2,14,2,2
5082,41.0,2019-07-31,2,2,0,6,11,27,10,76,5,13,2,2
5083,41.0,2019-08-31,1,2,0,2,12,21,8,56,1,7,1,0
5084,41.0,2019-09-30,0,7,0,0,5,30,18,49,0,13,1,0
5085,41.0,2019-10-31,0,4,0,4,12,17,7,55,2,6,1,5
5086,41.0,2019-11-30,3,6,0,0,11,20,10,49,2,13,3,3
5087,41.0,2019-12-31,1,4,0,5,9,17,4,46,3,9,1,3
5088,41.0,2020-01-31,0,3,0,2,10,13,9,37,4,6,1,2
5089,41.0,2020-02-29,0,2,0,2,10,14,9,36,0,6,1,1
5090,41.0,2020-03-31,0,1,0,0,10,20,9,30,0,10,0,2
5091,41.0,2020-04-30,0,3,0,1,4,10,10,18,0,7,1,1
5092,41.0,2020-05-31,0,2,0,0,6,16,14,30,2,5,0,1
5093,41.0,2020-06-30,1,2,0,0,7,13,16,31,0,7,1,0
5094,41.0,2020-07-31,0,4,0,0,11,20,12,39,2,11,0,2
5095,41.0,2020-08-31,0,1,1,0,21,12,8,50,3,6,0,2
5096,41.0,2020-09-30,1,2,0,0,14,12,9,48,2,4,3,2
5097,41.0,2020-10-31,1,1,1,0,7,21,17,52,0,6,1,0
5098,41.0,2020-11-30,0,1,0,0,9,13,15,46,2,5,0,0
5099,41.0,2020-12-31,0,1,0,0,7,18,3,31,0,10,0,1
5100,41.0,2021-01-31,0,0,1,0,8,14,6,27,1,8,1,0
5101,41.0,2021-02-28,0,4,0,0,5,14,3,29,0,8,0,1
5102,41.0,2021-03-31,1,1,0,0,10,9,6,34,3,4,0,2
5103,41.0,2021-04-30,1,1,0,0,11,18,12,32,2,12,2,2
5104,41.0,2021-05-31,1,2,0,0,16,29,7,44,3,15,0,2
5105,41.0,2021-06-30,2,1,0,0,8,20,13,56,0,11,2,1
5106,41.0,2021-07-31,0,1,0,2,13,27,14,40,5,13,3,1
5107,41.0,2021-08-31,0,0,0,2,9,21,19,63,1,14,0,0
5108,41.0,2021-09-30,0,2,0,1,15,27,17,64,2,9,5,2
5109,41.0,2021-10-31,2,4,0,2,14,24,15,79,3,9,0,2
5110,41.0,2021-11-30,0,0,0,7,13,14,15,62,4,7,3,2
5111,41.0,2021-12-31,3,2,0,2,15,17,9,55,3,11,2,1
5112,41.0,2022-01-31,1,4,0,1,15,25,12,38,4,17,1,0
5113,41.0,2022-02-28,0,3,0,1,11,18,10,34,3,7,1,0
5114,41.0,2022-03-31,0,1,0,5,14,15,9,57,4,7,1,2
5115,41.0,2022-04-30,3,5,0,1,9,22,8,66,1,12,1,2
5116,41.0,2022-05-31,0,2,0,2,15,19,13,46,1,6,2,2
5117,41.0,2022-06-30,1,6,0,1,11,30,22,64,2,13,3,1
5118,41.0,2022-07-31,0,3,0,2,12,22,24,45,3,12,5,2
5119,41.0,2022-08-31,0,2,0,4,12,19,18,96,0,8,2,2
5120,41.0,2022-09-30,1,4,2,2,13,26,27,69,2,14,4,3
5121,41.0,2022-10-31,1,1,1,1,10,14,27,87,4,6,2,2
5122,41.0,2022-11-30,0,2,0,5,22,14,18,63,4,5,0,1
5123,41.0,2022-12-31,1,4,0,1,18,21,27,68,3,11,2,2
5124,41.0,2023-01-31,1,3,0,0,15,17,24,48,7,9,1,3
5125,41.0,2023-02-28,0,0,0,1,10,17,14,57,0,12,1,1
5126,41.0,2023-03-31,0,4,0,4,13,18,14,54,2,10,1,1
5127,41.0,2023-04-30,0,2,0,5,6,22,29,74,2,12,1,2
5128,41.0,2023-05-31,0,2,0,1,15,20,20,76,3,9,1,1
5129,41.0,2023-06-30,0,2,0,1,10,12,25,71,1,7,2,1
5130,41.0,2023-07-31,0,2,0,0,14,29,33,74,3,16,1,3
5131,41.0,2023-08-31,0,2,0,2,13,31,36,69,4,15,4,0
5132,41.0,2023-09-30,0,4,0,4,7,19,29,66,0,9,2,1
5133,41.0,2023-10-31,2,1,0,2,15,21,15,70,2,6,1,1
5134,41.0,2023-11-30,3,2,0,3,14,25,12,50,3,9,1,3
5135,41.0,2023-12-31,0,3,0,4,11,18,17,70,3,7,1,0
5136,41.0,2024-01-31,1,4,1,0,14,15,20,60,2,6,2,0
5137,41.0,2024-02-29,0,5,0,0,16,27,24,55,4,13,1,2
5138,41.0,2024-03-31,0,3,1,2,15,22,18,54,3,6,0,2
5139,41.0,2024-04-30,0,3,0,1,24,28,15,54,4,12,0,0
5140,41.0,2024-05-31,2,3,0,0,11,29,17,60,2,15,1,1
5141,41.0,2024-06-30,0,1,0,5,19,25,24,70,7,11,2,1
5142,41.0,2024-07-31,0,2,2,2,10,26,17,89,3,10,6,1
5143,41.0,2024-08-31,0,1,1,3,12,15,26,73,0,6,3,1
5144,41.0,2024-09-30,0,2,0,1,15,21,21,95,0,8,2,2
5145,41.0,2024-10-31,0,5,1,8,14,26,23,90,1,10,2,2
5146,41.0,2024-11-30,1,2,0,0,17,21,20,77,5,8,3,1
5147,41.0,2024-12-31,2,4,0,0,19,21,20,79,3,12,0,2
5148,41.0,2025-01-31,0,2,0,3,21,17,23,91,6,8,1,0
5149,41.0,2025-02-28,0,2,1,1,4,14,17,90,1,9,2,1
5150,41.0,2025-03-31,3,0,0,1,11,15,11,79,2,10,0,2
5151,41.0,2025-04-30,2,2,0,1,13,28,12,81,2,12,1,3
5152,41.0,2025-05-31,0,4,0,0,14,23,26,108,4,12,2,1
5153,41.0,2025-06-30,1,5,1,4,15,27,33,106,3,14,0,2
5154,41.0,2025-07-31,2,4,0,2,18,37,17,95,5,22,1,2
5155,41.0,2025-08-31,2,5,0,1,15,37,16,73,4,18,0,2
5156,41.0,2025-09-30,0,6,2,2,7,21,22,75,0,9,5,0
5157,41.0,2025-10-31,0,4,0,3,11,27,30,79,3,11,0,0
5158,41.0,2025-11-30,1,7,1,4,9,20,26,82,1,10,0,1
5159,41.0,2025-12-31,0,1,0,6,10,18,38,82,4,6,2,1
5160,41.0,2026-01-31,0,5,0,0,6,24,39,58,1,12,3,2
5161,41.0,2026-02-28,0,3,2,4,23,30,74,42,9,15,1,2
5162,41.0,2026-03-31,1,3,0,1,18,28,26,75,5,16,1,1
5163,41.0,2026-04-30,1,6,0,1,11,31,20,55,2,12,1,1
5164,41.0,2026-05-31,5,8,0,1,16,33,19,59,1,11,2,1
5165,41.0,2026-06-30,1,6,1,1,10,31,20,49,1,12,3,1
5166,42.0,2016-01-31,3,15,5,4,16,55,34,37,6,38,7,6
5167,42.0,2016-02-29,4,14,5,2,16,57,34,44,4,36,10,9
5168,42.0,2016-03-31,8,19,3,1,32,81,38,41,11,46,14,7
5169,42.0,2016-04-30,5,23,3,1,27,77,27,35,10,53,6,6
5170,42.0,2016-05-31,8,13,5,6,40,66,44,58,10,37,9,4
5171,42.0,2016-06-30,8,13,2,2,32,82,30,54,8,42,5,10
5172,42.0,2016-07-31,8,16,7,2,23,81,31,63,8,52,8,2
5173,42.0,2016-08-31,3,16,1,0,18,81,38,64,5,54,11,8
5174,42.0,2016-09-30,4,15,3,3,25,72,39,41,10,38,9,2
5175,42.0,2016-10-31,0,17,0,4,21,68,34,64,5,38,6,3
5176,42.0,2016-11-30,5,12,4,2,23,52,32,41,7,28,8,9
5177,42.0,2016-12-31,3,9,0,0,17,36,27,34,5,21,9,3
5178,42.0,2017-01-31,4,14,2,3,23,48,39,50,8,33,9,2
5179,42.0,2017-02-28,8,15,1,1,24,55,36,42,5,34,4,3
5180,42.0,2017-03-31,4,18,2,2,33,68,38,40,11,42,10,5
5181,42.0,2017-04-30,8,15,5,2,34,68,35,63,13,41,5,8
5182,42.0,2017-05-31,5,18,3,2,29,80,60,51,11,48,3,5
5183,42.0,2017-06-30,5,20,2,1,31,98,38,70,13,61,10,4
5184,42.0,2017-07-31,4,15,7,1,30,78,53,67,14,54,8,7
5185,42.0,2017-08-31,3,12,5,1,28,80,54,46,10,44,11,6
5186,42.0,2017-09-30,6,17,1,5,28,85,31,48,12,52,7,3
5187,42.0,2017-10-31,6,19,0,2,28,62,40,38,8,45,10,1
5188,42.0,2017-11-30,10,8,4,0,32,63,44,33,8,43,12,4
5189,42.0,2017-12-31,8,17,3,1,22,71,29,50,7,45,7,6
5190,42.0,2018-01-31,4,14,3,5,22,59,28,51,5,34,3,2
5191,42.0,2018-02-28,6,16,2,0,19,49,23,29,2,30,7,0
5192,42.0,2018-03-31,7,17,4,5,26,77,40,51,5,48,12,8
5193,42.0,2018-04-30,1,16,4,1,19,62,26,39,6,43,8,7
5194,42.0,2018-05-31,4,19,5,1,37,81,36,52,7,44,6,5
5195,42.0,2018-06-30,1,22,4,2,30,102,40,47,12,56,12,4
5196,42.0,2018-07-31,3,9,3,7,26,60,49,51,8,34,10,4
5197,42.0,2018-08-31,9,18,4,2,27,69,55,56,8,45,9,7
5198,42.0,2018-09-30,7,9,4,2,31,58,38,54,12,32,8,2
5199,42.0,2018-10-31,5,10,2,1,29,53,39,42,12,33,5,7
5200,42.0,2018-11-30,3,18,2,0,24,60,30,29,8,40,9,1
5201,42.0,2018-12-31,2,18,5,1,23,56,27,45,14,40,4,2
5202,42.0,2019-01-31,3,9,0,0,22,56,27,31,7,42,8,4
5203,42.0,2019-02-28,6,2,1,2,19,64,25,36,5,37,8,4
5204,42.0,2019-03-31,5,7,0,5,24,77,34,50,6,50,13,9
5205,42.0,2019-04-30,5,12,4,5,34,65,35,53,9,37,2,8
5206,42.0,2019-05-31,3,21,5,4,32,99,51,59,9,68,7,4
5207,42.0,2019-06-30,5,18,3,5,28,71,35,52,10,41,11,6
5208,42.0,2019-07-31,5,14,3,7,27,80,30,57,11,55,10,1
5209,42.0,2019-08-31,5,20,1,4,24,101,32,57,7,65,7,9
5210,42.0,2019-09-30,3,10,1,6,21,74,38,45,7,40,4,4
5211,42.0,2019-10-31,9,13,3,5,34,69,28,58,11,47,2,7
5212,42.0,2019-11-30,3,11,3,2,17,45,38,30,5,25,8,6
5213,42.0,2019-12-31,5,13,0,4,23,53,39,49,8,29,7,5
5214,42.0,2020-01-31,4,13,3,4,22,65,30,47,9,38,7,3
5215,42.0,2020-02-29,5,15,1,5,20,61,18,33,9,36,3,5
5216,42.0,2020-03-31,4,7,1,4,30,53,27,37,8,36,6,7
5217,42.0,2020-04-30,3,5,1,0,15,42,26,28,7,30,9,0
5218,42.0,2020-05-31,1,9,4,0,24,62,45,22,9,33,10,3
5219,42.0,2020-06-30,0,5,1,0,18,67,40,45,8,35,11,8
5220,42.0,2020-07-31,3,16,3,4,27,77,40,47,9,47,9,6
5221,42.0,2020-08-31,4,2,0,3,28,81,35,43,9,50,8,8
5222,42.0,2020-09-30,3,8,2,3,30,58,38,40,8,37,16,3
5223,42.0,2020-10-31,1,2,3,0,25,57,27,41,7,38,3,7
5224,42.0,2020-11-30,3,9,0,0,16,51,27,40,5,31,8,1
5225,42.0,2020-12-31,0,2,2,0,27,42,31,40,11,29,7,2
5226,42.0,2021-01-31,2,8,1,1,28,53,21,35,8,36,4,10
5227,42.0,2021-02-28,3,7,1,1,17,34,18,24,13,27,4,5
5228,42.0,2021-03-31,2,8,1,3,28,54,29,31,9,36,9,4
5229,42.0,2021-04-30,5,8,0,1,27,54,35,29,11,38,9,5
5230,42.0,2021-05-31,3,9,0,0,26,70,31,41,7,49,7,9
5231,42.0,2021-06-30,0,9,1,4,29,62,25,55,7,40,7,8
5232,42.0,2021-07-31,3,11,3,2,32,50,30,49,12,23,9,2
5233,42.0,2021-08-31,2,8,0,1,25,63,30,36,8,37,6,4
5234,42.0,2021-09-30,3,5,0,2,29,39,31,41,9,22,6,6
5235,42.0,2021-10-31,3,2,4,0,38,46,27,39,9,29,5,5
5236,42.0,2021-11-30,4,9,0,1,21,46,32,35,7,28,4,5
5237,42.0,2021-12-31,2,9,1,0,30,41,28,46,14,23,6,3
5238,42.0,2022-01-31,3,9,0,1,33,46,25,38,13,33,4,3
5239,42.0,2022-02-28,0,3,0,1,19,36,13,33,6,22,2,3
5240,42.0,2022-03-31,2,9,0,0,18,47,23,39,6,34,5,6
5241,42.0,2022-04-30,2,8,0,1,21,57,31,40,10,41,5,6
5242,42.0,2022-05-31,3,10,2,0,35,72,44,64,11,55,6,5
5243,42.0,2022-06-30,3,5,2,0,39,57,34,61,17,33,10,8
5244,42.0,2022-07-31,3,4,0,1,26,52,44,42,9,34,11,2
5245,42.0,2022-08-31,3,3,3,0,36,56,43,58,15,29,7,6
5246,42.0,2022-09-30,4,7,1,0,24,59,29,36,11,32,2,5
5247,42.0,2022-10-31,1,6,1,0,31,43,38,50,7,24,8,8
5248,42.0,2022-11-30,2,3,0,0,28,44,35,49,13,30,7,7
5249,42.0,2022-12-31,1,4,1,0,21,40,37,48,8,30,5,4
5250,42.0,2023-01-31,1,11,0,0,24,39,36,40,13,27,11,3
5251,42.0,2023-02-28,1,2,1,0,21,48,38,38,5,37,7,1
5252,42.0,2023-03-31,2,3,1,1,22,37,39,48,6,25,7,1
5253,42.0,2023-04-30,9,7,0,0,30,49,33,43,6,32,4,4
5254,42.0,2023-05-31,2,11,1,1,32,49,48,58,9,25,7,4
5255,42.0,2023-06-30,5,7,1,2,30,55,64,56,8,29,10,5
5256,42.0,2023-07-31,0,6,2,2,31,56,55,66,8,29,6,5
5257,42.0,2023-08-31,4,5,3,1,46,74,49,57,15,35,7,3
5258,42.0,2023-09-30,3,7,2,1,31,90,48,59,10,38,13,1
5259,42.0,2023-10-31,6,7,0,0,40,55,42,59,18,31,6,5
5260,42.0,2023-11-30,2,9,1,1,29,58,25,57,9,28,10,6
5261,42.0,2023-12-31,3,13,3,3,21,55,39,60,5,35,9,7
5262,42.0,2024-01-31,3,13,2,5,36,61,37,50,11,34,6,2
5263,42.0,2024-02-29,3,6,0,2,34,58,33,54,15,31,6,3
5264,42.0,2024-03-31,4,14,0,1,38,70,34,35,13,45,6,2
5265,42.0,2024-04-30,2,10,1,1,28,75,42,49,8,48,11,6
5266,42.0,2024-05-31,1,11,0,0,35,85,41,62,11,39,8,3
5267,42.0,2024-06-30,2,18,1,1,30,80,40,51,15,41,8,4
5268,42.0,2024-07-31,5,12,2,0,37,59,49,68,14,37,9,4
5269,42.0,2024-08-31,2,11,2,0,32,72,42,56,11,38,8,3
5270,42.0,2024-09-30,3,9,2,0,41,58,39,85,16,33,9,6
5271,42.0,2024-10-31,3,12,0,2,42,75,46,64,15,32,7,1
5272,42.0,2024-11-30,3,12,0,1,33,62,28,50,11,40,2,4
5273,42.0,2024-12-31,5,5,1,7,26,49,35,78,7,30,6,5
5274,42.0,2025-01-31,11,12,3,3,40,64,23,53,12,35,6,8
5275,42.0,2025-02-28,3,6,1,5,20,43,21,53,7,22,4,4
5276,42.0,2025-03-31,4,11,3,4,27,59,31,45,14,44,13,0
5277,42.0,2025-04-30,6,12,6,8,36,55,40,54,9,30,7,2
5278,42.0,2025-05-31,5,10,2,4,29,62,40,55,8,32,5,9
5279,42.0,2025-06-30,5,12,3,8,32,71,39,55,9,45,6,3
5280,42.0,2025-07-31,4,11,0,6,31,65,38,75,9,35,6,5
5281,42.0,2025-08-31,5,16,1,5,48,73,33,74,19,45,7,8
5282,42.0,2025-09-30,3,6,0,4,43,60,44,64,16,28,5,4
5283,42.0,2025-10-31,6,9,2,7,33,71,52,82,9,38,7,6
5284,42.0,2025-11-30,10,6,0,1,41,57,41,53,20,36,7,7
5285,42.0,2025-12-31,4,5,2,4,28,50,38,55,15,33,7,4
5286,42.0,2026-01-31,3,10,1,9,36,62,44,57,17,29,5,6
5287,42.0,2026-02-28,1,6,1,3,23,51,36,45,8,31,9,4
5288,42.0,2026-03-31,5,10,1,4,23,59,37,71,10,29,7,8
5289,42.0,2026-04-30,4,12,1,3,28,56,38,42,9,30,7,3
5290,42.0,2026-05-31,3,7,1,2,32,56,42,56,8,32,9,5
5291,42.0,2026-06-30,6,16,1,0,40,76,26,51,7,38,5,4
5292,43.0,2016-01-31,9,36,4,9,43,155,64,91,13,102,13,7
5293,43.0,2016-02-29,5,33,7,5,36,138,73,68,15,92,20,13
5294,43.0,2016-03-31,19,32,4,16,60,153,81,109,22,114,19,18
5295,43.0,2016-04-30,14,29,3,10,75,175,73,89,25,132,20,10
5296,43.0,2016-05-31,16,35,11,12,74,183,98,123,28,116,29,12
5297,43.0,2016-06-30,14,40,4,11,76,196,82,117,20,128,20,12
5298,43.0,2016-07-31,11,33,3,5,67,177,105,112,20,106,24,13
5299,43.0,2016-08-31,13,43,4,23,72,206,91,123,24,135,16,10
5300,43.0,2016-09-30,13,20,1,12,69,146,68,103,19,104,12,13
5301,43.0,2016-10-31,12,32,6,11,65,165,87,107,24,104,19,6
5302,43.0,2016-11-30,13,31,8,17,61,165,81,124,17,111,29,19
5303,43.0,2016-12-31,9,25,1,10,43,128,66,98,14,89,20,5
5304,43.0,2017-01-31,10,37,4,12,64,165,73,98,24,122,11,13
5305,43.0,2017-02-28,7,38,5,12,50,151,77,91,20,96,13,21
5306,43.0,2017-03-31,10,33,5,6,68,175,63,101,21,116,9,16
5307,43.0,2017-04-30,14,38,3,7,67,170,68,88,24,117,16,14
5308,43.0,2017-05-31,15,42,4,10,67,209,84,109,22,133,15,16
5309,43.0,2017-06-30,14,41,10,8,82,203,87,98,28,134,20,9
5310,43.0,2017-07-31,16,40,7,15,65,206,111,140,24,134,22,16
5311,43.0,2017-08-31,13,53,10,20,79,200,84,129,30,127,14,14
5312,43.0,2017-09-30,12,33,7,10,57,183,105,110,23,125,29,10
5313,43.0,2017-10-31,11,27,3,22,60,156,67,143,19,106,14,15
5314,43.0,2017-11-30,16,39,7,13,63,187,96,116,23,133,13,16
5315,43.0,2017-12-31,16,30,3,20,59,151,70,115,22,97,15,11
5316,43.0,2018-01-31,10,34,4,17,52,168,59,135,18,125,16,15
5317,43.0,2018-02-28,8,38,4,9,58,143,46,92,11,102,10,12
5318,43.0,2018-03-31,18,30,5,14,74,157,65,84,19,116,18,11
5319,43.0,2018-04-30,11,28,3,14,83,145,82,106,33,95,12,13
5320,43.0,2018-05-31,7,49,7,22,68,202,103,127,27,138,18,12
5321,43.0,2018-06-30,9,38,7,15,68,179,94,122,21,107,18,14
5322,43.0,2018-07-31,9,48,8,5,81,194,102,124,27,116,15,19
5323,43.0,2018-08-31,9,42,10,25,66,181,120,164,23,118,23,27
5324,43.0,2018-09-30,15,34,6,12,75,164,91,144,35,109,16,13
5325,43.0,2018-10-31,11,30,10,13,69,176,105,127,21,124,28,13
5326,43.0,2018-11-30,9,37,2,6,47,142,80,109,16,103,20,11
5327,43.0,2018-12-31,12,36,8,5,57,173,102,151,25,129,18,11
5328,43.0,2019-01-31,9,38,5,7,63,163,80,104,19,123,12,15
5329,43.0,2019-02-28,9,20,6,8,51,129,59,123,18,92,10,12
5330,43.0,2019-03-31,10,41,3,8,60,179,65,95,17,127,10,17
5331,43.0,2019-04-30,8,31,3,8,56,179,94,92,17,117,20,13
5332,43.0,2019-05-31,16,46,9,11,76,205,79,121,26,149,17,19
5333,43.0,2019-06-30,13,30,6,6,75,190,67,129,23,130,16,19
5334,43.0,2019-07-31,12,43,4,9,70,197,87,139,28,138,19,17
5335,43.0,2019-08-31,12,44,5,9,61,186,85,131,24,123,22,14
5336,43.0,2019-09-30,11,35,7,11,66,175,88,150,20,125,17,12
5337,43.0,2019-10-31,5,26,4,7,61,140,78,115,24,97,24,12
5338,43.0,2019-11-30,12,29,6,10,64,152,97,133,25,110,19,15
5339,43.0,2019-12-31,15,28,6,7,66,162,71,134,18,109,10,12
5340,43.0,2020-01-31,13,33,6,16,68,158,87,107,20,108,26,10
5341,43.0,2020-02-29,14,22,5,8,64,126,71,93,25,89,16,18
5342,43.0,2020-03-31,7,21,1,7,67,167,84,103,25,115,21,10
5343,43.0,2020-04-30,4,16,4,1,41,139,88,83,15,97,22,9
5344,43.0,2020-05-31,4,18,4,3,71,162,85,109,28,121,19,12
5345,43.0,2020-06-30,7,17,1,8,72,188,103,113,24,125,21,21
5346,43.0,2020-07-31,14,21,6,5,97,192,114,97,37,125,23,13
5347,43.0,2020-08-31,8,25,3,3,78,173,95,94,27,114,23,21
5348,43.0,2020-09-30,3,20,3,6,83,168,89,89,35,121,16,17
5349,43.0,2020-10-31,6,19,5,8,72,145,84,96,19,94,18,17
5350,43.0,2020-11-30,4,21,7,5,63,142,87,72,23,99,26,8
5351,43.0,2020-12-31,9,24,3,7,58,162,92,91,24,122,27,7
5352,43.0,2021-01-31,10,14,5,4,66,120,62,96,26,91,21,21
5353,43.0,2021-02-28,3,18,2,2,50,127,72,63,22,89,23,16
5354,43.0,2021-03-31,4,16,2,1,78,154,80,87,25,116,16,16
5355,43.0,2021-04-30,6,15,2,2,75,140,99,73,35,102,22,21
5356,43.0,2021-05-31,6,15,5,4,78,158,110,75,41,110,23,15
5357,43.0,2021-06-30,3,23,0,2,83,174,106,87,28,120,29,16
5358,43.0,2021-07-31,6,17,4,4,70,156,120,77,32,103,20,8
5359,43.0,2021-08-31,0,21,4,1,82,161,90,86,35,106,28,11
5360,43.0,2021-09-30,4,13,3,4,90,150,93,100,30,98,26,16
5361,43.0,2021-10-31,6,23,4,7,84,163,92,89,32,97,21,19
5362,43.0,2021-11-30,6,18,3,0,68,137,70,87,30,86,22,15
5363,43.0,2021-12-31,3,16,1,4,82,128,76,95,32,90,24,12
5364,43.0,2022-01-31,7,21,1,4,69,152,56,83,27,106,13,11
5365,43.0,2022-02-28,10,16,5,2,63,133,60,81,25,91,16,11
5366,43.0,2022-03-31,5,16,0,2,76,146,85,100,29,108,27,16
5367,43.0,2022-04-30,9,17,3,4,56,143,86,103,25,94,23,11
5368,43.0,2022-05-31,4,25,1,0,58,151,101,91,14,92,14,10
5369,43.0,2022-06-30,4,24,3,3,77,145,92,134,30,99,22,16
5370,43.0,2022-07-31,2,18,5,5,70,139,81,136,35,83,18,18
5371,43.0,2022-08-31,5,19,2,4,86,173,122,137,33,109,21,12
5372,43.0,2022-09-30,9,17,1,2,78,148,135,122,27,91,19,16
5373,43.0,2022-10-31,4,14,2,3,91,135,100,107,34,85,16,8
5374,43.0,2022-11-30,3,14,0,4,59,129,103,103,19,89,18,10
5375,43.0,2022-12-31,2,21,5,2,53,128,95,93,24,79,15,12
5376,43.0,2023-01-31,6,16,2,3,78,149,111,115,35,114,22,14
5377,43.0,2023-02-28,5,16,1,1,63,150,80,104,24,107,17,14
5378,43.0,2023-03-31,6,20,3,2,74,145,104,118,28,95,21,17
5379,43.0,2023-04-30,9,24,1,4,63,145,99,127,24,94,23,19
5380,43.0,2023-05-31,8,17,4,1,63,118,89,96,22,73,17,15
5381,43.0,2023-06-30,7,17,1,4,84,158,96,111,35,110,20,16
5382,43.0,2023-07-31,3,23,0,5,74,172,116,105,26,125,19,13
5383,43.0,2023-08-31,11,16,3,1,93,170,92,89,32,114,20,11
5384,43.0,2023-09-30,3,28,2,5,74,133,81,117,30,93,13,12
5385,43.0,2023-10-31,7,17,0,1,78,136,94,101,26,95,13,10
5386,43.0,2023-11-30,7,19,1,2,76,136,96,111,32,75,12,11
5387,43.0,2023-12-31,8,25,8,1,65,151,90,126,24,100,14,12
5388,43.0,2024-01-31,12,21,2,3,87,170,83,94,36,118,21,10
5389,43.0,2024-02-29,9,20,2,7,72,152,96,102,23,96,17,6
5390,43.0,2024-03-31,14,18,3,4,80,118,80,109,35,77,13,12
5391,43.0,2024-04-30,6,22,2,3,86,143,77,108,29,93,16,8
5392,43.0,2024-05-31,7,27,3,2,115,184,72,110,41,114,16,11
5393,43.0,2024-06-30,4,23,1,5,69,145,92,128,27,88,15,9
5394,43.0,2024-07-31,4,29,3,6,81,182,117,140,33,122,20,15
5395,43.0,2024-08-31,10,27,6,7,85,152,106,130,31,88,19,10
5396,43.0,2024-09-30,6,21,3,5,82,142,88,154,24,78,17,22
5397,43.0,2024-10-31,14,25,8,6,97,161,81,126,35,98,21,11
5398,43.0,2024-11-30,11,26,3,8,78,137,62,114,36,92,14,14
5399,43.0,2024-12-31,10,29,2,2,79,168,82,123,31,106,20,19
5400,43.0,2025-01-31,10,35,1,8,84,137,85,111,31,103,16,13
5401,43.0,2025-02-28,6,23,2,4,62,128,61,119,30,85,13,13
5402,43.0,2025-03-31,14,31,2,6,81,143,83,117,39,86,13,13
5403,43.0,2025-04-30,12,29,3,8,88,172,84,107,30,98,16,14
5404,43.0,2025-05-31,7,33,0,5,80,154,88,110,32,106,16,13
5405,43.0,2025-06-30,6,25,0,7,75,158,95,96,24,102,17,13
5406,43.0,2025-07-31,19,39,1,7,102,171,100,144,40,108,16,15
5407,43.0,2025-08-31,4,31,3,4,91,176,91,98,27,112,13,16
5408,43.0,2025-09-30,8,27,4,1,73,166,123,101,26,91,13,19
5409,43.0,2025-10-31,11,25,5,1,79,138,80,104,28,84,14,12
5410,43.0,2025-11-30,12,34,2,13,86,142,94,113,32,89,14,11
5411,43.0,2025-12-31,6,27,4,7,50,129,88,97,17,96,24,12
5412,43.0,2026-01-31,9,27,2,7,68,122,93,80,27,82,17,11
5413,43.0,2026-02-28,7,13,4,4,74,127,55,97,23,78,9,12
5414,43.0,2026-03-31,12,22,3,4,86,134,102,114,25,84,18,18
5415,43.0,2026-04-30,6,20,3,5,87,154,79,107,31,104,15,8
5416,43.0,2026-05-31,15,22,2,5,87,176,84,100,35,113,18,13
5417,43.0,2026-06-30,11,34,4,3,87,167,90,101,22,94,17,9
5418,44.0,2016-01-31,8,18,4,22,27,100,57,95,9,61,18,4
5419,44.0,2016-02-29,4,17,1,27,30,84,45,94,11,58,17,7
5420,44.0,2016-03-31,7,26,5,32,44,120,69,111,17,78,11,7
5421,44.0,2016-04-30,5,18,3,22,37,92,62,98,15,67,14,9
5422,44.0,2016-05-31,13,26,6,30,44,127,54,107,13,88,10,10
5423,44.0,2016-06-30,7,30,2,26,41,117,64,123,15,74,11,11
5424,44.0,2016-07-31,6,21,5,37,42,127,62,149,24,88,16,7
5425,44.0,2016-08-31,4,28,0,17,45,127,70,124,15,94,17,7
5426,44.0,2016-09-30,5,22,3,24,38,103,62,107,16,68,12,10
5427,44.0,2016-10-31,6,43,4,29,39,141,68,141,16,86,20,16
5428,44.0,2016-11-30,8,18,1,29,41,85,51,104,13,49,8,4
5429,44.0,2016-12-31,6,25,3,20,42,112,46,102,12,74,11,10
5430,44.0,2017-01-31,6,26,5,21,37,121,57,116,16,87,10,9
5431,44.0,2017-02-28,12,29,2,16,44,101,43,94,18,71,4,8
5432,44.0,2017-03-31,3,18,3,21,33,102,43,116,14,68,7,7
5433,44.0,2017-04-30,10,27,4,30,60,111,71,143,20,77,16,10
5434,44.0,2017-05-31,6,34,2,30,50,137,55,120,20,87,9,9
5435,44.0,2017-06-30,15,18,2,31,57,103,57,139,13,75,11,10
5436,44.0,2017-07-31,3,21,3,23,51,108,66,117,12,62,16,10
5437,44.0,2017-08-31,9,17,2,28,37,92,50,124,15,55,15,6
5438,44.0,2017-09-30,8,26,3,30,47,125,49,136,13,84,15,9
5439,44.0,2017-10-31,14,17,5,33,54,103,73,106,18,68,9,3
5440,44.0,2017-11-30,8,25,2,26,27,90,64,134,9,55,10,5
5441,44.0,2017-12-31,13,27,5,30,43,91,53,141,16,68,12,11
5442,44.0,2018-01-31,15,22,3,23,50,96,33,122,21,66,10,9
5443,44.0,2018-02-28,13,22,2,39,39,98,32,106,16,67,7,4
5444,44.0,2018-03-31,10,21,5,29,40,93,47,111,15,60,9,12
5445,44.0,2018-04-30,9,22,4,31,39,102,60,132,15,69,15,12
5446,44.0,2018-05-31,10,24,3,21,52,128,69,139,26,86,13,10
5447,44.0,2018-06-30,10,32,7,26,42,136,76,163,15,86,16,7
5448,44.0,2018-07-31,14,34,6,23,61,141,73,143,20,103,9,7
5449,44.0,2018-08-31,6,28,3,38,48,113,68,166,23,72,10,14
5450,44.0,2018-09-30,8,28,8,28,37,112,63,137,18,74,14,10
5451,44.0,2018-10-31,15,34,4,23,42,121,72,122,18,85,17,8
5452,44.0,2018-11-30,10,17,6,17,54,109,52,121,23,71,17,8
5453,44.0,2018-12-31,10,26,2,27,56,95,58,126,25,62,15,5
5454,44.0,2019-01-31,14,26,3,23,47,99,47,109,16,69,9,7
5455,44.0,2019-02-28,8,22,6,14,47,96,39,100,18,60,8,11
5456,44.0,2019-03-31,8,27,5,15,51,136,59,86,16,93,19,7
5457,44.0,2019-04-30,17,28,4,20,55,111,92,107,13,65,16,15
5458,44.0,2019-05-31,19,31,4,21,77,142,83,116,31,96,12,11
5459,44.0,2019-06-30,17,30,6,23,67,129,68,154,18,80,16,12
5460,44.0,2019-07-31,9,31,5,21,59,130,62,146,23,80,17,11
5461,44.0,2019-08-31,15,41,7,21,62,133,61,121,22,79,12,10
5462,44.0,2019-09-30,7,19,3,18,71,109,78,115,24,68,14,7
5463,44.0,2019-10-31,14,28,5,19,56,113,65,130,19,67,8,5
5464,44.0,2019-11-30,6,23,3,16,52,112,64,112,17,81,9,7
5465,44.0,2019-12-31,7,25,3,27,54,112,62,126,22,71,10,6
5466,44.0,2020-01-31,11,26,4,23,44,98,32,93,17,71,7,7
5467,44.0,2020-02-29,12,24,0,25,45,96,54,87,15,67,8,9
5468,44.0,2020-03-31,7,30,6,8,38,103,67,80,10,71,15,9
5469,44.0,2020-04-30,4,9,2,2,39,90,56,66,18,66,15,10
5470,44.0,2020-05-31,4,16,2,3,48,110,67,78,19,76,15,11
5471,44.0,2020-06-30,6,11,1,6,43,118,49,76,20,81,18,8
5472,44.0,2020-07-31,4,14,2,2,50,115,61,85,17,64,21,14
5473,44.0,2020-08-31,12,20,1,3,47,109,54,81,20,69,16,14
5474,44.0,2020-09-30,9,18,1,6,54,98,52,63,19,56,16,7
5475,44.0,2020-10-31,4,15,3,7,41,95,54,81,20,57,15,8
5476,44.0,2020-11-30,7,11,4,7,53,82,56,63,31,56,17,11
5477,44.0,2020-12-31,9,15,1,12,42,80,32,59,16,59,2,4
5478,44.0,2021-01-31,4,12,3,4,49,69,49,72,26,50,14,11
5479,44.0,2021-02-28,4,6,1,3,40,65,34,65,18,45,10,8
5480,44.0,2021-03-31,10,11,1,4,47,95,57,76,22,68,11,13
5481,44.0,2021-04-30,8,11,2,2,51,84,57,63,21,54,17,9
5482,44.0,2021-05-31,5,11,1,3,62,98,65,69,15,66,18,4
5483,44.0,2021-06-30,6,11,7,3,50,110,89,104,19,74,26,17
5484,44.0,2021-07-31,2,15,1,3,57,99,74,83,25,49,13,11
5485,44.0,2021-08-31,5,8,2,3,50,104,76,78,19,68,13,9
5486,44.0,2021-09-30,3,13,1,4,66,121,87,79,27,72,11,11
5487,44.0,2021-10-31,3,12,3,8,40,133,76,84,12,74,15,6
5488,44.0,2021-11-30,4,12,1,4,41,78,63,67,20,56,12,4
5489,44.0,2021-12-31,3,9,2,4,39,97,51,70,16,63,14,6
5490,44.0,2022-01-31,6,11,1,4,53,91,36,59,17,64,6,9
5491,44.0,2022-02-28,6,8,1,7,54,73,60,66,16,49,19,7
5492,44.0,2022-03-31,9,14,2,2,55,91,73,76,24,58,14,12
5493,44.0,2022-04-30,4,16,1,2,51,101,50,86,14,73,12,17
5494,44.0,2022-05-31,2,23,2,4,57,116,64,86,16,76,18,15
5495,44.0,2022-06-30,5,15,2,6,71,96,77,100,34,70,14,12
5496,44.0,2022-07-31,5,12,4,3,66,116,78,90,29,65,13,12
5497,44.0,2022-08-31,8,11,1,1,66,88,101,94,22,56,16,8
5498,44.0,2022-09-30,6,12,4,1,55,84,100,108,19,50,15,8
5499,44.0,2022-10-31,3,12,2,3,51,100,76,85,17,66,15,6
5500,44.0,2022-11-30,7,15,3,2,46,84,80,94,21,53,12,8
5501,44.0,2022-12-31,2,19,2,4,42,88,64,76,16,57,19,1
5502,44.0,2023-01-31,5,15,0,6,45,89,79,84,14,60,14,11
5503,44.0,2023-02-28,9,12,2,9,55,71,62,82,18,38,9,6
5504,44.0,2023-03-31,3,17,5,11,50,108,75,88,21,73,17,5
5505,44.0,2023-04-30,9,21,2,2,54,110,64,88,15,78,11,4
5506,44.0,2023-05-31,4,23,2,3,53,125,69,81,16,89,16,6
5507,44.0,2023-06-30,3,18,2,5,50,93,73,93,18,64,13,13
5508,44.0,2023-07-31,3,12,1,7,56,94,68,89,22,63,19,8
5509,44.0,2023-08-31,2,14,1,0,52,110,85,100,19,78,11,8
5510,44.0,2023-09-30,4,14,0,3,57,88,64,70,14,49,10,7
5511,44.0,2023-10-31,5,18,1,5,41,107,72,86,16,68,11,7
5512,44.0,2023-11-30,1,10,0,3,41,85,79,98,17,49,14,2
5513,44.0,2023-12-31,7,7,4,2,54,72,70,94,12,42,9,5
5514,44.0,2024-01-31,3,20,1,2,38,94,48,88,16,57,11,5
5515,44.0,2024-02-29,5,15,2,3,52,95,63,86,15,58,11,11
5516,44.0,2024-03-31,4,16,5,3,57,114,58,84,24,70,10,7
5517,44.0,2024-04-30,7,15,2,2,61,91,52,79,18,56,10,6
5518,44.0,2024-05-31,7,20,1,6,82,123,65,102,31,66,9,10
5519,44.0,2024-06-30,4,13,2,4,67,109,56,77,23,65,8,12
5520,44.0,2024-07-31,2,10,4,3,41,82,71,93,14,49,16,9
5521,44.0,2024-08-31,7,16,1,6,54,89,62,99,17,50,17,10
5522,44.0,2024-09-30,1,11,2,7,55,90,66,76,18,52,14,8
5523,44.0,2024-10-31,1,10,4,2,60,92,63,74,19,51,16,4
5524,44.0,2024-11-30,10,12,1,4,52,85,62,92,17,51,18,12
5525,44.0,2024-12-31,2,11,1,10,51,83,49,95,21,57,11,13
5526,44.0,2025-01-31,7,10,0,10,47,61,50,89,12,40,11,3
5527,44.0,2025-02-28,1,8,2,15,27,70,42,126,10,49,12,10
5528,44.0,2025-03-31,5,16,0,24,52,90,55,125,21,59,15,15
5529,44.0,2025-04-30,9,13,2,17,53,73,54,107,24,41,12,5
5530,44.0,2025-05-31,7,18,3,7,45,109,53,86,23,61,17,8
5531,44.0,2025-06-30,6,12,2,9,60,100,53,77,19,63,11,11
5532,44.0,2025-07-31,4,17,3,5,55,112,62,99,21,67,11,9
5533,44.0,2025-08-31,1,17,0,14,49,82,55,100,22,42,13,16
5534,44.0,2025-09-30,5,14,1,5,56,93,56,79,27,55,16,8
5535,44.0,2025-10-31,7,16,2,5,50,99,64,92,17,59,16,12
5536,44.0,2025-11-30,4,16,4,8,35,81,48,78,14,45,10,12
5537,44.0,2025-12-31,8,13,2,1,44,85,44,64,14,57,11,5
5538,44.0,2026-01-31,5,16,1,4,40,87,33,68,11,56,9,7
5539,44.0,2026-02-28,5,9,1,5,49,74,43,64,19,41,4,6
5540,44.0,2026-03-31,4,22,1,5,40,104,50,78,15,71,9,7
5541,44.0,2026-04-30,6,12,6,4,54,89,46,68,18,52,7,6
5542,44.0,2026-05-31,11,11,3,5,55,105,52,78,16,61,10,8
5543,44.0,2026-06-30,6,7,2,1,53,91,43,84,20,58,10,14
5544,45.0,2016-01-31,1,5,0,1,6,21,3,16,3,12,1,1
5545,45.0,2016-02-29,2,6,0,1,14,14,9,6,1,7,1,1
5546,45.0,2016-03-31,2,3,1,0,12,20,12,15,4,13,2,0
5547,45.0,2016-04-30,3,5,0,0,10,20,11,18,6,15,1,1
5548,45.0,2016-05-31,1,8,2,2,9,20,24,21,3,7,2,1
5549,45.0,2016-06-30,1,5,1,2,9,22,7,17,1,11,1,2
5550,45.0,2016-07-31,1,6,0,1,11,23,20,19,5,14,2,1
5551,45.0,2016-08-31,2,2,2,0,11,21,18,17,1,12,5,2
5552,45.0,2016-09-30,1,5,0,0,8,27,12,17,1,17,1,1
5553,45.0,2016-10-31,3,10,0,0,9,37,12,17,3,21,2,1
5554,45.0,2016-11-30,3,3,0,0,9,21,15,20,3,12,5,1
5555,45.0,2016-12-31,2,6,1,0,13,30,14,15,7,16,1,0
5556,45.0,2017-01-31,1,5,2,0,10,25,14,25,1,11,1,0
5557,45.0,2017-02-28,2,7,0,1,5,16,19,19,0,6,4,0
5558,45.0,2017-03-31,2,5,4,1,13,27,12,23,2,14,5,3
5559,45.0,2017-04-30,2,4,0,0,14,25,11,16,1,14,0,2
5560,45.0,2017-05-31,1,4,0,0,7,23,6,19,0,5,0,0
5561,45.0,2017-06-30,3,5,0,1,7,23,12,10,1,16,4,1
5562,45.0,2017-07-31,4,5,1,0,14,25,9,23,5,15,4,0
5563,45.0,2017-08-31,1,3,2,2,12,24,14,25,4,17,2,3
5564,45.0,2017-09-30,1,8,0,4,12,21,18,29,3,13,5,2
5565,45.0,2017-10-31,0,7,1,3,9,28,13,17,3,16,2,2
5566,45.0,2017-11-30,0,4,3,3,8,16,12,20,4,10,3,2
5567,45.0,2017-12-31,0,2,1,2,7,28,10,16,3,19,1,0
5568,45.0,2018-01-31,1,5,0,1,9,18,6,14,1,12,1,2
5569,45.0,2018-02-28,3,6,0,0,13,20,11,9,4,11,0,0
5570,45.0,2018-03-31,0,12,0,0,12,26,4,13,2,16,0,0
5571,45.0,2018-04-30,2,0,0,1,9,18,17,9,3,6,4,0
5572,45.0,2018-05-31,1,5,1,1,18,25,12,20,7,14,3,3
5573,45.0,2018-06-30,0,3,2,3,7,18,19,24,2,11,3,1
5574,45.0,2018-07-31,0,4,0,1,6,18,12,11,2,13,1,0
5575,45.0,2018-08-31,1,1,1,0,5,21,12,20,3,14,1,0
5576,45.0,2018-09-30,1,4,2,0,12,17,12,17,2,10,3,4
5577,45.0,2018-10-31,4,9,1,1,9,26,14,21,4,18,1,1
5578,45.0,2018-11-30,3,3,0,1,13,15,12,17,1,8,4,0
5579,45.0,2018-12-31,1,8,1,0,7,31,23,26,2,19,2,1
5580,45.0,2019-01-31,0,11,1,0,9,27,9,15,5,17,0,2
5581,45.0,2019-02-28,1,4,0,1,14,20,7,11,5,11,1,0
5582,45.0,2019-03-31,2,7,0,0,6,24,7,15,1,9,2,3
5583,45.0,2019-04-30,1,7,1,3,10,21,14,18,7,12,0,2
5584,45.0,2019-05-31,1,5,1,2,12,15,8,24,3,7,3,1
5585,45.0,2019-06-30,4,1,3,0,14,25,14,20,4,15,3,1
5586,45.0,2019-07-31,6,4,0,1,14,21,18,25,7,12,4,2
5587,45.0,2019-08-31,0,3,0,1,6,21,11,19,3,17,2,1
5588,45.0,2019-09-30,1,5,1,0,10,26,11,23,2,12,2,1
5589,45.0,2019-10-31,2,5,1,1,9,17,11,11,5,10,2,0
5590,45.0,2019-11-30,1,3,0,0,11,17,9,9,5,9,1,2
5591,45.0,2019-12-31,1,6,1,0,9,19,11,23,5,11,3,0
5592,45.0,2020-01-31,2,8,0,0,10,25,11,18,6,10,1,2
5593,45.0,2020-02-29,3,3,0,1,7,16,10,18,5,9,2,2
5594,45.0,2020-03-31,0,2,0,1,5,24,8,13,2,14,3,0
5595,45.0,2020-04-30,0,1,0,0,0,15,15,10,0,11,3,0
5596,45.0,2020-05-31,1,7,0,1,11,28,17,12,3,20,2,0
5597,45.0,2020-06-30,1,1,0,1,8,15,19,16,2,13,2,0
5598,45.0,2020-07-31,1,6,0,2,11,29,19,15,3,20,4,1
5599,45.0,2020-08-31,1,1,0,0,15,17,11,20,8,9,1,1
5600,45.0,2020-09-30,2,4,1,0,5,19,19,14,4,14,4,1
5601,45.0,2020-10-31,0,1,0,0,7,12,8,16,3,10,1,2
5602,45.0,2020-11-30,1,3,1,0,5,20,8,10,3,12,1,1
5603,45.0,2020-12-31,0,1,1,2,2,15,9,10,1,10,2,1
5604,45.0,2021-01-31,0,2,0,0,5,15,14,8,3,11,2,1
5605,45.0,2021-02-28,0,2,0,0,2,13,5,7,2,10,1,0
5606,45.0,2021-03-31,0,2,0,0,9,14,8,11,5,7,2,0
5607,45.0,2021-04-30,1,1,0,0,13,19,9,11,3,13,2,2
5608,45.0,2021-05-31,1,1,0,0,14,15,13,9,5,11,2,1
5609,45.0,2021-06-30,0,2,1,0,8,28,17,20,1,16,6,0
5610,45.0,2021-07-31,0,0,1,0,13,18,13,13,4,11,1,2
5611,45.0,2021-08-31,3,0,0,0,8,19,9,14,3,10,1,4
5612,45.0,2021-09-30,0,2,0,0,9,25,7,18,1,17,1,1
5613,45.0,2021-10-31,1,4,0,0,12,29,11,8,2,12,0,1
5614,45.0,2021-11-30,2,2,2,0,11,16,17,10,4,9,5,0
5615,45.0,2021-12-31,2,3,0,0,14,25,13,5,5,19,6,2
5616,45.0,2022-01-31,0,4,0,0,6,18,6,13,2,11,0,3
5617,45.0,2022-02-28,0,3,0,0,11,16,8,13,4,8,2,2
5618,45.0,2022-03-31,0,0,0,0,13,21,13,10,5,11,3,0
5619,45.0,2022-04-30,0,3,2,0,11,12,16,13,4,7,2,2
5620,45.0,2022-05-31,1,4,0,0,7,13,8,16,1,9,5,1
5621,45.0,2022-06-30,2,1,0,2,10,10,5,24,2,7,3,5
5622,45.0,2022-07-31,0,0,1,0,10,14,18,26,2,6,4,2
5623,45.0,2022-08-31,0,3,1,0,13,15,17,25,7,12,4,0
5624,45.0,2022-09-30,0,2,0,0,13,16,21,22,5,5,2,2
5625,45.0,2022-10-31,0,1,0,0,10,15,16,16,4,12,3,1
5626,45.0,2022-11-30,0,1,1,1,12,7,9,16,6,5,2,3
5627,45.0,2022-12-31,0,0,0,0,14,16,7,18,6,11,1,1
5628,45.0,2023-01-31,1,1,2,0,15,22,20,12,5,12,4,2
5629,45.0,2023-02-28,0,3,1,0,11,13,8,21,2,8,3,1
5630,45.0,2023-03-31,0,2,1,0,7,15,9,16,2,5,2,1
5631,45.0,2023-04-30,1,1,0,0,14,17,9,12,6,12,0,1
5632,45.0,2023-05-31,0,2,0,0,11,8,9,11,6,4,2,1
5633,45.0,2023-06-30,1,1,0,1,17,18,11,22,7,12,3,3
5634,45.0,2023-07-31,0,1,0,0,7,16,14,13,0,12,1,1
5635,45.0,2023-08-31,0,1,0,0,13,17,17,17,8,12,5,2
5636,45.0,2023-09-30,1,4,0,0,11,17,6,20,2,6,2,1
5637,45.0,2023-10-31,1,1,2,0,16,18,17,19,1,10,5,1
5638,45.0,2023-11-30,1,0,1,0,14,15,15,10,5,8,2,1
5639,45.0,2023-12-31,0,2,0,0,2,15,10,8,0,8,0,2
5640,45.0,2024-01-31,0,2,1,0,8,15,8,14,1,14,1,2
5641,45.0,2024-02-29,1,2,0,0,16,24,2,13,2,14,0,1
5642,45.0,2024-03-31,1,2,1,0,12,10,14,15,3,6,2,2
5643,45.0,2024-04-30,0,0,0,1,7,13,13,18,3,5,0,0
5644,45.0,2024-05-31,0,2,0,0,9,19,9,21,3,11,2,1
5645,45.0,2024-06-30,0,4,0,1,6,19,17,21,2,12,3,0
5646,45.0,2024-07-31,1,4,1,2,15,14,14,23,3,9,2,0
5647,45.0,2024-08-31,1,0,0,1,11,12,8,17,3,8,2,1
5648,45.0,2024-09-30,0,1,0,1,9,11,6,23,4,9,2,1
5649,45.0,2024-10-31,0,1,0,0,17,24,8,28,5,14,2,2
5650,45.0,2024-11-30,1,0,0,0,13,17,13,13,6,6,2,2
5651,45.0,2024-12-31,1,1,0,0,8,14,11,18,1,10,1,3
5652,45.0,2025-01-31,0,2,1,0,6,14,19,11,1,9,3,0
5653,45.0,2025-02-28,2,3,0,0,11,14,9,9,3,13,2,0
5654,45.0,2025-03-31,1,1,0,0,14,12,3,17,5,9,0,0
5655,45.0,2025-04-30,1,0,0,0,9,15,14,14,3,9,4,0
5656,45.0,2025-05-31,1,3,0,2,11,22,16,14,3,14,0,1
5657,45.0,2025-06-30,1,5,0,0,8,17,18,11,3,14,0,3
5658,45.0,2025-07-31,2,1,1,0,11,15,17,18,1,11,3,2
5659,45.0,2025-08-31,0,0,0,0,8,17,10,10,6,6,3,2
5660,45.0,2025-09-30,5,4,1,0,11,17,7,13,1,10,2,1
5661,45.0,2025-10-31,0,5,0,0,6,22,13,16,1,12,3,0
5662,45.0,2025-11-30,0,5,0,0,5,16,13,21,1,10,2,2
5663,45.0,2025-12-31,0,6,0,0,8,20,15,10,4,14,3,0
5664,45.0,2026-01-31,2,2,1,0,8,14,12,11,6,9,3,3
5665,45.0,2026-02-28,1,1,0,1,8,10,7,9,3,5,3,1
5666,45.0,2026-03-31,2,3,0,0,15,18,13,17,6,7,1,3
5667,45.0,2026-04-30,2,2,2,1,18,14,10,11,11,8,3,0
5668,45.0,2026-05-31,3,2,0,0,18,13,14,12,5,10,1,1
5669,45.0,2026-06-30,0,3,0,0,7,17,16,15,4,12,3,0
5670,46.0,2016-01-31,6,21,8,4,31,89,58,46,12,59,7,3
5671,46.0,2016-02-29,10,17,2,10,41,79,31,46,18,59,10,6
5672,46.0,2016-03-31,4,26,6,9,34,90,54,66,16,57,13,5
5673,46.0,2016-04-30,6,16,6,10,27,89,45,50,16,62,11,7
5674,46.0,2016-05-31,6,22,4,3,42,112,58,54,13,67,6,11
5675,46.0,2016-06-30,11,18,3,5,57,107,46,61,20,71,12,7
5676,46.0,2016-07-31,10,23,2,1,41,89,49,55,11,49,6,1
5677,46.0,2016-08-31,10,13,1,2,62,92,51,70,19,61,9,8
5678,46.0,2016-09-30,16,25,1,3,56,109,54,53,18,67,13,8
5679,46.0,2016-10-31,6,25,3,4,50,92,49,60,20,63,5,3
5680,46.0,2016-11-30,5,14,5,3,34,100,47,47,12,64,8,5
5681,46.0,2016-12-31,7,16,0,4,25,91,31,49,9,59,4,4
5682,46.0,2017-01-31,4,24,5,3,28,77,48,47,10,52,8,3
5683,46.0,2017-02-28,12,18,3,1,31,73,22,38,13,53,6,3
5684,46.0,2017-03-31,12,15,6,3,32,78,53,50,12,48,8,8
5685,46.0,2017-04-30,6,25,2,4,35,95,52,38,15,57,7,4
5686,46.0,2017-05-31,4,30,2,11,29,113,38,46,9,80,7,5
5687,46.0,2017-06-30,5,18,1,9,37,90,36,60,14,63,8,6
5688,46.0,2017-07-31,14,26,5,7,40,97,57,83,11,60,11,17
5689,46.0,2017-08-31,7,26,3,3,47,96,43,69,15,69,8,6
5690,46.0,2017-09-30,10,26,5,6,42,119,64,80,17,69,15,7
5691,46.0,2017-10-31,8,15,7,1,36,101,68,59,15,62,7,4
5692,46.0,2017-11-30,6,19,1,0,27,80,48,41,10,52,6,4
5693,46.0,2017-12-31,4,21,1,4,26,78,52,58,8,56,4,8
5694,46.0,2018-01-31,7,17,2,5,25,69,36,39,10,42,7,1
5695,46.0,2018-02-28,2,20,4,8,25,66,37,32,3,44,4,5
5696,46.0,2018-03-31,11,17,2,4,29,89,42,47,7,58,8,4
5697,46.0,2018-04-30,5,17,3,7,44,80,40,46,15,53,5,5
5698,46.0,2018-05-31,6,27,2,1,39,107,39,51,12,71,7,9
5699,46.0,2018-06-30,9,28,2,1,42,97,44,60,14,69,6,5
5700,46.0,2018-07-31,8,20,0,4,44,89,44,55,10,55,10,11
5701,46.0,2018-08-31,10,23,8,5,50,108,46,62,16,65,8,8
5702,46.0,2018-09-30,7,20,4,4,27,96,34,62,12,52,6,7
5703,46.0,2018-10-31,7,13,1,8,38,82,38,67,15,52,9,1
5704,46.0,2018-11-30,10,11,1,10,33,67,27,41,15,48,8,4
5705,46.0,2018-12-31,10,23,0,5,32,102,57,57,12,67,12,5
5706,46.0,2019-01-31,4,14,0,5,22,67,37,39,10,42,10,1
5707,46.0,2019-02-28,6,17,2,4,28,58,36,41,10,36,9,3
5708,46.0,2019-03-31,9,21,1,4,40,94,29,46,15,59,7,5
5709,46.0,2019-04-30,10,25,3,6,36,94,46,35,9,62,7,6
5710,46.0,2019-05-31,20,28,4,7,59,110,51,43,19,65,8,2
5711,46.0,2019-06-30,14,21,2,4,48,96,57,48,14,58,9,9
5712,46.0,2019-07-31,11,29,3,4,48,96,53,52,12,61,9,2
5713,46.0,2019-08-31,15,24,2,4,36,86,47,54,15,55,4,3
5714,46.0,2019-09-30,8,11,2,7,42,70,43,59,13,40,3,11
5715,46.0,2019-10-31,7,13,7,4,27,62,48,52,10,34,9,3
5716,46.0,2019-11-30,6,14,4,3,14,63,31,44,4,46,8,7
5717,46.0,2019-12-31,10,16,2,9,28,61,36,73,11,43,8,12
5718,46.0,2020-01-31,6,21,2,10,24,59,28,47,8,41,3,4
5719,46.0,2020-02-29,11,7,2,1,23,59,22,31,10,38,9,2
5720,46.0,2020-03-31,6,15,1,4,33,69,35,48,12,41,10,3
5721,46.0,2020-04-30,2,10,0,0,17,57,40,28,5,44,6,6
5722,46.0,2020-05-31,0,8,2,1,24,54,44,40,6,33,9,4
5723,46.0,2020-06-30,3,10,4,0,33,91,48,36,13,55,14,4
5724,46.0,2020-07-31,7,11,4,2,36,65,58,50,16,42,12,12
5725,46.0,2020-08-31,5,5,3,0,32,85,56,31,8,50,10,4
5726,46.0,2020-09-30,2,10,2,2,27,71,36,43,15,47,7,10
5727,46.0,2020-10-31,5,11,5,0,37,84,46,36,10,48,4,10
5728,46.0,2020-11-30,2,10,2,2,23,49,33,31,11,29,10,4
5729,46.0,2020-12-31,1,12,1,1,27,54,43,33,4,39,11,3
5730,46.0,2021-01-31,4,10,0,0,29,55,37,25,12,38,7,2
5731,46.0,2021-02-28,4,14,1,1,27,62,27,33,13,46,8,4
5732,46.0,2021-03-31,3,9,2,1,29,71,46,39,15,41,16,5
5733,46.0,2021-04-30,5,9,2,1,51,71,38,54,17,52,14,5
5734,46.0,2021-05-31,5,9,2,0,36,74,51,46,14,49,16,8
5735,46.0,2021-06-30,1,7,1,1,42,82,63,43,12,53,19,7
5736,46.0,2021-07-31,2,12,0,0,45,91,53,38,20,59,7,4
5737,46.0,2021-08-31,1,8,2,1,47,75,46,53,14,48,10,8
5738,46.0,2021-09-30,0,9,0,1,41,84,40,40,16,50,7,7
5739,46.0,2021-10-31,4,7,0,1,35,58,35,36,14,42,2,2
5740,46.0,2021-11-30,3,6,2,0,40,62,45,42,21,39,12,6
5741,46.0,2021-12-31,4,8,3,1,48,76,46,51,18,53,13,2
5742,46.0,2022-01-31,2,13,1,1,31,60,39,46,15,43,8,5
5743,46.0,2022-02-28,2,9,3,0,35,69,23,45,12,49,5,6
5744,46.0,2022-03-31,5,7,0,0,45,62,41,53,18,30,5,5
5745,46.0,2022-04-30,9,12,0,2,40,74,47,56,12,46,12,6
5746,46.0,2022-05-31,3,16,1,0,54,85,45,48,18,49,8,5
5747,46.0,2022-06-30,3,13,2,0,47,83,51,45,15,55,9,5
5748,46.0,2022-07-31,5,19,2,0,51,77,54,83,21,50,12,6
5749,46.0,2022-08-31,6,11,3,2,61,80,52,67,14,51,8,7
5750,46.0,2022-09-30,4,11,3,2,50,77,79,47,13,45,10,3
5751,46.0,2022-10-31,3,5,0,0,45,84,83,62,16,56,17,6
5752,46.0,2022-11-30,4,7,1,1,22,73,45,47,8,54,8,7
5753,46.0,2022-12-31,0,8,1,0,37,72,64,45,14,47,9,6
5754,46.0,2023-01-31,2,7,3,0,32,60,59,46,9,39,8,3
5755,46.0,2023-02-28,0,9,0,1,35,66,42,63,16,44,8,10
5756,46.0,2023-03-31,1,8,1,6,47,71,57,48,12,45,8,4
5757,46.0,2023-04-30,1,11,0,1,41,91,53,61,13,56,3,5
5758,46.0,2023-05-31,0,14,1,2,46,93,51,66,16,57,9,8
5759,46.0,2023-06-30,2,9,0,2,49,92,56,46,24,56,7,7
5760,46.0,2023-07-31,2,16,1,1,50,95,55,70,14,65,6,5
5761,46.0,2023-08-31,3,14,0,3,43,69,55,63,17,50,9,10
5762,46.0,2023-09-30,1,11,2,0,37,67,55,38,14,48,6,5
5763,46.0,2023-10-31,3,11,1,4,29,76,61,72,13,45,9,5
5764,46.0,2023-11-30,2,12,0,1,35,54,41,50,10,34,7,4
5765,46.0,2023-12-31,3,1,0,1,35,52,64,61,6,31,16,5
5766,46.0,2024-01-31,3,10,1,6,42,61,40,62,12,46,3,5
5767,46.0,2024-02-29,1,10,0,1,36,60,31,42,14,37,4,4
5768,46.0,2024-03-31,2,12,0,4,36,69,35,57,14,48,6,6
5769,46.0,2024-04-30,2,16,2,1,33,77,47,63,13,44,3,13
5770,46.0,2024-05-31,3,9,0,1,41,81,46,54,18,49,5,9
5771,46.0,2024-06-30,2,11,2,2,34,76,48,53,12,38,10,5
5772,46.0,2024-07-31,6,8,0,2,54,68,41,70,16,50,6,13
5773,46.0,2024-08-31,4,17,3,3,48,78,45,59,17,47,6,9
5774,46.0,2024-09-30,3,8,2,1,53,67,43,46,17,45,5,7
5775,46.0,2024-10-31,5,11,3,2,46,72,45,59,18,50,6,8
5776,46.0,2024-11-30,9,7,0,0,37,54,46,41,15,32,10,7
5777,46.0,2024-12-31,6,11,0,0,30,58,36,39,13,36,7,7
5778,46.0,2025-01-31,7,12,1,1,32,56,39,32,14,39,12,0
5779,46.0,2025-02-28,6,7,1,0,23,50,35,33,10,31,8,2
5780,46.0,2025-03-31,6,15,1,1,38,67,38,38,15,42,4,8
5781,46.0,2025-04-30,1,13,3,1,42,69,45,38,14,44,16,6
5782,46.0,2025-05-31,2,12,1,1,39,77,47,53,9,43,10,7
5783,46.0,2025-06-30,2,9,1,0,48,64,51,30,9,42,14,3
5784,46.0,2025-07-31,2,15,2,0,32,67,70,54,10,37,6,7
5785,46.0,2025-08-31,2,12,2,3,31,69,92,54,14,44,6,6
5786,46.0,2025-09-30,3,22,1,0,29,71,48,40,11,44,4,10
5787,46.0,2025-10-31,7,17,1,1,36,63,48,33,13,49,7,3
5788,46.0,2025-11-30,2,18,4,0,26,60,46,40,12,40,10,7
5789,46.0,2025-12-31,3,12,4,0,31,57,35,33,11,40,10,0
5790,46.0,2026-01-31,5,12,2,0,25,51,42,31,8,36,6,7
5791,46.0,2026-02-28,8,19,2,0,31,61,36,29,12,40,11,2
5792,46.0,2026-03-31,4,14,0,0,31,74,34,38,15,51,7,7
5793,46.0,2026-04-30,3,18,1,0,38,70,53,46,10,52,7,7
5794,46.0,2026-05-31,6,13,2,1,45,65,44,40,18,45,11,5
5795,46.0,2026-06-30,7,8,3,0,27,62,46,24,12,46,12,3
5796,47.0,2016-01-31,0,2,0,0,2,7,4,6,0,5,0,0
5797,47.0,2016-02-29,1,1,0,0,1,4,3,5,0,2,0,0
5798,47.0,2016-03-31,0,0,0,0,3,6,3,1,1,1,1,0
5799,47.0,2016-04-30,1,3,0,0,6,12,6,4,2,6,1,1
5800,47.0,2016-05-31,0,1,0,0,4,8,5,4,1,5,1,0
5801,47.0,2016-06-30,0,0,1,0,4,6,7,5,1,4,1,1
5802,47.0,2016-07-31,0,3,0,0,3,13,6,4,0,10,1,1
5803,47.0,2016-08-31,0,0,0,0,3,6,2,4,1,3,0,0
5804,47.0,2016-09-30,1,1,0,0,4,7,9,8,1,6,1,0
5805,47.0,2016-10-31,1,1,1,0,1,6,13,5,1,5,4,1
5806,47.0,2016-11-30,1,1,0,0,3,5,9,4,2,3,0,0
5807,47.0,2016-12-31,0,2,0,0,4,5,5,3,1,4,0,0
5808,47.0,2017-01-31,0,1,0,0,3,4,3,6,0,4,1,0
5809,47.0,2017-02-28,1,3,0,0,3,6,4,2,2,4,1,0
5810,47.0,2017-03-31,0,0,1,0,1,9,6,5,0,5,1,0
5811,47.0,2017-04-30,0,0,0,0,2,5,4,2,0,2,1,0
5812,47.0,2017-05-31,0,2,0,0,5,6,3,2,0,4,0,0
5813,47.0,2017-06-30,0,0,0,0,4,5,3,4,2,2,0,0
5814,47.0,2017-07-31,0,2,0,0,2,6,7,4,0,4,2,0
5815,47.0,2017-08-31,1,1,0,0,2,4,7,2,1,4,1,0
5816,47.0,2017-09-30,0,0,1,0,4,11,1,4,1,11,0,0
5817,47.0,2017-10-31,0,2,0,0,6,15,7,3,1,7,1,0
5818,47.0,2017-11-30,0,1,0,0,1,5,6,3,1,4,1,2
5819,47.0,2017-12-31,1,0,0,0,4,5,2,1,0,2,1,0
5820,47.0,2018-01-31,0,0,0,0,1,4,4,5,1,3,2,1
5821,47.0,2018-02-28,1,1,0,0,2,2,1,5,2,2,0,0
5822,47.0,2018-03-31,0,0,0,0,5,6,4,7,3,3,1,0
5823,47.0,2018-04-30,1,1,0,0,3,5,4,2,0,3,1,0
5824,47.0,2018-05-31,1,2,0,0,5,9,8,4,1,6,3,1
5825,47.0,2018-06-30,0,2,1,0,1,8,6,5,0,5,1,0
5826,47.0,2018-07-31,0,1,0,0,5,3,3,5,1,3,1,0
5827,47.0,2018-08-31,0,0,1,1,1,10,6,6,1,8,1,0
5828,47.0,2018-09-30,0,0,0,0,4,7,4,6,1,5,1,1
5829,47.0,2018-10-31,1,1,0,0,5,4,2,5,2,2,0,3
5830,47.0,2018-11-30,0,1,0,1,0,6,2,8,0,5,0,1
5831,47.0,2018-12-31,1,0,1,0,7,3,5,4,3,1,1,1
5832,47.0,2019-01-31,0,1,0,0,1,7,2,7,1,6,0,2
5833,47.0,2019-02-28,0,2,0,0,2,3,4,1,2,3,1,0
5834,47.0,2019-03-31,0,2,1,0,2,5,7,3,2,4,0,0
5835,47.0,2019-04-30,2,1,0,0,2,7,1,2,1,5,0,0
5836,47.0,2019-05-31,0,3,0,1,2,9,8,2,1,4,2,0
5837,47.0,2019-06-30,2,2,0,0,10,5,5,4,3,4,0,0
5838,47.0,2019-07-31,1,3,0,0,4,5,4,3,0,5,0,0
5839,47.0,2019-08-31,0,0,0,0,1,7,6,5,0,4,1,1
5840,47.0,2019-09-30,1,1,0,0,8,5,6,5,4,5,1,0
5841,47.0,2019-10-31,1,0,0,0,1,8,3,1,0,6,1,0
5842,47.0,2019-11-30,0,0,0,0,0,3,4,4,0,2,1,0
5843,47.0,2019-12-31,1,1,0,1,2,8,0,5,0,7,0,0
5844,47.0,2020-01-31,1,3,1,0,4,10,5,5,1,6,0,1
5845,47.0,2020-02-29,0,0,0,0,2,6,6,1,0,4,1,0
5846,47.0,2020-03-31,1,1,0,0,1,10,2,2,1,7,0,0
5847,47.0,2020-04-30,0,0,0,0,2,5,3,3,0,3,1,1
5848,47.0,2020-05-31,0,0,0,0,3,3,1,3,0,3,0,0
5849,47.0,2020-06-30,0,0,0,0,2,5,4,10,0,2,2,2
5850,47.0,2020-07-31,0,0,0,0,3,1,9,2,1,1,2,0
5851,47.0,2020-08-31,0,0,2,0,5,7,9,2,2,5,2,0
5852,47.0,2020-09-30,1,0,0,0,3,8,7,2,2,4,2,0
5853,47.0,2020-10-31,0,1,0,0,1,9,10,4,0,5,3,0
5854,47.0,2020-11-30,1,3,1,0,3,6,12,2,1,2,3,1
5855,47.0,2020-12-31,0,0,0,0,1,1,5,3,1,0,0,2
5856,47.0,2021-01-31,0,2,1,0,2,7,5,0,2,5,1,0
5857,47.0,2021-02-28,0,2,0,0,1,4,5,1,1,3,2,0
5858,47.0,2021-03-31,0,1,0,0,2,9,4,2,1,6,1,0
5859,47.0,2021-04-30,0,1,0,0,5,7,5,1,2,3,0,0
5860,47.0,2021-05-31,1,1,0,0,2,5,2,2,2,3,0,0
5861,47.0,2021-06-30,0,1,0,0,3,4,9,5,1,4,0,1
5862,47.0,2021-07-31,1,1,0,0,2,6,4,2,0,5,2,0
5863,47.0,2021-08-31,1,0,0,0,8,7,5,2,3,4,1,0
5864,47.0,2021-09-30,0,1,0,0,2,8,5,3,1,5,1,0
5865,47.0,2021-10-31,0,1,0,0,5,7,5,7,4,4,0,1
5866,47.0,2021-11-30,1,1,0,0,2,6,6,2,2,6,0,1
5867,47.0,2021-12-31,0,0,0,0,1,14,0,2,1,12,0,0
5868,47.0,2022-01-31,1,0,0,0,2,4,3,2,1,3,0,0
5869,47.0,2022-02-28,0,1,0,0,2,5,1,2,2,4,1,2
5870,47.0,2022-03-31,0,1,0,0,4,3,4,2,0,2,0,1
5871,47.0,2022-04-30,0,0,1,0,2,3,7,2,1,3,0,0
5872,47.0,2022-05-31,1,0,0,0,5,1,4,7,2,1,2,0
5873,47.0,2022-06-30,0,1,0,0,5,4,4,16,3,2,1,2
5874,47.0,2022-07-31,0,0,0,0,1,5,3,9,0,2,0,0
5875,47.0,2022-08-31,0,0,0,0,5,7,2,4,1,5,1,0
5876,47.0,2022-09-30,0,0,0,1,2,3,9,6,0,1,1,0
5877,47.0,2022-10-31,0,1,0,0,3,7,4,3,0,6,0,0
5878,47.0,2022-11-30,0,0,0,0,2,6,6,4,1,4,0,0
5879,47.0,2022-12-31,0,0,0,0,7,3,6,6,3,3,0,2
5880,47.0,2023-01-31,0,1,0,0,2,4,2,5,0,3,1,0
5881,47.0,2023-02-28,1,0,0,0,3,2,3,2,2,2,1,0
5882,47.0,2023-03-31,0,0,0,0,5,5,4,7,4,2,0,0
5883,47.0,2023-04-30,0,1,0,0,1,6,1,1,0,5,0,0
5884,47.0,2023-05-31,0,2,0,1,0,5,7,4,0,5,2,1
5885,47.0,2023-06-30,0,2,0,0,1,7,11,2,0,7,2,0
5886,47.0,2023-07-31,0,0,0,0,4,4,7,6,1,3,0,1
5887,47.0,2023-08-31,1,0,0,0,7,4,1,4,2,3,0,0
5888,47.0,2023-09-30,0,0,0,0,3,3,2,0,2,2,1,0
5889,47.0,2023-10-31,0,0,0,0,5,3,4,6,3,1,1,1
5890,47.0,2023-11-30,0,0,0,0,2,2,3,2,0,1,0,1
5891,47.0,2023-12-31,0,1,0,0,1,2,3,3,0,2,0,0
5892,47.0,2024-01-31,0,1,1,0,2,4,2,4,0,2,1,0
5893,47.0,2024-02-29,0,0,0,0,2,3,2,1,0,3,0,0
5894,47.0,2024-03-31,0,0,0,0,4,8,4,2,0,5,0,0
5895,47.0,2024-04-30,1,1,1,0,3,3,4,2,2,1,0,0
5896,47.0,2024-05-31,0,1,1,0,5,4,4,2,1,3,1,0
5897,47.0,2024-06-30,0,0,0,0,0,5,8,1,0,5,1,0
5898,47.0,2024-07-31,1,0,0,0,1,8,1,6,1,5,1,0
5899,47.0,2024-08-31,0,0,0,0,3,6,4,2,1,3,4,0
5900,47.0,2024-09-30,0,0,0,0,4,1,6,3,1,1,3,0
5901,47.0,2024-10-31,0,0,0,0,4,3,4,5,4,2,0,0
5902,47.0,2024-11-30,0,0,0,0,1,1,2,2,1,1,0,0
5903,47.0,2024-12-31,0,0,0,0,3,5,2,2,2,1,1,0
5904,47.0,2025-01-31,0,1,0,0,0,8,2,2,0,3,0,0
5905,47.0,2025-02-28,2,2,0,0,3,4,0,1,0,3,0,0
5906,47.0,2025-03-31,0,0,0,0,2,2,2,1,1,1,1,0
5907,47.0,2025-04-30,0,0,0,0,3,2,5,6,1,2,0,1
5908,47.0,2025-05-31,0,0,0,0,2,1,3,5,0,0,1,2
5909,47.0,2025-06-30,0,0,0,0,2,5,3,6,0,3,1,0
5910,47.0,2025-07-31,0,2,1,0,3,6,3,8,2,2,2,1
5911,47.0,2025-08-31,0,2,0,0,6,6,2,3,5,2,1,0
5912,47.0,2025-09-30,0,0,0,0,1,1,1,4,0,0,0,0
5913,47.0,2025-10-31,0,0,0,0,2,8,2,5,0,4,1,2
5914,47.0,2025-11-30,0,0,0,0,1,3,4,4,0,1,0,0
5915,47.0,2025-12-31,0,1,0,0,1,4,1,3,0,4,0,0
5916,47.0,2026-01-31,0,0,0,0,1,3,3,4,1,3,0,1
5917,47.0,2026-02-28,0,1,0,0,1,4,5,1,0,3,0,1
5918,47.0,2026-03-31,0,0,0,0,0,2,1,1,0,1,0,0
5919,47.0,2026-04-30,0,0,0,0,3,7,4,3,2,5,1,1
5920,47.0,2026-05-31,0,2,0,0,7,4,6,5,1,1,1,1
5921,47.0,2026-06-30,1,0,1,0,3,1,3,2,0,1,1,1
5922,48.0,2016-01-31,2,4,0,4,6,13,10,17,1,4,1,0
5923,48.0,2016-02-29,3,2,2,1,9,27,18,17,2,17,3,1
5924,48.0,2016-03-31,2,2,1,1,18,14,11,22,7,10,2,2
5925,48.0,2016-04-30,2,3,1,2,5,20,14,20,0,10,1,2
5926,48.0,2016-05-31,1,3,2,0,5,17,15,27,2,10,1,0
5927,48.0,2016-06-30,4,5,0,3,17,21,15,26,9,13,1,0
5928,48.0,2016-07-31,1,7,1,0,12,32,10,20,2,24,0,2
5929,48.0,2016-08-31,2,5,1,1,12,30,22,23,5,22,4,0
5930,48.0,2016-09-30,2,1,2,2,8,23,14,23,3,10,3,0
5931,48.0,2016-10-31,0,4,1,3,9,24,20,37,4,15,3,1
5932,48.0,2016-11-30,0,2,0,1,10,18,10,19,4,11,0,1
5933,48.0,2016-12-31,2,2,0,0,4,14,11,21,3,10,1,1
5934,48.0,2017-01-31,1,5,0,0,6,16,11,17,2,10,1,0
5935,48.0,2017-02-28,1,3,2,0,5,18,12,20,1,12,0,1
5936,48.0,2017-03-31,2,3,1,1,10,17,22,13,5,11,2,0
5937,48.0,2017-04-30,0,4,1,2,11,26,18,20,4,17,2,0
5938,48.0,2017-05-31,1,0,2,2,4,20,23,18,1,14,4,1
5939,48.0,2017-06-30,2,2,0,2,7,16,16,25,2,8,3,0
5940,48.0,2017-07-31,4,4,1,2,16,19,16,19,7,12,3,4
5941,48.0,2017-08-31,0,3,3,2,8,22,20,31,1,12,3,2
5942,48.0,2017-09-30,2,2,1,2,12,26,16,25,3,13,4,3
5943,48.0,2017-10-31,2,2,1,0,9,16,15,18,3,14,4,1
5944,48.0,2017-11-30,0,7,0,0,9,22,15,19,2,17,1,2
5945,48.0,2017-12-31,0,4,1,1,11,12,13,20,3,8,7,2
5946,48.0,2018-01-31,1,4,1,1,7,21,10,13,2,12,3,0
5947,48.0,2018-02-28,0,6,1,0,6,20,6,13,3,17,0,2
5948,48.0,2018-03-31,1,8,0,1,12,24,12,14,5,19,1,0
5949,48.0,2018-04-30,2,3,0,2,9,22,11,17,4,11,2,2
5950,48.0,2018-05-31,2,6,0,2,12,21,15,16,4,11,3,0
5951,48.0,2018-06-30,4,4,4,1,23,29,19,24,9,21,3,3
5952,48.0,2018-07-31,0,3,1,0,10,30,13,16,4,18,1,3
5953,48.0,2018-08-31,0,7,1,1,9,19,10,25,4,11,2,0
5954,48.0,2018-09-30,1,8,1,4,17,26,17,17,5,17,5,1
5955,48.0,2018-10-31,1,5,1,1,13,25,18,23,2,17,1,1
5956,48.0,2018-11-30,2,6,0,1,12,22,4,31,5,17,2,1
5957,48.0,2018-12-31,4,3,1,1,13,23,13,32,6,14,3,2
5958,48.0,2019-01-31,2,2,0,3,12,15,11,20,4,10,4,1
5959,48.0,2019-02-28,0,5,1,1,4,16,6,24,1,7,1,0
5960,48.0,2019-03-31,1,3,3,1,7,18,15,30,2,12,2,2
5961,48.0,2019-04-30,2,13,1,0,11,30,15,13,4,22,4,2
5962,48.0,2019-05-31,1,5,2,0,9,32,16,27,4,22,2,2
5963,48.0,2019-06-30,5,4,1,1,14,22,6,23,4,16,1,1
5964,48.0,2019-07-31,3,1,0,1,8,30,21,27,3,20,2,2
5965,48.0,2019-08-31,4,8,0,1,16,24,10,19,6,16,1,3
5966,48.0,2019-09-30,1,5,1,0,6,17,14,10,1,14,2,0
5967,48.0,2019-10-31,1,7,2,0,14,20,21,29,3,12,2,2
5968,48.0,2019-11-30,4,1,1,0,10,19,12,24,5,15,6,1
5969,48.0,2019-12-31,1,3,0,2,3,18,7,19,0,10,0,2
5970,48.0,2020-01-31,4,7,0,1,10,19,16,19,4,12,1,1
5971,48.0,2020-02-29,1,4,0,1,6,15,4,13,3,13,0,1
5972,48.0,2020-03-31,2,0,0,0,13,14,16,20,7,8,2,0
5973,48.0,2020-04-30,0,3,0,0,3,13,23,13,2,13,2,1
5974,48.0,2020-05-31,1,0,0,0,5,22,16,26,3,13,1,1
5975,48.0,2020-06-30,0,1,0,0,7,16,21,17,2,14,4,1
5976,48.0,2020-07-31,0,2,1,0,11,17,17,21,4,11,5,1
5977,48.0,2020-08-31,0,4,1,1,8,14,19,14,2,9,2,2
5978,48.0,2020-09-30,3,4,0,0,15,17,10,14,4,9,4,1
5979,48.0,2020-10-31,0,5,2,0,7,19,14,11,3,11,1,0
5980,48.0,2020-11-30,1,2,0,2,7,20,15,18,3,12,1,1
5981,48.0,2020-12-31,1,2,0,0,9,12,11,11,3,7,1,0
5982,48.0,2021-01-31,1,3,0,1,13,16,9,13,7,13,2,1
5983,48.0,2021-02-28,0,4,0,0,5,10,8,10,1,7,2,2
5984,48.0,2021-03-31,0,3,2,0,8,19,13,10,2,10,3,0
5985,48.0,2021-04-30,2,1,1,0,13,17,8,23,5,9,2,3
5986,48.0,2021-05-31,1,2,0,0,18,19,15,12,7,7,4,3
5987,48.0,2021-06-30,3,2,0,1,15,21,13,19,2,8,3,3
5988,48.0,2021-07-31,0,1,0,0,15,26,14,12,8,18,2,2
5989,48.0,2021-08-31,0,3,0,0,8,27,17,11,3,13,5,1
5990,48.0,2021-09-30,3,1,1,0,9,22,21,14,2,16,6,1
5991,48.0,2021-10-31,0,5,1,0,9,27,15,19,5,20,2,2
5992,48.0,2021-11-30,2,0,2,0,13,17,19,21,5,11,2,1
5993,48.0,2021-12-31,2,4,0,0,12,19,11,18,5,9,5,2
5994,48.0,2022-01-31,0,1,0,0,6,15,4,9,2,9,2,1
5995,48.0,2022-02-28,0,4,0,0,7,14,4,9,3,10,0,1
5996,48.0,2022-03-31,0,3,1,0,9,16,13,13,3,12,2,1
5997,48.0,2022-04-30,1,4,0,2,6,19,10,18,6,15,0,2
5998,48.0,2022-05-31,2,2,0,0,15,11,9,24,7,6,1,4
5999,48.0,2022-06-30,2,2,1,0,9,14,22,22,1,8,8,1
6000,48.0,2022-07-31,0,0,1,1,15,13,20,28,7,11,1,4
6001,48.0,2022-08-31,3,2,0,0,10,17,16,15,4,10,1,1
6002,48.0,2022-09-30,0,4,0,0,8,15,17,17,2,6,3,1
6003,48.0,2022-10-31,2,1,0,0,11,13,14,26,7,11,0,0
6004,48.0,2022-11-30,1,3,0,0,11,17,20,21,4,9,0,2
6005,48.0,2022-12-31,1,3,0,0,6,11,19,23,1,6,4,0
6006,48.0,2023-01-31,1,0,0,1,20,14,20,16,5,8,3,2
6007,48.0,2023-02-28,0,1,0,0,8,11,11,18,3,6,2,1
6008,48.0,2023-03-31,0,3,0,1,13,9,9,14,6,5,2,1
6009,48.0,2023-04-30,0,4,0,1,13,13,8,21,4,10,1,1
6010,48.0,2023-05-31,1,1,0,0,11,10,16,22,7,6,0,2
6011,48.0,2023-06-30,0,2,0,0,8,16,12,18,0,7,4,1
6012,48.0,2023-07-31,1,2,0,0,12,27,28,24,1,17,2,3
6013,48.0,2023-08-31,2,6,1,0,15,27,13,25,8,18,2,1
6014,48.0,2023-09-30,0,2,0,0,11,22,19,18,2,13,1,2
6015,48.0,2023-10-31,1,1,0,0,16,24,25,34,10,15,0,2
6016,48.0,2023-11-30,1,5,0,0,14,22,26,31,3,12,2,2
6017,48.0,2023-12-31,1,5,2,0,11,13,19,38,4,9,1,2
6018,48.0,2024-01-31,1,2,0,1,12,21,14,22,6,15,2,2
6019,48.0,2024-02-29,3,2,1,0,16,13,15,26,3,8,1,2
6020,48.0,2024-03-31,1,6,0,0,6,19,14,17,1,15,3,2
6021,48.0,2024-04-30,1,2,0,0,8,21,10,21,3,10,1,2
6022,48.0,2024-05-31,0,1,0,0,11,20,12,27,3,11,0,3
6023,48.0,2024-06-30,0,1,0,0,12,12,15,19,9,3,2,1
6024,48.0,2024-07-31,0,6,0,0,11,19,10,23,4,12,1,2
6025,48.0,2024-08-31,0,1,0,1,16,15,6,13,6,10,0,1
6026,48.0,2024-09-30,1,4,1,2,12,18,20,14,5,12,2,1
6027,48.0,2024-10-31,0,1,1,1,9,15,15,19,2,8,1,0
6028,48.0,2024-11-30,0,2,2,1,10,22,17,16,4,18,2,0
6029,48.0,2024-12-31,0,1,0,0,10,13,8,24,2,8,0,3
6030,48.0,2025-01-31,0,1,0,1,8,19,12,21,2,11,5,2
6031,48.0,2025-02-28,0,3,0,0,8,22,24,18,2,16,1,0
6032,48.0,2025-03-31,0,0,0,0,9,12,21,19,3,5,2,2
6033,48.0,2025-04-30,1,0,0,0,12,15,21,18,3,9,6,2
6034,48.0,2025-05-31,5,6,0,0,15,22,16,18,4,20,2,0
6035,48.0,2025-06-30,1,2,1,0,16,18,23,16,4,10,1,1
6036,48.0,2025-07-31,1,5,0,1,8,25,14,33,1,16,2,0
6037,48.0,2025-08-31,0,4,0,0,13,15,34,28,2,9,1,1
6038,48.0,2025-09-30,2,1,1,1,16,25,9,12,7,16,0,1
6039,48.0,2025-10-31,0,6,0,0,5,17,13,17,0,11,1,3
6040,48.0,2025-11-30,2,6,1,0,10,14,12,15,5,11,3,0
6041,48.0,2025-12-31,1,4,0,0,8,15,12,21,2,10,4,5
6042,48.0,2026-01-31,1,3,0,0,12,16,13,9,4,12,0,2
6043,48.0,2026-02-28,1,1,0,0,6,12,2,14,1,9,0,0
6044,48.0,2026-03-31,1,5,1,0,11,14,12,18,2,11,2,0
6045,48.0,2026-04-30,2,2,1,0,18,12,14,14,6,9,1,1
6046,48.0,2026-05-31,1,2,1,0,13,30,20,20,5,18,3,1
6047,48.0,2026-06-30,1,2,0,0,9,14,23,19,4,9,2,0
6048,49.0,2016-01-31,11,19,6,4,44,92,77,63,12,55,18,8
6049,49.0,2016-02-29,10,18,3,6,34,92,44,73,15,54,10,10
6050,49.0,2016-03-31,9,38,3,3,37,130,53,75,16,75,16,13
6051,49.0,2016-04-30,11,32,5,3,52,99,58,70,19,59,12,7
6052,49.0,2016-05-31,21,33,6,3,70,160,78,91,22,97,17,12
6053,49.0,2016-06-30,17,37,4,7,57,155,65,82,13,98,13,8
6054,49.0,2016-07-31,13,35,3,4,64,162,81,87,21,96,15,8
6055,49.0,2016-08-31,13,18,10,6,44,114,93,100,12,68,16,14
6056,49.0,2016-09-30,12,30,4,5,49,127,98,104,17,74,12,9
6057,49.0,2016-10-31,14,32,3,5,63,132,88,100,23,81,17,12
6058,49.0,2016-11-30,14,32,3,0,51,130,75,81,19,87,12,4
6059,49.0,2016-12-31,8,19,6,6,38,102,67,64,17,68,12,11
6060,49.0,2017-01-31,9,17,3,4,37,79,66,99,18,53,15,3
6061,49.0,2017-02-28,10,33,3,10,43,94,50,78,20,64,9,3
6062,49.0,2017-03-31,11,32,4,3,56,121,58,71,21,80,12,6
6063,49.0,2017-04-30,11,26,6,9,44,127,80,85,16,75,20,8
6064,49.0,2017-05-31,14,33,6,8,65,131,82,99,14,87,14,6
6065,49.0,2017-06-30,15,38,6,6,71,152,95,86,29,92,25,12
6066,49.0,2017-07-31,23,24,7,5,69,131,94,96,30,88,19,15
6067,49.0,2017-08-31,7,31,9,6,45,139,101,98,16,86,19,13
6068,49.0,2017-09-30,15,25,7,8,58,115,103,66,19,67,16,5
6069,49.0,2017-10-31,12,24,2,5,40,119,67,79,14,76,10,6
6070,49.0,2017-11-30,12,21,0,7,39,125,69,72,14,84,12,4
6071,49.0,2017-12-31,9,30,3,6,48,117,53,85,22,74,7,11
6072,49.0,2018-01-31,9,29,2,2,44,95,56,67,15,58,10,6
6073,49.0,2018-02-28,4,17,6,7,29,88,49,63,15,63,11,6
6074,49.0,2018-03-31,10,30,3,4,46,124,85,79,20,83,18,7
6075,49.0,2018-04-30,13,30,6,6,59,134,69,79,23,87,14,7
6076,49.0,2018-05-31,14,45,2,6,79,168,88,106,25,103,25,14
6077,49.0,2018-06-30,16,24,7,6,75,146,88,98,33,80,21,11
6078,49.0,2018-07-31,14,22,3,9,68,133,100,98,29,89,28,15
6079,49.0,2018-08-31,14,24,2,6,60,131,86,91,18,86,19,8
6080,49.0,2018-09-30,9,25,4,5,50,132,67,80,16,77,17,11
6081,49.0,2018-10-31,9,28,2,3,54,126,77,107,21,83,13,10
6082,49.0,2018-11-30,7,29,2,3,41,92,54,73,17,58,11,5
6083,49.0,2018-12-31,13,19,4,4,49,98,66,86,17,56,17,9
6084,49.0,2019-01-31,13,25,3,4,55,92,48,59,27,69,12,5
6085,49.0,2019-02-28,9,24,1,3,48,92,51,62,21,62,13,8
6086,49.0,2019-03-31,9,26,1,4,45,100,60,54,15,56,12,4
6087,49.0,2019-04-30,11,31,12,4,50,133,81,77,16,80,10,7
6088,49.0,2019-05-31,13,35,5,6,68,134,91,80,30,83,16,3
6089,49.0,2019-06-30,15,41,6,7,53,161,74,76,21,94,13,8
6090,49.0,2019-07-31,9,23,5,4,51,130,99,89,12,83,18,11
6091,49.0,2019-08-31,9,35,5,7,40,142,71,105,15,90,21,10
6092,49.0,2019-09-30,11,21,3,5,49,87,68,101,18,58,15,11
6093,49.0,2019-10-31,11,22,4,6,44,90,94,78,19,53,16,3
6094,49.0,2019-11-30,7,28,3,3,32,113,69,100,10,77,12,6
6095,49.0,2019-12-31,6,26,4,5,29,116,63,92,10,78,11,12
6096,49.0,2020-01-31,13,24,8,6,61,103,57,75,26,78,12,9
6097,49.0,2020-02-29,8,16,2,6,34,80,49,76,10,49,10,10
6098,49.0,2020-03-31,6,23,2,3,46,89,64,77,12,62,11,6
6099,49.0,2020-04-30,6,9,2,1,37,58,85,66,15,37,15,6
6100,49.0,2020-05-31,6,13,3,2,58,120,104,80,24,84,24,13
6101,49.0,2020-06-30,7,14,0,0,59,109,88,65,27,68,21,9
6102,49.0,2020-07-31,6,13,1,1,75,116,87,59,41,79,23,11
6103,49.0,2020-08-31,9,16,4,1,65,148,89,77,24,97,20,15
6104,49.0,2020-09-30,6,13,3,1,59,106,91,69,22,74,31,11
6105,49.0,2020-10-31,6,16,5,0,52,113,102,51,19,72,27,12
6106,49.0,2020-11-30,6,14,2,0,48,113,71,42,22,77,14,8
6107,49.0,2020-12-31,7,17,2,1,46,94,75,49,27,69,24,6
6108,49.0,2021-01-31,7,13,5,2,49,98,67,56,27,70,17,11
6109,49.0,2021-02-28,4,14,3,1,31,64,53,33,15,44,14,5
6110,49.0,2021-03-31,4,8,4,0,40,89,65,52,18,61,22,9
6111,49.0,2021-04-30,3,9,3,0,47,76,49,45,11,58,10,8
6112,49.0,2021-05-31,3,14,2,0,63,99,68,56,29,68,23,13
6113,49.0,2021-06-30,12,13,1,3,76,104,76,56,34,77,22,8
6114,49.0,2021-07-31,2,19,3,1,65,115,88,58,34,75,26,11
6115,49.0,2021-08-31,4,10,5,0,47,121,83,55,18,70,22,14
6116,49.0,2021-09-30,8,14,2,1,72,98,52,62,26,58,15,9
6117,49.0,2021-10-31,3,14,1,1,56,95,59,62,22,55,15,7
6118,49.0,2021-11-30,1,10,4,2,51,74,63,53,25,49,16,12
6119,49.0,2021-12-31,4,25,1,3,35,90,54,62,13,57,18,6
6120,49.0,2022-01-31,4,18,1,1,41,88,44,51,28,51,12,3
6121,49.0,2022-02-28,1,6,5,0,32,61,44,47,15,39,12,4
6122,49.0,2022-03-31,3,17,4,1,52,84,62,63,17,58,18,9
6123,49.0,2022-04-30,4,19,3,1,50,94,56,70,22,55,21,6
6124,49.0,2022-05-31,3,16,3,3,46,123,60,78,23,77,16,13
6125,49.0,2022-06-30,7,15,8,0,56,93,60,73,28,58,15,12
6126,49.0,2022-07-31,4,13,3,0,57,93,95,73,21,61,19,6
6127,49.0,2022-08-31,4,12,3,1,51,108,94,77,21,66,16,7
6128,49.0,2022-09-30,6,17,6,2,61,95,96,92,19,50,17,6
6129,49.0,2022-10-31,8,14,4,3,52,96,74,83,17,50,10,6
6130,49.0,2022-11-30,4,15,1,0,56,90,83,68,19,50,9,7
6131,49.0,2022-12-31,6,14,1,0,45,85,61,63,16,63,12,7
6132,49.0,2023-01-31,2,16,1,1,43,84,52,60,16,57,12,14
6133,49.0,2023-02-28,2,9,0,1,32,86,66,53,11,54,8,9
6134,49.0,2023-03-31,6,21,1,1,51,117,69,82,20,67,15,12
6135,49.0,2023-04-30,6,11,2,1,53,103,70,64,26,61,15,7
6136,49.0,2023-05-31,8,16,0,1,51,95,75,70,19,56,18,12
6137,49.0,2023-06-30,1,16,3,3,54,97,78,68,14,58,16,8
6138,49.0,2023-07-31,9,21,2,1,68,104,80,64,28,70,13,9
6139,49.0,2023-08-31,5,12,5,1,55,109,76,80,12,74,14,10
6140,49.0,2023-09-30,7,19,5,1,62,91,69,66,16,55,13,5
6141,49.0,2023-10-31,5,10,1,2,49,87,76,59,20,52,13,7
6142,49.0,2023-11-30,5,15,3,1,45,102,83,70,18,56,13,8
6143,49.0,2023-12-31,6,10,2,0,46,91,76,77,21,69,17,6
6144,49.0,2024-01-31,5,17,0,0,39,92,87,59,14,63,18,5
6145,49.0,2024-02-29,7,9,2,0,54,77,59,63,23,46,9,9
6146,49.0,2024-03-31,5,22,2,1,50,94,76,95,19,50,16,5
6147,49.0,2024-04-30,6,12,3,5,49,96,49,76,25,62,11,4
6148,49.0,2024-05-31,16,15,3,1,74,100,55,69,28,61,14,8
6149,49.0,2024-06-30,6,12,2,1,57,94,68,69,22,63,8,7
6150,49.0,2024-07-31,9,14,1,7,54,88,67,86,16,54,9,9
6151,49.0,2024-08-31,10,20,3,0,51,90,62,79,25,51,13,10
6152,49.0,2024-09-30,9,17,4,3,49,96,59,79,17,57,10,6
6153,49.0,2024-10-31,11,10,2,4,62,85,80,83,26,54,21,16
6154,49.0,2024-11-30,5,22,3,3,35,89,60,54,10,60,14,6
6155,49.0,2024-12-31,6,10,1,3,36,70,78,54,12,53,16,8
6156,49.0,2025-01-31,3,18,2,5,33,93,68,74,7,62,12,11
6157,49.0,2025-02-28,4,11,2,1,34,67,49,58,12,43,6,7
6158,49.0,2025-03-31,9,17,2,2,49,80,56,72,20,52,11,7
6159,49.0,2025-04-30,3,13,1,2,46,81,54,81,18,56,11,6
6160,49.0,2025-05-31,3,16,4,3,39,115,54,71,15,72,18,15
6161,49.0,2025-06-30,7,21,4,8,53,93,53,72,24,53,14,14
6162,49.0,2025-07-31,9,18,3,2,56,99,56,63,27,57,12,6
6163,49.0,2025-08-31,8,18,5,4,58,96,60,76,17,57,12,6
6164,49.0,2025-09-30,6,10,2,6,49,81,62,77,16,54,12,5
6165,49.0,2025-10-31,5,13,5,4,58,77,64,71,20,43,15,8
6166,49.0,2025-11-30,6,19,0,2,46,77,54,61,23,50,9,9
6167,49.0,2025-12-31,5,12,5,4,27,80,61,55,10,48,19,8
6168,49.0,2026-01-31,5,14,3,0,38,75,44,61,19,46,7,6
6169,49.0,2026-02-28,5,20,2,5,29,89,42,58,12,51,9,5
6170,49.0,2026-03-31,8,15,1,4,31,84,44,53,13,58,12,7
6171,49.0,2026-04-30,10,18,1,2,42,110,55,51,15,61,13,5
6172,49.0,2026-05-31,4,8,2,2,47,89,50,54,15,59,12,4
6173,49.0,2026-06-30,5,9,0,3,42,71,43,56,14,42,11,6
6174,50.0,2016-01-31,3,10,0,9,11,20,7,20,3,7,1,0
6175,50.0,2016-02-29,2,5,1,18,8,20,12,29,4,11,3,1
6176,50.0,2016-03-31,2,3,0,8,7,19,11,24,1,11,1,0
6177,50.0,2016-04-30,4,6,0,11,10,20,7,21,4,12,1,1
6178,50.0,2016-05-31,5,10,1,8,16,28,19,16,7,8,4,1
6179,50.0,2016-06-30,1,5,2,7,4,27,11,21,1,13,1,0
6180,50.0,2016-07-31,2,3,1,0,11,11,18,15,4,7,2,0
6181,50.0,2016-08-31,1,2,0,3,9,19,19,18,3,14,4,1
6182,50.0,2016-09-30,2,7,1,6,10,25,23,24,3,13,1,2
6183,50.0,2016-10-31,2,5,3,10,8,15,18,36,2,6,3,2
6184,50.0,2016-11-30,3,6,1,7,7,16,10,24,2,5,3,2
6185,50.0,2016-12-31,4,5,0,6,9,16,5,16,3,9,1,0
6186,50.0,2017-01-31,3,6,1,8,8,16,13,12,4,7,3,0
6187,50.0,2017-02-28,4,7,0,8,14,15,5,19,2,5,1,1
6188,50.0,2017-03-31,1,5,0,13,5,14,8,24,2,6,0,0
6189,50.0,2017-04-30,2,3,1,10,12,13,10,26,2,5,3,1
6190,50.0,2017-05-31,5,5,3,5,14,19,21,17,2,9,3,1
6191,50.0,2017-06-30,2,5,1,20,6,15,12,28,0,9,4,1
6192,50.0,2017-07-31,0,4,3,14,2,14,14,29,2,7,2,4
6193,50.0,2017-08-31,0,3,2,6,9,8,6,18,2,6,0,2
6194,50.0,2017-09-30,1,5,0,14,7,18,4,32,0,8,0,1
6195,50.0,2017-10-31,1,2,1,11,4,11,10,28,1,6,0,2
6196,50.0,2017-11-30,1,7,0,11,7,16,3,20,3,6,0,0
6197,50.0,2017-12-31,1,2,0,12,8,12,4,27,3,4,0,1
6198,50.0,2018-01-31,2,3,1,13,9,11,5,22,2,8,1,1
6199,50.0,2018-02-28,2,7,1,10,5,17,7,16,1,9,1,1
6200,50.0,2018-03-31,1,4,2,7,8,18,9,16,2,11,0,0
6201,50.0,2018-04-30,3,7,1,17,11,23,7,36,1,12,3,0
6202,50.0,2018-05-31,5,5,2,10,12,17,9,27,3,8,0,2
6203,50.0,2018-06-30,2,3,3,12,9,18,12,28,3,12,3,0
6204,50.0,2018-07-31,3,3,2,11,9,21,14,33,3,9,2,1
6205,50.0,2018-08-31,2,5,0,6,14,25,8,29,2,19,2,3
6206,50.0,2018-09-30,4,6,0,7,7,20,7,24,3,10,2,0
6207,50.0,2018-10-31,2,7,2,7,8,26,8,17,2,17,0,2
6208,50.0,2018-11-30,3,3,1,9,7,20,7,30,3,8,2,3
6209,50.0,2018-12-31,1,2,0,17,9,16,3,35,3,10,0,2
6210,50.0,2019-01-31,4,5,2,10,10,19,7,18,4,14,0,3
6211,50.0,2019-02-28,2,3,0,7,11,14,3,14,6,2,1,0
6212,50.0,2019-03-31,5,8,2,4,17,27,7,21,5,13,1,2
6213,50.0,2019-04-30,0,4,2,9,9,24,17,14,4,11,2,0
6214,50.0,2019-05-31,2,3,1,10,12,25,14,23,5,16,1,1
6215,50.0,2019-06-30,0,3,1,4,8,21,9,10,2,11,2,0
6216,50.0,2019-07-31,1,1,2,10,6,15,10,27,1,10,2,2
6217,50.0,2019-08-31,3,10,2,6,6,28,16,23,1,17,3,1
6218,50.0,2019-09-30,0,4,1,8,7,19,10,17,3,10,3,1
6219,50.0,2019-10-31,0,4,4,6,14,15,12,23,3,8,1,0
6220,50.0,2019-11-30,1,3,3,9,8,16,13,23,1,8,2,2
6221,50.0,2019-12-31,1,5,2,8,6,20,15,22,4,7,3,3
6222,50.0,2020-01-31,0,4,1,6,7,14,5,14,2,8,0,3
6223,50.0,2020-02-29,0,7,1,10,2,18,12,18,1,8,0,1
6224,50.0,2020-03-31,1,6,0,1,3,17,7,8,1,11,0,0
6225,50.0,2020-04-30,0,0,0,0,4,14,7,11,0,10,1,0
6226,50.0,2020-05-31,3,2,1,0,10,19,14,7,4,13,1,0
6227,50.0,2020-06-30,0,3,0,1,5,14,14,11,1,8,2,1
6228,50.0,2020-07-31,1,2,0,0,12,17,11,10,6,11,3,0
6229,50.0,2020-08-31,2,2,1,6,15,14,13,18,6,11,1,2
6230,50.0,2020-09-30,1,2,0,1,8,23,8,12,2,17,1,1
6231,50.0,2020-10-31,1,5,1,5,7,25,12,14,1,16,2,0
6232,50.0,2020-11-30,1,3,0,3,4,20,12,13,1,12,2,1
6233,50.0,2020-12-31,0,2,0,2,5,7,10,8,0,5,1,0
6234,50.0,2021-01-31,2,0,0,2,5,7,5,17,2,6,3,1
6235,50.0,2021-02-28,1,0,1,1,9,11,5,10,2,6,3,1
6236,50.0,2021-03-31,1,2,0,1,10,15,12,9,1,10,5,1
6237,50.0,2021-04-30,2,1,0,0,12,11,5,12,5,8,1,0
6238,50.0,2021-05-31,1,2,2,1,9,10,6,13,4,10,1,0
6239,50.0,2021-06-30,2,1,1,0,11,15,13,12,5,10,4,1
6240,50.0,2021-07-31,0,2,0,3,5,18,16,20,1,7,2,3
6241,50.0,2021-08-31,0,0,4,1,9,15,16,13,4,10,5,2
6242,50.0,2021-09-30,1,2,2,1,15,22,14,16,7,11,1,1
6243,50.0,2021-10-31,0,2,0,1,12,19,9,13,3,9,1,2
6244,50.0,2021-11-30,0,3,1,0,10,12,10,6,3,7,1,1
6245,50.0,2021-12-31,1,0,0,0,9,6,9,19,5,3,3,2
6246,50.0,2022-01-31,1,2,0,0,5,8,6,13,0,3,2,0
6247,50.0,2022-02-28,1,2,1,1,5,11,8,6,2,5,1,0
6248,50.0,2022-03-31,3,1,0,0,15,12,15,9,7,6,0,0
6249,50.0,2022-04-30,1,1,1,0,13,18,15,9,1,12,2,3
6250,50.0,2022-05-31,2,2,1,2,9,6,4,25,2,3,2,1
6251,50.0,2022-06-30,3,1,0,1,13,17,12,18,7,9,1,2
6252,50.0,2022-07-31,1,4,0,0,7,15,14,13,3,9,1,2
6253,50.0,2022-08-31,0,3,0,1,8,11,11,16,2,6,0,1
6254,50.0,2022-09-30,1,5,0,1,4,16,13,10,2,6,2,0
6255,50.0,2022-10-31,1,1,1,0,9,12,17,12,6,8,4,0
6256,50.0,2022-11-30,1,3,0,0,8,9,11,13,4,7,3,0
6257,50.0,2022-12-31,0,0,0,1,4,7,7,14,0,6,1,1
6258,50.0,2023-01-31,1,1,0,1,11,7,12,15,4,4,0,0
6259,50.0,2023-02-28,3,2,0,0,9,17,6,14,5,11,2,2
6260,50.0,2023-03-31,2,5,0,0,10,16,9,9,1,9,0,2
6261,50.0,2023-04-30,1,3,0,2,7,18,8,21,3,14,3,3
6262,50.0,2023-05-31,1,2,1,0,12,19,7,18,3,14,1,2
6263,50.0,2023-06-30,1,1,0,1,11,21,18,14,3,13,6,2
6264,50.0,2023-07-31,3,5,1,0,9,19,6,12,3,13,2,0
6265,50.0,2023-08-31,4,2,0,0,9,18,7,25,1,11,0,1
6266,50.0,2023-09-30,1,0,0,0,16,19,12,15,7,8,1,0
6267,50.0,2023-10-31,3,6,2,5,9,26,17,21,3,14,1,0
6268,50.0,2023-11-30,1,4,0,6,15,26,12,22,5,17,2,1
6269,50.0,2023-12-31,0,6,0,11,8,16,6,25,3,9,0,2
6270,50.0,2024-01-31,1,1,0,10,7,14,8,22,2,8,1,3
6271,50.0,2024-02-29,3,0,0,8,12,13,4,17,5,8,0,0
6272,50.0,2024-03-31,3,4,1,6,14,15,14,19,7,7,2,2
6273,50.0,2024-04-30,3,7,0,12,15,22,4,18,6,11,2,0
6274,50.0,2024-05-31,1,2,1,10,16,19,10,32,5,14,1,5
6275,50.0,2024-06-30,1,2,0,16,9,15,9,31,1,10,2,1
6276,50.0,2024-07-31,3,2,0,8,14,16,14,27,4,11,2,2
6277,50.0,2024-08-31,0,1,1,5,8,9,12,17,1,4,1,2
6278,50.0,2024-09-30,1,3,1,8,8,20,9,26,5,7,2,2
6279,50.0,2024-10-31,1,5,1,11,11,20,12,32,5,14,3,4
6280,50.0,2024-11-30,3,2,1,10,12,6,11,22,2,5,0,1
6281,50.0,2024-12-31,2,2,1,14,15,15,4,19,8,6,1,0
6282,50.0,2025-01-31,3,3,1,10,12,13,7,31,2,9,1,3
6283,50.0,2025-02-28,3,1,0,17,15,11,6,37,7,8,0,0
6284,50.0,2025-03-31,0,4,0,7,8,23,15,22,5,14,1,1
6285,50.0,2025-04-30,3,1,1,3,19,13,10,10,6,6,1,0
6286,50.0,2025-05-31,0,5,1,8,4,17,12,27,0,12,1,0
6287,50.0,2025-06-30,1,3,0,6,9,19,13,27,3,10,5,2
6288,50.0,2025-07-31,1,1,1,5,8,15,13,16,0,10,3,2
6289,50.0,2025-08-31,0,5,2,4,15,20,6,18,5,9,0,1
6290,50.0,2025-09-30,0,3,1,4,15,17,11,19,4,6,1,1
6291,50.0,2025-10-31,1,2,1,2,14,18,12,15,2,6,1,1
6292,50.0,2025-11-30,0,2,1,5,8,15,8,12,2,7,2,3
6293,50.0,2025-12-31,1,3,0,13,3,14,5,34,2,7,0,1
6294,50.0,2026-01-31,3,2,0,9,6,13,5,24,1,12,1,0
6295,50.0,2026-02-28,1,3,1,11,5,14,9,22,2,8,2,0
6296,50.0,2026-03-31,1,6,0,14,7,14,12,26,4,7,3,1
6297,50.0,2026-04-30,2,1,0,10,7,16,10,19,2,10,3,3
6298,50.0,2026-05-31,1,3,0,3,13,19,17,16,4,10,2,0
6299,50.0,2026-06-30,1,4,1,7,16,18,8,16,2,12,2,1
6300,51.0,2016-01-31,1,7,1,11,8,31,20,24,6,20,2,2
6301,51.0,2016-02-29,4,1,4,7,10,16,22,37,2,13,3,0
6302,51.0,2016-03-31,3,5,1,15,8,28,16,41,1,15,3,0
6303,51.0,2016-04-30,4,7,1,10,16,30,24,28,6,18,3,1
6304,51.0,2016-05-31,5,6,3,16,22,35,20,49,5,22,3,5
6305,51.0,2016-06-30,6,10,2,4,20,38,21,34,5,27,3,3
6306,51.0,2016-07-31,5,9,0,2,24,43,17,30,7,30,0,4
6307,51.0,2016-08-31,7,6,1,3,24,34,30,38,8,24,3,3
6308,51.0,2016-09-30,3,5,2,3,14,21,22,25,7,12,2,1
6309,51.0,2016-10-31,5,9,1,7,17,30,21,30,6,18,3,3
6310,51.0,2016-11-30,2,10,3,7,10,28,25,28,3,21,6,1
6311,51.0,2016-12-31,3,1,2,9,13,17,15,33,6,11,4,3
6312,51.0,2017-01-31,4,2,1,11,10,30,24,36,3,23,4,1
6313,51.0,2017-02-28,1,4,0,4,11,24,11,15,4,18,1,1
6314,51.0,2017-03-31,4,3,1,1,9,19,23,16,0,12,5,1
6315,51.0,2017-04-30,2,2,0,11,21,27,16,39,8,17,2,1
6316,51.0,2017-05-31,2,8,1,10,15,34,14,37,3,24,4,2
6317,51.0,2017-06-30,4,12,2,9,17,33,17,42,6,19,2,2
6318,51.0,2017-07-31,2,4,0,9,16,34,14,42,4,22,4,0
6319,51.0,2017-08-31,0,5,2,6,12,35,17,29,3,21,1,1
6320,51.0,2017-09-30,2,6,2,8,15,35,17,41,1,21,1,3
6321,51.0,2017-10-31,0,10,4,8,16,23,21,33,6,16,4,2
6322,51.0,2017-11-30,3,3,3,6,12,22,13,27,6,13,4,1
6323,51.0,2017-12-31,3,4,2,12,16,31,11,39,4,20,3,1
6324,51.0,2018-01-31,5,4,0,7,14,21,15,26,6,15,4,1
6325,51.0,2018-02-28,1,6,2,8,12,21,11,26,6,13,2,1
6326,51.0,2018-03-31,2,8,1,8,12,23,5,26,1,13,1,2
6327,51.0,2018-04-30,3,6,1,15,11,27,19,37,2,16,2,2
6328,51.0,2018-05-31,4,3,1,12,19,27,14,43,7,16,3,1
6329,51.0,2018-06-30,3,7,0,13,22,25,9,36,6,17,0,2
6330,51.0,2018-07-31,3,11,0,9,14,38,22,38,2,22,1,1
6331,51.0,2018-08-31,2,10,0,4,14,38,10,39,3,22,1,5
6332,51.0,2018-09-30,3,9,1,7,13,40,14,36,3,25,1,4
6333,51.0,2018-10-31,1,6,1,4,13,34,24,37,7,21,0,2
6334,51.0,2018-11-30,0,8,0,8,4,26,10,41,0,20,0,2
6335,51.0,2018-12-31,0,6,2,21,11,36,16,47,5,24,2,2
6336,51.0,2019-01-31,5,4,1,7,11,20,11,27,7,13,2,1
6337,51.0,2019-02-28,1,8,0,12,15,28,6,35,7,15,0,1
6338,51.0,2019-03-31,5,6,0,7,22,36,14,24,9,26,0,0
6339,51.0,2019-04-30,3,6,0,6,15,26,10,32,5,16,0,3
6340,51.0,2019-05-31,3,6,3,13,16,29,12,43,6,18,3,4
6341,51.0,2019-06-30,7,6,3,12,21,31,24,44,9,16,3,0
6342,51.0,2019-07-31,7,6,2,18,18,42,20,49,6,26,3,3
6343,51.0,2019-08-31,5,5,1,8,15,33,14,35,3,28,2,4
6344,51.0,2019-09-30,5,9,1,16,23,30,15,52,13,19,1,4
6345,51.0,2019-10-31,10,7,1,8,20,35,23,41,7,22,2,4
6346,51.0,2019-11-30,1,6,0,10,11,19,9,33,3,11,2,2
6347,51.0,2019-12-31,4,8,1,13,17,32,19,51,6,25,6,1
6348,51.0,2020-01-31,4,5,2,8,20,38,14,30,7,25,3,2
6349,51.0,2020-02-29,0,9,1,14,14,25,13,39,3,17,2,1
6350,51.0,2020-03-31,2,2,0,5,19,24,12,26,4,16,1,3
6351,51.0,2020-04-30,2,4,0,0,19,28,16,7,6,19,2,0
6352,51.0,2020-05-31,2,4,1,1,21,24,18,15,7,12,3,1
6353,51.0,2020-06-30,0,5,1,2,22,36,15,20,10,21,2,5
6354,51.0,2020-07-31,0,1,0,3,15,32,19,31,8,20,4,7
6355,51.0,2020-08-31,0,7,1,7,15,35,29,26,2,25,6,2
6356,51.0,2020-09-30,3,4,0,3,14,28,22,29,4,15,0,3
6357,51.0,2020-10-31,4,3,1,2,20,37,22,20,6,22,5,3
6358,51.0,2020-11-30,0,3,1,2,11,23,22,22,3,14,4,1
6359,51.0,2020-12-31,1,2,1,1,12,18,18,18,5,13,5,0
6360,51.0,2021-01-31,1,2,0,1,12,17,12,13,2,13,1,0
6361,51.0,2021-02-28,1,2,0,0,8,18,4,13,3,12,2,1
6362,51.0,2021-03-31,2,6,0,1,12,28,17,26,5,18,5,3
6363,51.0,2021-04-30,2,5,0,1,23,20,15,13,4,17,6,1
6364,51.0,2021-05-31,1,3,1,3,23,36,9,25,6,22,0,1
6365,51.0,2021-06-30,1,2,1,0,24,28,16,16,6,19,3,1
6366,51.0,2021-07-31,1,3,1,0,22,28,25,28,8,18,10,3
6367,51.0,2021-08-31,1,3,0,0,16,30,26,20,5,15,5,3
6368,51.0,2021-09-30,2,2,0,0,24,14,11,25,7,7,3,4
6369,51.0,2021-10-31,0,4,0,0,16,19,12,24,7,13,1,4
6370,51.0,2021-11-30,0,3,0,1,17,21,4,16,8,13,1,1
6371,51.0,2021-12-31,1,3,0,0,14,19,17,23,5,13,4,2
6372,51.0,2022-01-31,1,2,1,0,19,18,15,11,2,14,3,0
6373,51.0,2022-02-28,2,0,0,1,12,20,20,19,4,11,8,1
6374,51.0,2022-03-31,0,2,0,0,14,23,16,21,3,17,6,4
6375,51.0,2022-04-30,1,2,0,0,12,29,18,21,3,20,2,1
6376,51.0,2022-05-31,4,6,0,0,22,33,19,16,10,25,3,3
6377,51.0,2022-06-30,2,1,1,2,21,24,31,38,8,15,2,5
6378,51.0,2022-07-31,0,3,0,0,18,27,20,36,5,15,2,1
6379,51.0,2022-08-31,1,2,1,0,16,18,39,29,3,11,6,3
6380,51.0,2022-09-30,1,4,0,0,23,27,33,23,7,16,4,3
6381,51.0,2022-10-31,3,3,1,2,22,26,36,27,5,17,4,2
6382,51.0,2022-11-30,1,2,0,0,11,24,27,26,5,16,2,3
6383,51.0,2022-12-31,3,3,0,0,22,21,18,21,8,11,1,1
6384,51.0,2023-01-31,0,3,2,0,15,28,30,29,8,16,2,4
6385,51.0,2023-02-28,2,2,0,0,11,13,9,18,2,6,1,1
6386,51.0,2023-03-31,1,3,0,0,15,24,18,23,5,15,3,1
6387,51.0,2023-04-30,0,3,0,0,15,27,22,21,4,16,2,5
6388,51.0,2023-05-31,2,3,0,0,16,26,22,22,5,16,2,1
6389,51.0,2023-06-30,2,0,0,2,22,29,23,24,6,22,1,0
6390,51.0,2023-07-31,1,4,0,0,21,40,34,28,10,28,1,2
6391,51.0,2023-08-31,0,2,1,1,15,20,25,31,4,10,6,1
6392,51.0,2023-09-30,0,3,0,2,16,29,35,34,4,16,4,4
6393,51.0,2023-10-31,3,8,0,4,16,36,35,44,4,19,4,2
6394,51.0,2023-11-30,2,4,0,2,19,26,18,32,7,17,2,5
6395,51.0,2023-12-31,2,2,0,4,18,23,16,36,6,16,5,2
6396,51.0,2024-01-31,3,2,0,2,15,20,22,33,7,12,3,0
6397,51.0,2024-02-29,0,2,2,6,17,24,31,33,3,12,9,1
6398,51.0,2024-03-31,3,3,2,2,12,19,25,30,5,10,2,4
6399,51.0,2024-04-30,0,7,2,5,17,26,19,29,9,19,7,2
6400,51.0,2024-05-31,2,8,1,12,13,30,29,47,2,15,2,6
6401,51.0,2024-06-30,1,9,0,7,16,39,24,33,7,21,6,4
6402,51.0,2024-07-31,2,1,0,6,22,27,22,38,8,11,3,2
6403,51.0,2024-08-31,0,6,1,6,21,31,19,34,7,21,2,1
6404,51.0,2024-09-30,2,7,0,8,20,35,26,26,5,22,4,3
6405,51.0,2024-10-31,2,6,0,4,15,29,19,41,8,17,1,3
6406,51.0,2024-11-30,2,2,0,9,13,22,16,35,2,15,3,4
6407,51.0,2024-12-31,2,3,1,5,12,30,33,28,5,25,3,1
6408,51.0,2025-01-31,4,4,1,9,12,31,14,42,4,20,2,2
6409,51.0,2025-02-28,1,2,2,9,10,22,22,24,2,13,4,1
6410,51.0,2025-03-31,2,6,0,3,29,31,36,33,9,18,3,4
6411,51.0,2025-04-30,3,8,0,2,17,29,19,30,2,18,1,0
6412,51.0,2025-05-31,1,7,0,9,17,35,22,26,6,20,4,1
6413,51.0,2025-06-30,3,6,0,9,17,24,27,32,4,11,2,2
6414,51.0,2025-07-31,2,9,2,10,17,26,35,35,7,16,3,0
6415,51.0,2025-08-31,2,3,1,3,15,38,11,32,4,27,2,4
6416,51.0,2025-09-30,1,5,0,6,13,25,18,32,6,16,4,4
6417,51.0,2025-10-31,2,7,1,2,17,25,17,41,8,14,1,2
6418,51.0,2025-11-30,4,5,0,4,17,30,19,31,10,15,3,2
6419,51.0,2025-12-31,4,4,0,9,19,20,17,26,6,11,4,2
6420,51.0,2026-01-31,3,4,0,4,8,21,14,24,3,14,2,4
6421,51.0,2026-02-28,1,2,0,4,19,16,7,21,6,12,3,1
6422,51.0,2026-03-31,1,6,0,2,18,17,16,20,5,6,3,1
6423,51.0,2026-04-30,3,7,0,4,20,27,16,31,7,18,3,1
6424,51.0,2026-05-31,1,6,0,1,21,31,24,26,5,18,5,1
6425,51.0,2026-06-30,2,7,1,4,19,29,34,30,9,17,4,3
6426,52.0,2016-01-31,1,3,1,1,7,17,18,25,1,13,2,2
6427,52.0,2016-02-29,1,3,1,1,14,13,13,9,2,10,2,0
6428,52.0,2016-03-31,6,5,1,0,15,26,18,19,3,18,0,1
6429,52.0,2016-04-30,1,5,1,0,10,22,27,14,4,15,3,0
6430,52.0,2016-05-31,0,6,0,1,7,25,18,19,1,14,2,1
6431,52.0,2016-06-30,6,7,1,2,16,23,13,16,5,14,0,0
6432,52.0,2016-07-31,3,5,3,1,10,31,16,18,2,24,1,4
6433,52.0,2016-08-31,0,1,1,1,11,28,27,26,5,12,2,1
6434,52.0,2016-09-30,2,6,0,2,9,29,17,24,3,17,0,2
6435,52.0,2016-10-31,2,8,0,2,8,30,18,20,2,19,1,0
6436,52.0,2016-11-30,2,7,0,0,8,23,23,13,0,14,0,1
6437,52.0,2016-12-31,1,7,0,1,5,26,16,15,3,19,0,1
6438,52.0,2017-01-31,0,7,0,1,6,23,20,5,1,15,2,0
6439,52.0,2017-02-28,3,6,1,1,12,20,23,14,1,13,0,0
6440,52.0,2017-03-31,3,8,1,0,8,25,17,16,2,15,2,3
6441,52.0,2017-04-30,3,9,2,0,7,30,15,14,4,24,2,0
6442,52.0,2017-05-31,2,4,2,3,15,21,31,14,4,9,2,2
6443,52.0,2017-06-30,2,8,0,0,8,23,21,8,3,12,2,0
6444,52.0,2017-07-31,3,5,0,2,15,20,14,23,3,13,3,1
6445,52.0,2017-08-31,3,1,2,0,10,15,15,19,3,11,4,2
6446,52.0,2017-09-30,0,2,1,0,9,17,20,23,2,11,5,1
6447,52.0,2017-10-31,0,4,0,3,3,23,15,17,1,16,2,2
6448,52.0,2017-11-30,0,6,0,1,5,16,21,17,1,7,2,1
6449,52.0,2017-12-31,0,7,0,2,3,30,13,16,1,21,0,0
6450,52.0,2018-01-31,1,7,0,2,9,24,13,11,3,15,1,2
6451,52.0,2018-02-28,1,4,0,0,10,24,13,13,3,18,1,0
6452,52.0,2018-03-31,0,4,1,0,6,24,11,10,3,21,1,1
6453,52.0,2018-04-30,4,8,0,0,15,20,14,11,4,10,3,1
6454,52.0,2018-05-31,4,8,1,2,9,22,18,11,4,14,1,2
6455,52.0,2018-06-30,2,6,0,0,8,34,15,12,0,24,1,0
6456,52.0,2018-07-31,3,7,1,2,9,29,17,14,4,17,4,0
6457,52.0,2018-08-31,0,5,2,2,10,26,21,20,2,18,3,0
6458,52.0,2018-09-30,0,4,1,1,5,22,7,14,2,12,1,2
6459,52.0,2018-10-31,5,5,0,1,14,19,13,13,6,9,2,0
6460,52.0,2018-11-30,0,4,1,0,8,14,9,8,1,9,1,0
6461,52.0,2018-12-31,0,6,1,1,2,16,6,9,0,9,1,1
6462,52.0,2019-01-31,2,6,1,0,5,14,9,6,1,10,0,1
6463,52.0,2019-02-28,3,5,0,0,3,14,6,1,1,9,2,0
6464,52.0,2019-03-31,2,6,0,0,10,14,10,13,2,10,1,0
6465,52.0,2019-04-30,2,8,0,0,9,20,11,8,1,15,0,1
6466,52.0,2019-05-31,4,7,0,0,9,26,8,18,5,17,0,2
6467,52.0,2019-06-30,1,5,0,1,7,32,11,16,5,16,3,2
6468,52.0,2019-07-31,2,4,2,0,13,15,8,14,3,11,1,0
6469,52.0,2019-08-31,2,2,0,0,6,9,13,8,1,8,2,0
6470,52.0,2019-09-30,1,8,2,1,12,22,17,17,6,18,2,4
6471,52.0,2019-10-31,1,5,0,3,8,20,11,13,5,14,1,0
6472,52.0,2019-11-30,3,7,1,0,15,18,11,9,3,12,2,1
6473,52.0,2019-12-31,0,0,0,1,10,17,11,16,2,10,2,1
6474,52.0,2020-01-31,4,2,0,0,12,16,7,9,5,14,1,1
6475,52.0,2020-02-29,0,2,0,1,6,19,11,14,2,7,0,1
6476,52.0,2020-03-31,1,2,0,0,5,14,11,7,1,9,4,0
6477,52.0,2020-04-30,2,1,0,1,8,9,7,9,2,6,3,0
6478,52.0,2020-05-31,1,3,0,0,9,13,20,12,6,10,1,0
6479,52.0,2020-06-30,1,7,1,0,11,22,14,7,5,18,0,0
6480,52.0,2020-07-31,0,2,0,1,8,21,22,17,3,15,3,2
6481,52.0,2020-08-31,2,4,0,1,10,33,5,12,1,18,1,0
6482,52.0,2020-09-30,2,4,0,1,5,24,15,13,2,19,3,1
6483,52.0,2020-10-31,1,3,1,0,4,13,9,13,4,8,3,1
6484,52.0,2020-11-30,0,3,0,0,5,18,18,7,3,10,2,1
6485,52.0,2020-12-31,2,4,0,0,9,17,9,9,5,10,1,1
6486,52.0,2021-01-31,0,1,1,0,6,12,14,9,1,12,2,2
6487,52.0,2021-02-28,0,1,0,0,6,6,8,7,0,4,1,1
6488,52.0,2021-03-31,0,2,0,0,6,15,12,12,0,11,3,1
6489,52.0,2021-04-30,0,2,0,0,6,21,17,10,4,17,4,3
6490,52.0,2021-05-31,0,3,0,0,10,19,6,11,4,12,2,3
6491,52.0,2021-06-30,1,3,0,0,15,22,18,14,7,14,4,2
6492,52.0,2021-07-31,1,1,1,0,12,23,18,9,6,17,4,3
6493,52.0,2021-08-31,1,2,2,0,9,17,23,17,3,10,4,3
6494,52.0,2021-09-30,0,2,0,0,10,19,16,13,4,13,3,1
6495,52.0,2021-10-31,1,3,0,0,13,23,14,7,5,16,6,2
6496,52.0,2021-11-30,2,2,0,0,13,15,8,7,5,9,2,0
6497,52.0,2021-12-31,1,2,0,0,12,14,11,9,5,10,2,0
6498,52.0,2022-01-31,1,6,0,0,6,14,10,11,4,12,2,0
6499,52.0,2022-02-28,0,4,0,1,2,15,9,12,1,9,2,0
6500,52.0,2022-03-31,2,4,1,0,8,23,8,7,5,16,3,1
6501,52.0,2022-04-30,0,1,1,1,5,14,15,13,2,11,4,0
6502,52.0,2022-05-31,1,5,0,0,9,21,26,10,4,15,1,0
6503,52.0,2022-06-30,0,4,0,0,9,27,15,19,4,14,7,1
6504,52.0,2022-07-31,3,4,0,0,23,18,10,20,7,14,1,3
6505,52.0,2022-08-31,1,1,0,0,9,27,17,28,2,20,0,2
6506,52.0,2022-09-30,1,3,1,0,14,22,14,17,2,15,1,1
6507,52.0,2022-10-31,0,4,0,0,25,32,18,19,9,20,1,4
6508,52.0,2022-11-30,2,1,0,1,9,19,15,16,3,14,1,3
6509,52.0,2022-12-31,0,4,0,1,3,17,13,23,1,14,3,0
6510,52.0,2023-01-31,1,1,0,0,12,15,17,20,6,10,1,1
6511,52.0,2023-02-28,0,3,1,0,9,18,14,18,1,14,3,2
6512,52.0,2023-03-31,0,3,0,0,17,22,13,12,3,11,2,1
6513,52.0,2023-04-30,1,2,0,0,18,23,15,13,7,19,0,1
6514,52.0,2023-05-31,2,3,0,2,14,18,20,30,3,15,2,3
6515,52.0,2023-06-30,2,1,1,0,13,23,13,23,7,17,5,1
6516,52.0,2023-07-31,2,2,0,0,22,29,16,33,8,20,0,1
6517,52.0,2023-08-31,1,4,0,0,14,27,12,12,3,15,1,1
6518,52.0,2023-09-30,1,4,0,1,23,21,18,27,8,13,0,1
6519,52.0,2023-10-31,0,3,0,1,10,21,34,38,5,13,0,2
6520,52.0,2023-11-30,2,3,0,0,11,18,8,27,6,10,0,1
6521,52.0,2023-12-31,3,2,0,2,16,19,10,21,3,11,0,0
6522,52.0,2024-01-31,0,0,0,0,4,20,14,16,1,10,1,2
6523,52.0,2024-02-29,1,6,0,0,13,22,13,11,2,15,1,2
6524,52.0,2024-03-31,0,1,0,0,12,10,8,7,5,2,1,1
6525,52.0,2024-04-30,0,3,0,0,6,16,17,21,2,11,1,3
6526,52.0,2024-05-31,1,1,0,0,7,16,14,12,3,12,1,0
6527,52.0,2024-06-30,1,5,0,0,11,25,21,18,3,21,3,2
6528,52.0,2024-07-31,3,8,0,0,14,28,16,16,5,22,1,2
6529,52.0,2024-08-31,2,3,0,0,13,12,8,21,5,6,2,1
6530,52.0,2024-09-30,1,2,1,0,14,20,22,23,5,13,1,3
6531,52.0,2024-10-31,1,2,1,0,15,24,22,22,3,17,4,0
6532,52.0,2024-11-30,1,3,1,0,12,23,25,14,5,17,3,3
6533,52.0,2024-12-31,2,1,1,0,9,21,18,13,1,14,1,0
6534,52.0,2025-01-31,2,3,0,0,13,14,11,25,6,9,2,2
6535,52.0,2025-02-28,1,2,0,0,9,21,7,21,3,15,1,1
6536,52.0,2025-03-31,1,2,0,0,7,18,28,13,1,9,1,1
6537,52.0,2025-04-30,0,12,0,0,13,30,21,15,4,21,2,1
6538,52.0,2025-05-31,2,3,1,0,15,27,21,15,4,19,3,1
6539,52.0,2025-06-30,3,5,0,0,13,22,17,18,4,14,2,0
6540,52.0,2025-07-31,3,5,0,0,20,23,16,17,6,17,3,0
6541,52.0,2025-08-31,3,3,1,1,15,23,30,18,6,18,1,2
6542,52.0,2025-09-30,3,2,0,2,17,21,12,14,6,13,1,1
6543,52.0,2025-10-31,3,3,0,1,17,21,12,16,2,12,1,1
6544,52.0,2025-11-30,1,3,2,0,10,23,30,14,1,15,3,0
6545,52.0,2025-12-31,1,5,0,1,11,19,15,17,4,13,2,1
6546,52.0,2026-01-31,2,6,0,0,10,14,15,14,2,10,0,2
6547,52.0,2026-02-28,0,3,0,1,9,8,9,15,4,7,0,2
6548,52.0,2026-03-31,1,2,2,0,5,16,15,17,2,8,2,2
6549,52.0,2026-04-30,0,3,0,0,13,22,15,11,4,10,3,0
6550,52.0,2026-05-31,1,3,1,1,14,10,11,9,5,7,1,2
6551,52.0,2026-06-30,2,7,0,0,16,24,16,13,2,16,3,1
6552,53.0,2016-01-31,1,12,0,4,21,44,33,38,10,26,5,5
6553,53.0,2016-02-29,6,13,1,1,28,57,36,39,11,47,7,6
6554,53.0,2016-03-31,4,16,3,3,29,85,73,44,11,50,12,7
6555,53.0,2016-04-30,7,10,5,2,20,76,66,37,6,51,8,5
6556,53.0,2016-05-31,11,14,1,2,34,72,59,37,17,43,5,7
6557,53.0,2016-06-30,4,19,1,2,28,79,47,44,14,45,9,3
6558,53.0,2016-07-31,12,19,2,4,32,86,48,52,16,57,11,1
6559,53.0,2016-08-31,10,22,5,6,39,92,49,57,18,57,9,8
6560,53.0,2016-09-30,8,18,2,0,37,59,47,37,16,41,8,3
6561,53.0,2016-10-31,5,10,2,0,29,70,64,29,11,39,10,3
6562,53.0,2016-11-30,6,11,3,1,28,77,42,46,15,59,9,3
6563,53.0,2016-12-31,1,9,0,2,18,64,33,34,10,43,8,4
6564,53.0,2017-01-31,2,15,0,6,22,61,36,44,8,50,6,6
6565,53.0,2017-02-28,3,21,0,2,18,68,36,36,12,44,6,4
6566,53.0,2017-03-31,7,16,0,2,36,59,30,40,14,39,2,4
6567,53.0,2017-04-30,6,15,5,3,30,86,54,55,15,62,19,7
6568,53.0,2017-05-31,12,18,3,0,34,88,48,37,12,54,13,7
6569,53.0,2017-06-30,11,17,2,0,38,85,55,40,15,53,9,1
6570,53.0,2017-07-31,5,17,7,1,45,93,57,53,19,65,15,6
6571,53.0,2017-08-31,8,22,5,0,33,85,55,54,9,55,15,9
6572,53.0,2017-09-30,3,14,2,4,35,71,65,46,13,44,13,7
6573,53.0,2017-10-31,3,9,4,2,31,66,53,49,11,35,14,3
6574,53.0,2017-11-30,8,13,1,1,33,62,52,39,12,43,7,7
6575,53.0,2017-12-31,6,10,3,1,27,71,45,42,14,47,9,5
6576,53.0,2018-01-31,1,8,3,0,28,64,31,37,10,47,7,2
6577,53.0,2018-02-28,3,12,2,4,25,49,31,38,8,36,8,5
6578,53.0,2018-03-31,2,20,6,0,26,65,37,43,12,43,9,4
6579,53.0,2018-04-30,5,12,0,1,40,77,51,45,13,42,18,4
6580,53.0,2018-05-31,8,21,4,3,42,88,53,65,21,58,14,3
6581,53.0,2018-06-30,2,20,1,3,32,88,50,66,11,71,10,6
6582,53.0,2018-07-31,5,18,3,3,40,75,58,52,14,49,6,5
6583,53.0,2018-08-31,7,12,3,0,37,77,62,52,13,50,11,9
6584,53.0,2018-09-30,5,16,5,2,30,89,37,49,15,63,3,8
6585,53.0,2018-10-31,5,14,4,1,26,55,46,56,15,46,13,9
6586,53.0,2018-11-30,9,15,1,1,34,59,40,41,12,44,6,4
6587,53.0,2018-12-31,1,10,3,0,16,59,37,37,6,43,9,2
6588,53.0,2019-01-31,6,18,2,2,26,56,26,38,14,44,7,6
6589,53.0,2019-02-28,8,11,1,1,27,60,28,36,15,48,7,6
6590,53.0,2019-03-31,2,16,0,1,31,76,38,30,13,56,6,3
6591,53.0,2019-04-30,2,21,1,0,23,73,35,31,10,51,6,3
6592,53.0,2019-05-31,9,17,2,2,37,96,48,63,14,60,14,9
6593,53.0,2019-06-30,3,16,3,0,34,87,48,45,15,50,9,4
6594,53.0,2019-07-31,2,19,2,1,29,87,55,42,9,59,7,2
6595,53.0,2019-08-31,6,11,5,3,36,80,51,55,15,55,11,3
6596,53.0,2019-09-30,1,16,3,4,25,77,47,37,14,52,14,5
6597,53.0,2019-10-31,5,10,0,1,22,64,52,35,8,47,7,5
6598,53.0,2019-11-30,4,13,4,2,21,68,50,47,11,49,13,6
6599,53.0,2019-12-31,3,17,0,3,30,70,31,53,9,50,5,7
6600,53.0,2020-01-31,2,14,3,2,25,70,32,42,13,59,10,2
6601,53.0,2020-02-29,4,18,0,2,21,66,31,47,8,50,3,8
6602,53.0,2020-03-31,2,16,1,2,26,72,36,47,13,48,10,4
6603,53.0,2020-04-30,2,11,0,1,32,51,41,45,18,41,10,5
6604,53.0,2020-05-31,3,10,3,5,24,65,60,40,7,41,16,8
6605,53.0,2020-06-30,7,14,1,0,34,82,55,40,15,58,13,6
6606,53.0,2020-07-31,6,10,2,1,44,84,58,33,20,56,19,10
6607,53.0,2020-08-31,4,18,0,0,42,68,44,33,16,49,11,7
6608,53.0,2020-09-30,4,7,2,0,33,63,66,29,11,42,18,8
6609,53.0,2020-10-31,6,5,1,2,35,73,50,51,14,45,7,6
6610,53.0,2020-11-30,4,11,2,0,31,77,56,23,18,55,19,4
6611,53.0,2020-12-31,4,7,2,1,28,46,42,21,14,32,18,6
6612,53.0,2021-01-31,7,9,1,0,28,58,48,36,15,43,15,3
6613,53.0,2021-02-28,4,2,3,1,21,38,31,25,9,26,10,3
6614,53.0,2021-03-31,3,5,1,2,22,55,45,35,8,37,19,6
6615,53.0,2021-04-30,2,6,1,0,30,66,44,27,11,48,13,7
6616,53.0,2021-05-31,4,12,1,0,45,65,53,28,20,49,18,5
6617,53.0,2021-06-30,5,4,2,2,44,64,39,35,17,47,11,7
6618,53.0,2021-07-31,3,9,0,0,36,68,48,36,16,47,15,5
6619,53.0,2021-08-31,6,2,0,0,43,48,44,35,18,35,11,11
6620,53.0,2021-09-30,2,6,0,0,43,59,42,35,18,38,9,3
6621,53.0,2021-10-31,2,5,0,1,31,55,32,33,12,32,4,5
6622,53.0,2021-11-30,1,10,1,2,26,46,58,39,15,37,12,4
6623,53.0,2021-12-31,6,7,2,1,35,62,51,39,23,47,11,4
6624,53.0,2022-01-31,2,8,2,0,27,43,41,35,15,30,11,3
6625,53.0,2022-02-28,8,10,2,1,25,42,33,36,10,32,7,2
6626,53.0,2022-03-31,4,6,0,0,21,49,31,37,9,32,7,7
6627,53.0,2022-04-30,1,3,0,2,23,54,42,31,7,39,11,9
6628,53.0,2022-05-31,5,9,3,1,36,58,41,40,14,47,6,7
6629,53.0,2022-06-30,3,5,2,0,29,54,43,38,12,34,14,6
6630,53.0,2022-07-31,1,7,2,1,36,67,39,34,11,42,15,4
6631,53.0,2022-08-31,6,7,2,1,24,49,53,22,6,31,11,3
6632,53.0,2022-09-30,8,6,3,0,28,49,54,47,16,32,8,2
6633,53.0,2022-10-31,3,7,1,1,23,45,55,42,8,33,9,8
6634,53.0,2022-11-30,8,4,0,1,34,40,39,50,18,29,4,4
6635,53.0,2022-12-31,6,5,0,0,27,45,28,44,16,37,5,2
6636,53.0,2023-01-31,1,7,2,1,27,50,54,41,11,36,13,6
6637,53.0,2023-02-28,3,1,0,0,26,35,26,45,11,25,8,8
6638,53.0,2023-03-31,2,6,1,1,19,42,41,40,8,25,8,4
6639,53.0,2023-04-30,0,7,1,2,26,62,34,45,15,45,9,10
6640,53.0,2023-05-31,7,12,2,1,39,66,50,51,16,47,9,10
6641,53.0,2023-06-30,3,9,2,2,27,54,37,55,11,34,10,6
6642,53.0,2023-07-31,3,11,1,2,32,76,40,39,11,57,10,6
6643,53.0,2023-08-31,2,10,2,0,34,64,40,42,20,37,7,4
6644,53.0,2023-09-30,0,7,0,0,29,65,32,39,13,40,6,2
6645,53.0,2023-10-31,2,7,1,1,28,58,53,42,12,37,13,4
6646,53.0,2023-11-30,5,5,3,0,35,47,38,39,17,32,14,6
6647,53.0,2023-12-31,7,8,1,0,37,57,39,45,12,36,8,7
6648,53.0,2024-01-31,8,6,1,1,34,52,39,62,12,37,6,7
6649,53.0,2024-02-29,6,4,0,0,29,31,37,35,19,19,7,5
6650,53.0,2024-03-31,1,7,1,0,24,54,36,37,9,32,8,3
6651,53.0,2024-04-30,4,11,3,1,39,52,49,36,19,31,6,2
6652,53.0,2024-05-31,3,7,2,0,32,81,40,48,10,52,8,9
6653,53.0,2024-06-30,5,11,1,1,49,73,57,53,16,44,12,4
6654,53.0,2024-07-31,5,14,2,0,44,62,55,49,18,45,9,8
6655,53.0,2024-08-31,2,7,2,0,27,56,53,58,8,40,12,12
6656,53.0,2024-09-30,5,7,0,0,24,67,61,39,10,47,12,4
6657,53.0,2024-10-31,6,9,5,0,30,53,59,48,7,31,14,3
6658,53.0,2024-11-30,8,6,2,1,30,43,34,48,11,30,5,3
6659,53.0,2024-12-31,5,8,4,1,38,42,40,46,18,30,11,5
6660,53.0,2025-01-31,2,10,1,1,25,35,46,39,14,30,8,6
6661,53.0,2025-02-28,3,7,1,0,30,50,27,40,15,34,10,6
6662,53.0,2025-03-31,7,15,1,1,27,48,41,45,13,36,10,5
6663,53.0,2025-04-30,2,12,1,0,22,51,31,25,13,38,7,5
6664,53.0,2025-05-31,6,13,0,1,39,58,34,36,17,43,13,6
6665,53.0,2025-06-30,3,11,4,1,28,59,54,35,10,36,18,8
6666,53.0,2025-07-31,5,9,2,2,38,58,43,51,13,39,10,10
6667,53.0,2025-08-31,3,10,1,0,32,46,32,42,15,35,8,4
6668,53.0,2025-09-30,5,9,3,1,32,47,36,35,8,30,4,5
6669,53.0,2025-10-31,3,11,2,0,23,62,51,40,9,41,9,5
6670,53.0,2025-11-30,5,11,1,0,29,45,39,51,11,29,6,8
6671,53.0,2025-12-31,1,9,0,0,9,41,31,40,3,32,5,5
6672,53.0,2026-01-31,2,10,2,0,23,49,26,23,9,37,3,3
6673,53.0,2026-02-28,6,8,2,1,20,39,27,26,6,28,6,3
6674,53.0,2026-03-31,4,11,0,0,31,52,24,36,13,38,6,4
6675,53.0,2026-04-30,2,16,1,1,28,54,38,44,9,38,17,6
6676,53.0,2026-05-31,4,6,3,0,35,47,43,32,12,30,16,3
6677,53.0,2026-06-30,2,10,2,1,29,56,44,28,9,41,15,2
6678,54.0,2016-01-31,0,1,1,0,10,17,5,5,1,11,2,3
6679,54.0,2016-02-29,5,3,2,0,12,28,12,8,6,13,4,2
6680,54.0,2016-03-31,3,9,1,0,14,35,11,10,6,22,3,3
6681,54.0,2016-04-30,1,3,0,2,8,34,9,9,4,26,1,1
6682,54.0,2016-05-31,3,9,1,0,12,32,17,11,4,16,7,2
6683,54.0,2016-06-30,8,10,1,0,15,42,17,13,5,22,5,0
6684,54.0,2016-07-31,1,10,1,1,13,36,24,14,2,23,4,4
6685,54.0,2016-08-31,1,5,2,0,10,42,23,9,6,24,5,2
6686,54.0,2016-09-30,4,7,2,0,10,31,12,13,2,15,3,3
6687,54.0,2016-10-31,4,5,0,0,12,20,13,13,4,13,0,2
6688,54.0,2016-11-30,2,6,1,0,19,32,15,14,10,16,8,1
6689,54.0,2016-12-31,3,12,0,0,10,26,9,8,2,18,2,1
6690,54.0,2017-01-31,4,6,0,0,13,26,12,16,5,16,5,5
6691,54.0,2017-02-28,3,9,0,0,7,31,12,11,1,23,3,3
6692,54.0,2017-03-31,2,3,0,0,15,16,18,13,7,8,4,4
6693,54.0,2017-04-30,2,7,1,0,12,32,10,15,3,22,1,1
6694,54.0,2017-05-31,2,17,1,0,9,48,10,9,1,24,4,2
6695,54.0,2017-06-30,3,11,1,0,14,42,20,13,2,28,7,5
6696,54.0,2017-07-31,4,10,0,0,23,30,14,16,5,21,4,3
6697,54.0,2017-08-31,0,8,3,0,5,37,15,7,1,22,6,2
6698,54.0,2017-09-30,5,3,0,0,18,30,10,8,6,19,0,1
6699,54.0,2017-10-31,1,6,1,0,6,35,16,15,3,20,8,3
6700,54.0,2017-11-30,1,8,1,1,9,27,14,15,3,14,1,4
6701,54.0,2017-12-31,3,5,2,0,12,28,10,12,7,18,5,2
6702,54.0,2018-01-31,1,8,3,0,6,32,10,11,2,24,3,1
6703,54.0,2018-02-28,1,6,0,0,6,21,7,15,1,11,4,1
6704,54.0,2018-03-31,1,5,0,1,14,29,13,14,10,21,3,1
6705,54.0,2018-04-30,6,3,0,0,11,27,8,9,2,15,1,3
6706,54.0,2018-05-31,1,6,2,0,13,35,15,9,5,23,2,2
6707,54.0,2018-06-30,1,8,1,0,18,44,21,18,7,22,2,1
6708,54.0,2018-07-31,5,6,0,1,19,47,20,15,6,24,6,1
6709,54.0,2018-08-31,3,4,0,0,18,29,11,15,3,17,6,4
6710,54.0,2018-09-30,1,6,3,0,16,22,17,21,4,15,6,5
6711,54.0,2018-10-31,2,4,0,0,10,22,13,17,3,14,4,4
6712,54.0,2018-11-30,1,4,1,0,8,21,8,19,2,17,3,5
6713,54.0,2018-12-31,2,3,0,0,8,20,13,13,3,10,3,1
6714,54.0,2019-01-31,2,6,0,0,6,22,9,10,2,13,3,4
6715,54.0,2019-02-28,2,8,0,0,11,29,14,8,4,24,2,1
6716,54.0,2019-03-31,3,7,0,0,8,31,12,8,1,16,5,2
6717,54.0,2019-04-30,2,11,2,0,15,31,10,9,4,19,1,2
6718,54.0,2019-05-31,5,5,1,2,25,30,17,16,13,14,3,2
6719,54.0,2019-06-30,2,2,1,0,16,27,17,13,1,13,5,0
6720,54.0,2019-07-31,13,6,0,0,27,45,28,11,9,28,5,0
6721,54.0,2019-08-31,2,6,1,0,11,30,23,23,7,19,5,2
6722,54.0,2019-09-30,1,3,1,1,15,22,25,12,4,7,2,2
6723,54.0,2019-10-31,0,6,3,0,13,27,21,15,4,18,4,4
6724,54.0,2019-11-30,1,6,1,0,12,25,13,14,4,20,4,3
6725,54.0,2019-12-31,2,6,1,0,17,32,16,18,3,26,7,6
6726,54.0,2020-01-31,2,4,1,0,10,22,8,7,4,17,3,0
6727,54.0,2020-02-29,2,6,1,0,11,26,8,10,5,14,4,3
6728,54.0,2020-03-31,2,1,0,0,8,25,19,8,4,21,4,1
6729,54.0,2020-04-30,3,2,0,0,7,17,12,9,3,10,4,6
6730,54.0,2020-05-31,2,6,0,0,20,30,22,13,5,23,3,4
6731,54.0,2020-06-30,0,4,1,0,17,25,13,11,2,15,5,4
6732,54.0,2020-07-31,1,5,0,0,20,32,14,9,4,18,2,1
6733,54.0,2020-08-31,0,6,1,0,7,23,10,10,3,14,3,2
6734,54.0,2020-09-30,3,1,0,0,10,19,13,10,5,9,1,0
6735,54.0,2020-10-31,0,0,1,0,3,25,11,11,1,16,4,3
6736,54.0,2020-11-30,1,2,0,0,8,21,9,7,2,16,5,0
6737,54.0,2020-12-31,2,0,0,0,12,18,8,10,7,17,1,3
6738,54.0,2021-01-31,0,4,0,0,8,18,15,7,2,13,5,1
6739,54.0,2021-02-28,1,0,1,0,14,10,13,6,7,9,5,2
6740,54.0,2021-03-31,1,3,1,0,10,20,14,9,2,18,4,1
6741,54.0,2021-04-30,1,1,0,0,6,20,17,17,1,14,5,3
6742,54.0,2021-05-31,0,2,0,0,20,23,11,18,4,13,5,3
6743,54.0,2021-06-30,6,4,0,0,25,33,13,10,10,16,6,2
6744,54.0,2021-07-31,1,3,0,0,22,31,17,22,8,15,4,8
6745,54.0,2021-08-31,0,0,0,0,15,17,24,7,7,14,6,2
6746,54.0,2021-09-30,1,3,1,1,20,27,14,4,5,15,4,2
6747,54.0,2021-10-31,1,1,0,0,14,25,24,7,7,17,6,1
6748,54.0,2021-11-30,0,0,2,1,13,15,19,10,5,11,7,3
6749,54.0,2021-12-31,0,5,0,0,9,20,14,15,4,18,1,2
6750,54.0,2022-01-31,0,1,0,0,14,19,10,8,4,14,2,3
6751,54.0,2022-02-28,0,3,0,0,11,21,8,3,5,12,3,2
6752,54.0,2022-03-31,0,3,0,0,8,22,12,19,5,12,5,5
6753,54.0,2022-04-30,1,0,0,0,9,23,14,14,1,13,2,2
6754,54.0,2022-05-31,1,0,3,0,21,27,29,7,4,11,5,1
6755,54.0,2022-06-30,0,3,0,0,7,24,13,10,3,15,2,2
6756,54.0,2022-07-31,2,2,0,0,14,28,5,13,3,18,1,2
6757,54.0,2022-08-31,2,2,1,0,17,31,25,11,5,16,7,2
6758,54.0,2022-09-30,2,2,0,0,15,20,19,18,4,14,8,5
6759,54.0,2022-10-31,2,2,0,0,19,28,24,8,10,16,7,1
6760,54.0,2022-11-30,1,2,0,0,10,15,17,14,5,15,4,2
6761,54.0,2022-12-31,0,3,1,0,11,26,15,10,4,22,1,1
6762,54.0,2023-01-31,0,2,2,0,13,18,21,18,8,11,7,6
6763,54.0,2023-02-28,0,3,1,0,8,15,14,6,5,8,5,2
6764,54.0,2023-03-31,0,1,2,0,10,16,12,14,5,10,5,2
6765,54.0,2023-04-30,0,3,0,0,16,22,18,19,5,14,2,5
6766,54.0,2023-05-31,2,5,0,1,20,36,24,11,9,22,4,4
6767,54.0,2023-06-30,1,3,1,0,19,22,16,5,10,13,8,1
6768,54.0,2023-07-31,3,2,0,0,26,29,20,18,6,21,5,5
6769,54.0,2023-08-31,0,4,0,0,16,41,19,15,4,22,3,4
6770,54.0,2023-09-30,1,4,1,0,19,26,7,10,6,19,2,1
6771,54.0,2023-10-31,0,7,0,0,17,31,14,13,4,22,1,1
6772,54.0,2023-11-30,1,3,1,1,5,19,16,13,2,16,8,4
6773,54.0,2023-12-31,1,3,0,0,10,29,9,14,4,19,2,1
6774,54.0,2024-01-31,1,2,0,0,10,21,11,10,5,13,4,6
6775,54.0,2024-02-29,3,2,1,0,18,23,9,20,6,15,5,6
6776,54.0,2024-03-31,1,4,1,2,15,27,12,12,5,19,4,3
6777,54.0,2024-04-30,3,4,1,0,22,29,18,13,6,16,3,4
6778,54.0,2024-05-31,2,6,0,0,16,37,24,11,4,24,9,1
6779,54.0,2024-06-30,2,2,0,0,14,26,18,9,11,13,6,2
6780,54.0,2024-07-31,1,7,0,1,17,42,22,14,4,25,4,5
6781,54.0,2024-08-31,2,8,0,0,19,34,10,7,8,23,1,0
6782,54.0,2024-09-30,1,2,1,0,14,23,16,16,6,10,3,6
6783,54.0,2024-10-31,1,2,0,0,13,24,16,15,5,14,3,7
6784,54.0,2024-11-30,0,3,1,0,5,17,13,10,1,12,5,2
6785,54.0,2024-12-31,0,6,0,0,15,17,10,13,2,14,1,5
6786,54.0,2025-01-31,2,5,0,2,10,27,8,11,7,18,2,5
6787,54.0,2025-02-28,0,4,1,1,5,17,7,12,2,13,1,2
6788,54.0,2025-03-31,1,5,0,0,14,24,13,27,7,17,8,3
6789,54.0,2025-04-30,2,2,1,1,16,20,19,14,7,13,8,3
6790,54.0,2025-05-31,0,2,0,0,19,27,14,8,6,19,5,2
6791,54.0,2025-06-30,0,6,0,0,13,32,9,12,2,14,3,2
6792,54.0,2025-07-31,2,3,3,0,18,22,16,10,5,10,4,4
6793,54.0,2025-08-31,2,3,0,0,14,26,12,9,4,19,4,0
6794,54.0,2025-09-30,0,2,0,0,17,18,13,4,1,9,3,1
6795,54.0,2025-10-31,5,5,0,0,18,26,15,8,9,19,5,2
6796,54.0,2025-11-30,3,1,1,0,16,15,9,6,6,12,4,2
6797,54.0,2025-12-31,1,2,0,0,6,23,9,6,4,12,1,1
6798,54.0,2026-01-31,1,2,1,0,13,21,16,14,6,15,6,3
6799,54.0,2026-02-28,1,7,0,0,8,17,2,6,2,9,0,3
6800,54.0,2026-03-31,1,6,0,0,6,22,12,10,4,18,4,6
6801,54.0,2026-04-30,2,3,0,0,17,29,8,12,4,18,2,2
6802,54.0,2026-05-31,5,5,2,0,20,39,21,14,7,27,9,2
6803,54.0,2026-06-30,1,8,0,0,15,35,15,7,7,21,8,2
6804,55.0,2016-01-31,0,5,0,0,5,18,3,6,2,14,0,1
6805,55.0,2016-02-29,1,1,0,1,4,8,4,12,3,7,1,0
6806,55.0,2016-03-31,2,1,0,1,7,8,6,7,1,5,1,1
6807,55.0,2016-04-30,1,2,0,0,4,7,10,3,2,4,1,0
6808,55.0,2016-05-31,1,5,0,1,8,13,10,7,0,8,1,0
6809,55.0,2016-06-30,0,4,0,0,6,13,6,2,1,9,0,0
6810,55.0,2016-07-31,0,1,0,0,3,14,7,8,1,6,0,0
6811,55.0,2016-08-31,0,1,1,0,2,14,9,20,1,7,0,1
6812,55.0,2016-09-30,2,0,0,1,5,10,7,11,5,6,1,0
6813,55.0,2016-10-31,4,4,0,0,6,15,4,13,2,13,0,0
6814,55.0,2016-11-30,1,1,1,0,2,13,5,8,0,10,2,0
6815,55.0,2016-12-31,0,1,0,1,5,10,15,15,3,8,2,0
6816,55.0,2017-01-31,2,5,1,1,5,15,9,16,2,12,1,1
6817,55.0,2017-02-28,0,4,1,1,2,15,8,11,0,9,0,0
6818,55.0,2017-03-31,1,4,1,0,3,15,5,4,2,9,0,0
6819,55.0,2017-04-30,0,1,2,4,5,9,12,12,1,6,1,1
6820,55.0,2017-05-31,1,3,0,0,8,13,10,16,2,7,4,0
6821,55.0,2017-06-30,1,1,0,0,4,8,10,13,0,4,2,1
6822,55.0,2017-07-31,1,0,2,0,3,6,10,19,0,3,0,0
6823,55.0,2017-08-31,1,0,0,0,10,8,11,11,2,6,2,0
6824,55.0,2017-09-30,0,3,0,0,6,13,9,6,2,5,0,0
6825,55.0,2017-10-31,1,0,1,0,3,10,8,7,1,7,1,0
6826,55.0,2017-11-30,0,2,0,0,7,11,4,8,3,5,1,0
6827,55.0,2017-12-31,2,1,0,0,6,6,11,7,1,4,0,0
6828,55.0,2018-01-31,0,1,1,0,0,12,4,8,0,9,0,0
6829,55.0,2018-02-28,0,3,1,2,2,8,8,6,1,5,0,1
6830,55.0,2018-03-31,1,3,0,0,3,6,2,5,0,4,0,0
6831,55.0,2018-04-30,0,4,1,1,3,17,5,6,0,11,2,0
6832,55.0,2018-05-31,0,2,0,2,6,12,8,9,2,7,0,1
6833,55.0,2018-06-30,1,1,1,3,8,9,10,12,3,7,1,1
6834,55.0,2018-07-31,1,2,1,0,6,9,6,14,2,7,1,0
6835,55.0,2018-08-31,0,1,2,1,8,12,8,15,1,6,0,1
6836,55.0,2018-09-30,1,2,0,0,5,15,8,9,2,9,2,1
6837,55.0,2018-10-31,1,3,1,2,4,12,11,12,1,7,1,1
6838,55.0,2018-11-30,1,3,1,2,5,7,5,10,2,5,0,1
6839,55.0,2018-12-31,0,1,0,0,4,14,2,5,2,9,0,0
6840,55.0,2019-01-31,1,4,0,0,4,17,6,4,2,15,2,1
6841,55.0,2019-02-28,1,0,0,0,5,9,2,6,1,5,0,0
6842,55.0,2019-03-31,0,1,0,0,2,9,6,5,1,3,1,2
6843,55.0,2019-04-30,0,2,1,0,2,7,10,7,0,7,2,0
6844,55.0,2019-05-31,0,2,0,0,2,5,3,9,0,4,0,1
6845,55.0,2019-06-30,0,2,1,0,4,9,9,11,1,7,1,1
6846,55.0,2019-07-31,2,1,0,0,8,6,5,2,1,3,0,0
6847,55.0,2019-08-31,0,0,0,2,4,7,11,15,1,6,1,1
6848,55.0,2019-09-30,1,0,0,0,5,4,3,12,1,3,0,0
6849,55.0,2019-10-31,0,3,0,0,6,8,9,11,1,6,4,0
6850,55.0,2019-11-30,1,1,0,0,5,12,7,10,1,8,0,1
6851,55.0,2019-12-31,1,3,0,0,5,14,2,7,0,9,0,0
6852,55.0,2020-01-31,0,0,0,0,6,7,2,13,2,6,1,1
6853,55.0,2020-02-29,0,1,0,1,5,5,5,4,2,4,0,0
6854,55.0,2020-03-31,0,1,0,1,4,10,8,4,1,9,2,0
6855,55.0,2020-04-30,0,0,0,1,4,1,4,8,2,1,1,1
6856,55.0,2020-05-31,0,1,0,0,5,8,4,12,3,5,0,4
6857,55.0,2020-06-30,0,6,1,0,3,14,8,8,0,8,2,2
6858,55.0,2020-07-31,0,2,0,0,5,10,7,4,0,10,2,0
6859,55.0,2020-08-31,0,3,0,1,3,12,11,11,0,9,7,1
6860,55.0,2020-09-30,0,1,0,0,8,9,7,10,1,7,2,0
6861,55.0,2020-10-31,0,1,1,0,3,5,5,6,1,3,1,0
6862,55.0,2020-11-30,0,1,0,0,5,6,4,6,3,5,0,0
6863,55.0,2020-12-31,1,2,0,0,3,8,4,7,2,3,0,0
6864,55.0,2021-01-31,0,1,0,0,2,8,4,10,1,6,2,0
6865,55.0,2021-02-28,0,0,0,1,7,12,1,6,2,8,0,0
6866,55.0,2021-03-31,0,3,0,0,3,13,9,6,1,9,0,0
6867,55.0,2021-04-30,0,0,0,0,2,9,3,7,1,7,0,0
6868,55.0,2021-05-31,1,2,1,2,4,10,7,7,1,5,1,0
6869,55.0,2021-06-30,0,1,0,0,7,7,2,13,4,4,1,1
6870,55.0,2021-07-31,2,1,1,0,7,12,10,5,1,8,2,0
6871,55.0,2021-08-31,0,2,1,0,6,12,10,14,1,8,0,1
6872,55.0,2021-09-30,1,4,0,0,10,14,7,14,1,8,0,1
6873,55.0,2021-10-31,2,3,0,0,6,18,8,13,3,13,5,1
6874,55.0,2021-11-30,1,1,0,0,2,5,13,7,0,5,2,0
6875,55.0,2021-12-31,0,2,0,0,6,15,5,16,3,13,2,0
6876,55.0,2022-01-31,0,2,0,0,5,7,3,8,3,6,2,0
6877,55.0,2022-02-28,1,4,0,0,4,16,4,7,1,10,0,2
6878,55.0,2022-03-31,0,1,0,0,4,7,8,4,1,4,3,0
6879,55.0,2022-04-30,0,1,0,0,2,8,4,11,2,3,1,1
6880,55.0,2022-05-31,1,0,0,1,5,12,13,11,1,4,1,1
6881,55.0,2022-06-30,0,2,0,0,4,14,6,12,1,9,2,0
6882,55.0,2022-07-31,0,0,0,1,4,8,8,12,2,5,2,1
6883,55.0,2022-08-31,0,0,0,1,6,6,9,13,4,3,1,0
6884,55.0,2022-09-30,0,2,0,0,6,15,5,12,1,9,1,0
6885,55.0,2022-10-31,0,2,0,0,9,13,7,12,5,6,1,1
6886,55.0,2022-11-30,0,4,0,0,7,8,5,12,0,7,1,2
6887,55.0,2022-12-31,1,1,0,0,4,12,6,8,2,9,2,0
6888,55.0,2023-01-31,1,1,0,0,6,9,12,13,3,3,2,0
6889,55.0,2023-02-28,0,1,0,0,4,7,9,8,0,5,2,1
6890,55.0,2023-03-31,0,1,0,0,3,6,6,8,1,2,1,0
6891,55.0,2023-04-30,0,3,0,0,8,8,6,12,3,7,0,1
6892,55.0,2023-05-31,1,1,1,0,7,8,12,11,1,5,1,0
6893,55.0,2023-06-30,0,1,0,0,8,15,12,7,2,9,0,0
6894,55.0,2023-07-31,1,2,0,0,6,19,6,8,1,13,0,0
6895,55.0,2023-08-31,0,2,0,1,6,18,7,9,1,6,4,2
6896,55.0,2023-09-30,1,0,0,0,6,12,7,16,3,9,1,1
6897,55.0,2023-10-31,0,0,0,0,6,9,4,6,1,4,1,1
6898,55.0,2023-11-30,0,2,0,0,5,9,8,6,2,6,0,1
6899,55.0,2023-12-31,0,3,0,0,4,20,12,12,1,11,1,0
6900,55.0,2024-01-31,1,4,0,0,7,13,7,6,3,11,0,1
6901,55.0,2024-02-29,1,1,0,0,4,7,12,21,2,5,1,1
6902,55.0,2024-03-31,0,0,0,1,5,5,8,11,2,5,0,0
6903,55.0,2024-04-30,1,1,0,1,12,8,10,18,3,7,3,1
6904,55.0,2024-05-31,0,1,0,0,8,12,7,10,1,8,0,0
6905,55.0,2024-06-30,0,3,0,0,4,11,9,18,2,8,4,0
6906,55.0,2024-07-31,0,3,1,0,5,15,8,19,1,11,2,0
6907,55.0,2024-08-31,0,2,1,0,5,11,9,11,2,8,2,2
6908,55.0,2024-09-30,1,0,0,1,9,10,6,21,6,8,1,1
6909,55.0,2024-10-31,0,2,0,0,8,11,6,11,2,8,2,1
6910,55.0,2024-11-30,0,3,0,0,9,8,5,10,1,6,0,1
6911,55.0,2024-12-31,0,0,0,1,5,5,4,17,1,4,0,0
6912,55.0,2025-01-31,0,2,0,2,7,12,6,17,4,8,0,0
6913,55.0,2025-02-28,0,1,0,1,4,6,11,12,2,2,1,0
6914,55.0,2025-03-31,2,0,0,2,4,11,11,22,1,7,0,0
6915,55.0,2025-04-30,0,2,0,1,7,10,4,15,2,4,2,0
6916,55.0,2025-05-31,0,4,0,1,7,10,6,10,0,7,0,2
6917,55.0,2025-06-30,0,2,0,0,4,11,16,18,2,9,4,2
6918,55.0,2025-07-31,0,1,0,0,4,14,4,7,1,8,1,3
6919,55.0,2025-08-31,0,1,0,0,2,7,10,12,0,5,2,0
6920,55.0,2025-09-30,0,1,0,0,6,12,9,7,0,8,1,0
6921,55.0,2025-10-31,0,2,0,1,6,14,39,8,3,5,0,1
6922,55.0,2025-11-30,2,1,1,0,4,6,23,7,4,3,0,0
6923,55.0,2025-12-31,0,0,0,0,2,7,7,9,0,6,0,0
6924,55.0,2026-01-31,0,2,0,1,2,17,8,9,0,12,1,1
6925,55.0,2026-02-28,0,1,0,0,3,13,23,17,0,9,0,0
6926,55.0,2026-03-31,0,2,0,0,2,8,8,4,2,4,3,1
6927,55.0,2026-04-30,1,1,0,0,5,10,3,5,1,5,0,0
6928,55.0,2026-05-31,0,1,0,2,8,12,5,12,0,5,1,1
6929,55.0,2026-06-30,0,0,0,0,9,5,11,10,5,4,1,0
6930,56.0,2016-01-31,1,5,0,2,4,16,22,31,2,9,1,0
6931,56.0,2016-02-29,1,4,0,2,7,16,25,33,2,14,1,1
6932,56.0,2016-03-31,5,5,0,6,11,21,37,45,2,12,0,4
6933,56.0,2016-04-30,1,11,1,4,10,27,33,42,4,16,2,0
6934,56.0,2016-05-31,2,7,1,5,11,32,43,32,1,15,0,2
6935,56.0,2016-06-30,4,9,2,2,10,24,22,49,2,11,1,2
6936,56.0,2016-07-31,3,4,3,6,16,19,39,56,2,9,1,2
6937,56.0,2016-08-31,0,10,1,2,15,21,26,55,4,10,0,1
6938,56.0,2016-09-30,4,6,1,3,11,25,22,46,2,6,3,2
6939,56.0,2016-10-31,2,10,0,4,12,26,18,50,2,10,1,1
6940,56.0,2016-11-30,1,9,0,2,8,23,21,35,1,12,1,0
6941,56.0,2016-12-31,3,8,1,4,8,25,20,32,2,13,2,0
6942,56.0,2017-01-31,2,4,1,3,7,22,14,28,2,14,1,1
6943,56.0,2017-02-28,2,4,0,1,8,24,22,32,3,12,0,1
6944,56.0,2017-03-31,2,7,1,3,10,30,16,25,2,10,0,0
6945,56.0,2017-04-30,1,3,0,2,6,24,15,28,1,12,0,2
6946,56.0,2017-05-31,1,9,0,1,15,32,21,32,5,14,3,1
6947,56.0,2017-06-30,0,6,1,0,11,20,21,27,0,14,0,1
6948,56.0,2017-07-31,0,5,1,1,9,27,26,39,3,14,1,2
6949,56.0,2017-08-31,2,3,1,6,9,17,22,46,2,7,1,1
6950,56.0,2017-09-30,1,1,4,5,11,18,29,32,4,12,2,1
6951,56.0,2017-10-31,1,6,0,4,11,27,24,41,2,10,2,2
6952,56.0,2017-11-30,5,4,2,2,8,23,31,31,1,10,4,0
6953,56.0,2017-12-31,1,8,2,3,6,27,21,34,2,15,0,1
6954,56.0,2018-01-31,1,7,0,2,4,19,17,49,1,9,3,2
6955,56.0,2018-02-28,1,4,2,1,5,26,20,25,2,13,2,1
6956,56.0,2018-03-31,1,4,1,2,16,19,25,43,4,8,1,2
6957,56.0,2018-04-30,2,5,1,1,8,19,23,33,1,11,2,1
6958,56.0,2018-05-31,3,5,1,1,22,25,22,41,9,12,1,0
6959,56.0,2018-06-30,1,5,0,0,14,22,22,42,4,9,1,1
6960,56.0,2018-07-31,2,6,0,4,7,26,26,54,2,11,4,0
6961,56.0,2018-08-31,0,5,0,5,10,27,24,49,2,13,0,2
6962,56.0,2018-09-30,1,7,0,2,8,23,32,43,2,11,4,0
6963,56.0,2018-10-31,1,4,3,3,11,15,28,39,3,8,3,3
6964,56.0,2018-11-30,1,6,2,3,4,21,25,38,1,7,2,1
6965,56.0,2018-12-31,1,4,2,3,4,19,40,50,1,8,1,1
6966,56.0,2019-01-31,2,4,0,1,9,19,22,42,3,11,1,2
6967,56.0,2019-02-28,0,4,0,0,6,13,25,40,1,6,1,1
6968,56.0,2019-03-31,1,4,0,3,8,19,15,39,3,6,1,3
6969,56.0,2019-04-30,0,7,1,4,11,20,25,39,0,11,1,0
6970,56.0,2019-05-31,3,4,0,2,18,24,28,27,2,11,0,0
6971,56.0,2019-06-30,0,2,2,3,9,15,18,31,3,8,2,3
6972,56.0,2019-07-31,0,2,1,6,8,24,24,53,3,14,3,0
6973,56.0,2019-08-31,3,7,1,12,9,25,26,80,0,16,1,0
6974,56.0,2019-09-30,0,8,18,4,9,32,39,49,3,12,1,0
6975,56.0,2019-10-31,2,3,1,2,15,13,18,42,2,8,2,1
6976,56.0,2019-11-30,0,1,1,1,6,15,14,30,0,7,0,2
6977,56.0,2019-12-31,0,5,0,0,5,26,16,27,0,16,3,1
6978,56.0,2020-01-31,1,4,0,1,9,23,23,34,3,15,2,4
6979,56.0,2020-02-29,1,5,0,1,11,11,12,27,6,6,2,1
6980,56.0,2020-03-31,1,6,0,1,15,25,18,19,4,16,2,1
6981,56.0,2020-04-30,1,4,2,1,11,19,16,26,4,13,1,2
6982,56.0,2020-05-31,1,3,1,3,10,12,22,21,2,8,2,0
6983,56.0,2020-06-30,2,5,0,3,17,20,18,30,6,12,2,1
6984,56.0,2020-07-31,3,3,1,0,12,20,12,31,1,17,2,0
6985,56.0,2020-08-31,1,1,0,2,22,19,21,27,3,12,2,2
6986,56.0,2020-09-30,1,2,0,0,11,16,25,14,2,10,2,0
6987,56.0,2020-10-31,2,1,0,2,9,19,22,21,4,12,1,0
6988,56.0,2020-11-30,1,3,1,1,11,17,34,17,3,9,1,1
6989,56.0,2020-12-31,0,4,1,0,4,15,18,18,0,12,1,0
6990,56.0,2021-01-31,0,3,1,1,9,16,16,19,1,13,1,1
6991,56.0,2021-02-28,0,0,1,2,10,21,10,21,0,14,1,1
6992,56.0,2021-03-31,2,5,0,1,13,15,7,28,2,10,0,0
6993,56.0,2021-04-30,2,2,1,1,5,13,11,25,0,6,2,1
6994,56.0,2021-05-31,2,2,0,1,8,27,13,23,1,19,2,1
6995,56.0,2021-06-30,1,2,1,0,3,17,25,25,0,8,1,0
6996,56.0,2021-07-31,1,3,0,2,7,19,17,34,4,15,2,2
6997,56.0,2021-08-31,0,2,0,1,12,17,20,31,3,8,3,0
6998,56.0,2021-09-30,3,4,0,2,15,21,15,40,6,11,3,0
6999,56.0,2021-10-31,0,5,1,1,5,29,14,42,1,17,0,1
7000,56.0,2021-11-30,0,1,0,2,12,23,19,31,1,13,5,0
7001,56.0,2021-12-31,0,5,0,0,8,24,26,24,2,11,2,0
7002,56.0,2022-01-31,2,3,1,1,9,16,15,29,3,8,3,0
7003,56.0,2022-02-28,2,4,0,1,10,22,13,27,2,14,1,1
7004,56.0,2022-03-31,0,2,2,1,13,16,12,25,4,7,0,1
7005,56.0,2022-04-30,2,0,1,0,10,15,16,40,2,9,3,1
7006,56.0,2022-05-31,1,2,1,2,16,17,16,45,3,6,2,0
7007,56.0,2022-06-30,2,4,0,2,20,23,12,46,2,9,2,4
7008,56.0,2022-07-31,0,4,0,2,14,34,16,37,3,16,4,1
7009,56.0,2022-08-31,1,3,0,1,14,24,27,50,1,10,0,0
7010,56.0,2022-09-30,1,3,0,0,11,20,15,46,2,10,1,0
7011,56.0,2022-10-31,3,3,1,0,16,22,25,40,4,10,0,1
7012,56.0,2022-11-30,1,3,0,1,12,18,25,30,1,12,0,0
7013,56.0,2022-12-31,1,5,1,1,14,21,25,42,4,11,1,0
7014,56.0,2023-01-31,0,1,2,1,9,18,27,39,2,12,1,1
7015,56.0,2023-02-28,2,5,1,1,11,24,32,39,3,9,1,0
7016,56.0,2023-03-31,1,4,0,1,19,22,22,33,4,10,1,2
7017,56.0,2023-04-30,0,1,1,0,13,25,18,32,3,11,0,3
7018,56.0,2023-05-31,2,6,2,1,12,27,26,48,1,14,2,1
7019,56.0,2023-06-30,0,3,1,2,15,24,22,47,5,14,0,0
7020,56.0,2023-07-31,1,7,0,1,21,31,21,48,6,14,1,0
7021,56.0,2023-08-31,2,6,0,0,16,27,16,70,1,16,0,0
7022,56.0,2023-09-30,0,4,0,0,15,35,17,41,3,14,0,2
7023,56.0,2023-10-31,3,2,0,1,10,19,23,43,2,9,0,0
7024,56.0,2023-11-30,1,6,0,0,9,19,17,31,2,7,1,0
7025,56.0,2023-12-31,1,1,1,1,13,24,19,37,2,10,3,1
7026,56.0,2024-01-31,0,7,0,0,11,22,21,41,4,12,0,1
7027,56.0,2024-02-29,1,3,2,1,7,22,23,35,1,11,3,0
7028,56.0,2024-03-31,3,5,0,0,15,25,32,30,0,14,1,1
7029,56.0,2024-04-30,4,0,1,0,9,22,25,26,1,11,1,0
7030,56.0,2024-05-31,1,4,0,1,15,20,22,29,2,9,0,0
7031,56.0,2024-06-30,2,2,0,1,16,25,28,30,5,12,1,1
7032,56.0,2024-07-31,0,5,1,0,25,21,39,54,6,10,3,1
7033,56.0,2024-08-31,4,2,0,2,23,27,38,32,1,12,1,3
7034,56.0,2024-09-30,2,2,3,0,22,23,35,27,7,13,2,1
7035,56.0,2024-10-31,1,3,0,0,11,24,25,43,5,5,0,5
7036,56.0,2024-11-30,4,5,2,0,18,32,37,23,3,21,3,1
7037,56.0,2024-12-31,0,5,0,1,12,17,40,35,2,10,2,0
7038,56.0,2025-01-31,3,4,1,5,7,17,32,28,2,9,1,1
7039,56.0,2025-02-28,0,4,0,0,10,23,24,16,2,13,3,1
7040,56.0,2025-03-31,0,5,1,2,17,31,25,36,2,16,0,3
7041,56.0,2025-04-30,1,5,0,1,15,19,30,27,2,9,1,1
7042,56.0,2025-05-31,2,5,0,1,12,24,27,28,3,13,3,0
7043,56.0,2025-06-30,2,9,0,0,17,26,20,43,3,15,3,1
7044,56.0,2025-07-31,1,5,1,2,15,23,29,32,4,12,6,3
7045,56.0,2025-08-31,2,4,1,1,19,34,31,42,3,15,3,2
7046,56.0,2025-09-30,0,2,1,1,11,25,24,29,3,13,2,0
7047,56.0,2025-10-31,1,3,1,1,10,23,24,35,2,10,2,0
7048,56.0,2025-11-30,1,4,0,2,13,26,15,24,2,17,0,0
7049,56.0,2025-12-31,0,6,0,1,11,26,28,29,2,15,1,0
7050,56.0,2026-01-31,0,7,2,0,3,24,11,13,0,11,1,2
7051,56.0,2026-02-28,1,2,1,0,11,15,13,16,4,5,2,1
7052,56.0,2026-03-31,1,8,0,0,9,31,23,25,0,19,1,3
7053,56.0,2026-04-30,2,4,2,2,11,20,29,37,3,9,3,2
7054,56.0,2026-05-31,4,3,1,0,12,22,22,23,0,7,1,0
7055,56.0,2026-06-30,0,2,1,0,12,20,17,25,2,7,3,3
7056,57.0,2016-01-31,3,4,0,1,8,11,5,23,2,4,0,1
7057,57.0,2016-02-29,1,4,2,0,8,11,13,15,2,7,2,0
7058,57.0,2016-03-31,3,4,0,1,7,10,11,20,1,4,0,2
7059,57.0,2016-04-30,0,3,0,1,3,12,7,13,1,6,0,1
7060,57.0,2016-05-31,2,6,1,2,4,10,9,18,1,6,0,0
7061,57.0,2016-06-30,0,2,1,0,3,11,7,17,0,10,2,0
7062,57.0,2016-07-31,0,0,0,1,3,5,13,15,1,1,0,0
7063,57.0,2016-08-31,0,8,0,2,5,22,10,23,2,13,0,2
7064,57.0,2016-09-30,4,6,2,2,7,16,16,15,0,7,1,0
7065,57.0,2016-10-31,3,1,0,4,7,5,10,24,0,5,0,0
7066,57.0,2016-11-30,1,2,1,1,1,9,9,20,0,7,0,0
7067,57.0,2016-12-31,1,3,0,0,4,10,4,14,0,8,1,0
7068,57.0,2017-01-31,1,4,2,0,2,14,10,14,1,6,1,0
7069,57.0,2017-02-28,2,4,0,2,4,9,12,18,1,4,0,1
7070,57.0,2017-03-31,0,0,0,1,3,11,9,14,1,5,0,0
7071,57.0,2017-04-30,0,3,0,3,4,14,6,18,0,7,0,0
7072,57.0,2017-05-31,0,1,2,2,7,17,14,14,1,10,1,0
7073,57.0,2017-06-30,1,2,0,3,4,8,9,15,0,3,0,0
7074,57.0,2017-07-31,0,1,0,0,1,7,7,9,0,6,0,0
7075,57.0,2017-08-31,0,2,1,0,6,9,8,13,1,6,1,1
7076,57.0,2017-09-30,3,3,0,0,11,15,8,19,1,7,2,0
7077,57.0,2017-10-31,1,1,0,0,2,8,10,20,0,5,0,0
7078,57.0,2017-11-30,1,3,0,2,3,12,6,10,2,10,2,0
7079,57.0,2017-12-31,0,2,0,0,4,10,15,17,4,7,1,0
7080,57.0,2018-01-31,0,2,0,0,0,5,8,9,0,4,0,0
7081,57.0,2018-02-28,0,4,0,0,4,12,17,17,1,6,0,1
7082,57.0,2018-03-31,0,4,2,2,5,13,8,21,2,11,2,0
7083,57.0,2018-04-30,1,2,0,1,6,6,10,11,3,4,0,1
7084,57.0,2018-05-31,0,3,0,0,4,24,6,19,0,15,1,0
7085,57.0,2018-06-30,0,2,1,1,7,5,14,12,2,3,1,0
7086,57.0,2018-07-31,1,4,0,0,6,16,6,25,1,9,3,1
7087,57.0,2018-08-31,0,2,0,0,5,8,14,20,2,5,1,1
7088,57.0,2018-09-30,0,2,0,1,4,20,9,18,2,11,1,0
7089,57.0,2018-10-31,0,3,0,0,3,14,11,16,1,4,2,1
7090,57.0,2018-11-30,1,3,0,1,3,11,8,23,0,6,0,1
7091,57.0,2018-12-31,1,2,0,0,6,8,16,10,1,5,1,0
7092,57.0,2019-01-31,0,3,1,0,5,15,13,20,1,6,0,0
7093,57.0,2019-02-28,1,1,0,4,5,12,15,20,2,5,0,1
7094,57.0,2019-03-31,1,1,0,2,3,7,8,12,2,2,1,0
7095,57.0,2019-04-30,0,0,0,0,6,4,10,19,2,2,1,0
7096,57.0,2019-05-31,1,1,0,1,8,9,3,20,1,1,0,0
7097,57.0,2019-06-30,2,2,1,2,10,14,11,25,3,9,0,0
7098,57.0,2019-07-31,0,3,0,1,3,8,8,18,1,6,0,0
7099,57.0,2019-08-31,1,1,0,2,5,11,12,23,4,9,0,1
7100,57.0,2019-09-30,0,5,1,6,2,14,7,20,0,10,2,0
7101,57.0,2019-10-31,0,2,0,0,4,12,5,20,0,8,0,0
7102,57.0,2019-11-30,1,2,0,2,3,13,3,29,1,5,0,1
7103,57.0,2019-12-31,2,4,0,0,6,11,2,15,1,10,0,0
7104,57.0,2020-01-31,0,1,0,2,3,11,8,18,2,7,1,0
7105,57.0,2020-02-29,1,2,0,1,4,16,2,20,1,10,0,1
7106,57.0,2020-03-31,2,2,0,1,4,8,3,10,1,5,0,0
7107,57.0,2020-04-30,1,1,0,0,5,8,5,12,1,5,1,0
7108,57.0,2020-05-31,0,2,0,0,4,7,14,14,1,4,2,0
7109,57.0,2020-06-30,1,2,0,0,8,5,5,13,1,1,0,1
7110,57.0,2020-07-31,1,1,0,0,10,12,8,11,0,9,1,0
7111,57.0,2020-08-31,0,1,0,1,10,11,10,11,3,7,1,0
7112,57.0,2020-09-30,1,0,0,0,10,8,8,18,0,6,0,0
7113,57.0,2020-10-31,0,0,0,0,1,9,8,15,0,4,1,0
7114,57.0,2020-11-30,0,0,1,2,3,7,9,19,2,5,2,0
7115,57.0,2020-12-31,0,1,0,0,0,6,2,9,0,6,0,0
7116,57.0,2021-01-31,1,1,0,0,2,11,6,9,0,8,0,0
7117,57.0,2021-02-28,0,0,0,1,3,8,4,11,0,6,0,0
7118,57.0,2021-03-31,0,1,0,0,6,10,8,10,1,6,2,0
7119,57.0,2021-04-30,0,0,0,0,8,8,1,7,1,5,0,0
7120,57.0,2021-05-31,0,0,0,0,7,5,5,11,0,4,0,0
7121,57.0,2021-06-30,0,2,0,0,5,20,7,14,0,10,1,0
7122,57.0,2021-07-31,0,3,0,0,8,10,5,11,2,6,2,0
7123,57.0,2021-08-31,1,0,1,0,8,9,9,13,1,4,0,0
7124,57.0,2021-09-30,0,1,0,0,6,15,9,14,3,6,0,0
7125,57.0,2021-10-31,0,0,0,0,4,8,6,17,1,2,0,2
7126,57.0,2021-11-30,0,0,0,0,4,11,4,12,3,6,0,0
7127,57.0,2021-12-31,1,1,0,1,8,10,9,20,1,4,1,4
7128,57.0,2022-01-31,0,0,0,1,2,9,11,26,1,7,2,1
7129,57.0,2022-02-28,1,1,0,0,10,9,7,17,0,4,0,1
7130,57.0,2022-03-31,1,1,0,1,9,8,5,17,1,3,1,0
7131,57.0,2022-04-30,1,2,1,0,2,15,4,22,1,8,1,1
7132,57.0,2022-05-31,0,2,0,2,5,15,11,17,0,7,0,0
7133,57.0,2022-06-30,0,0,0,1,9,9,8,19,1,5,0,2
7134,57.0,2022-07-31,0,2,0,1,6,17,10,18,0,12,0,0
7135,57.0,2022-08-31,0,2,0,0,10,16,14,19,1,12,0,1
7136,57.0,2022-09-30,1,3,1,0,7,19,13,18,3,6,1,0
7137,57.0,2022-10-31,2,0,0,0,8,12,7,17,1,7,2,1
7138,57.0,2022-11-30,1,0,0,1,5,10,7,17,0,4,1,0
7139,57.0,2022-12-31,0,3,0,0,10,16,9,17,2,8,1,0
7140,57.0,2023-01-31,0,0,0,0,7,11,8,21,1,4,0,0
7141,57.0,2023-02-28,1,1,0,0,7,13,2,18,1,5,0,0
7142,57.0,2023-03-31,0,0,0,1,8,8,8,19,3,3,1,1
7143,57.0,2023-04-30,0,4,0,2,7,15,5,16,1,9,1,0
7144,57.0,2023-05-31,1,2,1,2,7,16,6,21,2,9,1,0
7145,57.0,2023-06-30,0,3,0,3,5,15,10,16,3,10,1,0
7146,57.0,2023-07-31,1,0,1,1,6,3,12,20,1,1,3,0
7147,57.0,2023-08-31,0,1,0,4,9,10,7,35,3,7,0,1
7148,57.0,2023-09-30,0,1,0,0,12,12,16,22,4,4,0,1
7149,57.0,2023-10-31,0,0,0,1,9,16,7,23,4,4,0,0
7150,57.0,2023-11-30,0,0,0,1,8,12,8,13,0,7,0,0
7151,57.0,2023-12-31,0,1,1,1,7,13,7,20,1,7,1,1
7152,57.0,2024-01-31,0,3,0,4,4,11,2,19,1,6,0,1
7153,57.0,2024-02-29,1,2,0,1,10,13,10,15,3,3,1,0
7154,57.0,2024-03-31,0,0,0,0,11,14,5,22,1,4,1,0
7155,57.0,2024-04-30,0,1,1,4,6,11,6,19,0,6,0,0
7156,57.0,2024-05-31,0,1,0,1,7,16,5,29,1,9,0,0
7157,57.0,2024-06-30,0,1,0,4,9,7,6,31,1,5,0,0
7158,57.0,2024-07-31,1,3,0,4,8,11,8,43,2,6,0,0
7159,57.0,2024-08-31,0,2,2,3,9,11,10,36,2,8,0,0
7160,57.0,2024-09-30,2,3,0,6,8,21,9,41,1,7,2,0
7161,57.0,2024-10-31,1,2,1,3,4,20,6,32,2,7,0,0
7162,57.0,2024-11-30,1,1,0,2,10,5,10,29,3,3,0,0
7163,57.0,2024-12-31,2,5,0,8,10,15,9,37,2,8,0,0
7164,57.0,2025-01-31,0,2,0,8,4,8,4,39,0,5,1,0
7165,57.0,2025-02-28,0,2,0,3,3,16,6,34,1,7,1,0
7166,57.0,2025-03-31,0,3,1,8,6,12,10,37,1,10,1,0
7167,57.0,2025-04-30,0,2,1,7,8,10,11,31,0,7,0,3
7168,57.0,2025-05-31,1,5,0,3,9,12,7,21,1,9,0,0
7169,57.0,2025-06-30,2,3,0,0,6,12,7,23,1,7,1,2
7170,57.0,2025-07-31,1,2,0,5,8,12,13,41,3,3,2,2
7171,57.0,2025-08-31,0,0,0,1,9,11,6,39,2,7,0,0
7172,57.0,2025-09-30,0,3,0,3,6,16,9,42,2,5,0,0
7173,57.0,2025-10-31,1,2,0,3,3,12,3,36,1,4,0,0
7174,57.0,2025-11-30,0,1,0,4,5,9,5,29,0,6,1,0
7175,57.0,2025-12-31,1,2,1,13,5,8,10,31,1,2,2,0
7176,57.0,2026-01-31,0,0,0,5,7,5,6,28,1,3,0,1
7177,57.0,2026-02-28,2,2,0,5,9,9,4,23,2,4,0,0
7178,57.0,2026-03-31,0,1,1,5,4,13,9,21,2,6,1,0
7179,57.0,2026-04-30,1,0,0,1,4,14,12,22,0,4,0,0
7180,57.0,2026-05-31,0,1,1,1,6,10,4,30,0,4,1,0
7181,57.0,2026-06-30,0,1,0,2,7,7,5,11,1,7,2,0
7182,58.0,2016-01-31,2,9,4,2,13,45,28,24,3,28,1,0
7183,58.0,2016-02-29,0,11,1,0,9,41,32,22,4,24,5,1
7184,58.0,2016-03-31,2,15,2,3,17,50,29,20,8,24,3,1
7185,58.0,2016-04-30,4,12,2,1,20,41,30,26,8,33,2,2
7186,58.0,2016-05-31,3,5,1,8,23,41,37,42,5,22,2,4
7187,58.0,2016-06-30,1,10,1,3,10,39,37,31,1,19,5,1
7188,58.0,2016-07-31,2,11,3,2,14,45,20,30,3,30,3,1
7189,58.0,2016-08-31,3,11,3,2,17,52,29,30,7,30,3,0
7190,58.0,2016-09-30,2,14,2,3,22,58,37,31,6,34,2,2
7191,58.0,2016-10-31,4,17,3,0,20,47,30,34,4,27,1,4
7192,58.0,2016-11-30,5,6,1,3,20,40,37,28,2,26,3,4
7193,58.0,2016-12-31,4,9,0,0,18,34,28,21,5,22,2,1
7194,58.0,2017-01-31,3,6,2,2,14,36,27,19,5,17,3,4
7195,58.0,2017-02-28,2,12,2,1,12,38,30,20,2,21,2,2
7196,58.0,2017-03-31,3,7,1,1,21,27,18,24,9,19,1,0
7197,58.0,2017-04-30,3,10,0,1,14,48,14,18,0,29,0,1
7198,58.0,2017-05-31,4,8,5,0,15,42,28,13,5,22,4,1
7199,58.0,2017-06-30,2,5,2,2,12,36,21,30,2,21,3,4
7200,58.0,2017-07-31,2,10,2,0,15,44,38,28,3,27,4,3
7201,58.0,2017-08-31,1,9,0,1,17,38,27,38,6,21,3,2
7202,58.0,2017-09-30,4,12,2,1,23,49,21,22,13,33,3,2
7203,58.0,2017-10-31,2,7,0,1,15,45,27,40,4,28,1,1
7204,58.0,2017-11-30,1,8,0,0,10,37,28,19,6,25,1,1
7205,58.0,2017-12-31,3,11,1,2,14,39,30,41,3,23,1,3
7206,58.0,2018-01-31,2,3,1,5,12,27,20,23,5,18,2,0
7207,58.0,2018-02-28,0,11,2,2,12,37,18,27,6,21,2,1
7208,58.0,2018-03-31,3,8,2,4,18,39,26,19,6,18,2,1
7209,58.0,2018-04-30,4,5,1,1,11,36,27,23,4,24,3,2
7210,58.0,2018-05-31,4,10,0,2,21,39,23,34,10,26,4,4
7211,58.0,2018-06-30,5,8,1,3,11,35,23,37,5,24,0,2
7212,58.0,2018-07-31,2,12,1,4,22,49,35,35,5,29,3,4
7213,58.0,2018-08-31,2,7,1,1,11,51,23,37,4,19,2,3
7214,58.0,2018-09-30,1,11,1,1,15,53,22,25,2,29,0,0
7215,58.0,2018-10-31,2,14,1,1,13,52,26,52,3,28,4,3
7216,58.0,2018-11-30,2,6,1,2,14,24,23,33,3,13,4,2
7217,58.0,2018-12-31,2,8,1,2,16,33,35,29,7,21,4,0
7218,58.0,2019-01-31,4,6,2,0,14,31,26,20,1,18,2,1
7219,58.0,2019-02-28,2,6,3,0,13,30,25,27,2,13,0,1
7220,58.0,2019-03-31,3,7,2,3,14,37,22,28,0,19,1,2
7221,58.0,2019-04-30,1,5,1,1,19,28,28,21,4,18,2,0
7222,58.0,2019-05-31,2,8,1,4,14,49,29,25,3,22,4,2
7223,58.0,2019-06-30,3,10,0,1,15,51,21,41,6,30,3,1
7224,58.0,2019-07-31,1,6,0,1,13,56,32,34,5,35,5,3
7225,58.0,2019-08-31,2,7,2,4,13,39,32,35,5,25,2,1
7226,58.0,2019-09-30,3,14,2,2,16,46,31,30,4,30,3,4
7227,58.0,2019-10-31,5,4,0,0,15,38,24,30,8,14,2,0
7228,58.0,2019-11-30,2,6,2,1,18,32,30,19,4,21,5,1
7229,58.0,2019-12-31,1,13,4,2,7,44,30,28,3,33,0,0
7230,58.0,2020-01-31,2,7,1,1,12,31,18,35,5,23,2,0
7231,58.0,2020-02-29,3,10,0,4,8,36,20,33,3,28,3,5
7232,58.0,2020-03-31,2,8,1,0,7,41,22,24,3,29,1,1
7233,58.0,2020-04-30,1,3,0,0,12,26,17,16,4,16,1,0
7234,58.0,2020-05-31,0,7,0,1,4,29,19,16,2,17,3,0
7235,58.0,2020-06-30,2,8,3,0,9,43,28,20,3,28,2,1
7236,58.0,2020-07-31,1,9,1,1,18,48,22,30,2,32,1,3
7237,58.0,2020-08-31,0,9,0,1,13,40,14,15,3,27,2,2
7238,58.0,2020-09-30,1,6,4,0,12,27,23,23,3,15,2,1
7239,58.0,2020-10-31,3,9,0,0,11,34,28,17,5,20,1,0
7240,58.0,2020-11-30,4,6,2,0,10,30,24,13,2,21,4,2
7241,58.0,2020-12-31,0,3,1,0,6,23,21,21,3,19,1,1
7242,58.0,2021-01-31,0,3,2,1,21,25,16,11,5,19,3,2
7243,58.0,2021-02-28,3,6,1,0,20,18,17,12,7,14,3,1
7244,58.0,2021-03-31,2,5,0,1,11,26,23,18,4,19,2,0
7245,58.0,2021-04-30,0,5,1,0,7,36,29,21,1,19,3,1
7246,58.0,2021-05-31,1,7,2,1,24,43,15,15,10,33,0,1
7247,58.0,2021-06-30,2,8,1,1,15,30,16,28,8,15,3,2
7248,58.0,2021-07-31,1,9,1,2,22,33,26,16,5,19,2,2
7249,58.0,2021-08-31,1,5,1,0,19,38,24,23,6,21,7,0
7250,58.0,2021-09-30,3,4,1,0,13,47,25,25,4,22,3,0
7251,58.0,2021-10-31,0,5,2,0,20,46,30,23,5,19,4,0
7252,58.0,2021-11-30,0,3,1,0,21,20,28,30,4,11,2,0
7253,58.0,2021-12-31,1,8,1,0,13,32,18,30,3,21,2,3
7254,58.0,2022-01-31,0,4,0,0,15,31,18,30,3,17,1,0
7255,58.0,2022-02-28,0,7,2,1,17,31,17,32,3,19,2,1
7256,58.0,2022-03-31,0,2,0,1,15,34,25,20,3,21,5,2
7257,58.0,2022-04-30,1,7,0,0,18,45,31,26,5,28,1,0
7258,58.0,2022-05-31,1,3,0,2,24,44,18,32,7,26,4,2
7259,58.0,2022-06-30,0,8,0,1,22,44,29,33,4,28,1,3
7260,58.0,2022-07-31,3,6,0,1,26,38,19,46,8,24,1,1
7261,58.0,2022-08-31,3,4,0,0,19,38,22,34,5,19,8,6
7262,58.0,2022-09-30,2,4,0,1,21,37,25,31,4,21,3,3
7263,58.0,2022-10-31,2,11,1,0,25,44,34,35,3,28,6,1
7264,58.0,2022-11-30,1,7,0,0,23,34,19,23,3,22,2,1
7265,58.0,2022-12-31,2,6,1,0,19,33,18,21,7,21,2,1
7266,58.0,2023-01-31,3,4,0,1,20,32,16,25,4,19,2,1
7267,58.0,2023-02-28,1,6,0,1,12,40,13,30,3,21,1,0
7268,58.0,2023-03-31,0,5,0,1,13,33,19,45,2,15,1,2
7269,58.0,2023-04-30,4,7,1,2,23,42,24,43,8,19,3,2
7270,58.0,2023-05-31,1,6,0,1,20,41,23,34,5,23,0,0
7271,58.0,2023-06-30,2,7,0,4,27,38,25,38,4,20,1,1
7272,58.0,2023-07-31,2,6,0,1,22,43,37,36,8,26,5,1
7273,58.0,2023-08-31,2,8,2,1,20,32,24,32,7,15,5,1
7274,58.0,2023-09-30,2,8,0,0,28,42,26,33,5,20,5,1
7275,58.0,2023-10-31,1,6,0,0,23,39,15,30,5,17,2,0
7276,58.0,2023-11-30,2,5,1,0,18,30,28,24,5,16,3,1
7277,58.0,2023-12-31,6,10,0,0,20,41,16,21,8,26,1,2
7278,58.0,2024-01-31,6,5,1,2,16,25,14,32,7,19,1,0
7279,58.0,2024-02-29,1,6,0,4,16,35,23,45,3,18,3,0
7280,58.0,2024-03-31,3,8,0,0,19,34,21,29,4,20,1,1
7281,58.0,2024-04-30,3,10,2,2,20,43,18,32,3,20,0,0
7282,58.0,2024-05-31,2,10,1,3,28,60,15,28,10,45,3,1
7283,58.0,2024-06-30,1,5,0,0,20,31,22,27,5,23,2,2
7284,58.0,2024-07-31,2,10,4,3,25,58,28,24,7,37,8,1
7285,58.0,2024-08-31,3,12,1,2,20,44,14,35,5,27,2,2
7286,58.0,2024-09-30,1,7,0,1,24,36,16,34,6,16,2,0
7287,58.0,2024-10-31,5,9,0,0,24,45,19,33,6,26,4,2
7288,58.0,2024-11-30,1,3,0,3,17,36,14,44,5,23,3,0
7289,58.0,2024-12-31,2,6,2,3,20,40,15,34,3,25,5,2
7290,58.0,2025-01-31,2,9,1,1,12,26,22,28,2,16,6,1
7291,58.0,2025-02-28,0,14,1,0,11,33,15,22,2,23,5,1
7292,58.0,2025-03-31,3,4,2,1,14,35,23,35,5,22,3,2
7293,58.0,2025-04-30,2,6,0,3,18,30,21,35,6,17,5,0
7294,58.0,2025-05-31,3,7,0,1,16,27,16,31,5,16,1,4
7295,58.0,2025-06-30,4,12,1,1,24,33,21,44,12,24,1,1
7296,58.0,2025-07-31,0,9,1,1,10,45,24,33,3,31,3,0
7297,58.0,2025-08-31,1,12,0,1,13,45,25,44,2,19,5,5
7298,58.0,2025-09-30,3,12,1,2,21,44,17,29,5,28,4,2
7299,58.0,2025-10-31,6,11,2,3,22,37,26,29,8,20,2,2
7300,58.0,2025-11-30,0,9,1,0,12,27,25,26,1,14,1,0
7301,58.0,2025-12-31,2,9,3,1,23,35,20,21,6,24,1,0
7302,58.0,2026-01-31,5,12,2,3,24,35,22,21,9,25,2,1
7303,58.0,2026-02-28,4,7,3,3,25,32,18,28,6,20,3,3
7304,58.0,2026-03-31,3,12,2,2,20,33,20,34,1,16,2,2
7305,58.0,2026-04-30,6,6,3,2,26,23,26,30,8,9,4,3
7306,58.0,2026-05-31,0,9,0,2,13,30,14,35,3,19,2,2
7307,58.0,2026-06-30,4,10,1,1,15,48,23,36,7,23,1,1
7308,59.0,2016-01-31,2,1,1,4,2,5,16,16,0,4,0,0
7309,59.0,2016-02-29,0,3,0,5,3,14,14,10,0,8,0,1
7310,59.0,2016-03-31,1,4,0,2,6,14,21,14,1,9,1,0
7311,59.0,2016-04-30,2,4,1,5,8,14,9,25,4,7,0,0
7312,59.0,2016-05-31,1,5,0,2,10,24,11,11,1,12,0,0
7313,59.0,2016-06-30,0,4,0,12,6,15,17,29,3,8,2,0
7314,59.0,2016-07-31,2,1,2,7,7,11,18,29,3,7,3,1
7315,59.0,2016-08-31,3,3,2,5,11,20,17,31,4,12,1,0
7316,59.0,2016-09-30,2,2,0,2,5,13,11,19,0,7,0,0
7317,59.0,2016-10-31,1,3,2,4,4,7,12,33,0,1,1,1
7318,59.0,2016-11-30,1,6,2,5,8,14,16,16,1,8,1,0
7319,59.0,2016-12-31,2,1,0,5,6,9,11,19,1,7,1,0
7320,59.0,2017-01-31,2,1,1,5,6,4,16,22,2,2,0,1
7321,59.0,2017-02-28,2,4,0,6,7,12,15,20,1,7,0,2
7322,59.0,2017-03-31,0,2,1,3,0,11,12,23,0,3,0,0
7323,59.0,2017-04-30,2,0,3,2,5,10,18,20,2,5,4,0
7324,59.0,2017-05-31,0,4,0,4,5,12,18,19,2,6,1,0
7325,59.0,2017-06-30,4,4,2,1,11,15,9,19,3,6,1,0
7326,59.0,2017-07-31,1,4,0,4,10,21,11,25,1,15,0,0
7327,59.0,2017-08-31,2,6,0,4,7,16,13,16,0,12,0,2
7328,59.0,2017-09-30,1,0,1,3,7,11,13,18,3,5,0,0
7329,59.0,2017-10-31,2,2,2,4,7,12,13,21,1,9,0,1
7330,59.0,2017-11-30,1,1,1,0,6,9,9,11,1,4,0,1
7331,59.0,2017-12-31,3,2,0,3,11,8,6,21,1,5,0,1
7332,59.0,2018-01-31,0,0,0,3,4,8,12,25,1,4,0,0
7333,59.0,2018-02-28,1,3,0,4,6,8,7,13,0,5,0,0
7334,59.0,2018-03-31,2,2,1,2,4,13,10,11,1,7,1,0
7335,59.0,2018-04-30,1,1,0,3,8,7,4,28,1,5,0,0
7336,59.0,2018-05-31,1,1,0,7,11,14,10,18,0,8,0,0
7337,59.0,2018-06-30,0,3,0,2,12,18,14,20,4,12,3,0
7338,59.0,2018-07-31,3,6,1,3,6,22,18,28,1,15,1,1
7339,59.0,2018-08-31,0,0,0,0,4,9,20,25,2,2,0,0
7340,59.0,2018-09-30,0,1,1,2,6,17,5,20,0,9,1,0
7341,59.0,2018-10-31,0,1,1,1,4,14,15,13,1,5,0,1
7342,59.0,2018-11-30,0,0,0,1,2,5,6,21,2,1,0,0
7343,59.0,2018-12-31,1,3,1,0,9,15,9,12,2,9,2,0
7344,59.0,2019-01-31,1,1,0,1,3,3,9,14,0,1,1,0
7345,59.0,2019-02-28,1,3,0,5,2,8,10,15,0,7,0,0
7346,59.0,2019-03-31,1,0,0,2,6,5,16,9,2,1,0,0
7347,59.0,2019-04-30,0,1,0,2,2,3,13,27,2,1,0,0
7348,59.0,2019-05-31,3,3,1,1,6,12,15,14,3,5,1,0
7349,59.0,2019-06-30,1,3,1,8,4,12,8,30,0,6,1,0
7350,59.0,2019-07-31,2,1,1,3,9,6,13,25,3,2,0,0
7351,59.0,2019-08-31,0,0,1,0,3,6,14,20,1,3,2,1
7352,59.0,2019-09-30,0,5,0,5,5,17,11,22,1,8,1,0
7353,59.0,2019-10-31,0,1,0,0,2,14,10,20,0,8,0,1
7354,59.0,2019-11-30,3,3,0,2,6,11,11,17,4,4,1,0
7355,59.0,2019-12-31,0,3,1,4,2,11,12,21,0,6,1,1
7356,59.0,2020-01-31,0,1,0,2,6,5,17,16,2,2,1,0
7357,59.0,2020-02-29,0,2,0,0,3,12,9,18,1,6,2,1
7358,59.0,2020-03-31,1,0,0,2,7,4,5,14,1,1,0,0
7359,59.0,2020-04-30,0,0,1,0,4,8,7,7,1,4,0,0
7360,59.0,2020-05-31,2,0,1,1,5,7,7,9,1,2,0,0
7361,59.0,2020-06-30,0,5,1,0,5,18,18,14,1,8,1,0
7362,59.0,2020-07-31,1,4,0,1,5,18,11,15,1,11,1,0
7363,59.0,2020-08-31,3,1,1,0,11,14,12,7,3,9,2,0
7364,59.0,2020-09-30,1,2,0,0,8,13,10,8,3,7,0,0
7365,59.0,2020-10-31,0,2,0,0,3,12,14,15,1,7,0,1
7366,59.0,2020-11-30,0,2,0,3,4,14,6,10,2,9,1,0
7367,59.0,2020-12-31,0,1,0,1,5,2,13,9,1,2,0,0
7368,59.0,2021-01-31,0,3,0,0,1,12,6,7,0,6,1,0
7369,59.0,2021-02-28,1,5,0,0,8,11,8,3,1,11,0,0
7370,59.0,2021-03-31,1,0,0,1,6,5,3,15,0,2,0,1
7371,59.0,2021-04-30,0,3,0,1,7,8,9,13,2,4,0,0
7372,59.0,2021-05-31,1,2,0,0,4,15,10,9,2,5,1,0
7373,59.0,2021-06-30,0,0,0,0,7,8,7,10,3,3,0,1
7374,59.0,2021-07-31,0,2,0,2,8,17,8,13,2,7,1,1
7375,59.0,2021-08-31,1,1,0,1,4,10,7,15,1,3,2,1
7376,59.0,2021-09-30,1,3,0,0,4,10,14,18,0,3,6,0
7377,59.0,2021-10-31,3,3,0,0,9,9,15,14,3,7,1,1
7378,59.0,2021-11-30,0,2,0,0,8,8,10,10,2,5,3,0
7379,59.0,2021-12-31,2,1,0,0,13,13,9,12,4,6,0,0
7380,59.0,2022-01-31,0,3,0,0,2,14,10,14,0,10,1,0
7381,59.0,2022-02-28,1,1,0,0,6,9,6,19,2,5,0,0
7382,59.0,2022-03-31,0,0,0,0,6,4,5,15,3,3,1,0
7383,59.0,2022-04-30,1,1,0,1,4,8,5,19,0,4,0,1
7384,59.0,2022-05-31,1,1,0,1,10,7,1,24,2,5,0,2
7385,59.0,2022-06-30,2,1,0,1,21,12,7,21,4,6,0,2
7386,59.0,2022-07-31,0,1,1,0,10,14,11,14,2,7,1,1
7387,59.0,2022-08-31,0,2,0,0,2,14,11,17,0,8,1,1
7388,59.0,2022-09-30,0,2,0,1,13,19,10,16,2,8,1,1
7389,59.0,2022-10-31,1,1,0,0,8,17,17,16,0,9,1,0
7390,59.0,2022-11-30,0,2,0,2,7,11,10,28,0,6,2,1
7391,59.0,2022-12-31,1,2,0,0,11,15,13,12,3,11,1,2
7392,59.0,2023-01-31,0,1,0,0,2,9,6,18,2,3,0,1
7393,59.0,2023-02-28,1,2,0,0,7,8,5,18,1,5,0,0
7394,59.0,2023-03-31,1,3,1,1,9,11,7,20,1,6,1,1
7395,59.0,2023-04-30,0,2,0,4,10,9,14,24,1,3,1,2
7396,59.0,2023-05-31,0,5,0,1,4,19,6,32,1,9,0,0
7397,59.0,2023-06-30,0,2,1,0,8,17,7,25,2,12,1,1
7398,59.0,2023-07-31,1,1,0,0,5,11,6,18,0,4,1,0
7399,59.0,2023-08-31,0,1,0,0,4,14,7,18,1,8,1,1
7400,59.0,2023-09-30,1,3,0,2,11,16,13,18,2,9,4,2
7401,59.0,2023-10-31,1,2,0,1,7,13,12,22,1,5,1,0
7402,59.0,2023-11-30,2,1,1,1,9,13,17,20,3,7,0,0
7403,59.0,2023-12-31,0,5,0,1,9,16,6,24,2,11,1,1
7404,59.0,2024-01-31,0,3,0,2,4,8,8,14,1,5,1,0
7405,59.0,2024-02-29,0,3,0,2,3,12,4,24,1,8,0,1
7406,59.0,2024-03-31,2,2,0,3,12,11,6,23,5,6,0,1
7407,59.0,2024-04-30,1,2,2,4,5,12,17,30,0,7,1,2
7408,59.0,2024-05-31,0,1,0,3,7,12,8,25,2,5,0,0
7409,59.0,2024-06-30,0,4,1,5,9,17,9,31,0,12,1,0
7410,59.0,2024-07-31,2,3,1,7,9,14,6,51,3,5,0,0
7411,59.0,2024-08-31,2,3,1,6,6,12,8,30,0,8,0,1
7412,59.0,2024-09-30,0,6,0,4,7,20,13,23,2,13,1,0
7413,59.0,2024-10-31,0,0,2,2,15,11,8,23,2,5,0,0
7414,59.0,2024-11-30,1,2,1,8,6,11,9,27,2,5,0,1
7415,59.0,2024-12-31,1,2,0,7,5,12,6,30,0,9,2,0
7416,59.0,2025-01-31,0,5,1,8,8,13,7,31,0,10,2,0
7417,59.0,2025-02-28,1,0,0,5,6,8,2,16,1,3,1,0
7418,59.0,2025-03-31,1,2,0,5,7,12,4,28,0,9,1,0
7419,59.0,2025-04-30,0,2,0,3,2,9,4,24,0,6,0,0
7420,59.0,2025-05-31,1,1,0,0,11,9,9,18,3,1,0,0
7421,59.0,2025-06-30,0,1,2,6,6,9,11,18,2,5,1,2
7422,59.0,2025-07-31,2,1,0,1,6,17,15,19,1,10,1,0
7423,59.0,2025-08-31,2,4,0,3,9,16,9,19,2,8,1,0
7424,59.0,2025-09-30,1,0,0,6,5,15,15,29,1,7,2,1
7425,59.0,2025-10-31,0,1,0,6,3,13,9,27,0,6,2,0
7426,59.0,2025-11-30,1,2,0,4,5,10,6,20,2,7,1,0
7427,59.0,2025-12-31,2,6,0,5,9,13,5,27,1,8,2,1
7428,59.0,2026-01-31,1,3,0,5,7,13,1,22,1,6,0,0
7429,59.0,2026-02-28,2,1,0,1,9,9,7,16,1,6,1,2
7430,59.0,2026-03-31,1,3,0,2,8,14,6,18,1,5,1,1
7431,59.0,2026-04-30,3,3,0,3,13,9,14,24,0,5,3,0
7432,59.0,2026-05-31,3,6,1,6,12,20,9,22,3,13,0,1
7433,59.0,2026-06-30,2,4,0,5,6,14,8,24,2,9,0,0
7434,60.0,2016-01-31,1,2,0,2,11,14,24,24,3,8,1,1
7435,60.0,2016-02-29,2,6,2,2,12,24,23,37,3,13,2,1
7436,60.0,2016-03-31,1,6,2,4,15,22,17,28,2,8,3,1
7437,60.0,2016-04-30,0,3,3,7,7,10,19,30,3,7,2,0
7438,60.0,2016-05-31,3,2,2,4,7,17,24,28,2,10,1,0
7439,60.0,2016-06-30,6,3,2,4,15,30,25,22,7,18,3,1
7440,60.0,2016-07-31,3,10,2,2,11,28,31,41,5,16,1,1
7441,60.0,2016-08-31,0,6,2,2,7,27,30,42,2,15,2,2
7442,60.0,2016-09-30,2,9,0,2,16,33,28,31,4,14,3,3
7443,60.0,2016-10-31,2,5,1,1,4,23,17,41,0,12,1,1
7444,60.0,2016-11-30,2,4,0,1,9,16,14,28,3,11,3,0
7445,60.0,2016-12-31,1,3,0,1,11,15,15,44,4,9,0,0
7446,60.0,2017-01-31,1,5,2,0,10,12,20,24,1,6,2,1
7447,60.0,2017-02-28,5,1,0,0,11,11,19,29,3,6,2,2
7448,60.0,2017-03-31,0,3,0,2,7,18,16,30,2,12,1,1
7449,60.0,2017-04-30,2,5,1,0,9,29,14,31,5,17,0,0
7450,60.0,2017-05-31,1,3,3,1,7,20,12,29,1,15,0,2
7451,60.0,2017-06-30,0,1,0,0,8,13,11,33,2,4,1,1
7452,60.0,2017-07-31,1,5,1,2,9,10,21,44,2,6,1,0
7453,60.0,2017-08-31,2,1,2,2,8,18,20,33,3,10,1,0
7454,60.0,2017-09-30,0,0,1,1,8,26,16,25,1,12,2,1
7455,60.0,2017-10-31,5,2,1,2,12,25,20,28,2,16,0,1
7456,60.0,2017-11-30,2,4,1,1,8,13,17,31,2,8,2,1
7457,60.0,2017-12-31,0,5,1,2,9,22,19,42,1,13,1,0
7458,60.0,2018-01-31,0,4,1,0,8,17,15,26,1,8,0,1
7459,60.0,2018-02-28,0,7,0,1,6,15,19,20,1,8,3,0
7460,60.0,2018-03-31,4,2,1,1,11,19,14,32,3,10,2,0
7461,60.0,2018-04-30,1,0,1,2,10,17,9,27,5,8,0,3
7462,60.0,2018-05-31,3,6,22,1,10,26,30,38,3,19,0,2
7463,60.0,2018-06-30,2,4,3,1,19,20,17,39,8,9,3,1
7464,60.0,2018-07-31,3,5,1,1,9,22,16,27,4,14,2,1
7465,60.0,2018-08-31,2,1,4,2,12,13,25,23,1,9,4,1
7466,60.0,2018-09-30,0,6,0,1,12,26,21,27,3,11,0,1
7467,60.0,2018-10-31,1,2,0,2,11,24,23,19,1,8,0,0
7468,60.0,2018-11-30,1,3,0,0,8,21,18,14,0,11,1,0
7469,60.0,2018-12-31,0,5,0,1,10,20,24,20,2,12,1,1
7470,60.0,2019-01-31,2,4,0,0,11,17,16,20,7,10,0,0
7471,60.0,2019-02-28,0,1,1,1,3,16,14,19,0,15,2,1
7472,60.0,2019-03-31,1,4,1,1,10,13,9,23,0,9,0,1
7473,60.0,2019-04-30,1,4,3,3,9,12,24,27,1,7,3,1
7474,60.0,2019-05-31,5,6,2,4,11,19,24,33,1,7,2,1
7475,60.0,2019-06-30,1,3,6,2,9,23,28,23,2,7,1,4
7476,60.0,2019-07-31,4,11,5,3,18,33,17,35,3,16,0,1
7477,60.0,2019-08-31,4,5,3,4,17,24,28,33,4,15,0,1
7478,60.0,2019-09-30,3,0,2,3,12,19,15,30,2,6,2,1
7479,60.0,2019-10-31,1,4,4,1,6,18,16,20,3,7,1,1
7480,60.0,2019-11-30,2,8,1,2,8,23,24,27,4,14,1,0
7481,60.0,2019-12-31,4,4,0,1,8,20,13,39,0,16,2,0
7482,60.0,2020-01-31,3,4,0,2,6,18,15,35,1,9,0,0
7483,60.0,2020-02-29,0,4,1,3,5,16,12,16,0,8,1,0
7484,60.0,2020-03-31,0,5,1,2,14,22,10,24,8,12,1,0
7485,60.0,2020-04-30,1,3,1,0,9,14,17,24,2,8,0,0
7486,60.0,2020-05-31,0,1,1,0,11,14,23,17,2,10,4,1
7487,60.0,2020-06-30,1,4,0,0,10,11,16,24,3,7,1,1
7488,60.0,2020-07-31,3,2,0,1,9,22,17,17,1,13,1,1
7489,60.0,2020-08-31,0,6,1,1,7,26,12,29,0,16,3,3
7490,60.0,2020-09-30,1,2,1,1,13,16,15,22,1,4,1,1
7491,60.0,2020-10-31,2,0,0,1,9,16,16,21,3,9,2,0
7492,60.0,2020-11-30,0,3,0,2,9,6,16,20,2,3,2,2
7493,60.0,2020-12-31,1,1,0,0,6,9,11,29,1,4,1,2
7494,60.0,2021-01-31,0,1,2,1,2,14,33,20,0,9,3,2
7495,60.0,2021-02-28,0,3,1,0,5,18,20,16,2,7,2,0
7496,60.0,2021-03-31,1,4,0,1,4,18,11,12,1,9,0,1
7497,60.0,2021-04-30,1,0,1,0,5,13,11,18,1,5,3,0
7498,60.0,2021-05-31,1,3,0,0,9,18,13,19,0,11,3,0
7499,60.0,2021-06-30,1,1,0,0,13,15,9,20,3,7,0,0
7500,60.0,2021-07-31,0,2,1,0,12,21,18,19,1,10,4,2
7501,60.0,2021-08-31,2,3,0,1,10,28,11,14,3,13,2,0
7502,60.0,2021-09-30,1,4,1,0,11,20,17,26,3,11,1,0
7503,60.0,2021-10-31,0,3,1,0,12,14,23,28,2,8,0,2
7504,60.0,2021-11-30,0,3,0,0,17,11,16,18,3,9,1,0
7505,60.0,2021-12-31,2,1,0,0,4,18,12,20,1,10,2,0
7506,60.0,2022-01-31,0,1,0,0,9,10,15,23,3,9,0,0
7507,60.0,2022-02-28,2,3,0,1,6,13,14,17,0,10,1,3
7508,60.0,2022-03-31,0,4,0,1,4,22,7,33,0,15,0,1
7509,60.0,2022-04-30,0,2,0,0,9,15,11,28,2,8,2,0
7510,60.0,2022-05-31,0,2,0,1,13,15,22,30,0,8,2,1
7511,60.0,2022-06-30,0,2,0,1,12,18,19,26,3,9,1,1
7512,60.0,2022-07-31,2,3,1,0,22,22,22,37,4,9,2,1
7513,60.0,2022-08-31,1,2,2,0,19,22,24,36,1,6,1,0
7514,60.0,2022-09-30,1,3,1,1,9,24,34,46,6,18,2,0
7515,60.0,2022-10-31,1,3,2,0,7,17,18,41,2,9,3,0
7516,60.0,2022-11-30,2,1,0,0,8,14,17,37,1,8,2,0
7517,60.0,2022-12-31,1,0,0,0,14,16,20,22,3,9,2,0
7518,60.0,2023-01-31,1,2,0,1,6,15,11,25,2,10,0,2
7519,60.0,2023-02-28,0,2,0,0,5,15,14,25,1,9,2,1
7520,60.0,2023-03-31,1,4,0,1,9,18,14,23,3,13,0,1
7521,60.0,2023-04-30,1,1,0,1,8,18,17,25,2,12,0,1
7522,60.0,2023-05-31,0,5,1,0,9,25,19,21,1,11,1,1
7523,60.0,2023-06-30,2,2,0,1,18,31,16,21,5,15,0,0
7524,60.0,2023-07-31,4,6,2,0,12,35,19,29,4,19,2,2
7525,60.0,2023-08-31,3,3,2,1,22,20,35,36,4,5,5,2
7526,60.0,2023-09-30,2,5,0,0,15,19,23,25,3,15,2,1
7527,60.0,2023-10-31,0,4,3,0,9,20,26,34,3,11,2,1
7528,60.0,2023-11-30,1,1,0,1,12,19,21,30,3,9,0,0
7529,60.0,2023-12-31,2,6,0,1,10,20,25,25,3,13,4,1
7530,60.0,2024-01-31,4,6,1,2,14,26,23,34,6,20,0,3
7531,60.0,2024-02-29,0,3,0,3,11,19,17,21,2,15,0,2
7532,60.0,2024-03-31,3,3,2,0,18,21,17,24,4,14,1,0
7533,60.0,2024-04-30,4,5,0,0,13,26,13,29,3,15,1,0
7534,60.0,2024-05-31,2,0,1,0,12,24,16,31,3,17,2,1
7535,60.0,2024-06-30,1,7,0,1,14,28,26,33,5,16,3,1
7536,60.0,2024-07-31,1,6,2,1,14,27,20,30,4,12,2,1
7537,60.0,2024-08-31,2,4,0,2,15,25,16,41,2,19,2,0
7538,60.0,2024-09-30,1,6,0,1,9,23,8,31,3,13,1,0
7539,60.0,2024-10-31,0,3,0,1,9,30,12,33,4,18,0,0
7540,60.0,2024-11-30,0,1,0,0,7,20,17,34,1,10,2,1
7541,60.0,2024-12-31,1,2,1,0,9,15,13,26,2,11,2,1
7542,60.0,2025-01-31,1,5,2,1,7,21,18,30,1,14,1,2
7543,60.0,2025-02-28,1,6,2,1,6,20,11,25,1,7,1,1
7544,60.0,2025-03-31,5,1,0,2,21,15,15,23,8,8,3,1
7545,60.0,2025-04-30,3,9,1,0,23,27,16,26,5,17,0,0
7546,60.0,2025-05-31,5,8,0,2,19,30,20,44,5,14,2,1
7547,60.0,2025-06-30,3,1,3,5,15,17,24,31,6,12,0,1
7548,60.0,2025-07-31,2,4,2,2,15,20,22,48,4,11,2,2
7549,60.0,2025-08-31,7,6,0,2,21,21,29,52,9,13,2,0
7550,60.0,2025-09-30,3,5,2,2,16,31,16,31,2,20,1,0
7551,60.0,2025-10-31,6,5,0,3,21,23,15,35,7,10,3,0
7552,60.0,2025-11-30,3,3,0,1,16,14,17,32,4,7,1,1
7553,60.0,2025-12-31,3,4,1,1,10,9,12,32,4,8,0,4
7554,60.0,2026-01-31,1,10,0,1,13,18,8,23,7,11,0,0
7555,60.0,2026-02-28,1,1,0,1,5,19,10,34,1,12,0,2
7556,60.0,2026-03-31,3,3,0,3,15,16,10,28,2,8,1,4
7557,60.0,2026-04-30,2,5,2,0,10,19,16,33,3,10,2,0
7558,60.0,2026-05-31,3,2,0,0,20,24,15,41,3,13,1,1
7559,60.0,2026-06-30,2,7,1,2,14,23,21,28,5,12,1,0
7560,61.0,2016-01-31,1,15,1,13,19,62,34,69,6,31,4,2
7561,61.0,2016-02-29,4,20,2,6,22,63,27,44,6,37,4,4
7562,61.0,2016-03-31,10,14,5,8,37,75,62,53,12,34,5,3
7563,61.0,2016-04-30,5,20,2,12,31,84,36,72,15,52,6,1
7564,61.0,2016-05-31,6,26,5,6,38,119,44,47,10,71,8,7
7565,61.0,2016-06-30,8,22,5,17,43,104,48,80,14,65,7,7
7566,61.0,2016-07-31,11,20,1,7,58,115,54,68,25,68,13,3
7567,61.0,2016-08-31,5,22,2,5,37,93,52,68,10,53,2,2
7568,61.0,2016-09-30,7,25,4,3,41,118,64,77,10,66,7,10
7569,61.0,2016-10-31,9,23,4,4,53,92,48,65,17,49,3,6
7570,61.0,2016-11-30,2,10,3,12,33,82,50,64,11,44,5,1
7571,61.0,2016-12-31,2,16,0,14,24,86,41,55,9,52,6,2
7572,61.0,2017-01-31,4,16,3,7,22,68,41,83,8,42,5,4
7573,61.0,2017-02-28,6,24,3,15,23,70,45,67,5,44,7,6
7574,61.0,2017-03-31,11,21,5,7,39,80,45,64,13,42,5,2
7575,61.0,2017-04-30,5,11,0,11,31,81,41,58,8,53,8,5
7576,61.0,2017-05-31,5,22,0,6,45,106,34,59,10,51,3,6
7577,61.0,2017-06-30,7,24,3,6,43,100,50,88,12,54,7,7
7578,61.0,2017-07-31,7,24,2,11,38,121,51,75,8,80,3,9
7579,61.0,2017-08-31,10,16,5,7,45,85,43,64,11,46,5,1
7580,61.0,2017-09-30,11,21,3,8,39,86,45,58,12,53,9,3
7581,61.0,2017-10-31,5,19,3,7,36,94,43,69,4,53,8,5
7582,61.0,2017-11-30,6,25,3,6,25,79,46,74,8,41,6,2
7583,61.0,2017-12-31,3,16,1,14,28,69,23,72,7,37,7,4
7584,61.0,2018-01-31,11,20,5,4,30,74,34,50,14,47,4,1
7585,61.0,2018-02-28,6,13,5,3,32,55,27,46,12,35,3,1
7586,61.0,2018-03-31,7,22,4,10,36,72,38,68,15,45,9,5
7587,61.0,2018-04-30,7,12,4,10,47,63,31,70,20,40,5,5
7588,61.0,2018-05-31,7,20,3,10,47,99,35,68,16,52,5,4
7589,61.0,2018-06-30,7,20,3,5,37,99,45,77,10,54,9,2
7590,61.0,2018-07-31,8,19,5,9,34,86,60,81,7,48,14,3
7591,61.0,2018-08-31,7,15,7,15,40,85,43,94,10,55,7,3
7592,61.0,2018-09-30,6,19,2,14,39,74,42,67,9,47,9,2
7593,61.0,2018-10-31,7,9,7,12,43,79,42,78,6,39,9,2
7594,61.0,2018-11-30,4,17,3,8,28,73,25,52,5,36,4,2
7595,61.0,2018-12-31,7,19,2,6,28,66,29,57,5,41,3,4
7596,61.0,2019-01-31,7,24,1,8,21,74,40,45,6,47,9,6
7597,61.0,2019-02-28,7,16,3,8,23,70,33,68,5,42,4,3
7598,61.0,2019-03-31,4,19,3,11,31,81,45,56,6,50,8,3
7599,61.0,2019-04-30,5,17,4,6,44,69,31,69,20,44,8,4
7600,61.0,2019-05-31,6,21,4,6,37,93,49,80,12,47,7,8
7601,61.0,2019-06-30,4,19,3,4,30,92,35,58,7,56,11,5
7602,61.0,2019-07-31,3,25,3,8,30,106,38,69,7,64,5,3
7603,61.0,2019-08-31,5,17,3,6,24,79,58,79,7,55,12,1
7604,61.0,2019-09-30,6,18,1,9,38,96,33,67,11,53,4,5
7605,61.0,2019-10-31,6,21,3,12,39,80,41,59,7,52,4,8
7606,61.0,2019-11-30,5,20,3,10,24,55,33,74,12,29,6,1
7607,61.0,2019-12-31,5,22,1,8,33,71,29,59,13,43,6,6
7608,61.0,2020-01-31,4,18,1,21,20,70,34,74,6,37,2,8
7609,61.0,2020-02-29,7,28,3,11,33,76,36,59,8,53,7,1
7610,61.0,2020-03-31,3,9,3,12,32,63,36,57,8,36,4,4
7611,61.0,2020-04-30,7,12,2,1,42,48,33,37,10,27,9,3
7612,61.0,2020-05-31,6,14,2,2,25,70,54,34,7,40,10,5
7613,61.0,2020-06-30,1,10,1,2,42,97,41,35,13,52,7,6
7614,61.0,2020-07-31,4,8,3,5,34,77,58,45,6,39,11,2
7615,61.0,2020-08-31,3,16,0,2,37,96,36,52,12,53,9,3
7616,61.0,2020-09-30,6,19,2,6,35,71,26,43,9,45,4,4
7617,61.0,2020-10-31,5,11,4,4,32,49,50,34,11,29,9,0
7618,61.0,2020-11-30,2,11,4,7,18,67,31,44,7,37,5,4
7619,61.0,2020-12-31,2,10,0,2,26,56,28,35,10,39,4,0
7620,61.0,2021-01-31,1,14,1,1,25,55,37,32,11,38,9,4
7621,61.0,2021-02-28,5,12,3,3,29,51,32,34,6,34,4,2
7622,61.0,2021-03-31,4,9,0,2,26,71,27,37,6,36,6,5
7623,61.0,2021-04-30,4,6,3,1,43,56,33,40,15,38,0,7
7624,61.0,2021-05-31,5,11,2,1,42,75,44,31,12,50,10,5
7625,61.0,2021-06-30,5,12,1,1,45,88,44,34,16,50,6,2
7626,61.0,2021-07-31,6,9,3,5,53,76,56,34,15,42,11,4
7627,61.0,2021-08-31,3,15,2,1,32,93,63,38,11,64,10,7
7628,61.0,2021-09-30,3,4,4,1,54,72,48,37,18,35,10,3
7629,61.0,2021-10-31,3,12,0,3,39,99,45,44,11,55,5,1
7630,61.0,2021-11-30,5,8,1,1,37,66,32,48,15,37,6,3
7631,61.0,2021-12-31,1,9,2,0,29,54,32,30,5,28,7,1
7632,61.0,2022-01-31,0,4,0,5,28,48,33,48,9,32,1,4
7633,61.0,2022-02-28,2,8,0,1,29,59,38,49,11,30,5,3
7634,61.0,2022-03-31,4,8,1,1,32,55,36,40,10,28,5,4
7635,61.0,2022-04-30,3,14,2,3,32,75,35,40,8,43,6,2
7636,61.0,2022-05-31,9,8,2,5,57,64,25,60,16,40,4,8
7637,61.0,2022-06-30,5,12,1,9,44,74,59,75,10,46,8,10
7638,61.0,2022-07-31,2,8,1,1,37,89,30,53,12,49,2,3
7639,61.0,2022-08-31,0,12,1,2,47,76,40,57,9,43,4,5
7640,61.0,2022-09-30,0,6,0,2,48,64,36,58,9,31,8,2
7641,61.0,2022-10-31,5,13,2,3,33,79,38,60,8,46,3,9
7642,61.0,2022-11-30,7,11,0,2,34,59,28,51,13,35,4,5
7643,61.0,2022-12-31,3,12,4,9,33,63,37,50,8,34,7,1
7644,61.0,2023-01-31,5,9,2,4,30,58,27,50,9,29,7,4
7645,61.0,2023-02-28,1,5,1,6,34,57,31,59,8,28,7,0
7646,61.0,2023-03-31,3,5,2,8,38,51,46,46,6,30,5,1
7647,61.0,2023-04-30,7,6,3,1,50,83,53,60,13,38,8,4
7648,61.0,2023-05-31,4,11,2,11,56,77,47,72,18,39,9,4
7649,61.0,2023-06-30,4,10,2,1,39,87,42,49,7,51,4,1
7650,61.0,2023-07-31,6,20,3,4,54,100,62,54,23,56,5,3
7651,61.0,2023-08-31,3,10,0,3,43,71,37,73,11,40,6,1
7652,61.0,2023-09-30,8,14,1,6,47,77,40,60,14,42,6,4
7653,61.0,2023-10-31,6,12,1,8,37,75,41,56,15,39,5,2
7654,61.0,2023-11-30,2,17,3,7,31,71,23,60,9,36,3,5
7655,61.0,2023-12-31,3,15,0,4,41,67,34,56,14,39,1,2
7656,61.0,2024-01-31,2,12,0,4,26,61,19,50,5,36,3,2
7657,61.0,2024-02-29,7,12,1,6,37,64,38,42,14,39,4,3
7658,61.0,2024-03-31,4,13,2,6,35,64,42,42,11,37,6,0
7659,61.0,2024-04-30,1,17,3,7,45,90,32,57,13,55,6,1
7660,61.0,2024-05-31,9,17,1,5,49,87,31,54,15,53,3,3
7661,61.0,2024-06-30,6,16,2,2,43,76,47,44,9,43,4,1
7662,61.0,2024-07-31,9,15,2,5,47,89,31,79,11,55,8,3
7663,61.0,2024-08-31,8,17,2,5,42,76,44,61,13,45,7,0
7664,61.0,2024-09-30,4,16,1,9,46,75,39,80,11,36,2,4
7665,61.0,2024-10-31,4,13,1,4,32,64,32,55,12,37,3,1
7666,61.0,2024-11-30,2,14,2,9,38,70,28,67,10,42,1,2
7667,61.0,2024-12-31,4,18,3,6,25,68,33,54,4,39,7,1
7668,61.0,2025-01-31,5,10,2,2,29,50,25,43,9,31,4,3
7669,61.0,2025-02-28,3,14,1,4,29,53,25,44,8,35,4,1
7670,61.0,2025-03-31,5,12,4,10,33,65,37,66,10,34,1,0
7671,61.0,2025-04-30,7,13,3,5,44,68,26,46,11,37,4,1
7672,61.0,2025-05-31,4,20,1,3,28,77,33,55,3,41,5,3
7673,61.0,2025-06-30,5,20,2,2,43,81,42,51,12,53,7,7
7674,61.0,2025-07-31,5,15,0,3,35,67,42,55,11,39,2,3
7675,61.0,2025-08-31,6,12,2,5,49,78,50,60,18,44,10,4
7676,61.0,2025-09-30,10,18,1,1,53,69,27,44,15,41,3,2
7677,61.0,2025-10-31,4,13,1,3,37,72,26,50,12,38,3,4
7678,61.0,2025-11-30,2,15,0,3,29,70,34,38,7,42,3,0
7679,61.0,2025-12-31,8,13,1,3,45,64,28,51,13,39,3,1
7680,61.0,2026-01-31,7,15,1,3,29,55,18,38,9,34,2,5
7681,61.0,2026-02-28,3,14,1,4,35,61,29,52,13,31,1,5
7682,61.0,2026-03-31,8,17,1,5,40,75,37,37,9,39,2,3
7683,61.0,2026-04-30,3,19,3,9,38,67,30,51,13,34,9,1
7684,61.0,2026-05-31,4,22,4,6,32,87,40,60,9,51,6,1
7685,61.0,2026-06-30,8,17,1,5,37,57,41,42,10,31,8,6
7686,62.0,2016-01-31,1,3,1,5,6,17,18,20,2,5,1,0
7687,62.0,2016-02-29,2,3,0,1,4,13,15,12,0,8,2,0
7688,62.0,2016-03-31,2,1,0,2,5,14,13,13,2,5,1,0
7689,62.0,2016-04-30,0,5,1,7,4,15,20,23,2,7,3,0
7690,62.0,2016-05-31,2,1,0,8,4,8,17,21,1,5,0,1
7691,62.0,2016-06-30,1,1,3,6,5,8,16,26,2,4,1,0
7692,62.0,2016-07-31,0,3,1,3,5,13,12,22,0,6,0,2
7693,62.0,2016-08-31,1,0,0,0,3,10,12,27,0,6,0,0
7694,62.0,2016-09-30,1,1,1,2,5,5,12,20,0,5,0,0
7695,62.0,2016-10-31,1,5,0,0,5,10,7,26,0,7,2,0
7696,62.0,2016-11-30,2,1,0,1,3,17,13,12,0,10,1,1
7697,62.0,2016-12-31,0,3,1,1,0,12,16,16,0,9,1,0
7698,62.0,2017-01-31,1,1,0,3,6,9,13,24,4,8,1,2
7699,62.0,2017-02-28,1,2,1,4,4,14,7,23,2,12,0,0
7700,62.0,2017-03-31,0,0,2,1,4,6,11,17,3,6,1,1
7701,62.0,2017-04-30,0,3,1,1,4,9,17,10,2,5,0,0
7702,62.0,2017-05-31,1,2,0,0,5,16,14,10,2,8,1,2
7703,62.0,2017-06-30,1,2,0,2,4,13,17,23,0,6,0,1
7704,62.0,2017-07-31,0,3,1,3,7,14,14,21,0,7,2,1
7705,62.0,2017-08-31,1,2,1,0,3,10,16,26,1,7,1,1
7706,62.0,2017-09-30,0,3,0,1,2,11,24,24,0,7,0,0
7707,62.0,2017-10-31,1,3,3,2,6,8,15,21,2,5,0,1
7708,62.0,2017-11-30,0,2,0,2,1,11,8,17,0,9,1,0
7709,62.0,2017-12-31,1,4,1,3,6,15,10,19,3,10,3,0
7710,62.0,2018-01-31,0,0,0,0,6,9,12,14,3,3,2,1
7711,62.0,2018-02-28,1,5,2,0,3,10,6,8,0,7,1,0
7712,62.0,2018-03-31,2,1,0,0,6,10,10,30,1,7,2,2
7713,62.0,2018-04-30,2,4,0,3,10,10,6,25,4,7,1,0
7714,62.0,2018-05-31,0,2,2,3,4,10,18,30,1,6,0,1
7715,62.0,2018-06-30,0,4,0,3,1,19,8,30,0,15,1,1
7716,62.0,2018-07-31,2,4,0,1,8,12,15,29,2,8,1,3
7717,62.0,2018-08-31,0,0,0,1,6,11,9,19,4,7,1,1
7718,62.0,2018-09-30,0,4,0,3,2,11,8,33,0,6,0,1
7719,62.0,2018-10-31,1,4,1,2,6,10,10,21,0,3,0,0
7720,62.0,2018-11-30,1,1,0,1,3,13,10,18,0,9,0,0
7721,62.0,2018-12-31,1,1,1,3,3,10,10,25,3,6,0,1
7722,62.0,2019-01-31,0,0,1,1,3,6,11,11,1,3,0,0
7723,62.0,2019-02-28,0,3,1,0,5,16,9,5,2,9,0,1
7724,62.0,2019-03-31,0,3,1,2,5,9,12,19,3,5,2,0
7725,62.0,2019-04-30,1,1,2,1,4,10,19,14,0,8,2,1
7726,62.0,2019-05-31,3,5,2,0,6,18,13,13,2,12,2,0
7727,62.0,2019-06-30,1,2,2,6,9,19,9,26,3,9,1,2
7728,62.0,2019-07-31,1,3,0,1,4,16,9,21,0,10,1,1
7729,62.0,2019-08-31,0,3,1,1,9,13,10,20,1,8,2,0
7730,62.0,2019-09-30,0,8,1,0,6,17,14,13,1,6,4,1
7731,62.0,2019-10-31,0,5,0,0,6,11,6,11,1,10,1,1
7732,62.0,2019-11-30,2,1,0,0,7,9,11,20,3,4,1,0
7733,62.0,2019-12-31,0,7,0,0,1,16,8,11,0,11,1,0
7734,62.0,2020-01-31,0,2,0,2,4,8,3,26,1,5,1,0
7735,62.0,2020-02-29,2,2,0,4,4,6,7,21,1,3,1,1
7736,62.0,2020-03-31,0,2,0,0,4,9,4,13,1,7,1,0
7737,62.0,2020-04-30,0,0,0,0,2,5,10,14,0,3,2,0
7738,62.0,2020-05-31,0,0,2,0,2,13,8,5,0,10,1,0
7739,62.0,2020-06-30,2,5,1,2,8,13,10,5,5,9,0,0
7740,62.0,2020-07-31,0,1,2,0,10,7,11,3,1,4,1,0
7741,62.0,2020-08-31,2,1,1,1,8,11,7,12,2,7,2,1
7742,62.0,2020-09-30,1,3,1,1,5,11,8,12,1,8,0,0
7743,62.0,2020-10-31,1,2,0,0,8,13,8,5,2,7,0,0
7744,62.0,2020-11-30,0,4,0,0,0,12,14,12,0,5,0,2
7745,62.0,2020-12-31,0,1,1,0,7,2,7,10,6,1,1,0
7746,62.0,2021-01-31,1,0,0,0,5,3,6,3,3,1,3,1
7747,62.0,2021-02-28,0,1,1,0,6,9,11,11,2,7,2,2
7748,62.0,2021-03-31,0,1,0,0,3,8,7,10,1,6,2,1
7749,62.0,2021-04-30,1,1,0,0,2,10,13,7,0,6,0,0
7750,62.0,2021-05-31,0,4,0,1,3,16,14,15,1,5,2,0
7751,62.0,2021-06-30,0,1,1,1,5,6,8,11,3,5,0,0
7752,62.0,2021-07-31,0,3,1,0,6,15,8,7,2,9,4,0
7753,62.0,2021-08-31,0,0,0,1,2,8,10,18,1,5,4,0
7754,62.0,2021-09-30,1,1,2,0,6,7,9,9,1,2,1,0
7755,62.0,2021-10-31,0,4,0,0,2,10,8,5,1,6,0,1
7756,62.0,2021-11-30,1,0,0,0,4,9,7,10,1,5,2,2
7757,62.0,2021-12-31,0,2,1,0,5,10,6,10,3,7,0,0
7758,62.0,2022-01-31,0,2,0,0,5,12,4,14,2,10,0,2
7759,62.0,2022-02-28,0,0,0,0,5,11,8,4,2,6,0,0
7760,62.0,2022-03-31,2,2,0,1,5,9,6,8,1,8,1,1
7761,62.0,2022-04-30,1,1,0,0,5,14,10,15,1,9,2,1
7762,62.0,2022-05-31,1,2,0,1,6,13,8,9,0,4,1,1
7763,62.0,2022-06-30,1,0,1,1,9,11,12,13,1,5,2,2
7764,62.0,2022-07-31,1,2,1,0,6,16,15,17,2,12,4,1
7765,62.0,2022-08-31,0,4,0,0,6,10,11,21,3,5,2,1
7766,62.0,2022-09-30,0,1,0,0,7,8,8,17,0,6,0,0
7767,62.0,2022-10-31,0,3,0,0,8,12,18,13,3,8,5,1
7768,62.0,2022-11-30,0,2,0,0,4,6,10,15,1,3,0,1
7769,62.0,2022-12-31,1,1,0,1,7,14,8,21,1,8,1,0
7770,62.0,2023-01-31,0,1,0,0,8,13,15,9,1,8,1,0
7771,62.0,2023-02-28,1,1,0,0,4,5,7,15,1,4,2,0
7772,62.0,2023-03-31,2,3,0,0,7,16,8,9,3,12,0,0
7773,62.0,2023-04-30,0,0,0,0,4,10,9,9,1,5,0,2
7774,62.0,2023-05-31,0,2,0,0,8,14,12,19,3,10,1,1
7775,62.0,2023-06-30,2,4,0,0,7,14,25,21,1,11,1,0
7776,62.0,2023-07-31,2,3,0,0,8,15,24,21,2,9,2,1
7777,62.0,2023-08-31,0,3,0,0,5,20,14,15,1,11,2,0
7778,62.0,2023-09-30,0,5,2,0,17,20,20,8,6,9,1,0
7779,62.0,2023-10-31,0,0,0,0,12,10,10,23,2,5,0,0
7780,62.0,2023-11-30,0,3,0,0,2,16,8,21,2,9,0,0
7781,62.0,2023-12-31,0,3,0,0,3,11,16,12,1,6,1,0
7782,62.0,2024-01-31,0,2,1,1,3,13,9,15,0,8,1,2
7783,62.0,2024-02-29,0,0,0,1,10,14,9,11,4,4,0,0
7784,62.0,2024-03-31,3,4,1,0,11,13,8,9,2,9,2,0
7785,62.0,2024-04-30,1,1,0,0,10,10,7,10,1,7,2,0
7786,62.0,2024-05-31,1,4,1,0,6,9,11,6,2,5,1,0
7787,62.0,2024-06-30,0,1,2,0,7,17,6,10,2,12,0,0
7788,62.0,2024-07-31,1,3,0,1,10,10,10,25,2,6,0,0
7789,62.0,2024-08-31,0,3,0,1,9,14,15,15,5,6,1,1
7790,62.0,2024-09-30,3,3,1,0,15,14,13,18,2,7,1,3
7791,62.0,2024-10-31,1,1,1,2,10,21,7,20,5,13,1,0
7792,62.0,2024-11-30,1,4,3,1,8,18,9,23,2,12,2,2
7793,62.0,2024-12-31,1,5,0,0,8,21,8,12,0,12,2,2
7794,62.0,2025-01-31,0,6,0,0,5,18,7,17,2,15,2,1
7795,62.0,2025-02-28,0,3,2,1,7,12,11,15,2,9,1,3
7796,62.0,2025-03-31,1,1,1,0,6,18,14,8,3,11,0,0
7797,62.0,2025-04-30,1,4,0,0,6,19,8,11,3,11,1,0
7798,62.0,2025-05-31,1,5,1,0,5,18,15,19,2,6,1,2
7799,62.0,2025-06-30,2,2,2,0,11,15,13,16,3,10,0,2
7800,62.0,2025-07-31,1,3,1,0,7,16,13,15,0,11,0,4
7801,62.0,2025-08-31,0,3,2,0,6,10,9,12,0,8,1,1
7802,62.0,2025-09-30,1,1,0,0,9,14,4,11,1,5,0,0
7803,62.0,2025-10-31,0,3,0,0,5,14,7,11,1,9,1,2
7804,62.0,2025-11-30,1,1,0,0,10,12,10,16,5,5,1,2
7805,62.0,2025-12-31,1,2,0,0,7,15,9,3,1,9,0,0
7806,62.0,2026-01-31,0,6,0,0,6,16,7,14,1,12,2,0
7807,62.0,2026-02-28,0,6,0,1,9,14,9,19,3,9,1,2
7808,62.0,2026-03-31,0,0,0,0,4,13,14,12,0,3,0,0
7809,62.0,2026-04-30,1,4,1,1,11,18,14,10,2,5,2,0
7810,62.0,2026-05-31,3,1,0,0,10,14,14,10,1,6,1,0
7811,62.0,2026-06-30,1,2,0,0,4,11,13,10,1,7,0,0
7812,63.0,2016-01-31,2,8,0,4,7,33,45,40,3,20,2,1
7813,63.0,2016-02-29,1,4,0,2,9,24,25,21,2,13,3,3
7814,63.0,2016-03-31,5,10,2,4,12,45,35,26,3,31,3,1
7815,63.0,2016-04-30,2,10,1,3,13,32,23,24,1,16,2,1
7816,63.0,2016-05-31,1,10,1,8,15,47,27,40,3,27,3,2
7817,63.0,2016-06-30,2,11,0,1,20,50,41,37,6,34,3,2
7818,63.0,2016-07-31,4,7,1,1,9,39,35,35,3,17,4,3
7819,63.0,2016-08-31,6,8,1,4,23,36,27,57,5,24,2,3
7820,63.0,2016-09-30,6,15,3,3,16,42,29,30,4,22,2,3
7821,63.0,2016-10-31,4,2,0,3,21,37,21,44,4,21,1,2
7822,63.0,2016-11-30,1,7,0,5,13,54,23,39,3,28,3,2
7823,63.0,2016-12-31,3,6,1,1,16,36,25,18,3,24,2,2
7824,63.0,2017-01-31,2,10,1,1,15,45,27,25,4,28,3,2
7825,63.0,2017-02-28,1,4,2,4,8,33,24,37,3,17,2,2
7826,63.0,2017-03-31,2,9,2,4,10,33,20,38,3,23,2,1
7827,63.0,2017-04-30,3,13,2,5,17,43,34,41,7,26,1,5
7828,63.0,2017-05-31,3,1,2,2,17,42,27,33,5,23,1,0
7829,63.0,2017-06-30,6,13,1,2,14,37,15,35,6,23,3,2
7830,63.0,2017-07-31,2,8,2,4,14,34,26,39,3,22,2,5
7831,63.0,2017-08-31,2,9,2,3,15,39,31,41,4,29,4,1
7832,63.0,2017-09-30,2,5,1,7,10,39,17,34,2,23,5,0
7833,63.0,2017-10-31,0,13,1,1,8,43,24,26,3,30,1,3
7834,63.0,2017-11-30,4,5,0,7,14,34,17,37,3,22,3,1
7835,63.0,2017-12-31,2,4,0,4,16,22,27,39,6,12,3,2
7836,63.0,2018-01-31,1,12,2,0,7,33,22,28,3,21,0,3
7837,63.0,2018-02-28,2,9,1,6,13,21,17,27,3,17,0,1
7838,63.0,2018-03-31,3,5,8,2,14,29,27,29,6,18,2,0
7839,63.0,2018-04-30,1,3,1,2,7,35,32,24,1,16,6,0
7840,63.0,2018-05-31,1,4,2,5,17,38,30,43,3,20,4,2
7841,63.0,2018-06-30,4,5,3,4,16,34,21,57,6,23,4,4
7842,63.0,2018-07-31,3,12,0,4,20,44,31,26,8,29,5,0
7843,63.0,2018-08-31,2,4,1,1,15,31,20,27,6,21,2,1
7844,63.0,2018-09-30,1,11,0,3,18,39,15,28,6,22,0,1
7845,63.0,2018-10-31,1,6,1,2,6,37,15,37,3,24,1,0
7846,63.0,2018-11-30,0,6,0,2,11,19,21,25,4,11,2,1
7847,63.0,2018-12-31,1,10,2,1,19,35,18,43,7,27,1,0
7848,63.0,2019-01-31,2,7,1,2,10,24,16,34,3,15,1,0
7849,63.0,2019-02-28,4,6,1,0,19,33,18,33,5,23,5,2
7850,63.0,2019-03-31,5,12,0,2,24,45,24,29,4,23,2,0
7851,63.0,2019-04-30,0,5,0,3,18,26,11,29,8,20,0,3
7852,63.0,2019-05-31,2,5,2,6,27,34,21,34,8,17,3,1
7853,63.0,2019-06-30,2,7,2,2,15,30,26,32,4,17,3,0
7854,63.0,2019-07-31,2,13,3,4,14,38,34,35,3,24,4,2
7855,63.0,2019-08-31,1,9,3,3,14,37,30,35,4,21,2,1
7856,63.0,2019-09-30,5,11,2,2,23,38,26,25,9,26,0,1
7857,63.0,2019-10-31,3,9,2,6,15,37,21,40,5,19,1,1
7858,63.0,2019-11-30,1,7,0,4,14,37,20,32,6,23,2,2
7859,63.0,2019-12-31,4,9,1,4,14,25,21,32,3,15,2,3
7860,63.0,2020-01-31,5,12,0,6,14,30,22,31,1,22,1,0
7861,63.0,2020-02-29,6,12,3,5,17,33,15,28,3,17,1,2
7862,63.0,2020-03-31,2,6,3,3,26,28,21,16,6,16,2,1
7863,63.0,2020-04-30,1,5,1,1,9,26,12,21,1,16,0,0
7864,63.0,2020-05-31,1,4,0,1,11,22,18,16,4,14,3,1
7865,63.0,2020-06-30,4,9,2,0,24,42,20,17,6,31,2,1
7866,63.0,2020-07-31,1,2,2,0,21,40,16,20,5,28,4,1
7867,63.0,2020-08-31,2,11,0,0,18,34,18,27,8,26,3,3
7868,63.0,2020-09-30,1,6,1,2,12,34,27,23,4,19,2,3
7869,63.0,2020-10-31,0,8,0,0,6,28,18,14,3,17,3,1
7870,63.0,2020-11-30,1,6,0,0,6,25,21,17,1,13,4,1
7871,63.0,2020-12-31,1,1,2,0,7,17,23,21,2,9,2,0
7872,63.0,2021-01-31,1,9,2,0,6,27,15,13,1,15,2,1
7873,63.0,2021-02-28,1,5,2,1,13,20,19,9,5,9,0,0
7874,63.0,2021-03-31,0,5,2,1,12,15,18,21,4,10,5,3
7875,63.0,2021-04-30,0,7,1,0,9,34,22,23,5,25,6,1
7876,63.0,2021-05-31,1,8,1,0,20,37,16,29,5,22,2,0
7877,63.0,2021-06-30,0,5,0,0,13,27,24,27,5,20,3,4
7878,63.0,2021-07-31,1,4,0,0,17,26,23,27,5,21,6,1
7879,63.0,2021-08-31,1,3,3,1,21,29,21,24,9,19,2,1
7880,63.0,2021-09-30,3,0,0,1,20,34,14,33,7,15,3,3
7881,63.0,2021-10-31,2,6,0,2,17,35,16,30,4,20,1,2
7882,63.0,2021-11-30,2,3,3,0,15,18,17,30,4,11,2,0
7883,63.0,2021-12-31,1,3,0,0,20,26,15,25,6,19,3,2
7884,63.0,2022-01-31,2,1,0,1,14,22,23,23,4,14,0,3
7885,63.0,2022-02-28,2,4,0,0,8,31,12,22,3,18,0,1
7886,63.0,2022-03-31,0,4,1,0,7,32,15,26,1,19,1,1
7887,63.0,2022-04-30,0,5,1,1,17,34,16,36,2,18,2,2
7888,63.0,2022-05-31,2,3,2,1,25,35,21,32,8,21,3,0
7889,63.0,2022-06-30,3,2,0,2,24,37,18,28,5,25,4,2
7890,63.0,2022-07-31,2,1,1,0,25,25,33,34,9,11,4,1
7891,63.0,2022-08-31,0,7,0,0,9,32,22,56,4,22,7,2
7892,63.0,2022-09-30,2,5,0,2,18,34,12,35,2,18,2,3
7893,63.0,2022-10-31,1,2,0,0,27,40,17,27,5,22,2,0
7894,63.0,2022-11-30,0,2,0,0,15,31,20,29,3,19,0,3
7895,63.0,2022-12-31,0,4,0,0,10,26,21,35,1,11,2,2
7896,63.0,2023-01-31,2,2,0,1,21,22,19,31,6,11,2,1
7897,63.0,2023-02-28,1,7,0,4,12,35,19,36,3,24,0,2
7898,63.0,2023-03-31,2,6,0,0,11,29,21,27,5,19,2,2
7899,63.0,2023-04-30,3,3,0,1,20,32,14,29,4,24,2,1
7900,63.0,2023-05-31,2,8,0,0,22,45,19,23,5,27,2,1
7901,63.0,2023-06-30,0,5,0,1,18,32,25,42,5,18,0,0
7902,63.0,2023-07-31,4,9,0,4,16,54,31,37,5,28,1,3
7903,63.0,2023-08-31,2,7,1,2,34,51,20,31,2,27,5,1
7904,63.0,2023-09-30,4,8,0,3,28,36,28,34,9,21,1,0
7905,63.0,2023-10-31,3,9,0,2,22,38,30,36,5,22,3,1
7906,63.0,2023-11-30,4,6,1,1,17,40,30,34,3,23,3,1
7907,63.0,2023-12-31,4,7,1,2,24,37,28,49,7,24,2,1
7908,63.0,2024-01-31,4,6,1,5,28,37,34,41,5,23,2,0
7909,63.0,2024-02-29,5,9,0,3,15,42,22,38,4,28,2,0
7910,63.0,2024-03-31,1,4,1,4,14,33,28,45,2,19,4,1
7911,63.0,2024-04-30,1,4,1,0,18,36,9,26,4,20,0,0
7912,63.0,2024-05-31,3,12,0,2,33,47,12,46,6,24,1,2
7913,63.0,2024-06-30,2,7,0,1,27,43,18,44,7,27,5,2
7914,63.0,2024-07-31,1,5,1,0,26,38,24,50,9,20,3,0
7915,63.0,2024-08-31,4,9,0,0,31,47,15,31,6,34,2,3
7916,63.0,2024-09-30,1,12,2,0,26,54,28,29,4,35,4,0
7917,63.0,2024-10-31,2,6,0,1,28,37,22,33,3,18,0,0
7918,63.0,2024-11-30,2,6,1,0,23,38,25,37,6,21,2,0
7919,63.0,2024-12-31,0,8,1,2,13,41,19,27,5,26,3,1
7920,63.0,2025-01-31,2,11,0,4,13,30,10,33,5,22,0,0
7921,63.0,2025-02-28,2,6,0,4,10,24,14,33,7,18,2,0
7922,63.0,2025-03-31,2,11,0,9,16,44,21,41,3,25,1,0
7923,63.0,2025-04-30,2,7,0,2,17,34,31,40,3,21,3,0
7924,63.0,2025-05-31,2,2,0,3,15,31,21,52,5,17,3,3
7925,63.0,2025-06-30,3,8,1,2,20,48,20,40,4,30,5,1
7926,63.0,2025-07-31,5,3,0,2,24,39,18,66,9,25,0,1
7927,63.0,2025-08-31,3,7,0,3,22,34,18,63,6,20,5,3
7928,63.0,2025-09-30,0,5,0,0,13,31,27,49,1,15,3,0
7929,63.0,2025-10-31,1,7,0,2,27,37,17,63,4,25,1,1
7930,63.0,2025-11-30,1,5,2,6,13,30,15,59,2,21,3,1
7931,63.0,2025-12-31,0,9,1,2,11,37,16,44,1,29,3,1
7932,63.0,2026-01-31,2,11,1,3,9,31,17,48,3,23,0,0
7933,63.0,2026-02-28,0,4,2,9,11,19,13,75,1,11,2,1
7934,63.0,2026-03-31,5,10,0,6,22,31,14,84,6,24,0,0
7935,63.0,2026-04-30,3,11,2,9,17,34,17,82,7,19,4,1
7936,63.0,2026-05-31,2,5,2,7,18,43,17,81,2,22,1,1
7937,63.0,2026-06-30,2,9,2,4,16,29,10,45,3,14,1,0
7938,64.0,2016-01-31,1,2,1,0,3,9,10,6,1,6,1,1
7939,64.0,2016-02-29,1,3,1,1,5,10,14,10,2,8,2,0
7940,64.0,2016-03-31,1,2,0,0,10,9,14,10,1,7,1,0
7941,64.0,2016-04-30,1,1,0,1,3,12,3,15,1,10,1,1
7942,64.0,2016-05-31,0,3,0,1,2,15,9,22,2,9,1,0
7943,64.0,2016-06-30,1,3,0,1,5,14,10,22,0,12,3,3
7944,64.0,2016-07-31,1,3,0,1,8,15,12,24,2,9,1,1
7945,64.0,2016-08-31,1,3,0,2,5,8,11,17,2,7,1,0
7946,64.0,2016-09-30,0,10,0,0,5,21,12,24,1,12,1,1
7947,64.0,2016-10-31,1,3,1,1,5,17,8,17,1,14,1,0
7948,64.0,2016-11-30,0,2,0,0,4,9,12,11,0,7,0,2
7949,64.0,2016-12-31,0,1,0,1,2,10,11,15,0,9,0,0
7950,64.0,2017-01-31,0,2,0,1,1,7,15,12,0,6,0,1
7951,64.0,2017-02-28,0,2,0,0,3,8,13,11,1,6,0,0
7952,64.0,2017-03-31,1,2,0,1,5,12,14,13,1,8,0,0
7953,64.0,2017-04-30,1,1,1,0,10,9,17,13,4,5,1,1
7954,64.0,2017-05-31,0,1,1,0,5,11,23,13,0,7,0,0
7955,64.0,2017-06-30,1,1,0,0,5,15,13,13,2,11,2,0
7956,64.0,2017-07-31,0,6,0,2,5,17,14,13,2,11,0,0
7957,64.0,2017-08-31,0,2,0,0,7,15,9,23,1,10,1,0
7958,64.0,2017-09-30,0,5,1,0,3,12,16,22,1,9,2,3
7959,64.0,2017-10-31,0,4,0,1,4,26,13,19,1,13,1,1
7960,64.0,2017-11-30,0,4,1,2,4,14,14,10,2,11,3,2
7961,64.0,2017-12-31,1,4,0,2,2,10,8,14,1,7,2,1
7962,64.0,2018-01-31,0,4,0,0,7,15,17,26,4,11,1,0
7963,64.0,2018-02-28,1,2,0,0,4,10,14,10,3,6,1,0
7964,64.0,2018-03-31,2,4,0,1,5,16,17,11,1,11,0,0
7965,64.0,2018-04-30,0,3,0,0,2,12,6,14,1,7,1,1
7966,64.0,2018-05-31,2,2,1,1,8,18,10,8,0,10,0,0
7967,64.0,2018-06-30,0,2,1,1,5,12,13,20,1,7,5,2
7968,64.0,2018-07-31,1,7,0,1,5,24,13,31,1,17,1,4
7969,64.0,2018-08-31,1,2,0,1,9,10,11,21,1,8,2,1
7970,64.0,2018-09-30,0,0,0,1,4,9,8,18,2,4,1,1
7971,64.0,2018-10-31,1,3,1,0,3,18,10,18,0,10,0,0
7972,64.0,2018-11-30,0,2,0,0,4,9,10,15,1,9,0,1
7973,64.0,2018-12-31,1,3,0,0,7,12,10,19,4,10,1,1
7974,64.0,2019-01-31,0,3,1,1,4,10,13,11,0,8,3,0
7975,64.0,2019-02-28,2,1,1,0,8,4,8,16,2,3,0,0
7976,64.0,2019-03-31,1,6,0,0,5,20,13,12,2,12,0,1
7977,64.0,2019-04-30,0,0,0,2,8,15,18,22,1,7,0,1
7978,64.0,2019-05-31,1,3,1,1,4,16,12,15,1,11,2,1
7979,64.0,2019-06-30,2,2,1,0,5,8,15,7,2,5,2,1
7980,64.0,2019-07-31,2,3,0,0,6,17,10,10,3,13,1,1
7981,64.0,2019-08-31,2,5,0,0,3,16,11,13,1,10,2,1
7982,64.0,2019-09-30,2,2,1,0,10,9,13,18,1,8,0,3
7983,64.0,2019-10-31,0,3,1,1,6,13,11,15,2,9,3,1
7984,64.0,2019-11-30,0,3,0,0,3,16,9,12,1,11,1,0
7985,64.0,2019-12-31,2,7,0,0,8,16,6,15,4,14,1,2
7986,64.0,2020-01-31,0,2,0,0,3,11,4,10,0,8,0,0
7987,64.0,2020-02-29,1,3,1,1,4,14,8,11,2,9,2,0
7988,64.0,2020-03-31,0,1,1,1,6,10,13,15,2,6,0,1
7989,64.0,2020-04-30,0,2,0,1,5,14,13,15,3,11,3,0
7990,64.0,2020-05-31,0,1,1,0,6,12,9,25,2,10,1,0
7991,64.0,2020-06-30,0,2,2,1,7,12,9,11,4,10,2,1
7992,64.0,2020-07-31,1,2,0,0,9,17,14,12,2,10,1,0
7993,64.0,2020-08-31,0,2,1,1,10,21,8,9,4,19,1,0
7994,64.0,2020-09-30,1,1,0,0,7,11,6,9,1,8,1,1
7995,64.0,2020-10-31,0,1,0,0,7,12,9,4,3,11,0,0
7996,64.0,2020-11-30,0,3,1,0,2,13,8,10,0,11,1,0
7997,64.0,2020-12-31,0,0,0,0,7,9,7,10,2,6,0,1
7998,64.0,2021-01-31,0,0,0,0,2,9,5,8,1,7,0,0
7999,64.0,2021-02-28,0,1,0,0,10,10,7,9,2,5,0,0
8000,64.0,2021-03-31,0,1,0,0,5,18,7,7,2,12,1,0
8001,64.0,2021-04-30,0,0,0,0,4,10,15,10,0,6,3,0
8002,64.0,2021-05-31,0,1,0,0,3,10,4,12,1,9,2,1
8003,64.0,2021-06-30,0,1,0,0,8,15,7,10,4,13,2,1
8004,64.0,2021-07-31,2,2,0,0,11,17,6,14,5,13,1,3
8005,64.0,2021-08-31,0,6,1,0,9,20,11,17,2,14,2,1
8006,64.0,2021-09-30,0,0,0,0,11,19,7,23,4,13,0,0
8007,64.0,2021-10-31,1,2,0,1,10,11,16,15,2,7,0,0
8008,64.0,2021-11-30,0,4,0,1,7,17,14,17,2,11,2,1
8009,64.0,2021-12-31,0,1,0,0,6,13,12,18,2,8,1,3
8010,64.0,2022-01-31,0,1,0,1,3,8,6,9,0,8,0,0
8011,64.0,2022-02-28,0,5,0,0,1,14,2,9,1,12,0,2
8012,64.0,2022-03-31,2,1,0,0,4,14,6,22,1,8,0,1
8013,64.0,2022-04-30,0,1,0,0,10,13,9,17,4,10,3,1
8014,64.0,2022-05-31,0,2,0,0,7,16,5,20,1,12,0,1
8015,64.0,2022-06-30,1,2,0,0,5,10,13,15,3,8,3,0
8016,64.0,2022-07-31,0,3,0,1,10,15,12,9,5,12,3,0
8017,64.0,2022-08-31,0,3,0,0,7,14,12,33,1,11,1,2
8018,64.0,2022-09-30,0,3,0,1,12,18,8,22,3,8,2,2
8019,64.0,2022-10-31,1,2,0,0,8,10,9,20,1,8,0,0
8020,64.0,2022-11-30,3,2,0,0,13,8,14,23,3,6,1,1
8021,64.0,2022-12-31,0,3,0,0,4,10,11,20,2,7,1,2
8022,64.0,2023-01-31,1,6,0,0,4,14,15,25,2,11,3,1
8023,64.0,2023-02-28,0,1,0,1,2,10,13,15,1,6,0,2
8024,64.0,2023-03-31,0,0,0,1,8,7,12,16,1,6,0,0
8025,64.0,2023-04-30,0,6,0,0,13,20,18,14,2,12,5,1
8026,64.0,2023-05-31,1,2,0,0,13,16,11,17,2,12,2,2
8027,64.0,2023-06-30,1,4,0,0,10,19,8,29,3,12,2,1
8028,64.0,2023-07-31,1,6,1,1,12,16,15,28,3,9,3,0
8029,64.0,2023-08-31,1,4,0,0,11,19,8,29,3,12,1,2
8030,64.0,2023-09-30,1,1,1,1,8,17,13,22,1,11,4,2
8031,64.0,2023-10-31,2,2,0,0,7,18,15,30,1,10,1,1
8032,64.0,2023-11-30,0,0,1,1,5,12,16,13,0,10,3,2
8033,64.0,2023-12-31,0,2,0,1,3,7,14,15,1,4,1,0
8034,64.0,2024-01-31,0,1,2,0,4,12,14,10,4,8,1,1
8035,64.0,2024-02-29,2,1,1,0,7,9,8,15,2,4,2,0
8036,64.0,2024-03-31,1,2,0,0,10,21,11,11,5,17,1,0
8037,64.0,2024-04-30,3,0,0,0,11,13,10,13,4,7,0,1
8038,64.0,2024-05-31,0,2,0,0,12,24,6,17,1,17,1,3
8039,64.0,2024-06-30,0,5,1,0,11,19,22,21,5,14,4,1
8040,64.0,2024-07-31,0,1,1,0,6,13,14,21,3,8,1,1
8041,64.0,2024-08-31,5,2,0,2,12,12,10,19,5,7,1,0
8042,64.0,2024-09-30,0,6,0,0,14,23,11,15,3,11,0,1
8043,64.0,2024-10-31,2,6,0,1,12,18,10,9,2,8,0,0
8044,64.0,2024-11-30,0,5,1,0,7,16,28,12,2,14,2,0
8045,64.0,2024-12-31,0,1,0,1,5,19,8,15,1,17,2,0
8046,64.0,2025-01-31,1,5,0,0,9,22,8,19,4,15,2,2
8047,64.0,2025-02-28,0,1,1,1,6,10,15,10,2,9,1,1
8048,64.0,2025-03-31,2,4,0,4,10,13,9,18,5,5,0,0
8049,64.0,2025-04-30,1,4,1,0,11,28,9,13,2,20,1,0
8050,64.0,2025-05-31,1,4,0,2,8,11,6,15,4,5,0,2
8051,64.0,2025-06-30,3,5,2,3,8,17,12,18,1,11,2,1
8052,64.0,2025-07-31,1,4,1,0,15,20,16,12,6,15,2,0
8053,64.0,2025-08-31,1,2,0,0,10,18,8,15,3,16,1,1
8054,64.0,2025-09-30,0,5,0,2,8,23,12,20,0,17,1,2
8055,64.0,2025-10-31,2,1,0,0,8,12,18,12,1,8,0,1
8056,64.0,2025-11-30,0,2,0,1,7,12,8,13,1,9,2,1
8057,64.0,2025-12-31,0,1,1,0,5,12,10,11,1,5,0,0
8058,64.0,2026-01-31,0,3,1,0,7,12,7,11,2,10,0,1
8059,64.0,2026-02-28,0,1,0,1,5,5,6,13,1,2,1,2
8060,64.0,2026-03-31,1,2,1,0,8,9,6,14,2,4,0,0
8061,64.0,2026-04-30,1,6,1,2,8,26,8,10,3,18,1,3
8062,64.0,2026-05-31,1,3,0,0,10,18,12,15,0,10,0,0
8063,64.0,2026-06-30,4,6,1,2,10,26,6,14,1,20,0,1
8064,65.0,2016-01-31,2,8,0,11,7,29,26,40,3,20,3,0
8065,65.0,2016-02-29,1,3,0,18,5,16,33,54,1,8,4,0
8066,65.0,2016-03-31,2,7,2,20,9,28,26,48,2,16,1,2
8067,65.0,2016-04-30,0,6,2,13,10,29,24,36,2,17,1,0
8068,65.0,2016-05-31,2,5,3,21,15,30,27,49,5,16,1,1
8069,65.0,2016-06-30,2,2,3,20,14,27,39,49,4,17,3,1
8070,65.0,2016-07-31,5,5,1,17,8,24,37,51,2,15,1,2
8071,65.0,2016-08-31,0,8,1,13,4,31,45,44,0,18,3,0
8072,65.0,2016-09-30,3,4,0,9,10,24,33,54,3,12,3,2
8073,65.0,2016-10-31,1,6,1,9,7,25,26,45,1,18,0,1
8074,65.0,2016-11-30,3,4,1,13,11,18,15,42,0,11,2,0
8075,65.0,2016-12-31,3,5,1,14,7,22,21,44,2,13,0,1
8076,65.0,2017-01-31,1,8,0,9,7,19,51,48,1,12,3,1
8077,65.0,2017-02-28,2,4,2,13,8,20,14,40,2,11,2,0
8078,65.0,2017-03-31,2,6,1,12,7,23,18,42,3,12,1,0
8079,65.0,2017-04-30,2,4,2,7,10,19,19,41,4,11,2,2
8080,65.0,2017-05-31,4,5,2,13,18,20,22,36,5,10,5,1
8081,65.0,2017-06-30,1,11,1,9,10,35,28,39,5,21,0,1
8082,65.0,2017-07-31,3,4,2,10,12,15,30,44,5,9,2,3
8083,65.0,2017-08-31,4,2,1,10,7,16,31,41,1,10,3,2
8084,65.0,2017-09-30,1,4,0,9,8,16,17,36,0,9,2,0
8085,65.0,2017-10-31,1,6,0,8,11,27,20,40,0,14,0,0
8086,65.0,2017-11-30,4,5,0,8,6,23,19,34,3,18,1,0
8087,65.0,2017-12-31,0,5,1,20,5,22,14,57,0,12,1,2
8088,65.0,2018-01-31,3,6,0,9,6,20,17,40,2,13,1,1
8089,65.0,2018-02-28,1,8,2,11,6,14,15,42,3,10,2,1
8090,65.0,2018-03-31,2,9,0,10,13,30,18,45,3,15,1,0
8091,65.0,2018-04-30,2,3,1,7,13,18,22,51,2,13,2,1
8092,65.0,2018-05-31,3,5,3,5,14,28,16,49,3,19,2,0
8093,65.0,2018-06-30,2,8,1,6,10,24,10,39,4,13,1,4
8094,65.0,2018-07-31,2,6,0,2,11,28,27,33,1,22,0,2
8095,65.0,2018-08-31,2,6,1,3,12,27,19,45,4,15,1,2
8096,65.0,2018-09-30,4,3,1,6,12,30,16,37,5,21,2,1
8097,65.0,2018-10-31,2,4,0,6,17,26,13,37,4,14,2,1
8098,65.0,2018-11-30,1,4,1,4,6,22,18,39,1,13,0,1
8099,65.0,2018-12-31,1,5,1,5,6,16,16,33,2,9,2,1
8100,65.0,2019-01-31,0,2,0,6,9,22,13,25,2,17,1,0
8101,65.0,2019-02-28,2,7,2,3,3,18,21,29,1,13,2,1
8102,65.0,2019-03-31,2,5,1,5,10,26,22,37,5,18,0,1
8103,65.0,2019-04-30,0,4,2,6,9,19,25,24,2,13,6,0
8104,65.0,2019-05-31,2,9,1,6,11,32,16,43,1,15,2,2
8105,65.0,2019-06-30,2,9,1,5,14,34,20,34,8,22,2,2
8106,65.0,2019-07-31,2,7,0,4,12,23,22,37,1,17,1,2
8107,65.0,2019-08-31,2,5,0,4,9,25,22,53,1,14,0,2
8108,65.0,2019-09-30,1,9,0,2,18,25,11,32,6,17,1,1
8109,65.0,2019-10-31,0,5,0,5,7,23,20,46,2,13,2,1
8110,65.0,2019-11-30,2,4,1,10,11,18,16,40,3,11,0,2
8111,65.0,2019-12-31,4,7,1,7,13,25,10,53,6,12,1,0
8112,65.0,2020-01-31,1,3,0,4,12,18,13,47,2,11,0,0
8113,65.0,2020-02-29,3,5,0,6,12,14,9,44,1,5,0,0
8114,65.0,2020-03-31,2,2,0,6,16,17,7,26,4,10,0,0
8115,65.0,2020-04-30,0,0,1,2,4,13,11,15,2,7,3,1
8116,65.0,2020-05-31,1,3,0,3,6,19,13,13,1,15,1,0
8117,65.0,2020-06-30,1,1,2,1,7,17,14,30,2,13,1,0
8118,65.0,2020-07-31,1,3,1,1,9,18,21,22,4,13,2,0
8119,65.0,2020-08-31,1,8,0,0,10,21,9,24,4,9,1,3
8120,65.0,2020-09-30,0,1,0,2,10,10,12,29,2,6,0,1
8121,65.0,2020-10-31,0,0,1,0,8,21,14,18,1,16,2,1
8122,65.0,2020-11-30,1,5,0,1,5,10,8,21,1,5,1,1
8123,65.0,2020-12-31,1,2,0,3,5,19,10,31,1,16,0,0
8124,65.0,2021-01-31,3,1,0,0,6,16,11,16,2,13,2,0
8125,65.0,2021-02-28,0,1,0,0,4,17,15,16,1,12,1,1
8126,65.0,2021-03-31,0,3,0,1,6,15,14,27,0,14,3,0
8127,65.0,2021-04-30,0,2,0,1,6,17,17,15,0,10,4,0
8128,65.0,2021-05-31,1,4,0,0,12,16,8,15,4,9,1,0
8129,65.0,2021-06-30,2,1,1,0,16,16,21,12,5,12,3,1
8130,65.0,2021-07-31,3,5,0,1,10,28,16,17,1,20,1,0
8131,65.0,2021-08-31,0,1,0,0,3,25,10,24,1,16,2,1
8132,65.0,2021-09-30,1,4,2,1,14,15,18,24,6,10,5,0
8133,65.0,2021-10-31,3,1,0,0,10,28,13,27,4,14,2,0
8134,65.0,2021-11-30,1,3,1,1,15,24,11,28,5,13,0,3
8135,65.0,2021-12-31,2,6,0,2,9,20,21,29,4,17,3,2
8136,65.0,2022-01-31,1,2,0,3,3,15,12,27,0,11,0,0
8137,65.0,2022-02-28,0,1,0,0,6,15,9,27,1,6,0,0
8138,65.0,2022-03-31,0,2,0,0,5,14,18,31,2,8,1,1
8139,65.0,2022-04-30,1,2,0,1,6,27,13,27,3,16,2,1
8140,65.0,2022-05-31,2,1,0,1,18,28,15,30,3,11,2,1
8141,65.0,2022-06-30,0,1,1,3,7,18,18,30,1,13,2,1
8142,65.0,2022-07-31,1,5,0,3,12,25,15,39,5,14,1,2
8143,65.0,2022-08-31,2,7,2,1,15,21,16,38,5,13,0,1
8144,65.0,2022-09-30,1,2,1,0,12,18,9,35,3,14,2,3
8145,65.0,2022-10-31,1,5,1,2,8,27,11,31,1,15,1,1
8146,65.0,2022-11-30,0,3,1,2,11,21,22,50,3,14,6,2
8147,65.0,2022-12-31,0,4,1,4,10,23,17,46,3,17,2,1
8148,65.0,2023-01-31,1,3,0,1,9,23,22,35,4,11,2,2
8149,65.0,2023-02-28,0,6,0,2,5,25,12,29,3,16,1,1
8150,65.0,2023-03-31,0,4,0,2,11,21,25,31,1,13,2,1
8151,65.0,2023-04-30,0,2,0,3,13,22,28,19,7,15,2,0
8152,65.0,2023-05-31,0,8,0,1,13,27,27,42,4,17,1,1
8153,65.0,2023-06-30,1,4,0,1,15,16,20,32,3,8,1,1
8154,65.0,2023-07-31,0,9,1,0,12,26,22,40,3,16,1,0
8155,65.0,2023-08-31,0,5,0,2,13,19,29,30,6,11,2,1
8156,65.0,2023-09-30,0,4,0,4,11,17,25,34,3,8,1,2
8157,65.0,2023-10-31,2,1,0,3,10,17,24,38,0,13,1,0
8158,65.0,2023-11-30,4,5,0,4,12,24,23,25,2,15,2,1
8159,65.0,2023-12-31,0,5,0,5,11,18,18,32,2,10,1,0
8160,65.0,2024-01-31,0,4,1,5,6,24,24,23,2,16,0,1
8161,65.0,2024-02-29,0,2,1,6,6,30,17,35,0,14,1,0
8162,65.0,2024-03-31,0,3,0,4,14,30,23,33,4,21,0,1
8163,65.0,2024-04-30,2,5,1,4,8,20,17,30,0,16,2,1
8164,65.0,2024-05-31,1,3,0,3,17,22,34,35,1,14,2,1
8165,65.0,2024-06-30,0,7,0,4,14,35,17,45,3,24,1,0
8166,65.0,2024-07-31,0,8,0,7,11,23,21,57,2,17,4,1
8167,65.0,2024-08-31,1,2,0,5,15,19,27,40,2,12,0,2
8168,65.0,2024-09-30,3,2,0,3,20,23,17,48,4,11,1,3
8169,65.0,2024-10-31,1,7,0,2,12,23,16,45,3,15,0,2
8170,65.0,2024-11-30,2,5,0,5,12,22,19,42,3,14,3,0
8171,65.0,2024-12-31,0,10,0,4,13,34,17,40,3,22,4,1
8172,65.0,2025-01-31,2,3,1,2,12,22,13,39,5,17,0,1
8173,65.0,2025-02-28,1,3,0,5,8,15,17,41,3,9,3,3
8174,65.0,2025-03-31,0,3,0,6,12,17,15,46,2,14,0,0
8175,65.0,2025-04-30,1,11,2,6,6,24,18,43,1,17,1,2
8176,65.0,2025-05-31,1,5,0,4,13,29,6,49,3,21,0,4
8177,65.0,2025-06-30,1,6,1,1,12,28,16,31,1,16,0,1
8178,65.0,2025-07-31,2,7,0,3,9,26,20,38,2,16,2,1
8179,65.0,2025-08-31,0,2,2,5,12,23,20,53,2,14,4,0
8180,65.0,2025-09-30,2,3,1,5,22,24,19,33,3,17,4,2
8181,65.0,2025-10-31,0,2,0,6,9,19,8,43,1,11,1,1
8182,65.0,2025-11-30,3,8,0,2,10,23,10,32,1,17,1,0
8183,65.0,2025-12-31,1,3,0,10,14,24,24,45,3,15,3,0
8184,65.0,2026-01-31,1,6,1,6,6,28,16,37,3,19,2,0
8185,65.0,2026-02-28,2,3,0,5,11,12,7,35,1,5,1,1
8186,65.0,2026-03-31,2,4,0,5,12,21,15,37,2,11,2,2
8187,65.0,2026-04-30,3,4,0,7,9,23,15,37,5,18,2,2
8188,65.0,2026-05-31,1,5,1,3,21,31,24,35,3,18,1,1
8189,65.0,2026-06-30,2,6,0,2,12,26,20,26,3,15,0,0
8190,66.0,2016-01-31,4,24,6,7,31,106,56,57,6,70,10,4
8191,66.0,2016-02-29,11,26,3,6,26,89,45,60,4,58,5,4
8192,66.0,2016-03-31,10,23,4,3,45,103,53,58,10,59,9,10
8193,66.0,2016-04-30,5,27,7,9,37,102,66,61,10,69,17,5
8194,66.0,2016-05-31,13,26,6,13,40,133,71,97,16,71,17,7
8195,66.0,2016-06-30,8,22,3,3,50,124,77,95,15,83,16,6
8196,66.0,2016-07-31,6,23,1,7,33,122,80,97,10,80,9,5
8197,66.0,2016-08-31,3,14,0,3,47,115,82,88,14,76,7,5
8198,66.0,2016-09-30,7,19,1,4,34,114,71,72,13,76,11,7
8199,66.0,2016-10-31,3,20,4,4,46,104,78,68,15,55,9,4
8200,66.0,2016-11-30,8,11,0,5,30,77,58,59,7,42,9,5
8201,66.0,2016-12-31,5,28,1,7,38,90,43,61,12,67,8,7
8202,66.0,2017-01-31,7,20,5,1,28,92,75,68,11,61,11,9
8203,66.0,2017-02-28,5,15,4,9,34,83,57,76,14,53,6,7
8204,66.0,2017-03-31,8,22,7,4,37,109,50,60,15,75,3,6
8205,66.0,2017-04-30,5,24,6,8,27,103,64,76,11,73,10,7
8206,66.0,2017-05-31,6,27,4,4,42,123,68,85,15,83,7,8
8207,66.0,2017-06-30,6,29,2,3,48,118,69,74,15,79,8,1
8208,66.0,2017-07-31,8,17,6,2,46,118,70,74,15,78,11,5
8209,66.0,2017-08-31,8,19,6,5,41,117,79,93,18,76,17,9
8210,66.0,2017-09-30,8,20,5,1,46,102,61,75,14,67,11,9
8211,66.0,2017-10-31,5,13,3,2,43,102,55,88,16,64,8,10
8212,66.0,2017-11-30,6,16,1,5,31,85,42,70,9,57,4,9
8213,66.0,2017-12-31,5,11,7,3,36,77,53,65,14,52,11,3
8214,66.0,2018-01-31,7,17,2,1,41,88,40,70,14,53,5,6
8215,66.0,2018-02-28,10,17,6,2,44,91,43,66,14,60,5,8
8216,66.0,2018-03-31,5,19,1,7,31,108,57,78,16,71,12,6
8217,66.0,2018-04-30,5,11,3,3,56,96,46,78,20,61,12,8
8218,66.0,2018-05-31,7,28,3,5,64,135,52,90,22,78,14,12
8219,66.0,2018-06-30,9,25,3,5,69,110,60,84,29,73,13,11
8220,66.0,2018-07-31,5,28,2,5,45,122,65,92,20,92,10,5
8221,66.0,2018-08-31,6,27,2,7,45,126,58,90,20,88,11,10
8222,66.0,2018-09-30,6,14,8,8,45,78,53,96,17,49,13,8
8223,66.0,2018-10-31,5,23,2,13,43,115,62,90,9,68,15,3
8224,66.0,2018-11-30,11,17,4,4,46,102,66,79,24,71,13,7
8225,66.0,2018-12-31,8,16,4,8,49,77,52,72,12,55,15,6
8226,66.0,2019-01-31,10,19,0,5,36,91,29,81,15,60,5,12
8227,66.0,2019-02-28,8,30,1,4,43,106,46,68,21,62,6,3
8228,66.0,2019-03-31,6,17,2,5,48,90,40,66,17,53,9,7
8229,66.0,2019-04-30,13,17,5,2,50,89,53,54,15,52,6,9
8230,66.0,2019-05-31,12,20,3,5,66,96,57,81,20,55,13,6
8231,66.0,2019-06-30,8,21,4,3,58,126,62,68,26,79,11,7
8232,66.0,2019-07-31,15,25,1,6,51,115,57,94,16,82,9,12
8233,66.0,2019-08-31,10,27,6,9,61,116,70,109,22,73,14,7
8234,66.0,2019-09-30,10,26,3,2,53,112,62,62,14,74,11,4
8235,66.0,2019-10-31,14,26,3,5,54,92,59,85,16,60,15,8
8236,66.0,2019-11-30,10,19,1,5,41,94,45,72,16,69,9,5
8237,66.0,2019-12-31,8,21,4,5,48,80,43,78,15,54,4,7
8238,66.0,2020-01-31,8,14,2,3,42,88,50,74,20,57,10,12
8239,66.0,2020-02-29,4,14,2,1,32,82,39,65,8,49,6,4
8240,66.0,2020-03-31,8,19,1,2,34,91,61,70,15,64,12,9
8241,66.0,2020-04-30,4,12,2,3,24,80,51,61,8,49,13,2
8242,66.0,2020-05-31,7,13,1,2,40,79,61,61,12,49,9,7
8243,66.0,2020-06-30,3,14,3,2,50,116,56,69,21,84,5,13
8244,66.0,2020-07-31,5,22,1,0,46,131,73,71,12,90,8,14
8245,66.0,2020-08-31,0,10,3,0,40,106,68,57,12,56,11,6
8246,66.0,2020-09-30,4,15,0,1,50,92,52,42,17,46,11,6
8247,66.0,2020-10-31,4,9,3,2,38,92,49,49,14,53,13,1
8248,66.0,2020-11-30,2,10,2,2,43,70,39,55,18,47,7,4
8249,66.0,2020-12-31,2,15,5,3,33,69,50,51,9,46,13,3
8250,66.0,2021-01-31,3,18,2,2,38,97,49,52,10,64,6,7
8251,66.0,2021-02-28,4,16,0,1,42,72,45,33,20,53,11,4
8252,66.0,2021-03-31,5,12,3,0,34,93,53,39,12,62,16,3
8253,66.0,2021-04-30,6,9,0,1,43,74,44,49,16,42,9,2
8254,66.0,2021-05-31,2,22,5,0,42,89,55,46,17,60,12,7
8255,66.0,2021-06-30,1,8,1,0,44,92,58,37,12,65,10,5
8256,66.0,2021-07-31,4,6,0,2,46,81,51,74,22,57,10,5
8257,66.0,2021-08-31,3,10,1,0,38,109,62,65,13,66,13,7
8258,66.0,2021-09-30,5,12,1,2,46,89,62,63,14,52,12,8
8259,66.0,2021-10-31,8,12,1,2,62,79,56,50,14,43,13,6
8260,66.0,2021-11-30,2,11,1,1,45,76,47,59,18,52,10,6
8261,66.0,2021-12-31,4,9,1,1,29,73,60,57,10,48,14,2
8262,66.0,2022-01-31,3,13,2,1,34,68,32,57,15,46,5,8
8263,66.0,2022-02-28,5,11,3,2,33,51,34,56,10,34,9,3
8264,66.0,2022-03-31,1,6,3,1,32,74,51,75,11,39,8,6
8265,66.0,2022-04-30,2,11,1,0,39,90,41,62,16,59,8,9
8266,66.0,2022-05-31,4,13,2,1,37,91,58,81,9,53,15,6
8267,66.0,2022-06-30,2,13,4,3,54,88,60,87,18,59,10,7
8268,66.0,2022-07-31,4,9,1,4,54,85,57,76,22,52,8,3
8269,66.0,2022-08-31,4,17,2,4,60,104,54,75,21,60,13,8
8270,66.0,2022-09-30,3,12,1,1,43,82,63,73,18,45,13,4
8271,66.0,2022-10-31,0,6,3,1,44,73,44,79,11,37,7,12
8272,66.0,2022-11-30,3,9,1,2,45,87,52,56,13,54,10,5
8273,66.0,2022-12-31,3,14,2,2,29,65,34,61,8,48,7,5
8274,66.0,2023-01-31,4,9,1,1,32,80,37,52,12,45,5,4
8275,66.0,2023-02-28,3,10,2,3,30,68,38,76,12,47,3,7
8276,66.0,2023-03-31,6,17,2,1,41,71,54,68,13,41,9,3
8277,66.0,2023-04-30,6,11,4,0,51,72,55,50,21,42,11,2
8278,66.0,2023-05-31,1,13,3,1,47,96,69,59,14,62,13,3
8279,66.0,2023-06-30,3,18,0,0,38,91,36,71,16,59,7,3
8280,66.0,2023-07-31,4,17,2,1,48,116,56,81,24,76,12,7
8281,66.0,2023-08-31,4,11,4,5,48,101,56,62,16,60,11,4
8282,66.0,2023-09-30,5,15,1,4,55,88,61,69,20,44,2,2
8283,66.0,2023-10-31,2,11,1,2,53,92,53,73,15,50,5,4
8284,66.0,2023-11-30,3,12,1,1,48,87,78,84,17,55,6,1
8285,66.0,2023-12-31,2,14,1,3,40,98,76,75,12,57,10,3
8286,66.0,2024-01-31,3,12,2,2,36,84,45,47,12,51,9,2
8287,66.0,2024-02-29,0,12,1,2,43,82,57,45,16,53,6,5
8288,66.0,2024-03-31,7,14,1,6,36,75,55,77,12,41,8,3
8289,66.0,2024-04-30,8,16,4,0,53,93,43,62,16,58,6,6
8290,66.0,2024-05-31,4,17,4,2,61,105,47,50,22,60,11,5
8291,66.0,2024-06-30,6,20,2,1,61,108,49,65,19,70,13,6
8292,66.0,2024-07-31,6,13,3,2,66,103,56,62,22,68,17,6
8293,66.0,2024-08-31,11,21,2,2,56,98,57,69,20,66,14,4
8294,66.0,2024-09-30,7,15,1,3,56,102,60,77,20,53,4,5
8295,66.0,2024-10-31,6,18,1,5,67,103,71,74,18,55,9,4
8296,66.0,2024-11-30,4,14,5,3,46,67,41,64,15,45,14,1
8297,66.0,2024-12-31,2,17,3,3,43,82,37,63,15,53,3,11
8298,66.0,2025-01-31,3,11,3,3,38,84,40,67,13,48,11,5
8299,66.0,2025-02-28,6,17,1,4,33,58,31,53,9,33,5,6
8300,66.0,2025-03-31,7,18,1,14,49,75,58,80,20,43,8,8
8301,66.0,2025-04-30,9,22,0,10,47,87,38,70,18,52,5,11
8302,66.0,2025-05-31,7,19,3,4,44,82,48,65,17,46,10,10
8303,66.0,2025-06-30,5,19,3,7,55,89,57,64,24,55,15,6
8304,66.0,2025-07-31,6,21,1,2,49,100,42,59,21,61,7,8
8305,66.0,2025-08-31,2,18,0,4,47,97,48,62,13,58,11,7
8306,66.0,2025-09-30,4,17,1,1,48,93,44,51,16,63,7,6
8307,66.0,2025-10-31,6,14,6,2,47,76,59,56,15,42,14,7
8308,66.0,2025-11-30,6,17,3,4,48,97,36,44,12,59,11,9
8309,66.0,2025-12-31,4,14,2,3,40,80,56,47,16,48,9,3
8310,66.0,2026-01-31,6,11,5,5,37,63,42,59,9,34,4,3
8311,66.0,2026-02-28,2,18,1,5,24,80,29,41,11,48,8,5
8312,66.0,2026-03-31,1,10,4,3,32,68,43,47,12,48,10,4
8313,66.0,2026-04-30,3,12,3,2,42,95,39,54,16,54,13,4
8314,66.0,2026-05-31,8,14,5,7,44,84,39,72,16,51,8,12
8315,66.0,2026-06-30,11,20,0,5,47,101,32,50,12,66,10,5
8316,67.0,2016-01-31,10,27,4,9,41,118,59,60,12,70,10,8
8317,67.0,2016-02-29,8,29,4,6,29,114,43,56,10,72,10,5
8318,67.0,2016-03-31,3,28,5,5,53,169,57,75,18,94,17,9
8319,67.0,2016-04-30,12,29,8,5,50,134,76,83,12,89,22,12
8320,67.0,2016-05-31,10,22,6,1,62,143,69,72,17,89,14,11
8321,67.0,2016-06-30,10,40,8,1,61,156,81,87,17,85,16,7
8322,67.0,2016-07-31,8,33,0,4,44,158,66,70,12,95,18,4
8323,67.0,2016-08-31,9,33,2,8,63,153,85,93,23,88,15,11
8324,67.0,2016-09-30,8,25,2,2,50,145,86,84,24,86,20,7
8325,67.0,2016-10-31,8,28,3,3,38,142,62,74,23,80,9,9
8326,67.0,2016-11-30,9,12,4,5,51,118,66,73,24,75,12,9
8327,67.0,2016-12-31,7,29,3,3,44,101,49,56,16,71,13,6
8328,67.0,2017-01-31,11,25,1,6,45,94,61,73,18,66,13,8
8329,67.0,2017-02-28,12,19,5,0,44,95,62,45,18,69,8,10
8330,67.0,2017-03-31,10,22,0,4,42,117,53,53,19,78,9,6
8331,67.0,2017-04-30,13,35,3,7,45,158,65,67,19,94,13,4
8332,67.0,2017-05-31,10,26,7,9,58,145,90,71,23,90,25,10
8333,67.0,2017-06-30,11,20,9,8,62,159,90,93,32,88,20,15
8334,67.0,2017-07-31,15,27,2,10,59,191,86,110,27,120,19,10
8335,67.0,2017-08-31,10,23,6,11,49,160,121,106,25,99,23,13
8336,67.0,2017-09-30,13,26,4,5,50,156,63,94,27,88,13,6
8337,67.0,2017-10-31,12,29,6,5,51,137,80,88,18,86,19,11
8338,67.0,2017-11-30,4,30,4,2,38,114,63,60,16,71,14,7
8339,67.0,2017-12-31,6,15,3,6,43,100,54,78,22,74,13,9
8340,67.0,2018-01-31,8,26,2,1,61,116,44,69,26,90,12,5
8341,67.0,2018-02-28,16,23,3,4,40,98,41,54,17,67,11,5
8342,67.0,2018-03-31,12,24,3,7,60,128,56,70,23,78,10,9
8343,67.0,2018-04-30,13,36,7,10,55,141,62,96,20,87,17,9
8344,67.0,2018-05-31,11,40,10,4,70,175,74,83,28,114,20,16
8345,67.0,2018-06-30,5,29,3,4,63,150,69,90,26,107,17,16
8346,67.0,2018-07-31,14,35,8,6,74,178,67,111,27,110,19,9
8347,67.0,2018-08-31,11,33,6,5,64,167,92,120,30,103,18,12
8348,67.0,2018-09-30,10,15,5,10,63,145,60,112,20,89,15,9
8349,67.0,2018-10-31,8,25,2,5,48,129,65,89,22,94,10,8
8350,67.0,2018-11-30,6,28,4,4,55,128,59,95,22,88,12,13
8351,67.0,2018-12-31,7,18,0,6,40,106,71,89,17,77,20,10
8352,67.0,2019-01-31,10,29,3,8,44,114,61,66,18,83,13,7
8353,67.0,2019-02-28,13,15,3,3,57,102,49,62,23,66,14,15
8354,67.0,2019-03-31,6,23,3,5,52,109,62,56,27,80,19,6
8355,67.0,2019-04-30,6,28,4,7,51,160,46,66,13,109,8,11
8356,67.0,2019-05-31,10,33,7,8,68,166,68,78,21,108,19,13
8357,67.0,2019-06-30,10,40,7,3,63,167,82,80,25,103,27,7
8358,67.0,2019-07-31,15,29,4,6,77,160,72,102,24,97,20,9
8359,67.0,2019-08-31,16,36,3,6,68,155,55,107,15,102,13,21
8360,67.0,2019-09-30,12,39,4,7,83,167,60,76,29,110,12,21
8361,67.0,2019-10-31,10,28,3,7,63,119,56,75,21,69,6,8
8362,67.0,2019-11-30,12,22,4,4,53,116,54,61,25,74,10,11
8363,67.0,2019-12-31,7,32,4,2,51,121,62,80,17,77,13,7
8364,67.0,2020-01-31,6,22,5,4,60,96,60,78,32,65,11,7
8365,67.0,2020-02-29,6,20,4,8,36,88,45,65,14,60,11,5
8366,67.0,2020-03-31,8,26,2,8,48,121,53,64,22,82,16,10
8367,67.0,2020-04-30,3,11,3,1,37,97,70,58,11,56,18,9
8368,67.0,2020-05-31,13,22,2,2,60,151,90,61,22,80,14,12
8369,67.0,2020-06-30,7,13,2,1,50,128,78,53,17,86,25,12
8370,67.0,2020-07-31,10,18,0,0,59,134,91,71,24,72,18,12
8371,67.0,2020-08-31,8,16,3,0,54,142,63,41,23,82,13,6
8372,67.0,2020-09-30,5,10,0,1,58,117,41,61,23,67,10,19
8373,67.0,2020-10-31,2,16,2,0,52,115,73,54,18,69,13,10
8374,67.0,2020-11-30,1,16,3,1,40,110,46,47,15,75,7,5
8375,67.0,2020-12-31,4,13,4,2,45,66,39,49,20,50,4,11
8376,67.0,2021-01-31,4,16,3,0,34,90,44,40,15,71,14,7
8377,67.0,2021-02-28,4,6,2,3,41,65,32,49,22,47,8,4
8378,67.0,2021-03-31,1,15,2,2,32,97,48,58,11,66,14,17
8379,67.0,2021-04-30,6,10,3,2,50,117,59,47,24,79,21,9
8380,67.0,2021-05-31,4,10,3,1,71,110,77,41,33,70,18,13
8381,67.0,2021-06-30,7,9,2,1,66,130,66,41,26,72,17,7
8382,67.0,2021-07-31,1,13,4,2,58,125,69,56,19,75,26,8
8383,67.0,2021-08-31,4,10,2,0,75,109,64,48,22,68,19,5
8384,67.0,2021-09-30,4,6,0,0,58,113,56,42,18,70,17,6
8385,67.0,2021-10-31,2,7,0,0,42,95,65,56,16,54,17,6
8386,67.0,2021-11-30,6,10,1,0,37,70,47,41,18,41,14,5
8387,67.0,2021-12-31,2,8,1,0,44,83,48,53,18,63,14,3
8388,67.0,2022-01-31,2,8,2,0,45,76,50,45,16,52,17,15
8389,67.0,2022-02-28,3,4,0,1,35,73,38,50,17,49,9,2
8390,67.0,2022-03-31,5,5,3,1,43,94,51,56,15,52,17,7
8391,67.0,2022-04-30,6,8,1,0,39,83,63,49,13,54,18,8
8392,67.0,2022-05-31,8,15,3,1,62,120,55,55,24,74,17,7
8393,67.0,2022-06-30,5,8,1,0,49,85,46,71,19,55,7,11
8394,67.0,2022-07-31,3,7,1,0,45,79,60,61,18,47,20,13
8395,67.0,2022-08-31,11,9,1,0,58,91,55,69,26,57,14,14
8396,67.0,2022-09-30,5,8,0,0,39,93,68,55,11,47,16,4
8397,67.0,2022-10-31,2,5,4,1,35,72,75,63,22,49,21,8
8398,67.0,2022-11-30,2,10,1,0,38,74,50,50,17,58,13,5
8399,67.0,2022-12-31,6,3,3,0,40,67,46,59,13,46,13,6
8400,67.0,2023-01-31,6,5,0,0,41,64,53,52,20,41,7,6
8401,67.0,2023-02-28,6,13,3,0,36,68,43,45,12,43,7,4
8402,67.0,2023-03-31,5,8,4,0,49,88,47,62,20,59,7,9
8403,67.0,2023-04-30,7,17,4,0,36,77,53,44,17,48,18,9
8404,67.0,2023-05-31,3,13,2,1,29,81,50,45,8,54,8,7
8405,67.0,2023-06-30,5,14,1,3,45,99,45,63,18,52,7,8
8406,67.0,2023-07-31,7,13,3,3,41,110,55,70,18,61,10,12
8407,67.0,2023-08-31,7,12,2,3,47,96,70,61,15,65,14,4
8408,67.0,2023-09-30,3,7,2,1,46,78,62,44,16,47,11,3
8409,67.0,2023-10-31,9,14,1,0,36,85,55,61,15,46,12,6
8410,67.0,2023-11-30,4,7,2,0,45,70,36,57,20,45,7,8
8411,67.0,2023-12-31,9,11,1,0,44,77,35,34,23,57,7,5
8412,67.0,2024-01-31,3,11,2,1,29,62,46,33,16,44,6,5
8413,67.0,2024-02-29,3,10,1,0,35,70,50,49,12,46,6,1
8414,67.0,2024-03-31,2,16,1,2,42,76,53,54,23,50,6,5
8415,67.0,2024-04-30,2,16,0,0,35,78,47,49,9,45,19,2
8416,67.0,2024-05-31,2,21,2,2,39,103,41,41,11,69,8,8
8417,67.0,2024-06-30,7,11,0,2,50,95,46,50,13,57,14,5
8418,67.0,2024-07-31,7,13,2,0,48,101,48,46,23,64,16,5
8419,67.0,2024-08-31,3,12,0,2,51,98,42,56,24,63,12,12
8420,67.0,2024-09-30,5,19,2,0,43,86,44,59,18,56,9,3
8421,67.0,2024-10-31,0,7,3,1,46,86,53,63,12,52,11,6
8422,67.0,2024-11-30,0,15,0,1,42,81,44,40,21,51,7,5
8423,67.0,2024-12-31,2,15,2,0,34,72,50,45,17,42,6,5
8424,67.0,2025-01-31,5,13,1,0,38,68,40,33,19,46,7,5
8425,67.0,2025-02-28,2,12,5,2,29,61,41,35,8,36,8,4
8426,67.0,2025-03-31,6,17,1,0,55,72,34,50,14,46,6,3
8427,67.0,2025-04-30,4,12,1,1,43,74,51,46,16,45,10,4
8428,67.0,2025-05-31,4,17,3,1,27,87,52,39,13,54,11,2
8429,67.0,2025-06-30,7,20,2,0,43,105,54,52,17,72,10,15
8430,67.0,2025-07-31,7,17,4,2,52,85,58,59,24,47,13,6
8431,67.0,2025-08-31,2,20,1,0,38,92,54,43,13,51,15,9
8432,67.0,2025-09-30,4,12,1,0,47,71,39,56,21,35,12,5
8433,67.0,2025-10-31,2,20,0,1,31,88,45,56,10,49,7,7
8434,67.0,2025-11-30,4,15,4,3,47,66,57,47,18,45,13,3
8435,67.0,2025-12-31,3,13,4,1,44,81,27,51,16,53,8,6
8436,67.0,2026-01-31,5,21,2,1,38,64,35,37,18,39,9,4
8437,67.0,2026-02-28,9,13,3,3,38,65,30,58,12,47,7,10
8438,67.0,2026-03-31,4,13,2,0,33,65,40,54,7,39,6,9
8439,67.0,2026-04-30,5,11,5,1,49,75,45,48,20,43,15,6
8440,67.0,2026-05-31,8,12,3,3,30,78,49,63,7,41,10,9
8441,67.0,2026-06-30,9,16,4,3,30,83,29,44,9,52,8,4
8442,68.0,2016-01-31,4,28,2,5,38,129,34,59,17,67,9,7
8443,68.0,2016-02-29,6,18,7,3,43,128,47,59,19,77,12,6
8444,68.0,2016-03-31,10,31,9,3,61,149,68,58,13,88,19,7
8445,68.0,2016-04-30,14,24,1,4,53,132,57,65,15,86,15,10
8446,68.0,2016-05-31,18,21,8,12,56,152,74,79,19,91,20,5
8447,68.0,2016-06-30,12,30,5,6,56,153,61,64,18,96,10,5
8448,68.0,2016-07-31,11,23,3,9,46,148,51,70,12,90,15,7
8449,68.0,2016-08-31,11,21,2,4,63,132,62,77,19,70,15,7
8450,68.0,2016-09-30,12,28,8,6,52,125,55,70,19,76,13,1
8451,68.0,2016-10-31,18,19,1,3,55,106,54,75,18,63,6,6
8452,68.0,2016-11-30,7,20,2,4,38,117,53,45,14,73,10,4
8453,68.0,2016-12-31,13,26,4,5,43,106,44,58,16,80,16,4
8454,68.0,2017-01-31,6,22,1,4,40,110,45,55,16,77,7,3
8455,68.0,2017-02-28,8,18,2,7,35,108,35,46,10,66,10,9
8456,68.0,2017-03-31,10,24,5,3,38,125,53,56,15,72,21,6
8457,68.0,2017-04-30,8,16,2,8,48,110,68,48,17,63,20,3
8458,68.0,2017-05-31,14,28,6,5,65,155,75,72,19,102,20,13
8459,68.0,2017-06-30,10,24,8,7,64,136,68,64,23,84,20,6
8460,68.0,2017-07-31,9,22,4,4,46,134,55,86,13,87,14,15
8461,68.0,2017-08-31,12,23,5,1,52,138,50,81,27,92,9,9
8462,68.0,2017-09-30,8,27,5,1,65,144,40,75,23,81,9,15
8463,68.0,2017-10-31,7,27,3,6,48,106,60,73,18,60,19,8
8464,68.0,2017-11-30,8,22,4,9,39,119,58,71,15,73,14,11
8465,68.0,2017-12-31,2,17,1,4,35,98,44,79,12,60,14,12
8466,68.0,2018-01-31,4,19,2,2,34,101,53,67,11,73,12,9
8467,68.0,2018-02-28,4,10,3,1,30,70,45,62,7,46,10,9
8468,68.0,2018-03-31,11,21,0,4,40,117,44,77,13,75,11,14
8469,68.0,2018-04-30,3,19,7,10,39,128,59,67,15,82,16,7
8470,68.0,2018-05-31,11,39,5,2,69,189,73,85,28,118,21,16
8471,68.0,2018-06-30,6,20,4,2,50,140,57,77,15,85,12,12
8472,68.0,2018-07-31,8,32,6,4,78,166,58,93,27,109,19,18
8473,68.0,2018-08-31,9,20,6,15,61,154,64,87,21,95,15,12
8474,68.0,2018-09-30,14,35,6,8,54,139,58,86,16,78,10,11
8475,68.0,2018-10-31,6,21,1,1,48,131,52,61,14,80,10,8
8476,68.0,2018-11-30,7,19,0,2,44,104,52,56,16,70,14,7
8477,68.0,2018-12-31,10,33,5,4,48,127,50,65,15,99,10,6
8478,68.0,2019-01-31,5,13,4,2,32,102,39,49,14,72,11,7
8479,68.0,2019-02-28,11,23,3,1,49,115,42,46,15,77,9,10
8480,68.0,2019-03-31,11,27,3,3,55,115,46,60,21,83,11,7
8481,68.0,2019-04-30,12,28,6,2,45,129,51,57,18,82,15,7
8482,68.0,2019-05-31,8,27,6,4,54,141,69,74,21,80,19,7
8483,68.0,2019-06-30,18,28,3,8,60,154,70,62,24,103,16,7
8484,68.0,2019-07-31,17,27,4,4,68,151,63,81,26,100,17,9
8485,68.0,2019-08-31,13,29,3,4,64,133,53,76,25,85,12,12
8486,68.0,2019-09-30,10,22,1,1,56,119,51,68,16,73,10,12
8487,68.0,2019-10-31,7,25,1,5,47,126,58,87,16,72,10,14
8488,68.0,2019-11-30,6,21,2,4,45,94,50,74,21,55,13,10
8489,68.0,2019-12-31,7,26,4,5,43,119,56,68,15,77,13,12
8490,68.0,2020-01-31,9,20,1,6,44,110,54,59,16,72,14,9
8491,68.0,2020-02-29,10,23,3,6,47,110,36,47,14,68,8,2
8492,68.0,2020-03-31,4,29,1,2,42,105,56,40,19,56,12,7
8493,68.0,2020-04-30,3,17,2,1,38,100,48,49,14,60,16,8
8494,68.0,2020-05-31,4,13,3,2,44,115,68,54,12,73,16,7
8495,68.0,2020-06-30,4,10,2,3,69,128,70,61,22,82,25,15
8496,68.0,2020-07-31,4,19,3,1,50,144,62,49,24,87,22,9
8497,68.0,2020-08-31,7,15,3,2,58,126,60,58,26,76,16,13
8498,68.0,2020-09-30,5,9,3,0,42,97,49,45,19,61,23,7
8499,68.0,2020-10-31,3,14,0,0,53,90,40,49,21,59,11,4
8500,68.0,2020-11-30,2,10,1,0,28,92,52,36,14,64,17,7
8501,68.0,2020-12-31,7,6,0,3,45,78,36,53,19,53,15,9
8502,68.0,2021-01-31,4,14,1,0,35,92,49,42,17,61,21,8
8503,68.0,2021-02-28,2,9,0,1,31,74,21,25,10,48,8,6
8504,68.0,2021-03-31,3,14,0,0,54,94,53,35,18,64,16,7
8505,68.0,2021-04-30,4,8,2,0,52,91,56,42,28,70,24,13
8506,68.0,2021-05-31,2,5,3,1,64,111,60,54,22,72,18,21
8507,68.0,2021-06-30,5,10,0,0,51,125,69,52,21,74,19,10
8508,68.0,2021-07-31,6,7,1,1,58,101,71,45,17,56,15,11
8509,68.0,2021-08-31,3,16,1,0,57,101,45,45,28,66,16,7
8510,68.0,2021-09-30,3,12,1,0,52,104,43,41,18,67,5,8
8511,68.0,2021-10-31,2,14,4,1,56,109,55,49,18,65,18,10
8512,68.0,2021-11-30,2,11,3,0,45,79,44,50,11,44,13,8
8513,68.0,2021-12-31,0,13,1,1,46,87,30,57,17,53,7,10
8514,68.0,2022-01-31,1,11,1,0,40,82,27,38,14,61,7,6
8515,68.0,2022-02-28,4,8,2,2,39,70,36,39,12,45,11,4
8516,68.0,2022-03-31,3,10,0,1,65,81,39,45,25,50,16,7
8517,68.0,2022-04-30,3,9,2,2,40,88,51,34,8,51,15,9
8518,68.0,2022-05-31,5,25,1,0,58,122,46,66,27,71,16,9
8519,68.0,2022-06-30,5,14,0,0,50,101,49,64,18,61,14,13
8520,68.0,2022-07-31,5,5,2,1,50,82,40,46,19,51,11,6
8521,68.0,2022-08-31,5,9,1,1,54,102,55,50,19,64,13,10
8522,68.0,2022-09-30,2,8,1,1,62,103,62,69,15,62,21,7
8523,68.0,2022-10-31,1,9,1,0,50,93,55,55,11,57,15,9
8524,68.0,2022-11-30,5,9,1,0,48,77,57,58,17,52,13,6
8525,68.0,2022-12-31,2,6,0,0,43,87,55,60,24,51,9,9
8526,68.0,2023-01-31,4,10,0,1,42,77,49,59,14,55,8,6
8527,68.0,2023-02-28,6,13,2,3,40,96,40,42,12,57,8,8
8528,68.0,2023-03-31,4,13,2,0,52,101,49,54,20,56,13,5
8529,68.0,2023-04-30,3,13,0,3,55,94,51,59,18,57,13,11
8530,68.0,2023-05-31,4,14,3,1,53,109,62,52,22,61,12,9
8531,68.0,2023-06-30,10,13,2,2,57,106,51,60,26,75,14,11
8532,68.0,2023-07-31,6,16,1,3,42,95,73,51,21,74,18,10
8533,68.0,2023-08-31,4,13,1,1,45,97,50,53,20,55,17,9
8534,68.0,2023-09-30,5,10,1,0,48,100,60,56,16,63,13,7
8535,68.0,2023-10-31,5,11,1,2,52,90,43,53,20,52,11,8
8536,68.0,2023-11-30,2,9,0,2,39,89,43,47,10,51,10,5
8537,68.0,2023-12-31,4,8,2,2,45,92,40,61,16,53,8,7
8538,68.0,2024-01-31,2,18,2,0,45,92,43,35,17,56,17,3
8539,68.0,2024-02-29,2,12,1,1,32,86,46,53,13,55,8,3
8540,68.0,2024-03-31,1,17,3,2,34,97,51,45,10,58,16,4
8541,68.0,2024-04-30,2,14,2,0,48,94,36,59,17,61,9,13
8542,68.0,2024-05-31,5,13,2,3,61,124,42,51,20,71,10,7
8543,68.0,2024-06-30,6,14,2,1,50,108,71,53,15,58,15,4
8544,68.0,2024-07-31,6,22,2,3,51,124,60,70,19,75,15,7
8545,68.0,2024-08-31,5,12,0,1,53,105,50,67,13,67,9,5
8546,68.0,2024-09-30,10,24,2,0,73,117,71,62,33,74,17,8
8547,68.0,2024-10-31,4,18,3,0,56,101,45,57,23,60,9,12
8548,68.0,2024-11-30,3,17,1,1,41,94,41,60,14,56,11,5
8549,68.0,2024-12-31,6,17,0,2,49,84,56,57,18,50,17,7
8550,68.0,2025-01-31,2,18,1,2,48,82,39,41,16,41,8,9
8551,68.0,2025-02-28,2,10,2,1,40,63,31,53,10,43,6,10
8552,68.0,2025-03-31,7,22,2,1,37,125,46,62,14,75,8,11
8553,68.0,2025-04-30,3,17,1,0,52,101,44,58,20,59,12,9
8554,68.0,2025-05-31,7,19,0,1,62,103,48,48,16,62,13,11
8555,68.0,2025-06-30,9,14,5,1,53,111,50,65,17,54,12,16
8556,68.0,2025-07-31,10,18,1,3,65,110,53,61,20,68,7,10
8557,68.0,2025-08-31,5,11,2,1,46,107,56,62,14,65,15,4
8558,68.0,2025-09-30,1,10,1,1,39,77,38,53,15,42,7,5
8559,68.0,2025-10-31,6,18,3,3,51,114,62,59,13,67,14,7
8560,68.0,2025-11-30,6,18,1,0,42,83,34,45,18,50,7,10
8561,68.0,2025-12-31,6,13,0,2,40,98,44,44,18,64,10,7
8562,68.0,2026-01-31,5,16,1,0,32,69,37,39,14,47,11,7
8563,68.0,2026-02-28,4,18,1,2,38,66,30,36,15,38,12,3
8564,68.0,2026-03-31,11,20,2,0,45,79,41,44,10,51,14,6
8565,68.0,2026-04-30,12,14,0,3,51,94,28,54,20,57,10,10
8566,68.0,2026-05-31,8,19,2,1,63,110,37,50,21,60,12,9
8567,68.0,2026-06-30,9,34,0,0,43,110,35,35,16,72,10,6
8568,69.0,2016-01-31,12,26,3,11,39,108,51,94,13,67,10,10
8569,69.0,2016-02-29,11,28,3,12,39,125,54,67,11,88,13,4
8570,69.0,2016-03-31,12,35,3,20,49,131,62,97,19,72,18,14
8571,69.0,2016-04-30,11,35,5,18,45,150,67,75,16,91,13,9
8572,69.0,2016-05-31,10,23,3,12,42,133,69,83,18,89,16,15
8573,69.0,2016-06-30,14,31,6,10,55,160,64,93,27,108,15,15
8574,69.0,2016-07-31,9,31,2,6,62,144,73,93,16,92,19,8
8575,69.0,2016-08-31,5,23,4,6,50,140,78,101,15,80,16,9
8576,69.0,2016-09-30,10,31,6,3,49,139,87,85,12,94,16,14
8577,69.0,2016-10-31,9,29,6,2,40,153,64,90,17,97,10,10
8578,69.0,2016-11-30,12,21,4,8,48,121,101,72,15,73,10,3
8579,69.0,2016-12-31,4,29,4,5,44,116,50,76,11,78,12,6
8580,69.0,2017-01-31,11,17,5,6,62,114,59,82,29,74,14,8
8581,69.0,2017-02-28,5,32,6,7,42,109,58,54,17,70,15,2
8582,69.0,2017-03-31,12,33,4,7,46,118,48,80,13,75,10,12
8583,69.0,2017-04-30,10,21,0,7,48,125,59,63,14,66,12,14
8584,69.0,2017-05-31,12,27,4,8,62,157,67,81,20,97,12,16
8585,69.0,2017-06-30,7,19,5,3,65,127,73,88,19,73,21,7
8586,69.0,2017-07-31,11,26,6,8,52,157,76,100,16,87,19,7
8587,69.0,2017-08-31,10,42,5,10,56,138,76,116,21,90,23,11
8588,69.0,2017-09-30,10,26,8,3,61,155,71,76,20,93,15,11
8589,69.0,2017-10-31,10,32,3,4,57,130,61,70,16,74,16,11
8590,69.0,2017-11-30,10,25,5,8,47,126,66,76,18,81,13,9
8591,69.0,2017-12-31,5,30,2,7,39,130,59,80,16,89,14,11
8592,69.0,2018-01-31,8,36,7,8,49,129,51,69,18,88,7,11
8593,69.0,2018-02-28,4,24,3,5,36,86,43,61,13,52,13,14
8594,69.0,2018-03-31,6,21,4,8,50,104,62,73,19,75,18,12
8595,69.0,2018-04-30,8,21,5,12,42,121,67,79,12,72,13,11
8596,69.0,2018-05-31,10,34,4,12,65,160,65,89,20,97,15,8
8597,69.0,2018-06-30,6,35,2,9,50,136,61,97,15,83,16,10
8598,69.0,2018-07-31,14,33,5,7,67,139,72,89,30,92,16,8
8599,69.0,2018-08-31,9,34,10,6,59,154,75,101,18,102,14,8
8600,69.0,2018-09-30,8,24,3,7,57,127,70,84,19,77,18,5
8601,69.0,2018-10-31,10,22,3,9,49,132,56,82,14,84,14,9
8602,69.0,2018-11-30,10,27,4,5,49,127,63,62,14,75,12,8
8603,69.0,2018-12-31,16,31,3,2,60,130,64,70,24,75,18,8
8604,69.0,2019-01-31,12,29,5,5,60,125,54,53,28,86,15,9
8605,69.0,2019-02-28,14,29,7,1,45,116,50,55,18,83,13,6
8606,69.0,2019-03-31,8,36,8,3,41,138,63,70,16,82,14,14
8607,69.0,2019-04-30,9,33,3,3,65,146,57,74,28,101,10,13
8608,69.0,2019-05-31,17,42,4,7,69,174,92,78,30,92,21,14
8609,69.0,2019-06-30,10,23,3,7,48,127,72,96,23,74,15,17
8610,69.0,2019-07-31,10,28,4,14,60,180,82,103,22,109,13,16
8611,69.0,2019-08-31,7,36,5,3,67,167,69,91,23,104,16,10
8612,69.0,2019-09-30,10,29,6,11,53,150,63,92,18,100,18,10
8613,69.0,2019-10-31,15,21,4,2,67,141,72,80,20,85,18,10
8614,69.0,2019-11-30,6,21,6,3,52,129,63,68,18,88,15,7
8615,69.0,2019-12-31,11,23,4,5,54,123,56,100,23,77,10,10
8616,69.0,2020-01-31,9,26,6,5,52,118,60,61,18,82,12,6
8617,69.0,2020-02-29,12,30,11,3,46,125,60,89,17,75,17,11
8618,69.0,2020-03-31,12,25,4,5,44,113,73,67,20,72,16,8
8619,69.0,2020-04-30,5,18,2,0,44,95,54,60,15,68,16,5
8620,69.0,2020-05-31,5,26,5,1,54,132,84,53,18,77,19,6
8621,69.0,2020-06-30,6,16,1,1,62,101,73,45,20,60,18,7
8622,69.0,2020-07-31,5,23,1,3,58,135,87,78,25,84,21,15
8623,69.0,2020-08-31,9,17,4,2,61,117,64,67,24,73,20,11
8624,69.0,2020-09-30,7,19,2,0,46,111,76,62,22,66,10,11
8625,69.0,2020-10-31,4,16,3,2,56,111,55,71,19,70,12,13
8626,69.0,2020-11-30,10,10,1,2,59,105,55,53,21,77,15,10
8627,69.0,2020-12-31,4,11,1,1,51,94,49,60,22,59,17,11
8628,69.0,2021-01-31,6,15,2,3,41,103,57,50,15,75,6,7
8629,69.0,2021-02-28,4,17,3,2,51,103,55,36,13,70,18,9
8630,69.0,2021-03-31,3,20,2,0,52,108,51,44,21,72,12,6
8631,69.0,2021-04-30,7,7,0,1,64,101,49,57,30,58,15,16
8632,69.0,2021-05-31,3,20,1,1,69,116,99,61,22,77,35,13
8633,69.0,2021-06-30,3,6,1,0,58,112,65,74,17,68,15,16
8634,69.0,2021-07-31,4,14,5,1,63,134,87,55,26,86,25,12
8635,69.0,2021-08-31,4,12,3,1,68,118,76,58,20,73,20,15
8636,69.0,2021-09-30,4,15,3,0,49,113,60,57,18,74,19,13
8637,69.0,2021-10-31,2,11,2,0,67,104,70,64,22,56,20,13
8638,69.0,2021-11-30,2,19,2,4,64,116,60,77,19,69,19,8
8639,69.0,2021-12-31,2,8,1,0,56,92,59,59,27,59,15,13
8640,69.0,2022-01-31,4,11,4,0,53,90,62,43,11,54,12,10
8641,69.0,2022-02-28,4,7,1,0,37,80,38,52,11,54,7,6
8642,69.0,2022-03-31,8,13,3,0,66,93,52,65,24,61,14,7
8643,69.0,2022-04-30,3,15,3,1,55,99,61,76,20,59,17,11
8644,69.0,2022-05-31,4,15,2,0,62,121,55,76,22,66,15,15
8645,69.0,2022-06-30,2,17,2,2,59,124,73,82,17,67,16,10
8646,69.0,2022-07-31,7,11,4,3,55,122,63,89,10,66,11,11
8647,69.0,2022-08-31,5,19,1,1,64,102,71,91,23,61,8,10
8648,69.0,2022-09-30,7,12,2,1,52,110,66,70,21,59,8,7
8649,69.0,2022-10-31,4,17,1,1,40,109,69,57,14,68,15,8
8650,69.0,2022-11-30,3,10,0,0,47,80,61,57,12,49,13,3
8651,69.0,2022-12-31,3,18,0,4,45,100,50,82,16,57,10,9
8652,69.0,2023-01-31,5,20,1,1,53,97,64,70,16,76,12,10
8653,69.0,2023-02-28,4,15,3,5,48,95,57,76,22,57,14,10
8654,69.0,2023-03-31,5,19,3,3,58,114,80,69,13,69,19,10
8655,69.0,2023-04-30,3,21,1,1,49,135,68,63,17,90,15,7
8656,69.0,2023-05-31,10,10,2,2,63,117,72,72,17,66,11,10
8657,69.0,2023-06-30,4,15,3,0,53,127,75,81,26,83,16,15
8658,69.0,2023-07-31,8,21,2,2,63,130,74,90,24,82,23,15
8659,69.0,2023-08-31,4,18,4,2,66,117,94,75,20,71,21,7
8660,69.0,2023-09-30,6,19,1,2,50,116,71,89,17,64,15,7
8661,69.0,2023-10-31,7,15,4,3,64,132,89,104,21,69,20,9
8662,69.0,2023-11-30,2,15,0,2,71,115,53,81,21,71,14,5
8663,69.0,2023-12-31,8,13,5,1,70,100,71,82,24,63,16,9
8664,69.0,2024-01-31,5,11,2,1,46,105,50,80,14,64,9,8
8665,69.0,2024-02-29,4,13,1,2,37,103,62,55,12,69,12,4
8666,69.0,2024-03-31,6,17,0,4,47,126,56,88,16,85,11,9
8667,69.0,2024-04-30,4,20,2,6,56,136,50,70,18,81,20,8
8668,69.0,2024-05-31,7,21,8,1,83,147,70,68,27,92,23,4
8669,69.0,2024-06-30,7,24,4,4,80,133,76,81,22,81,20,7
8670,69.0,2024-07-31,9,17,5,1,68,128,70,71,23,73,17,5
8671,69.0,2024-08-31,6,20,2,2,74,106,64,90,23,69,13,9
8672,69.0,2024-09-30,11,16,3,4,57,140,58,86,25,81,17,14
8673,69.0,2024-10-31,7,15,6,3,56,115,75,107,26,62,14,12
8674,69.0,2024-11-30,7,13,1,2,43,91,49,85,14,51,14,10
8675,69.0,2024-12-31,6,14,1,3,44,108,48,81,12,72,13,15
8676,69.0,2025-01-31,2,10,3,0,47,84,51,43,16,46,8,10
8677,69.0,2025-02-28,6,22,0,2,45,91,36,50,12,65,10,2
8678,69.0,2025-03-31,7,26,3,2,50,124,49,71,21,83,19,13
8679,69.0,2025-04-30,3,24,4,2,78,106,64,83,30,60,18,16
8680,69.0,2025-05-31,3,28,1,3,64,117,66,85,20,61,16,17
8681,69.0,2025-06-30,7,32,3,3,72,146,69,95,27,86,14,17
8682,69.0,2025-07-31,16,19,5,1,77,138,68,82,27,90,15,9
8683,69.0,2025-08-31,8,28,4,0,72,124,80,77,22,78,22,10
8684,69.0,2025-09-30,8,23,2,0,69,116,55,76,20,81,11,17
8685,69.0,2025-10-31,4,26,3,2,59,122,82,78,25,74,18,13
8686,69.0,2025-11-30,11,18,3,2,65,124,70,81,33,79,12,5
8687,69.0,2025-12-31,10,25,1,1,63,94,50,57,23,63,10,6
8688,69.0,2026-01-31,5,23,3,3,55,109,50,64,20,66,8,11
8689,69.0,2026-02-28,7,8,1,3,39,100,30,49,11,66,5,6
8690,69.0,2026-03-31,8,26,6,1,75,126,54,68,26,80,14,9
8691,69.0,2026-04-30,7,29,3,5,70,138,52,79,17,77,28,17
8692,69.0,2026-05-31,8,26,3,4,56,134,55,67,7,78,16,10
8693,69.0,2026-06-30,5,24,4,4,54,114,65,75,22,69,21,10
8694,70.0,2016-01-31,3,8,3,4,9,31,29,35,2,15,3,1
8695,70.0,2016-02-29,2,8,3,4,11,28,23,41,3,15,3,2
8696,70.0,2016-03-31,5,7,0,2,20,36,21,39,6,19,4,1
8697,70.0,2016-04-30,5,7,4,2,22,40,41,40,4,25,5,3
8698,70.0,2016-05-31,2,7,0,4,19,42,30,48,3,23,6,0
8699,70.0,2016-06-30,4,7,0,4,12,42,25,44,4,27,5,3
8700,70.0,2016-07-31,2,10,0,1,23,38,31,51,3,25,4,2
8701,70.0,2016-08-31,1,6,1,2,14,36,29,67,5,25,5,4
8702,70.0,2016-09-30,3,4,2,1,20,34,38,54,4,16,1,1
8703,70.0,2016-10-31,4,5,1,4,26,45,50,51,5,15,2,1
8704,70.0,2016-11-30,2,5,3,4,12,27,40,50,5,13,4,2
8705,70.0,2016-12-31,0,6,0,0,11,27,29,44,3,20,0,3
8706,70.0,2017-01-31,3,9,1,2,11,42,36,43,1,22,4,2
8707,70.0,2017-02-28,2,8,1,1,12,33,35,37,4,16,2,0
8708,70.0,2017-03-31,2,1,3,6,10,28,53,44,3,16,6,2
8709,70.0,2017-04-30,3,10,3,1,18,44,34,26,6,22,5,2
8710,70.0,2017-05-31,0,7,1,1,16,39,31,25,8,26,6,3
8711,70.0,2017-06-30,0,9,2,2,14,38,31,37,5,18,6,2
8712,70.0,2017-07-31,1,4,2,1,10,45,25,41,2,32,4,2
8713,70.0,2017-08-31,2,4,0,2,18,29,28,36,5,20,2,1
8714,70.0,2017-09-30,1,3,0,3,15,31,37,44,3,18,3,0
8715,70.0,2017-10-31,4,8,0,1,18,43,23,47,6,22,2,2
8716,70.0,2017-11-30,2,7,1,2,14,39,28,53,4,19,0,0
8717,70.0,2017-12-31,0,2,1,2,13,37,18,36,2,21,3,3
8718,70.0,2018-01-31,1,7,0,1,17,42,17,37,5,26,4,3
8719,70.0,2018-02-28,4,7,2,1,9,25,20,21,4,15,3,1
8720,70.0,2018-03-31,3,7,0,1,21,31,25,29,6,18,2,2
8721,70.0,2018-04-30,0,5,1,2,10,35,19,39,3,17,0,1
8722,70.0,2018-05-31,3,7,0,1,20,41,22,61,5,21,3,4
8723,70.0,2018-06-30,1,5,0,5,13,48,41,50,7,30,6,3
8724,70.0,2018-07-31,2,5,0,2,23,41,25,50,9,33,2,3
8725,70.0,2018-08-31,1,8,1,1,18,39,39,44,11,31,2,2
8726,70.0,2018-09-30,3,5,0,3,25,37,25,35,13,16,3,1
8727,70.0,2018-10-31,2,12,2,2,25,40,32,28,5,16,7,0
8728,70.0,2018-11-30,2,7,1,1,17,32,24,51,5,22,4,2
8729,70.0,2018-12-31,2,12,0,4,10,39,34,40,3,26,7,0
8730,70.0,2019-01-31,3,9,2,1,21,31,18,35,9,19,1,1
8731,70.0,2019-02-28,0,9,0,1,13,27,21,27,1,12,4,1
8732,70.0,2019-03-31,2,8,1,1,24,34,19,22,3,19,3,0
8733,70.0,2019-04-30,3,7,1,3,17,32,24,29,5,21,5,1
8734,70.0,2019-05-31,7,11,2,2,21,49,27,40,9,22,8,1
8735,70.0,2019-06-30,4,7,0,2,19,41,29,33,8,23,3,2
8736,70.0,2019-07-31,1,2,3,0,22,24,36,37,8,12,3,1
8737,70.0,2019-08-31,3,12,0,0,22,34,25,43,4,26,2,1
8738,70.0,2019-09-30,2,7,2,2,21,33,23,44,9,24,4,2
8739,70.0,2019-10-31,4,8,0,1,18,41,24,34,5,24,4,2
8740,70.0,2019-11-30,2,7,0,1,15,27,27,37,5,20,1,3
8741,70.0,2019-12-31,3,5,1,2,16,36,27,58,3,20,4,3
8742,70.0,2020-01-31,4,4,0,1,12,34,17,38,2,17,1,1
8743,70.0,2020-02-29,4,5,0,0,15,41,19,31,5,29,1,1
8744,70.0,2020-03-31,2,2,2,0,15,24,12,22,6,14,3,2
8745,70.0,2020-04-30,1,2,0,0,11,27,11,22,3,21,3,1
8746,70.0,2020-05-31,2,5,1,0,11,28,24,18,4,21,8,1
8747,70.0,2020-06-30,2,6,0,0,22,29,26,22,6,16,5,1
8748,70.0,2020-07-31,1,4,0,2,20,29,20,30,6,20,2,3
8749,70.0,2020-08-31,0,6,1,0,14,36,19,32,2,23,3,4
8750,70.0,2020-09-30,0,1,1,0,14,33,27,21,5,20,5,3
8751,70.0,2020-10-31,1,6,2,1,21,25,29,25,6,15,6,0
8752,70.0,2020-11-30,0,3,0,0,10,18,15,30,4,14,1,2
8753,70.0,2020-12-31,2,2,0,0,14,21,12,22,7,14,4,1
8754,70.0,2021-01-31,2,3,0,0,9,29,11,20,6,23,1,3
8755,70.0,2021-02-28,4,3,0,0,10,17,13,13,3,15,3,0
8756,70.0,2021-03-31,0,1,1,0,13,9,21,13,7,7,4,2
8757,70.0,2021-04-30,0,3,0,0,16,18,22,19,4,14,6,0
8758,70.0,2021-05-31,1,4,0,1,20,37,17,15,1,21,3,3
8759,70.0,2021-06-30,0,3,0,0,16,35,13,17,5,25,2,0
8760,70.0,2021-07-31,0,2,1,0,20,27,21,27,7,15,4,2
8761,70.0,2021-08-31,1,4,1,0,11,30,20,22,4,21,5,2
8762,70.0,2021-09-30,1,4,1,0,14,29,27,28,5,16,3,3
8763,70.0,2021-10-31,2,1,0,0,18,22,11,33,3,14,3,1
8764,70.0,2021-11-30,2,1,1,0,11,34,17,38,2,17,2,2
8765,70.0,2021-12-31,1,6,0,1,16,26,17,36,4,15,5,2
8766,70.0,2022-01-31,1,5,1,0,14,31,18,23,4,22,3,2
8767,70.0,2022-02-28,0,5,5,0,14,22,20,16,2,11,7,2
8768,70.0,2022-03-31,0,1,0,0,19,27,20,20,3,12,2,0
8769,70.0,2022-04-30,0,1,1,0,13,26,19,30,3,18,4,2
8770,70.0,2022-05-31,3,2,0,0,25,45,23,36,4,25,8,3
8771,70.0,2022-06-30,2,4,1,0,19,29,32,29,5,16,5,2
8772,70.0,2022-07-31,1,4,1,0,18,23,20,36,8,15,5,0
8773,70.0,2022-08-31,2,5,0,0,17,26,17,39,7,23,1,2
8774,70.0,2022-09-30,1,5,1,0,25,40,20,35,13,23,4,5
8775,70.0,2022-10-31,2,6,1,2,15,40,26,41,6,20,1,4
8776,70.0,2022-11-30,1,0,0,0,16,19,29,31,5,9,3,2
8777,70.0,2022-12-31,2,6,0,0,12,24,19,37,6,19,3,3
8778,70.0,2023-01-31,0,7,1,1,11,22,13,35,1,16,1,1
8779,70.0,2023-02-28,1,6,1,0,17,36,18,37,5,22,3,2
8780,70.0,2023-03-31,0,4,0,1,15,29,34,31,2,19,8,1
8781,70.0,2023-04-30,1,6,0,0,15,44,29,29,10,25,6,2
8782,70.0,2023-05-31,0,5,0,0,15,40,17,37,4,22,5,4
8783,70.0,2023-06-30,1,1,2,0,15,9,20,35,3,4,4,2
8784,70.0,2023-07-31,0,6,1,0,25,34,25,40,6,20,3,1
8785,70.0,2023-08-31,2,7,1,0,20,35,15,33,8,22,3,4
8786,70.0,2023-09-30,2,1,0,0,26,28,19,32,8,10,4,2
8787,70.0,2023-10-31,1,2,2,0,22,27,32,38,7,20,5,2
8788,70.0,2023-11-30,0,5,0,1,11,34,26,33,1,26,0,1
8789,70.0,2023-12-31,1,5,0,1,19,29,21,49,5,16,4,0
8790,70.0,2024-01-31,2,1,0,1,20,28,15,44,7,14,3,3
8791,70.0,2024-02-29,1,3,1,2,14,24,23,37,2,14,7,3
8792,70.0,2024-03-31,2,1,0,1,22,22,45,34,6,12,5,1
8793,70.0,2024-04-30,3,6,4,0,18,39,28,20,2,22,5,1
8794,70.0,2024-05-31,1,1,0,0,24,39,23,36,3,21,5,2
8795,70.0,2024-06-30,0,4,0,0,21,36,30,37,4,23,5,1
8796,70.0,2024-07-31,2,3,0,0,14,30,25,40,6,17,1,2
8797,70.0,2024-08-31,1,2,1,4,11,29,16,32,4,20,3,2
8798,70.0,2024-09-30,0,4,0,0,21,40,18,43,8,21,4,4
8799,70.0,2024-10-31,1,0,0,0,30,40,33,37,8,22,2,5
8800,70.0,2024-11-30,3,6,2,0,23,24,24,43,8,18,4,1
8801,70.0,2024-12-31,3,4,2,1,24,28,15,29,7,14,4,1
8802,70.0,2025-01-31,2,5,0,0,16,26,19,16,5,16,1,2
8803,70.0,2025-02-28,0,1,0,3,12,22,17,21,4,16,3,2
8804,70.0,2025-03-31,3,7,0,3,19,31,21,27,2,17,4,1
8805,70.0,2025-04-30,0,8,1,1,20,38,18,24,5,24,4,2
8806,70.0,2025-05-31,2,3,0,1,21,27,12,19,8,15,1,2
8807,70.0,2025-06-30,0,5,0,2,21,34,16,28,7,21,5,1
8808,70.0,2025-07-31,0,7,0,1,21,37,16,31,7,23,0,3
8809,70.0,2025-08-31,3,1,4,1,15,27,22,36,2,14,5,3
8810,70.0,2025-09-30,0,4,0,2,16,36,18,33,7,19,2,4
8811,70.0,2025-10-31,0,3,2,0,22,41,25,34,10,26,2,3
8812,70.0,2025-11-30,1,6,0,0,12,33,32,15,3,22,1,2
8813,70.0,2025-12-31,4,7,0,0,20,33,20,26,6,18,3,3
8814,70.0,2026-01-31,1,4,1,1,10,24,19,19,4,19,5,1
8815,70.0,2026-02-28,0,5,0,0,20,30,15,33,5,20,4,2
8816,70.0,2026-03-31,2,3,1,0,21,28,18,22,5,16,5,0
8817,70.0,2026-04-30,0,4,0,0,20,17,6,24,6,10,2,4
8818,70.0,2026-05-31,1,3,1,1,20,30,18,39,4,15,5,3
8819,70.0,2026-06-30,1,4,1,0,12,35,16,16,4,23,4,1
8820,71.0,2016-01-31,6,39,1,14,42,118,58,94,16,75,10,10
8821,71.0,2016-02-29,9,25,4,7,38,111,55,83,16,72,9,10
8822,71.0,2016-03-31,13,37,3,12,50,159,74,96,18,103,14,15
8823,71.0,2016-04-30,9,31,8,6,52,131,89,89,18,82,21,9
8824,71.0,2016-05-31,15,25,5,20,55,139,81,102,23,94,17,12
8825,71.0,2016-06-30,12,32,8,11,58,163,86,112,20,112,17,14
8826,71.0,2016-07-31,11,31,9,3,62,159,104,110,19,110,18,14
8827,71.0,2016-08-31,15,31,11,13,72,160,95,113,29,106,26,9
8828,71.0,2016-09-30,13,33,6,10,57,157,85,90,22,101,20,18
8829,71.0,2016-10-31,15,36,9,12,71,174,106,105,25,108,23,15
8830,71.0,2016-11-30,5,29,4,13,39,140,92,97,14,86,19,11
8831,71.0,2016-12-31,8,25,6,5,44,114,64,63,17,78,14,9
8832,71.0,2017-01-31,12,31,7,10,56,136,80,89,26,100,15,9
8833,71.0,2017-02-28,10,29,6,13,50,118,58,94,23,76,14,10
8834,71.0,2017-03-31,5,37,8,3,37,140,62,77,13,93,13,8
8835,71.0,2017-04-30,18,40,8,10,67,177,85,82,24,107,26,6
8836,71.0,2017-05-31,16,30,4,11,78,139,69,118,20,81,14,17
8837,71.0,2017-06-30,9,33,7,11,69,156,72,125,30,95,17,14
8838,71.0,2017-07-31,10,26,5,13,75,161,72,124,26,99,20,15
8839,71.0,2017-08-31,12,25,8,14,62,143,98,116,23,103,16,17
8840,71.0,2017-09-30,8,32,4,7,54,135,75,109,17,88,7,13
8841,71.0,2017-10-31,11,26,0,8,55,123,68,105,18,82,14,9
8842,71.0,2017-11-30,13,20,5,5,60,110,58,72,22,82,16,10
8843,71.0,2017-12-31,7,26,0,7,47,144,63,98,22,96,13,11
8844,71.0,2018-01-31,12,25,4,10,46,121,63,106,18,83,6,11
8845,71.0,2018-02-28,6,28,2,14,47,116,44,78,19,88,8,10
8846,71.0,2018-03-31,8,24,9,9,52,143,73,81,19,94,16,10
8847,71.0,2018-04-30,12,26,3,5,49,97,60,87,12,66,19,9
8848,71.0,2018-05-31,17,43,4,12,61,170,93,106,29,116,16,13
8849,71.0,2018-06-30,14,26,2,10,61,140,67,101,28,98,20,12
8850,71.0,2018-07-31,12,30,11,8,76,164,87,114,29,112,19,11
8851,71.0,2018-08-31,9,39,5,7,58,153,79,109,27,109,17,10
8852,71.0,2018-09-30,11,33,4,4,72,136,60,108,30,88,14,11
8853,71.0,2018-10-31,15,30,7,10,60,133,62,106,28,87,12,8
8854,71.0,2018-11-30,15,37,6,17,61,130,61,101,30,103,17,14
8855,71.0,2018-12-31,12,41,3,14,74,154,66,98,39,105,22,11
8856,71.0,2019-01-31,16,27,4,4,59,112,49,71,26,78,13,6
8857,71.0,2019-02-28,10,37,5,16,52,129,46,87,27,82,14,9
8858,71.0,2019-03-31,15,37,7,4,55,139,55,78,25,97,21,17
8859,71.0,2019-04-30,15,31,5,4,63,134,69,87,21,99,17,12
8860,71.0,2019-05-31,15,36,8,13,72,166,85,106,25,109,28,16
8861,71.0,2019-06-30,14,47,4,9,73,171,74,107,26,117,18,9
8862,71.0,2019-07-31,15,35,2,14,76,155,74,117,32,109,12,15
8863,71.0,2019-08-31,16,44,5,10,71,157,88,109,28,110,22,8
8864,71.0,2019-09-30,12,44,6,7,65,154,83,92,29,97,15,9
8865,71.0,2019-10-31,9,38,6,11,47,157,102,119,14,102,15,11
8866,71.0,2019-11-30,15,34,7,9,70,129,63,70,28,88,11,13
8867,71.0,2019-12-31,18,40,11,7,53,131,67,102,23,97,23,8
8868,71.0,2020-01-31,11,33,9,11,50,123,55,99,15,87,11,10
8869,71.0,2020-02-29,6,29,5,11,36,116,47,80,8,80,10,8
8870,71.0,2020-03-31,8,35,5,7,41,146,69,74,16,101,14,5
8871,71.0,2020-04-30,5,13,0,0,32,80,53,56,13,53,8,11
8872,71.0,2020-05-31,3,17,6,5,40,128,80,70,18,77,14,9
8873,71.0,2020-06-30,6,29,8,0,64,142,95,63,22,91,32,7
8874,71.0,2020-07-31,9,24,2,5,82,156,98,72,34,101,25,16
8875,71.0,2020-08-31,5,23,6,5,61,126,79,84,28,82,25,15
8876,71.0,2020-09-30,7,25,8,4,65,97,83,98,24,64,18,15
8877,71.0,2020-10-31,8,24,5,2,56,131,86,66,24,93,22,9
8878,71.0,2020-11-30,5,25,3,6,45,105,52,83,23,74,16,10
8879,71.0,2020-12-31,6,23,2,6,35,93,58,76,16,62,21,9
8880,71.0,2021-01-31,4,26,2,3,58,111,57,69,23,82,19,13
8881,71.0,2021-02-28,3,21,1,2,42,90,47,53,14,63,16,8
8882,71.0,2021-03-31,6,21,4,3,58,124,72,59,28,84,19,11
8883,71.0,2021-04-30,6,15,5,6,54,99,77,77,29,65,24,15
8884,71.0,2021-05-31,4,25,1,0,56,119,76,65,24,78,26,14
8885,71.0,2021-06-30,3,16,3,1,53,112,88,61,28,84,30,15
8886,71.0,2021-07-31,7,17,4,2,75,121,90,66,29,84,27,13
8887,71.0,2021-08-31,3,27,2,1,51,128,83,72,17,92,19,19
8888,71.0,2021-09-30,4,15,4,0,62,100,72,68,22,68,14,15
8889,71.0,2021-10-31,3,14,1,2,56,120,73,74,21,80,10,9
8890,71.0,2021-11-30,6,17,3,2,65,90,71,72,26,66,27,5
8891,71.0,2021-12-31,5,14,2,1,70,106,71,69,28,69,21,4
8892,71.0,2022-01-31,4,13,1,1,54,95,60,51,26,74,15,6
8893,71.0,2022-02-28,3,11,3,2,54,101,47,78,18,66,18,8
8894,71.0,2022-03-31,5,18,5,1,55,112,97,87,20,69,22,9
8895,71.0,2022-04-30,8,13,2,1,56,106,70,64,27,78,13,6
8896,71.0,2022-05-31,4,23,1,0,54,124,84,88,16,75,23,5
8897,71.0,2022-06-30,6,12,1,1,65,113,59,87,29,68,14,5
8898,71.0,2022-07-31,4,11,2,1,53,115,75,93,19,74,15,19
8899,71.0,2022-08-31,6,14,3,0,63,95,69,77,21,60,17,8
8900,71.0,2022-09-30,6,8,2,1,72,121,90,74,35,76,21,8
8901,71.0,2022-10-31,3,14,0,3,55,99,85,112,22,60,19,14
8902,71.0,2022-11-30,3,15,1,0,57,96,73,60,22,63,13,2
8903,71.0,2022-12-31,7,17,2,2,41,95,65,85,20,68,8,9
8904,71.0,2023-01-31,4,21,3,2,46,116,75,71,17,79,13,9
8905,71.0,2023-02-28,6,11,0,3,42,82,45,72,15,57,10,5
8906,71.0,2023-03-31,1,21,1,2,63,105,54,74,23,60,12,8
8907,71.0,2023-04-30,7,12,4,1,62,108,74,75,23,74,18,14
8908,71.0,2023-05-31,6,24,1,3,71,130,82,66,22,92,28,9
8909,71.0,2023-06-30,8,15,1,4,61,106,79,98,18,76,13,12
8910,71.0,2023-07-31,7,14,1,3,61,121,79,82,27,80,14,16
8911,71.0,2023-08-31,10,17,2,2,64,132,75,83,22,82,17,11
8912,71.0,2023-09-30,2,17,1,0,58,119,67,88,18,76,18,14
8913,71.0,2023-10-31,5,22,2,4,72,128,74,86,30,78,16,14
8914,71.0,2023-11-30,6,12,0,2,55,98,70,86,19,65,14,11
8915,71.0,2023-12-31,4,12,3,3,47,107,70,95,13,78,19,5
8916,71.0,2024-01-31,7,30,0,2,50,98,79,65,18,72,11,6
8917,71.0,2024-02-29,0,19,1,2,50,104,70,71,21,66,13,3
8918,71.0,2024-03-31,3,15,4,3,63,113,106,81,30,69,26,12
8919,71.0,2024-04-30,2,12,0,1,59,122,81,66,22,76,16,16
8920,71.0,2024-05-31,7,21,5,3,74,113,82,90,35,78,13,12
8921,71.0,2024-06-30,5,15,3,3,75,135,88,75,30,92,27,8
8922,71.0,2024-07-31,8,18,1,0,80,121,82,84,36,85,23,17
8923,71.0,2024-08-31,3,16,3,3,75,106,74,79,36,63,14,9
8924,71.0,2024-09-30,4,19,3,1,66,122,96,69,23,76,21,12
8925,71.0,2024-10-31,5,16,1,6,88,126,82,83,43,95,28,12
8926,71.0,2024-11-30,4,12,3,2,49,98,70,68,23,73,17,9
8927,71.0,2024-12-31,3,12,1,3,45,103,69,72,22,75,19,13
8928,71.0,2025-01-31,7,15,3,4,49,88,60,84,15,55,17,7
8929,71.0,2025-02-28,0,17,0,0,38,85,37,65,21,54,8,10
8930,71.0,2025-03-31,4,14,2,2,50,106,56,66,22,78,10,11
8931,71.0,2025-04-30,5,12,7,4,68,107,73,77,24,70,27,14
8932,71.0,2025-05-31,5,17,2,1,61,112,74,67,28,76,21,8
8933,71.0,2025-06-30,4,15,3,4,75,126,72,92,29,83,24,14
8934,71.0,2025-07-31,10,18,7,5,75,116,99,99,36,82,28,18
8935,71.0,2025-08-31,8,19,1,3,65,128,61,65,25,84,12,11
8936,71.0,2025-09-30,10,17,0,2,61,106,54,61,26,57,11,13
8937,71.0,2025-10-31,4,16,5,2,57,92,100,61,24,60,9,8
8938,71.0,2025-11-30,7,19,2,1,45,100,120,75,20,69,18,11
8939,71.0,2025-12-31,7,12,4,8,47,86,71,80,25,68,8,9
8940,71.0,2026-01-31,6,14,1,16,40,76,58,86,10,54,11,8
8941,71.0,2026-02-28,5,11,1,12,67,83,55,61,35,62,8,9
8942,71.0,2026-03-31,3,12,2,2,42,82,62,60,19,59,19,8
8943,71.0,2026-04-30,4,14,2,8,43,104,50,84,13,78,16,10
8944,71.0,2026-05-31,1,17,0,4,47,132,60,97,19,93,19,13
8945,71.0,2026-06-30,4,15,3,6,43,109,56,81,18,74,14,13
8946,72.0,2016-01-31,0,2,0,0,6,10,4,6,1,6,0,1
8947,72.0,2016-02-29,0,2,0,0,3,11,5,5,2,8,0,2
8948,72.0,2016-03-31,1,1,1,1,3,8,20,19,1,3,1,1
8949,72.0,2016-04-30,0,0,0,1,4,8,10,17,0,5,2,0
8950,72.0,2016-05-31,0,1,0,0,7,9,16,18,1,4,0,1
8951,72.0,2016-06-30,0,0,0,2,4,9,5,27,1,7,0,1
8952,72.0,2016-07-31,1,0,0,1,4,8,21,29,2,2,1,2
8953,72.0,2016-08-31,0,1,0,2,4,10,9,34,0,4,0,3
8954,72.0,2016-09-30,1,1,0,3,2,11,10,30,0,3,1,0
8955,72.0,2016-10-31,0,2,0,3,10,7,14,30,3,6,2,1
8956,72.0,2016-11-30,1,1,0,0,5,6,13,19,1,4,0,0
8957,72.0,2016-12-31,0,3,0,2,4,13,8,11,3,8,1,0
8958,72.0,2017-01-31,0,1,0,2,2,7,9,14,1,3,0,0
8959,72.0,2017-02-28,0,3,1,2,2,4,11,16,2,2,0,2
8960,72.0,2017-03-31,2,1,0,2,9,6,7,13,1,2,2,0
8961,72.0,2017-04-30,0,0,0,0,1,6,11,12,0,4,1,0
8962,72.0,2017-05-31,2,4,1,3,10,11,9,21,2,6,2,0
8963,72.0,2017-06-30,2,4,1,3,8,12,34,24,2,4,2,0
8964,72.0,2017-07-31,2,2,1,3,6,10,8,20,2,7,3,0
8965,72.0,2017-08-31,0,2,0,2,4,9,12,30,2,6,0,1
8966,72.0,2017-09-30,0,0,2,3,5,6,7,21,2,3,1,1
8967,72.0,2017-10-31,0,2,0,0,6,11,5,27,0,4,1,0
8968,72.0,2017-11-30,2,2,0,1,7,8,10,20,1,5,1,0
8969,72.0,2017-12-31,0,3,0,1,3,8,6,20,1,4,0,0
8970,72.0,2018-01-31,1,3,0,2,5,6,7,19,1,6,0,1
8971,72.0,2018-02-28,0,0,0,2,3,6,5,9,0,2,0,0
8972,72.0,2018-03-31,1,3,1,2,6,12,7,18,0,3,0,0
8973,72.0,2018-04-30,0,1,0,0,4,10,11,15,1,8,0,0
8974,72.0,2018-05-31,1,2,0,2,12,8,9,26,5,6,0,2
8975,72.0,2018-06-30,0,3,0,3,8,17,12,28,4,11,0,1
8976,72.0,2018-07-31,0,3,0,5,3,15,16,26,0,14,1,2
8977,72.0,2018-08-31,1,1,0,2,4,8,4,30,2,5,0,1
8978,72.0,2018-09-30,0,0,0,0,3,10,6,26,1,7,1,0
8979,72.0,2018-10-31,0,3,2,0,3,10,17,14,2,5,0,0
8980,72.0,2018-11-30,0,0,0,1,4,6,12,17,2,2,1,0
8981,72.0,2018-12-31,0,1,0,2,2,7,17,18,1,5,1,0
8982,72.0,2019-01-31,0,2,0,0,2,8,13,12,1,5,0,0
8983,72.0,2019-02-28,0,1,0,0,4,9,4,14,2,7,0,0
8984,72.0,2019-03-31,1,3,0,1,1,11,12,10,0,6,0,1
8985,72.0,2019-04-30,0,3,0,0,5,7,10,15,0,6,1,0
8986,72.0,2019-05-31,0,0,0,1,4,8,11,23,2,4,0,0
8987,72.0,2019-06-30,0,1,1,1,5,6,10,24,1,2,0,1
8988,72.0,2019-07-31,3,1,0,0,12,10,9,34,6,6,1,2
8989,72.0,2019-08-31,2,1,0,3,8,10,11,29,2,7,1,0
8990,72.0,2019-09-30,0,4,0,0,4,11,3,15,2,4,0,0
8991,72.0,2019-10-31,1,3,0,3,5,8,8,24,1,4,2,1
8992,72.0,2019-11-30,1,4,0,1,4,10,5,14,1,4,2,0
8993,72.0,2019-12-31,3,1,1,0,4,7,7,22,4,4,0,1
8994,72.0,2020-01-31,0,1,0,1,8,6,8,15,2,4,0,0
8995,72.0,2020-02-29,0,5,0,1,3,8,7,16,1,4,0,1
8996,72.0,2020-03-31,1,1,0,0,1,8,8,23,0,7,2,2
8997,72.0,2020-04-30,0,0,0,0,1,3,3,7,0,3,1,0
8998,72.0,2020-05-31,0,0,0,0,4,8,7,17,1,5,0,1
8999,72.0,2020-06-30,0,0,1,0,8,4,8,8,1,3,0,1
9000,72.0,2020-07-31,3,0,0,1,10,7,11,12,3,6,1,1
9001,72.0,2020-08-31,0,1,0,2,4,8,11,18,3,6,1,2
9002,72.0,2020-09-30,0,0,1,0,5,5,5,15,1,3,1,2
9003,72.0,2020-10-31,1,2,0,0,3,8,6,16,0,6,0,1
9004,72.0,2020-11-30,1,1,0,0,6,7,3,10,0,5,1,2
9005,72.0,2020-12-31,0,1,0,0,3,6,10,12,3,5,2,1
9006,72.0,2021-01-31,1,1,0,1,4,5,8,5,3,4,0,0
9007,72.0,2021-02-28,0,1,1,0,4,6,5,2,0,6,1,0
9008,72.0,2021-03-31,0,0,0,1,3,10,6,7,1,7,4,0
9009,72.0,2021-04-30,1,1,0,0,3,8,3,9,1,5,1,1
9010,72.0,2021-05-31,0,1,2,0,8,10,10,5,3,5,4,1
9011,72.0,2021-06-30,1,2,0,0,11,9,7,16,2,2,0,1
9012,72.0,2021-07-31,0,4,0,0,7,14,15,14,0,6,1,1
9013,72.0,2021-08-31,0,0,0,0,7,7,9,8,0,7,1,1
9014,72.0,2021-09-30,0,0,0,0,1,4,12,16,0,1,1,1
9015,72.0,2021-10-31,0,0,0,0,9,9,5,15,1,3,0,0
9016,72.0,2021-11-30,0,2,0,0,11,11,7,20,3,3,0,0
9017,72.0,2021-12-31,2,2,0,0,7,12,3,10,2,9,1,0
9018,72.0,2022-01-31,0,0,0,2,6,3,7,14,1,3,1,1
9019,72.0,2022-02-28,0,0,0,0,4,9,4,16,1,5,0,0
9020,72.0,2022-03-31,0,0,0,0,2,5,11,14,0,2,1,0
9021,72.0,2022-04-30,1,1,0,0,6,11,8,6,1,8,4,0
9022,72.0,2022-05-31,0,2,0,1,7,9,8,23,0,4,0,1
9023,72.0,2022-06-30,1,1,0,0,5,4,3,28,1,0,0,1
9024,72.0,2022-07-31,2,1,0,0,8,9,14,20,6,6,0,0
9025,72.0,2022-08-31,0,0,0,0,6,3,14,14,3,1,1,0
9026,72.0,2022-09-30,0,2,0,0,9,9,5,18,1,5,0,1
9027,72.0,2022-10-31,0,0,1,0,5,13,10,20,1,8,0,0
9028,72.0,2022-11-30,0,1,0,1,5,10,18,22,0,7,0,0
9029,72.0,2022-12-31,0,1,0,0,2,8,6,15,1,7,0,0
9030,72.0,2023-01-31,1,2,0,1,8,6,6,17,3,5,0,0
9031,72.0,2023-02-28,1,1,0,0,5,3,7,9,3,2,0,0
9032,72.0,2023-03-31,0,0,0,0,7,5,8,10,0,2,1,0
9033,72.0,2023-04-30,0,0,0,0,9,13,8,20,2,5,1,1
9034,72.0,2023-05-31,0,0,0,0,7,11,9,5,2,3,1,0
9035,72.0,2023-06-30,0,5,0,0,4,12,16,20,2,10,1,1
9036,72.0,2023-07-31,1,1,0,0,6,12,16,15,1,10,0,0
9037,72.0,2023-08-31,0,3,3,1,5,10,15,23,2,5,2,1
9038,72.0,2023-09-30,0,1,0,0,5,15,7,17,1,8,1,1
9039,72.0,2023-10-31,1,0,0,0,12,12,9,13,3,8,0,1
9040,72.0,2023-11-30,0,0,0,4,6,8,6,22,3,5,1,1
9041,72.0,2023-12-31,0,1,0,2,4,5,17,20,0,2,3,0
9042,72.0,2024-01-31,1,0,0,1,10,4,6,11,6,0,0,0
9043,72.0,2024-02-29,0,1,0,0,3,7,14,17,2,5,1,0
9044,72.0,2024-03-31,0,1,1,0,8,9,10,12,2,6,3,0
9045,72.0,2024-04-30,0,0,1,1,4,9,7,15,1,6,0,0
9046,72.0,2024-05-31,1,0,0,0,5,7,9,17,2,2,1,0
9047,72.0,2024-06-30,1,2,0,0,6,13,14,22,1,6,1,0
9048,72.0,2024-07-31,0,1,0,0,5,9,11,37,1,5,6,1
9049,72.0,2024-08-31,2,0,1,0,6,6,12,21,4,1,0,1
9050,72.0,2024-09-30,1,0,0,0,11,5,9,17,5,4,0,0
9051,72.0,2024-10-31,0,3,0,2,5,11,7,14,1,4,0,0
9052,72.0,2024-11-30,3,2,0,1,6,12,11,18,2,9,0,0
9053,72.0,2024-12-31,0,3,0,0,2,10,14,16,0,7,2,0
9054,72.0,2025-01-31,0,2,3,0,8,7,9,11,3,4,2,1
9055,72.0,2025-02-28,0,1,2,2,4,12,5,12,0,9,0,0
9056,72.0,2025-03-31,1,3,0,0,5,18,11,22,1,13,1,0
9057,72.0,2025-04-30,0,5,0,1,9,14,8,19,3,9,1,2
9058,72.0,2025-05-31,2,1,0,0,6,9,9,16,1,7,1,2
9059,72.0,2025-06-30,1,7,0,6,5,18,8,21,1,11,1,1
9060,72.0,2025-07-31,2,1,0,2,13,17,5,25,3,12,0,0
9061,72.0,2025-08-31,0,2,1,1,5,12,8,26,0,7,0,4
9062,72.0,2025-09-30,1,1,0,2,5,11,11,13,1,2,2,2
9063,72.0,2025-10-31,1,2,1,0,6,17,18,18,1,12,2,0
9064,72.0,2025-11-30,1,0,0,1,8,8,14,27,3,6,1,1
9065,72.0,2025-12-31,1,3,2,0,3,12,11,14,0,6,3,2
9066,72.0,2026-01-31,0,0,0,1,6,5,7,19,1,2,1,0
9067,72.0,2026-02-28,1,1,1,1,1,19,12,19,1,13,1,1
9068,72.0,2026-03-31,2,4,0,0,5,12,6,15,1,8,1,1
9069,72.0,2026-04-30,1,4,0,1,11,14,8,16,2,8,3,2
9070,72.0,2026-05-31,1,2,1,1,11,22,13,28,1,12,2,2
9071,72.0,2026-06-30,0,0,0,3,8,12,15,15,1,7,0,2
9072,73.0,2016-01-31,3,7,2,4,18,38,23,53,7,22,8,3
9073,73.0,2016-02-29,1,11,0,5,23,60,32,40,6,47,5,5
9074,73.0,2016-03-31,4,9,2,1,20,59,45,44,9,38,11,10
9075,73.0,2016-04-30,3,7,4,7,20,44,34,35,8,26,7,2
9076,73.0,2016-05-31,7,9,4,3,22,49,41,38,6,31,9,2
9077,73.0,2016-06-30,1,6,1,3,22,54,36,38,5,33,8,2
9078,73.0,2016-07-31,4,11,4,5,19,51,65,49,10,34,13,4
9079,73.0,2016-08-31,2,9,3,5,13,64,32,72,4,41,7,5
9080,73.0,2016-09-30,0,7,2,4,14,45,40,56,4,26,5,7
9081,73.0,2016-10-31,5,10,1,11,27,40,32,49,7,24,4,7
9082,73.0,2016-11-30,2,7,0,1,10,43,35,40,5,27,8,3
9083,73.0,2016-12-31,2,8,1,3,13,37,35,53,5,23,6,5
9084,73.0,2017-01-31,2,10,1,2,14,51,39,54,5,32,5,4
9085,73.0,2017-02-28,3,7,0,6,10,42,22,37,6,24,3,5
9086,73.0,2017-03-31,2,11,1,4,20,46,36,53,12,25,9,4
9087,73.0,2017-04-30,1,5,2,2,17,43,41,36,7,25,11,2
9088,73.0,2017-05-31,2,9,3,6,21,59,26,57,7,33,7,7
9089,73.0,2017-06-30,2,6,3,6,23,59,44,53,8,39,6,2
9090,73.0,2017-07-31,1,13,0,8,20,59,38,58,13,37,7,7
9091,73.0,2017-08-31,4,9,4,9,13,45,40,58,5,27,7,5
9092,73.0,2017-09-30,7,7,3,6,22,48,38,45,10,24,6,4
9093,73.0,2017-10-31,4,15,2,7,19,62,29,49,10,30,5,6
9094,73.0,2017-11-30,2,10,2,4,20,46,32,57,9,32,5,4
9095,73.0,2017-12-31,1,10,1,7,15,45,23,52,8,32,3,4
9096,73.0,2018-01-31,1,7,5,5,13,50,37,48,5,29,5,2
9097,73.0,2018-02-28,2,7,2,4,13,31,19,35,6,18,3,4
9098,73.0,2018-03-31,3,12,0,5,15,69,32,42,6,36,4,7
9099,73.0,2018-04-30,1,8,2,9,22,51,33,57,6,31,4,5
9100,73.0,2018-05-31,4,10,2,9,31,49,40,70,19,29,10,3
9101,73.0,2018-06-30,4,8,3,5,21,60,48,73,10,35,11,3
9102,73.0,2018-07-31,5,5,0,3,34,55,23,50,11,31,6,3
9103,73.0,2018-08-31,3,4,3,4,21,41,32,53,6,30,7,5
9104,73.0,2018-09-30,4,13,1,9,30,61,36,53,12,39,5,6
9105,73.0,2018-10-31,5,15,1,9,22,46,36,49,6,32,5,6
9106,73.0,2018-11-30,2,7,0,10,18,52,21,45,10,34,4,5
9107,73.0,2018-12-31,5,7,0,2,17,51,26,57,5,29,4,6
9108,73.0,2019-01-31,6,10,2,5,27,45,26,45,11,31,3,5
9109,73.0,2019-02-28,1,8,2,6,26,48,24,42,8,33,4,3
9110,73.0,2019-03-31,5,14,1,5,28,59,32,42,14,37,4,2
9111,73.0,2019-04-30,2,9,3,1,20,48,34,39,5,32,1,7
9112,73.0,2019-05-31,8,15,6,10,28,59,42,60,7,33,10,8
9113,73.0,2019-06-30,1,15,6,10,24,64,37,53,9,45,8,2
9114,73.0,2019-07-31,4,20,5,2,25,57,42,54,11,43,5,5
9115,73.0,2019-08-31,8,15,6,9,29,57,38,58,8,38,6,5
9116,73.0,2019-09-30,3,11,2,10,21,51,31,65,12,28,5,3
9117,73.0,2019-10-31,3,17,2,9,18,48,34,64,5,32,5,3
9118,73.0,2019-11-30,4,12,3,5,17,49,27,49,6,33,4,6
9119,73.0,2019-12-31,2,15,2,5,19,64,23,57,5,38,2,3
9120,73.0,2020-01-31,1,10,1,8,22,45,17,42,6,31,4,1
9121,73.0,2020-02-29,1,9,0,5,16,49,18,38,5,35,4,2
9122,73.0,2020-03-31,4,5,3,4,20,33,17,32,7,18,5,2
9123,73.0,2020-04-30,1,7,0,4,15,34,25,38,6,23,5,3
9124,73.0,2020-05-31,4,6,2,2,18,45,28,42,5,27,8,3
9125,73.0,2020-06-30,5,5,3,3,24,40,45,30,7,24,12,2
9126,73.0,2020-07-31,4,7,3,7,24,47,40,29,12,29,14,2
9127,73.0,2020-08-31,2,8,2,3,26,55,33,33,13,31,10,1
9128,73.0,2020-09-30,2,8,0,1,18,46,38,35,6,31,9,3
9129,73.0,2020-10-31,0,5,1,3,16,41,36,40,2,30,14,5
9130,73.0,2020-11-30,3,5,2,2,27,38,28,34,5,24,8,4
9131,73.0,2020-12-31,1,5,0,3,13,43,29,33,6,28,9,3
9132,73.0,2021-01-31,1,3,0,4,12,28,17,35,5,17,1,6
9133,73.0,2021-02-28,0,4,1,3,13,40,27,24,6,28,5,4
9134,73.0,2021-03-31,1,10,0,3,25,37,23,27,7,21,5,1
9135,73.0,2021-04-30,2,4,1,1,25,33,28,26,10,24,8,3
9136,73.0,2021-05-31,3,8,1,6,21,40,31,31,4,22,7,3
9137,73.0,2021-06-30,2,4,1,2,32,52,34,27,16,36,11,9
9138,73.0,2021-07-31,3,5,1,2,30,50,30,32,11,29,8,6
9139,73.0,2021-08-31,2,4,0,2,24,47,23,32,6,24,6,6
9140,73.0,2021-09-30,2,10,0,1,28,45,26,31,10,25,4,8
9141,73.0,2021-10-31,0,5,3,1,17,42,42,39,6,27,6,4
9142,73.0,2021-11-30,0,1,0,0,20,36,24,32,9,18,4,6
9143,73.0,2021-12-31,4,7,0,1,30,33,24,40,14,27,8,1
9144,73.0,2022-01-31,2,6,2,2,10,30,19,30,5,18,5,1
9145,73.0,2022-02-28,2,4,0,1,16,24,20,41,7,14,1,2
9146,73.0,2022-03-31,0,2,2,0,22,30,24,38,5,15,9,4
9147,73.0,2022-04-30,0,0,0,3,16,32,42,48,5,16,4,3
9148,73.0,2022-05-31,1,11,4,0,27,49,30,32,7,29,9,0
9149,73.0,2022-06-30,4,3,0,0,25,56,33,36,9,33,5,3
9150,73.0,2022-07-31,0,5,2,2,25,38,41,41,11,27,4,6
9151,73.0,2022-08-31,1,4,1,1,22,43,36,35,7,24,3,6
9152,73.0,2022-09-30,1,5,0,0,24,45,26,38,6,16,3,3
9153,73.0,2022-10-31,1,7,0,1,28,42,42,46,13,30,7,3
9154,73.0,2022-11-30,2,8,0,2,19,51,37,56,6,35,6,2
9155,73.0,2022-12-31,1,5,1,1,20,47,29,37,10,21,6,2
9156,73.0,2023-01-31,2,4,1,0,20,23,46,49,6,15,4,5
9157,73.0,2023-02-28,1,7,1,1,24,40,35,37,3,23,5,2
9158,73.0,2023-03-31,2,5,0,2,19,44,48,47,3,26,7,3
9159,73.0,2023-04-30,3,5,1,0,27,49,50,51,10,27,7,5
9160,73.0,2023-05-31,4,9,2,0,33,58,50,46,8,34,5,5
9161,73.0,2023-06-30,3,4,1,1,24,51,43,55,10,34,9,6
9162,73.0,2023-07-31,1,6,0,1,38,34,40,52,15,25,8,6
9163,73.0,2023-08-31,0,6,1,4,29,50,36,55,6,35,8,10
9164,73.0,2023-09-30,3,4,0,1,36,45,28,27,18,28,10,5
9165,73.0,2023-10-31,1,2,1,4,22,39,36,45,5,25,10,7
9166,73.0,2023-11-30,3,4,1,1,30,44,39,42,9,22,9,5
9167,73.0,2023-12-31,5,5,1,3,28,34,47,52,10,22,7,7
9168,73.0,2024-01-31,1,8,0,3,14,43,30,49,5,31,3,1
9169,73.0,2024-02-29,4,5,1,2,25,40,24,46,6,19,3,2
9170,73.0,2024-03-31,1,7,2,5,28,38,56,69,11,18,3,3
9171,73.0,2024-04-30,3,5,5,4,35,38,27,56,6,21,1,1
9172,73.0,2024-05-31,1,10,1,5,27,52,31,71,10,29,5,5
9173,73.0,2024-06-30,1,11,0,0,29,50,28,60,7,35,7,2
9174,73.0,2024-07-31,3,8,0,7,21,40,26,73,3,25,4,6
9175,73.0,2024-08-31,4,8,3,4,25,42,42,66,11,26,12,2
9176,73.0,2024-09-30,2,4,2,6,32,39,32,46,13,26,6,0
9177,73.0,2024-10-31,2,3,0,1,32,38,22,49,11,16,6,2
9178,73.0,2024-11-30,2,4,1,5,22,31,31,59,6,21,11,6
9179,73.0,2024-12-31,0,1,1,5,15,35,25,65,7,21,2,4
9180,73.0,2025-01-31,3,7,1,3,19,32,32,40,8,27,4,2
9181,73.0,2025-02-28,2,5,2,1,22,27,23,26,8,15,6,0
9182,73.0,2025-03-31,2,4,5,0,18,33,28,36,5,23,9,5
9183,73.0,2025-04-30,5,5,0,2,32,34,35,48,5,13,3,6
9184,73.0,2025-05-31,2,5,0,1,28,57,37,49,9,31,5,0
9185,73.0,2025-06-30,2,7,2,7,21,42,33,42,11,25,4,2
9186,73.0,2025-07-31,2,3,2,4,25,36,29,48,10,20,2,2
9187,73.0,2025-08-31,1,10,1,3,19,35,23,46,6,27,3,2
9188,73.0,2025-09-30,1,10,2,5,30,48,37,37,8,27,3,2
9189,73.0,2025-10-31,3,5,2,3,25,41,39,52,8,23,9,4
9190,73.0,2025-11-30,1,7,0,1,19,36,33,29,5,21,2,6
9191,73.0,2025-12-31,2,4,0,2,16,29,28,35,7,22,3,6
9192,73.0,2026-01-31,2,4,1,1,19,33,31,24,4,22,2,7
9193,73.0,2026-02-28,2,7,0,2,18,38,20,25,4,20,4,2
9194,73.0,2026-03-31,1,7,0,5,22,26,35,27,6,17,6,2
9195,73.0,2026-04-30,1,4,2,2,22,40,28,33,4,25,7,6
9196,73.0,2026-05-31,0,7,1,5,14,56,30,33,4,28,5,4
9197,73.0,2026-06-30,0,8,0,1,14,43,19,40,2,27,5,8
9198,74.0,2016-01-31,1,2,0,5,2,10,6,18,0,6,0,0
9199,74.0,2016-02-29,0,6,1,2,3,12,2,15,1,10,0,1
9200,74.0,2016-03-31,0,0,0,1,0,14,5,10,0,10,0,2
9201,74.0,2016-04-30,1,3,0,0,3,7,10,9,0,5,0,0
9202,74.0,2016-05-31,1,2,0,1,5,13,6,7,1,6,0,0
9203,74.0,2016-06-30,0,3,1,2,1,10,10,17,0,7,2,3
9204,74.0,2016-07-31,1,2,2,2,3,10,10,15,1,7,0,0
9205,74.0,2016-08-31,0,0,0,1,2,7,10,14,2,5,0,0
9206,74.0,2016-09-30,0,1,0,2,2,6,4,11,1,4,0,0
9207,74.0,2016-10-31,0,0,0,1,3,8,9,10,0,4,0,0
9208,74.0,2016-11-30,1,0,0,1,2,5,7,24,0,4,0,0
9209,74.0,2016-12-31,0,1,0,1,0,5,3,12,0,5,0,0
9210,74.0,2017-01-31,1,2,0,0,6,7,6,7,3,4,1,0
9211,74.0,2017-02-28,0,1,0,2,1,5,2,17,1,3,0,0
9212,74.0,2017-03-31,2,1,0,0,4,8,3,16,1,7,1,1
9213,74.0,2017-04-30,0,1,0,1,2,5,4,14,2,2,0,1
9214,74.0,2017-05-31,1,1,0,0,7,9,7,21,2,7,2,1
9215,74.0,2017-06-30,0,3,1,3,4,8,7,12,2,2,3,0
9216,74.0,2017-07-31,1,0,0,0,6,6,11,19,4,5,2,0
9217,74.0,2017-08-31,1,1,0,1,5,11,5,10,2,5,1,0
9218,74.0,2017-09-30,0,0,0,2,3,5,3,12,1,5,0,0
9219,74.0,2017-10-31,0,0,0,0,1,6,6,9,0,4,0,0
9220,74.0,2017-11-30,0,3,1,1,3,11,6,10,0,5,0,1
9221,74.0,2017-12-31,0,2,0,1,1,10,7,12,1,6,1,1
9222,74.0,2018-01-31,0,1,0,2,4,5,3,6,1,3,1,0
9223,74.0,2018-02-28,1,0,0,1,2,5,3,6,0,1,1,0
9224,74.0,2018-03-31,0,0,0,2,3,7,3,9,1,5,0,0
9225,74.0,2018-04-30,1,2,0,3,3,6,3,17,1,4,0,0
9226,74.0,2018-05-31,0,2,1,2,5,5,7,18,1,0,1,1
9227,74.0,2018-06-30,0,0,2,0,0,7,5,12,0,4,2,2
9228,74.0,2018-07-31,0,0,0,1,3,6,9,16,0,3,1,0
9229,74.0,2018-08-31,0,0,0,3,5,5,10,26,2,4,0,1
9230,74.0,2018-09-30,1,1,0,0,4,8,14,17,1,5,3,0
9231,74.0,2018-10-31,1,0,0,0,1,9,4,13,0,7,0,0
9232,74.0,2018-11-30,1,0,0,0,4,4,4,11,4,4,0,0
9233,74.0,2018-12-31,0,3,0,0,4,7,7,9,2,4,1,1
9234,74.0,2019-01-31,0,0,0,1,1,5,2,9,0,3,0,0
9235,74.0,2019-02-28,0,1,1,1,3,6,1,9,2,4,0,0
9236,74.0,2019-03-31,0,3,1,0,3,8,5,9,0,6,1,1
9237,74.0,2019-04-30,0,1,0,1,3,5,5,8,0,3,1,0
9238,74.0,2019-05-31,0,0,0,0,3,5,4,3,0,3,0,0
9239,74.0,2019-06-30,0,2,0,1,2,5,10,8,1,1,1,0
9240,74.0,2019-07-31,0,1,0,0,1,7,7,5,0,4,1,1
9241,74.0,2019-08-31,0,4,1,0,1,4,6,8,0,2,1,0
9242,74.0,2019-09-30,2,1,0,1,3,9,6,12,0,7,1,3
9243,74.0,2019-10-31,0,0,0,1,4,7,6,8,1,5,1,0
9244,74.0,2019-11-30,0,3,0,1,2,13,1,10,1,7,0,0
9245,74.0,2019-12-31,0,1,0,1,1,5,7,11,1,3,0,1
9246,74.0,2020-01-31,2,1,0,3,5,7,1,11,2,4,0,0
9247,74.0,2020-02-29,0,0,0,2,1,12,2,6,0,8,0,0
9248,74.0,2020-03-31,0,0,1,2,5,3,1,7,2,2,1,0
9249,74.0,2020-04-30,2,1,0,0,3,4,0,5,1,3,0,0
9250,74.0,2020-05-31,0,2,0,1,3,10,3,6,0,6,1,3
9251,74.0,2020-06-30,1,1,1,1,4,5,9,7,0,3,1,0
9252,74.0,2020-07-31,0,1,0,0,2,6,7,3,0,6,0,0
9253,74.0,2020-08-31,0,1,0,0,3,4,7,4,2,2,1,0
9254,74.0,2020-09-30,0,1,0,0,0,9,7,3,0,3,0,0
9255,74.0,2020-10-31,1,2,0,0,4,7,5,7,1,5,0,0
9256,74.0,2020-11-30,0,0,0,0,0,0,2,7,0,0,0,0
9257,74.0,2020-12-31,0,0,0,0,3,3,6,6,1,2,2,0
9258,74.0,2021-01-31,1,2,0,1,2,3,3,4,1,1,1,0
9259,74.0,2021-02-28,0,0,0,0,1,1,2,3,0,1,0,0
9260,74.0,2021-03-31,1,1,0,0,2,1,2,1,0,1,1,0
9261,74.0,2021-04-30,1,3,0,0,5,7,3,5,3,5,0,1
9262,74.0,2021-05-31,0,0,2,1,1,2,9,5,1,2,1,0
9263,74.0,2021-06-30,0,0,0,0,3,9,7,4,0,4,0,1
9264,74.0,2021-07-31,0,1,0,0,5,11,5,6,1,4,0,0
9265,74.0,2021-08-31,1,3,0,1,1,8,5,4,1,5,1,0
9266,74.0,2021-09-30,0,0,0,0,6,9,4,11,3,5,0,1
9267,74.0,2021-10-31,0,1,0,0,2,1,5,21,0,0,0,0
9268,74.0,2021-11-30,0,0,0,0,3,6,5,9,2,4,1,0
9269,74.0,2021-12-31,0,0,0,0,1,2,8,5,0,1,0,0
9270,74.0,2022-01-31,0,1,0,0,4,6,5,8,1,3,1,0
9271,74.0,2022-02-28,0,0,0,0,2,3,3,8,0,2,0,0
9272,74.0,2022-03-31,0,0,0,0,2,8,2,12,1,5,1,1
9273,74.0,2022-04-30,0,0,0,0,3,6,5,8,1,3,0,0
9274,74.0,2022-05-31,1,6,0,0,6,16,2,8,0,13,1,0
9275,74.0,2022-06-30,0,1,0,0,6,9,5,11,1,6,1,0
9276,74.0,2022-07-31,0,0,1,0,5,3,6,9,0,2,0,0
9277,74.0,2022-08-31,0,1,0,0,2,12,5,12,0,6,0,0
9278,74.0,2022-09-30,1,0,0,1,5,4,3,7,1,2,0,0
9279,74.0,2022-10-31,0,3,0,0,2,9,7,11,0,5,0,1
9280,74.0,2022-11-30,0,1,0,0,1,3,6,9,0,2,0,0
9281,74.0,2022-12-31,0,2,0,1,2,6,4,7,1,2,1,0
9282,74.0,2023-01-31,0,1,1,2,9,10,3,9,4,5,1,0
9283,74.0,2023-02-28,0,1,0,0,7,6,7,5,2,5,1,0
9284,74.0,2023-03-31,1,2,0,0,3,8,10,14,0,5,5,1
9285,74.0,2023-04-30,1,3,0,1,2,7,9,8,0,5,0,1
9286,74.0,2023-05-31,0,2,0,2,3,10,6,9,1,5,0,1
9287,74.0,2023-06-30,0,1,0,1,6,3,4,8,3,3,0,0
9288,74.0,2023-07-31,0,0,0,0,3,6,7,8,0,5,1,1
9289,74.0,2023-08-31,0,1,0,1,2,5,10,6,0,3,1,0
9290,74.0,2023-09-30,0,0,0,1,4,3,6,11,1,1,2,0
9291,74.0,2023-10-31,1,1,0,1,4,6,7,5,2,1,0,1
9292,74.0,2023-11-30,0,0,0,0,5,5,3,17,3,4,0,0
9293,74.0,2023-12-31,0,1,0,1,3,6,3,10,1,5,0,1
9294,74.0,2024-01-31,1,1,0,0,1,7,2,7,0,4,1,0
9295,74.0,2024-02-29,1,1,1,0,7,11,5,9,2,5,1,0
9296,74.0,2024-03-31,0,2,0,0,5,8,2,2,2,6,0,0
9297,74.0,2024-04-30,0,1,1,0,1,4,4,10,1,2,0,2
9298,74.0,2024-05-31,0,4,0,2,5,13,4,10,2,6,2,0
9299,74.0,2024-06-30,1,2,0,0,4,10,11,14,1,7,2,1
9300,74.0,2024-07-31,0,0,1,1,0,8,10,13,0,7,1,1
9301,74.0,2024-08-31,0,1,0,1,2,6,8,18,1,5,2,0
9302,74.0,2024-09-30,0,1,0,0,6,3,1,11,1,0,0,0
9303,74.0,2024-10-31,0,1,0,2,6,5,4,18,2,2,0,1
9304,74.0,2024-11-30,1,0,0,2,3,8,8,6,0,4,1,0
9305,74.0,2024-12-31,2,2,0,0,4,11,4,8,1,9,0,0
9306,74.0,2025-01-31,0,2,0,0,3,5,2,9,0,2,1,0
9307,74.0,2025-02-28,0,1,0,1,3,10,5,5,1,6,1,0
9308,74.0,2025-03-31,0,3,0,2,5,13,6,5,2,7,1,0
9309,74.0,2025-04-30,0,1,0,0,2,9,5,7,0,6,0,0
9310,74.0,2025-05-31,0,0,0,0,3,13,4,9,0,11,0,1
9311,74.0,2025-06-30,0,1,2,0,6,13,5,5,2,6,0,1
9312,74.0,2025-07-31,0,1,0,2,1,9,5,12,1,7,0,0
9313,74.0,2025-08-31,1,1,0,0,7,6,7,8,3,3,0,0
9314,74.0,2025-09-30,0,0,0,1,4,5,10,9,0,5,2,1
9315,74.0,2025-10-31,0,0,0,1,6,11,3,8,2,7,0,1
9316,74.0,2025-11-30,1,1,1,1,2,6,3,16,1,5,0,3
9317,74.0,2025-12-31,1,0,0,1,5,3,3,12,1,2,2,2
9318,74.0,2026-01-31,0,2,0,1,4,6,4,11,0,5,1,2
9319,74.0,2026-02-28,0,0,0,0,4,5,2,9,3,5,0,2
9320,74.0,2026-03-31,0,1,1,0,2,8,6,6,0,6,2,0
9321,74.0,2026-04-30,0,0,0,1,4,5,3,11,1,5,1,0
9322,74.0,2026-05-31,0,1,0,2,3,7,7,7,0,5,3,0
9323,74.0,2026-06-30,0,0,0,0,2,4,3,6,2,1,1,0
9324,75.0,2016-01-31,1,3,0,5,8,24,21,34,5,15,9,6
9325,75.0,2016-02-29,2,6,1,3,15,31,8,28,3,20,2,3
9326,75.0,2016-03-31,4,7,1,7,13,38,21,42,4,21,2,1
9327,75.0,2016-04-30,1,8,1,4,12,32,15,25,4,14,3,1
9328,75.0,2016-05-31,1,4,0,7,15,35,15,30,5,20,3,2
9329,75.0,2016-06-30,4,6,4,6,15,44,19,34,1,24,6,1
9330,75.0,2016-07-31,2,6,3,6,12,24,21,32,5,16,1,3
9331,75.0,2016-08-31,5,4,1,4,13,28,25,31,3,21,5,3
9332,75.0,2016-09-30,1,6,0,3,13,33,22,38,3,18,2,1
9333,75.0,2016-10-31,0,9,3,6,14,45,23,26,5,30,4,1
9334,75.0,2016-11-30,2,4,2,17,12,30,47,49,1,21,3,6
9335,75.0,2016-12-31,5,4,1,8,13,27,18,37,2,15,3,2
9336,75.0,2017-01-31,2,5,1,6,14,31,26,38,5,15,5,1
9337,75.0,2017-02-28,1,5,2,6,7,24,16,37,3,13,4,0
9338,75.0,2017-03-31,1,3,1,9,13,35,28,36,4,19,3,2
9339,75.0,2017-04-30,5,9,1,5,16,31,19,35,6,16,4,2
9340,75.0,2017-05-31,1,7,2,5,20,41,21,43,9,21,7,3
9341,75.0,2017-06-30,2,7,2,4,12,34,41,48,7,17,3,1
9342,75.0,2017-07-31,2,5,2,6,16,39,19,30,8,19,5,4
9343,75.0,2017-08-31,3,9,1,8,12,37,20,60,4,22,6,2
9344,75.0,2017-09-30,0,9,0,11,6,34,18,48,1,22,3,1
9345,75.0,2017-10-31,2,6,1,4,12,27,32,41,4,15,1,1
9346,75.0,2017-11-30,2,7,3,9,13,35,24,39,4,22,5,1
9347,75.0,2017-12-31,2,1,1,8,12,29,22,36,2,16,5,1
9348,75.0,2018-01-31,0,8,2,13,11,36,22,40,2,20,5,3
9349,75.0,2018-02-28,4,10,2,10,18,40,14,45,6,23,4,5
9350,75.0,2018-03-31,2,6,3,5,11,31,25,33,5,19,3,2
9351,75.0,2018-04-30,1,5,1,7,11,34,18,39,3,22,4,6
9352,75.0,2018-05-31,4,6,1,7,20,43,25,54,9,22,4,1
9353,75.0,2018-06-30,3,10,0,13,20,33,18,52,5,22,3,3
9354,75.0,2018-07-31,0,8,1,14,8,34,26,46,5,21,6,4
9355,75.0,2018-08-31,0,5,3,9,19,22,20,50,5,11,4,3
9356,75.0,2018-09-30,3,8,1,7,16,39,21,51,1,22,3,1
9357,75.0,2018-10-31,1,3,3,3,17,27,15,35,3,8,2,1
9358,75.0,2018-11-30,3,9,1,5,7,30,17,44,3,18,2,4
9359,75.0,2018-12-31,1,7,2,6,10,33,17,41,3,24,3,1
9360,75.0,2019-01-31,2,2,0,3,6,26,14,30,2,15,4,4
9361,75.0,2019-02-28,3,6,0,2,9,25,7,33,4,18,0,2
9362,75.0,2019-03-31,2,7,1,1,9,27,13,29,4,19,4,1
9363,75.0,2019-04-30,4,12,1,5,18,35,19,35,10,23,4,2
9364,75.0,2019-05-31,2,8,0,5,14,43,14,31,6,20,1,2
9365,75.0,2019-06-30,1,8,0,3,16,38,19,22,9,23,5,2
9366,75.0,2019-07-31,3,3,0,2,15,27,13,43,4,19,4,2
9367,75.0,2019-08-31,3,9,4,7,14,26,17,59,4,16,2,1
9368,75.0,2019-09-30,4,6,2,7,14,30,24,35,1,11,3,3
9369,75.0,2019-10-31,2,4,1,3,12,24,21,39,4,7,3,2
9370,75.0,2019-11-30,2,10,3,2,13,29,21,29,7,15,3,1
9371,75.0,2019-12-31,1,5,1,0,14,24,14,31,4,13,3,1
9372,75.0,2020-01-31,5,8,0,11,17,28,10,41,6,16,2,1
9373,75.0,2020-02-29,1,2,2,4,7,23,13,29,0,11,2,2
9374,75.0,2020-03-31,2,6,0,5,11,28,17,28,4,13,1,2
9375,75.0,2020-04-30,3,2,1,1,9,15,11,25,2,8,2,2
9376,75.0,2020-05-31,2,2,0,0,15,27,16,20,5,15,2,2
9377,75.0,2020-06-30,3,2,1,3,20,33,25,19,11,15,4,1
9378,75.0,2020-07-31,1,3,1,0,16,23,23,23,8,16,6,2
9379,75.0,2020-08-31,3,5,1,1,15,30,16,29,3,19,6,2
9380,75.0,2020-09-30,1,4,0,2,17,20,24,30,6,13,0,1
9381,75.0,2020-10-31,2,2,0,1,12,26,18,20,9,16,4,2
9382,75.0,2020-11-30,1,5,2,0,15,26,19,18,6,18,8,1
9383,75.0,2020-12-31,2,2,2,0,6,13,19,21,3,9,3,2
9384,75.0,2021-01-31,1,2,0,1,15,30,15,22,7,21,6,1
9385,75.0,2021-02-28,1,2,0,4,13,19,4,15,4,11,1,1
9386,75.0,2021-03-31,2,4,0,1,14,19,15,18,4,10,6,1
9387,75.0,2021-04-30,1,6,1,1,18,28,20,33,11,16,7,3
9388,75.0,2021-05-31,2,5,1,3,14,28,25,27,10,18,7,4
9389,75.0,2021-06-30,2,2,3,2,20,24,20,35,11,17,8,2
9390,75.0,2021-07-31,0,6,0,5,15,28,22,30,9,18,5,2
9391,75.0,2021-08-31,0,4,0,1,8,30,10,29,6,21,4,1
9392,75.0,2021-09-30,1,2,4,3,13,25,22,32,4,13,4,3
9393,75.0,2021-10-31,1,0,0,1,15,28,21,29,8,10,1,1
9394,75.0,2021-11-30,0,4,0,2,16,32,10,43,6,16,3,2
9395,75.0,2021-12-31,2,1,1,1,14,20,11,32,9,11,4,2
9396,75.0,2022-01-31,0,3,1,3,4,21,15,29,4,13,5,2
9397,75.0,2022-02-28,0,3,1,3,4,16,20,22,2,12,6,0
9398,75.0,2022-03-31,0,3,0,3,8,29,18,37,6,19,3,0
9399,75.0,2022-04-30,0,2,0,9,8,25,13,39,4,11,5,4
9400,75.0,2022-05-31,3,5,0,2,13,20,13,28,3,6,3,2
9401,75.0,2022-06-30,0,0,1,4,11,28,16,33,5,17,4,2
9402,75.0,2022-07-31,0,2,1,1,10,19,23,22,6,11,2,0
9403,75.0,2022-08-31,3,3,0,2,18,24,25,25,6,16,4,2
9404,75.0,2022-09-30,1,5,0,1,14,32,13,44,5,22,3,1
9405,75.0,2022-10-31,0,2,1,1,15,29,24,34,6,10,2,0
9406,75.0,2022-11-30,1,5,6,2,14,23,26,34,4,18,6,0
9407,75.0,2022-12-31,1,5,0,0,20,38,15,46,4,18,3,1
9408,75.0,2023-01-31,0,2,1,3,11,29,23,28,4,19,3,4
9409,75.0,2023-02-28,1,2,0,5,14,21,23,37,2,11,4,0
9410,75.0,2023-03-31,0,1,1,4,20,31,18,32,5,20,1,2
9411,75.0,2023-04-30,1,3,2,3,18,23,18,34,7,13,1,2
9412,75.0,2023-05-31,1,6,0,2,19,30,22,31,5,19,1,3
9413,75.0,2023-06-30,1,7,1,2,20,28,30,22,7,17,5,2
9414,75.0,2023-07-31,1,2,2,2,16,26,19,31,6,13,3,0
9415,75.0,2023-08-31,3,5,1,1,22,26,28,28,7,15,5,4
9416,75.0,2023-09-30,4,2,2,2,12,35,21,33,4,18,7,0
9417,75.0,2023-10-31,2,4,0,1,21,22,15,36,6,15,2,2
9418,75.0,2023-11-30,1,5,1,2,12,28,15,34,3,13,2,4
9419,75.0,2023-12-31,3,4,1,1,17,27,16,34,5,13,2,3
9420,75.0,2024-01-31,0,9,0,3,9,37,19,20,3,24,3,2
9421,75.0,2024-02-29,0,5,1,2,10,23,16,27,3,10,6,2
9422,75.0,2024-03-31,0,6,1,4,7,29,12,29,2,17,2,2
9423,75.0,2024-04-30,2,9,0,3,31,39,15,30,7,22,5,1
9424,75.0,2024-05-31,1,7,0,0,20,45,19,39,9,19,4,2
9425,75.0,2024-06-30,1,8,0,0,22,37,31,25,9,22,6,1
9426,75.0,2024-07-31,1,5,1,2,15,31,25,42,5,21,8,2
9427,75.0,2024-08-31,0,4,0,1,11,23,27,42,3,18,5,2
9428,75.0,2024-09-30,1,5,3,2,14,29,19,30,6,15,4,0
9429,75.0,2024-10-31,1,8,1,5,19,35,19,44,5,18,6,2
9430,75.0,2024-11-30,0,1,0,3,12,23,19,32,4,13,1,1
9431,75.0,2024-12-31,3,6,1,3,17,27,14,32,6,15,3,2
9432,75.0,2025-01-31,1,5,2,4,12,30,23,31,2,23,3,2
9433,75.0,2025-02-28,0,3,2,3,13,18,19,37,3,8,2,2
9434,75.0,2025-03-31,1,3,0,2,12,32,13,34,7,20,6,1
9435,75.0,2025-04-30,2,1,2,6,12,29,26,38,3,21,7,3
9436,75.0,2025-05-31,1,2,0,0,14,32,18,30,6,16,0,1
9437,75.0,2025-06-30,3,7,0,0,16,29,17,32,4,15,4,3
9438,75.0,2025-07-31,0,5,0,5,13,24,17,57,4,15,6,4
9439,75.0,2025-08-31,1,5,1,3,15,38,14,43,6,23,2,2
9440,75.0,2025-09-30,0,1,3,4,16,36,21,38,3,22,6,6
9441,75.0,2025-10-31,0,3,0,3,14,28,8,35,5,15,2,8
9442,75.0,2025-11-30,3,3,0,2,16,31,20,33,4,18,3,4
9443,75.0,2025-12-31,0,2,0,5,10,27,14,35,2,17,4,4
9444,75.0,2026-01-31,1,8,0,4,9,28,18,27,3,20,2,3
9445,75.0,2026-02-28,0,6,0,5,11,26,17,38,3,22,3,1
9446,75.0,2026-03-31,0,3,0,3,14,28,18,22,4,13,5,1
9447,75.0,2026-04-30,0,3,2,0,16,35,18,20,6,16,4,3
9448,75.0,2026-05-31,1,5,0,4,13,28,29,34,4,14,7,3
9449,75.0,2026-06-30,1,1,0,3,13,26,10,34,5,16,2,0
9450,76.0,2016-01-31,0,1,0,1,4,8,3,22,1,2,1,0
9451,76.0,2016-02-29,1,3,0,4,4,14,5,29,0,3,0,0
9452,76.0,2016-03-31,1,6,0,3,7,17,11,36,1,6,1,0
9453,76.0,2016-04-30,0,4,0,1,5,15,9,35,1,5,0,0
9454,76.0,2016-05-31,4,6,0,3,10,16,9,49,1,6,1,0
9455,76.0,2016-06-30,0,5,1,4,7,9,10,46,0,1,0,0
9456,76.0,2016-07-31,0,5,0,7,5,16,15,60,0,6,0,0
9457,76.0,2016-08-31,0,2,0,9,3,16,10,66,0,6,0,0
9458,76.0,2016-09-30,1,6,0,3,10,11,13,55,1,1,0,0
9459,76.0,2016-10-31,0,4,0,4,6,15,9,46,2,6,0,0
9460,76.0,2016-11-30,3,5,0,4,7,14,10,47,1,7,0,0
9461,76.0,2016-12-31,3,4,0,5,6,17,7,54,0,5,0,0
9462,76.0,2017-01-31,0,5,0,5,13,14,7,40,3,4,0,0
9463,76.0,2017-02-28,0,2,0,5,2,12,4,34,0,3,0,0
9464,76.0,2017-03-31,1,4,1,4,7,21,9,43,1,8,0,0
9465,76.0,2017-04-30,3,5,1,3,7,16,9,32,0,6,0,0
9466,76.0,2017-05-31,1,4,0,5,13,21,11,32,3,4,0,0
9467,76.0,2017-06-30,1,6,1,6,6,18,8,45,2,7,1,0
9468,76.0,2017-07-31,1,7,0,2,7,23,11,40,1,6,0,0
9469,76.0,2017-08-31,2,2,0,2,10,12,6,52,1,4,0,0
9470,76.0,2017-09-30,2,5,1,0,8,15,8,43,1,2,1,2
9471,76.0,2017-10-31,0,4,0,3,4,16,4,41,0,3,1,0
9472,76.0,2017-11-30,2,5,0,2,6,16,11,48,1,4,0,0
9473,76.0,2017-12-31,1,1,0,2,4,10,6,50,0,2,0,0
9474,76.0,2018-01-31,0,1,1,4,5,11,8,57,1,1,0,0
9475,76.0,2018-02-28,1,4,1,3,5,17,9,41,1,3,0,0
9476,76.0,2018-03-31,1,4,0,3,4,20,9,45,0,4,0,2
9477,76.0,2018-04-30,0,1,0,6,4,14,9,41,0,5,0,1
9478,76.0,2018-05-31,1,6,0,2,8,22,6,43,1,7,0,0
9479,76.0,2018-06-30,1,3,2,6,7,17,12,57,2,7,0,0
9480,76.0,2018-07-31,4,3,2,1,10,18,16,47,0,5,1,0
9481,76.0,2018-08-31,2,4,1,2,14,18,11,68,2,3,0,0
9482,76.0,2018-09-30,2,4,0,4,9,15,6,44,0,3,0,0
9483,76.0,2018-10-31,1,4,1,6,4,14,10,50,0,4,2,0
9484,76.0,2018-11-30,0,4,1,1,5,14,5,46,0,4,0,0
9485,76.0,2018-12-31,2,5,0,2,7,21,10,44,0,7,0,0
9486,76.0,2019-01-31,0,6,0,2,6,20,9,40,0,5,0,1
9487,76.0,2019-02-28,3,5,0,2,9,15,7,30,2,4,0,1
9488,76.0,2019-03-31,1,4,0,3,3,12,8,38,2,4,1,0
9489,76.0,2019-04-30,1,5,0,1,5,11,9,44,0,5,0,0
9490,76.0,2019-05-31,1,4,1,8,7,18,7,52,0,6,1,0
9491,76.0,2019-06-30,2,7,0,3,4,19,5,42,0,7,0,0
9492,76.0,2019-07-31,2,10,1,4,9,32,10,68,0,12,0,0
9493,76.0,2019-08-31,0,1,0,2,5,18,7,57,1,5,0,2
9494,76.0,2019-09-30,0,7,1,4,8,23,10,47,0,11,0,0
9495,76.0,2019-10-31,0,4,1,1,6,18,8,32,0,2,0,0
9496,76.0,2019-11-30,2,5,2,4,6,17,19,48,1,6,2,0
9497,76.0,2019-12-31,1,6,1,3,6,19,6,44,1,4,0,0
9498,76.0,2020-01-31,2,7,0,4,12,17,5,35,2,3,0,0
9499,76.0,2020-02-29,5,2,0,0,8,15,10,29,0,6,1,0
9500,76.0,2020-03-31,0,6,0,1,3,11,3,24,0,4,0,0
9501,76.0,2020-04-30,1,3,0,1,4,7,3,17,1,2,1,0
9502,76.0,2020-05-31,0,4,0,1,2,15,6,13,1,4,0,0
9503,76.0,2020-06-30,2,4,0,1,7,12,5,6,0,4,0,0
9504,76.0,2020-07-31,1,1,1,1,3,8,13,21,0,6,0,0
9505,76.0,2020-08-31,1,1,1,1,10,13,9,25,2,5,0,1
9506,76.0,2020-09-30,1,3,0,1,5,7,4,22,2,3,0,0
9507,76.0,2020-10-31,0,4,0,1,3,12,7,26,1,6,0,2
9508,76.0,2020-11-30,2,4,0,3,8,16,2,22,1,8,0,1
9509,76.0,2020-12-31,1,1,1,3,4,13,5,38,0,6,0,1
9510,76.0,2021-01-31,1,7,0,4,7,19,5,32,0,5,1,0
9511,76.0,2021-02-28,1,6,1,0,6,21,7,23,2,6,0,0
9512,76.0,2021-03-31,1,2,1,0,9,11,11,27,1,2,0,1
9513,76.0,2021-04-30,4,6,1,1,16,16,7,22,3,6,0,0
9514,76.0,2021-05-31,2,4,0,2,5,13,5,29,0,6,0,3
9515,76.0,2021-06-30,0,2,0,0,4,12,8,22,1,3,0,0
9516,76.0,2021-07-31,2,7,1,1,8,23,16,36,1,4,4,1
9517,76.0,2021-08-31,0,6,1,2,4,26,13,41,2,11,1,0
9518,76.0,2021-09-30,0,7,0,1,5,16,7,41,1,6,0,3
9519,76.0,2021-10-31,3,1,2,2,9,19,10,45,2,5,1,0
9520,76.0,2021-11-30,1,3,0,2,3,20,8,46,0,5,1,0
9521,76.0,2021-12-31,3,5,0,0,12,17,5,51,1,3,2,0
9522,76.0,2022-01-31,0,7,1,2,5,20,7,35,0,6,0,0
9523,76.0,2022-02-28,1,8,0,3,5,14,6,36,0,2,1,0
9524,76.0,2022-03-31,0,3,1,2,4,23,12,51,0,3,0,1
9525,76.0,2022-04-30,2,5,0,2,8,19,5,32,0,3,0,1
9526,76.0,2022-05-31,1,4,1,3,11,20,10,51,3,5,0,0
9527,76.0,2022-06-30,2,3,0,2,9,12,10,61,1,3,1,0
9528,76.0,2022-07-31,2,2,0,1,9,14,8,64,2,5,0,2
9529,76.0,2022-08-31,4,1,2,1,10,15,15,52,0,4,2,1
9530,76.0,2022-09-30,0,3,1,2,7,15,7,22,1,3,0,0
9531,76.0,2022-10-31,0,7,0,2,11,20,7,60,1,6,0,0
9532,76.0,2022-11-30,1,0,1,0,8,17,11,40,1,4,1,1
9533,76.0,2022-12-31,2,4,2,1,11,27,14,57,0,4,0,1
9534,76.0,2023-01-31,2,8,1,3,7,25,4,55,2,4,0,1
9535,76.0,2023-02-28,2,3,0,1,14,27,6,46,0,6,0,0
9536,76.0,2023-03-31,0,3,1,1,5,17,14,41,1,2,0,0
9537,76.0,2023-04-30,1,3,1,1,5,17,11,49,0,6,0,0
9538,76.0,2023-05-31,0,6,1,0,9,20,12,48,1,7,0,0
9539,76.0,2023-06-30,0,4,1,1,4,15,8,57,1,0,0,2
9540,76.0,2023-07-31,0,1,2,4,4,23,9,47,1,11,0,0
9541,76.0,2023-08-31,0,6,0,0,12,16,7,38,0,3,0,0
9542,76.0,2023-09-30,1,4,1,2,4,19,9,33,1,6,0,0
9543,76.0,2023-10-31,2,4,0,1,8,31,12,62,3,6,0,1
9544,76.0,2023-11-30,1,4,0,1,7,20,5,45,1,2,0,1
9545,76.0,2023-12-31,2,6,0,1,7,18,14,49,3,4,0,0
9546,76.0,2024-01-31,1,5,0,1,8,26,9,39,0,7,0,0
9547,76.0,2024-02-29,1,3,0,1,7,14,5,32,0,2,1,1
9548,76.0,2024-03-31,2,6,0,1,8,21,6,51,0,4,0,0
9549,76.0,2024-04-30,1,1,1,3,5,25,11,49,1,7,0,1
9550,76.0,2024-05-31,1,6,0,0,11,21,9,30,1,3,1,0
9551,76.0,2024-06-30,1,3,0,1,8,17,14,47,0,7,0,0
9552,76.0,2024-07-31,3,6,1,2,15,25,9,47,3,8,1,0
9553,76.0,2024-08-31,1,4,0,2,8,27,8,59,2,5,0,0
9554,76.0,2024-09-30,0,5,0,2,7,17,11,39,1,5,1,0
9555,76.0,2024-10-31,1,5,0,1,6,29,6,46,0,6,0,0
9556,76.0,2024-11-30,1,4,0,1,9,20,14,27,2,7,1,0
9557,76.0,2024-12-31,0,3,0,1,7,24,16,50,1,6,1,3
9558,76.0,2025-01-31,0,3,0,4,7,15,8,31,0,6,0,1
9559,76.0,2025-02-28,1,5,2,3,6,26,12,49,0,7,0,1
9560,76.0,2025-03-31,2,7,0,1,9,23,16,51,0,9,0,0
9561,76.0,2025-04-30,0,2,1,3,8,12,10,56,1,3,0,1
9562,76.0,2025-05-31,0,7,0,0,3,28,13,49,1,7,0,1
9563,76.0,2025-06-30,1,1,1,0,9,18,8,45,0,8,0,0
9564,76.0,2025-07-31,1,2,0,4,8,18,6,59,2,5,0,1
9565,76.0,2025-08-31,0,4,1,0,6,17,9,43,2,3,1,1
9566,76.0,2025-09-30,1,3,0,1,6,18,10,50,0,2,0,1
9567,76.0,2025-10-31,0,6,0,0,11,24,7,39,2,3,1,3
9568,76.0,2025-11-30,3,7,0,0,4,14,4,30,1,5,0,0
9569,76.0,2025-12-31,1,4,0,0,6,20,3,35,0,8,0,1
9570,76.0,2026-01-31,0,2,0,0,5,16,9,34,0,3,1,0
9571,76.0,2026-02-28,1,1,0,0,7,15,5,29,0,4,1,0
9572,76.0,2026-03-31,2,9,1,0,7,28,5,38,0,6,1,0
9573,76.0,2026-04-30,0,1,0,1,5,22,13,34,1,5,1,0
9574,76.0,2026-05-31,2,6,1,0,10,18,11,37,0,3,0,0
9575,76.0,2026-06-30,0,4,2,2,5,22,12,38,1,6,1,0
9576,77.0,2016-01-31,1,9,1,6,6,33,9,47,2,9,0,2
9577,77.0,2016-02-29,1,4,0,11,11,18,9,54,2,11,0,1
9578,77.0,2016-03-31,4,7,0,15,8,31,19,59,1,21,2,1
9579,77.0,2016-04-30,0,10,2,14,16,33,17,78,5,21,4,2
9580,77.0,2016-05-31,3,8,0,5,12,32,15,49,2,11,0,1
9581,77.0,2016-06-30,2,8,0,6,16,34,23,72,3,16,1,3
9582,77.0,2016-07-31,2,8,0,11,16,42,26,63,2,16,1,4
9583,77.0,2016-08-31,1,3,0,9,11,22,25,70,1,8,0,0
9584,77.0,2016-09-30,2,7,0,6,14,40,16,54,4,15,0,0
9585,77.0,2016-10-31,2,11,1,13,10,46,25,70,2,11,0,0
9586,77.0,2016-11-30,3,5,1,9,14,26,8,46,1,12,1,0
9587,77.0,2016-12-31,2,4,0,5,5,32,21,54,1,17,2,2
9588,77.0,2017-01-31,4,5,2,12,11,42,22,65,2,18,1,2
9589,77.0,2017-02-28,2,7,1,5,11,30,14,60,2,13,0,0
9590,77.0,2017-03-31,2,10,0,13,8,45,14,53,2,22,0,0
9591,77.0,2017-04-30,1,8,1,9,10,29,18,63,0,14,1,1
9592,77.0,2017-05-31,3,3,1,13,15,32,17,69,6,16,1,2
9593,77.0,2017-06-30,3,3,1,11,6,32,27,70,0,11,3,1
9594,77.0,2017-07-31,3,6,5,17,12,43,26,113,2,19,3,0
9595,77.0,2017-08-31,0,4,1,14,15,38,23,78,2,14,1,1
9596,77.0,2017-09-30,2,3,1,10,15,47,11,71,4,14,0,1
9597,77.0,2017-10-31,2,3,0,16,14,44,22,84,0,20,0,2
9598,77.0,2017-11-30,0,5,2,10,9,26,28,97,4,10,2,2
9599,77.0,2017-12-31,1,7,1,8,10,33,14,62,0,9,0,2
9600,77.0,2018-01-31,0,2,1,7,8,30,18,45,3,11,1,0
9601,77.0,2018-02-28,4,13,0,7,18,33,17,51,7,13,2,1
9602,77.0,2018-03-31,3,12,2,12,17,43,26,71,4,19,1,3
9603,77.0,2018-04-30,4,5,1,9,15,30,15,71,2,15,0,1
9604,77.0,2018-05-31,2,14,1,9,14,46,17,65,1,21,2,0
9605,77.0,2018-06-30,4,13,0,11,28,41,29,88,3,14,1,1
9606,77.0,2018-07-31,2,11,0,7,12,48,28,81,2,20,1,1
9607,77.0,2018-08-31,3,3,12,6,12,43,49,85,3,15,2,1
9608,77.0,2018-09-30,3,10,0,17,16,39,27,89,2,16,3,2
9609,77.0,2018-10-31,4,11,1,6,21,53,19,74,3,22,1,1
9610,77.0,2018-11-30,2,6,3,5,10,30,25,62,4,13,1,1
9611,77.0,2018-12-31,1,9,0,6,19,41,23,57,1,13,2,1
9612,77.0,2019-01-31,4,7,0,9,19,33,11,72,2,13,0,1
9613,77.0,2019-02-28,2,10,0,8,14,33,14,81,3,14,2,0
9614,77.0,2019-03-31,3,7,1,8,19,36,17,76,10,15,0,0
9615,77.0,2019-04-30,4,2,0,4,18,25,23,66,4,11,1,2
9616,77.0,2019-05-31,1,3,1,7,17,37,17,64,1,14,2,3
9617,77.0,2019-06-30,0,5,1,2,15,34,30,64,4,9,3,2
9618,77.0,2019-07-31,6,8,1,6,17,32,18,78,3,12,0,0
9619,77.0,2019-08-31,2,9,1,7,11,45,25,91,1,15,1,0
9620,77.0,2019-09-30,5,6,3,7,16,33,21,63,4,14,1,2
9621,77.0,2019-10-31,1,7,2,7,16,30,26,67,3,15,1,1
9622,77.0,2019-11-30,1,4,2,9,13,29,12,48,1,18,0,1
9623,77.0,2019-12-31,1,6,0,6,15,36,10,72,2,18,0,0
9624,77.0,2020-01-31,2,9,2,6,8,38,16,67,0,19,1,2
9625,77.0,2020-02-29,2,8,2,4,22,34,23,60,3,16,3,0
9626,77.0,2020-03-31,0,7,0,5,13,37,17,78,4,12,2,0
9627,77.0,2020-04-30,2,2,0,0,8,18,21,58,2,8,1,1
9628,77.0,2020-05-31,1,5,2,1,12,37,15,36,1,14,1,2
9629,77.0,2020-06-30,1,8,2,8,14,51,21,59,1,23,2,2
9630,77.0,2020-07-31,2,4,0,2,18,34,17,83,5,11,0,1
9631,77.0,2020-08-31,1,5,0,6,14,31,20,79,1,17,2,0
9632,77.0,2020-09-30,3,3,2,2,17,47,22,65,1,12,1,0
9633,77.0,2020-10-31,0,4,0,0,11,39,24,54,1,14,1,3
9634,77.0,2020-11-30,3,2,0,1,17,24,14,39,2,4,2,0
9635,77.0,2020-12-31,0,4,0,1,9,21,17,59,1,9,1,0
9636,77.0,2021-01-31,2,4,0,2,12,21,21,53,1,13,0,0
9637,77.0,2021-02-28,1,6,1,2,14,27,16,51,2,13,2,2
9638,77.0,2021-03-31,0,7,1,0,15,41,13,48,8,20,2,0
9639,77.0,2021-04-30,1,4,0,4,11,25,13,66,4,9,0,3
9640,77.0,2021-05-31,1,6,0,1,17,38,21,58,3,12,0,0
9641,77.0,2021-06-30,3,4,0,2,25,37,16,61,2,13,2,2
9642,77.0,2021-07-31,1,6,0,0,21,48,28,85,5,13,2,1
9643,77.0,2021-08-31,0,4,1,0,18,47,14,58,1,16,0,1
9644,77.0,2021-09-30,2,6,0,1,23,48,15,65,5,14,1,2
9645,77.0,2021-10-31,1,4,1,0,22,46,25,61,4,20,1,2
9646,77.0,2021-11-30,1,6,0,4,16,38,31,76,2,13,3,5
9647,77.0,2021-12-31,2,5,0,3,16,54,15,69,2,25,0,3
9648,77.0,2022-01-31,0,2,0,3,11,38,23,56,1,22,2,2
9649,77.0,2022-02-28,3,5,1,3,21,33,21,51,2,17,1,3
9650,77.0,2022-03-31,2,5,3,3,26,41,32,54,1,13,2,1
9651,77.0,2022-04-30,1,8,0,7,18,35,14,44,3,20,3,0
9652,77.0,2022-05-31,4,4,1,3,31,48,23,80,3,15,2,3
9653,77.0,2022-06-30,3,7,1,3,19,53,25,81,3,17,3,3
9654,77.0,2022-07-31,3,6,0,1,30,30,19,68,2,14,2,3
9655,77.0,2022-08-31,3,5,0,3,18,44,21,97,2,22,0,4
9656,77.0,2022-09-30,2,8,0,1,28,39,27,100,3,16,1,4
9657,77.0,2022-10-31,3,7,4,4,17,39,22,132,2,12,1,3
9658,77.0,2022-11-30,0,5,1,2,18,39,33,68,3,16,2,0
9659,77.0,2022-12-31,4,7,0,6,27,32,23,89,1,16,1,0
9660,77.0,2023-01-31,3,1,0,2,16,33,17,95,2,19,0,2
9661,77.0,2023-02-28,1,4,0,3,17,29,25,70,5,15,1,2
9662,77.0,2023-03-31,0,7,1,4,13,40,29,84,2,16,0,3
9663,77.0,2023-04-30,2,6,1,4,17,43,17,80,2,19,1,3
9664,77.0,2023-05-31,6,13,2,10,22,38,29,99,2,14,6,2
9665,77.0,2023-06-30,2,10,1,7,16,40,32,80,2,16,2,0
9666,77.0,2023-07-31,3,10,0,15,18,45,21,111,2,18,2,5
9667,77.0,2023-08-31,3,19,0,13,20,62,24,117,4,25,1,3
9668,77.0,2023-09-30,4,8,2,13,20,53,37,80,3,19,1,1
9669,77.0,2023-10-31,5,10,1,5,23,44,23,80,3,17,2,1
9670,77.0,2023-11-30,4,8,0,7,23,44,16,101,4,21,1,4
9671,77.0,2023-12-31,6,6,0,3,16,39,41,91,1,15,5,1
9672,77.0,2024-01-31,5,5,2,6,25,35,34,86,4,17,1,0
9673,77.0,2024-02-29,11,9,0,10,26,41,31,87,4,18,3,0
9674,77.0,2024-03-31,2,12,1,13,18,47,46,96,5,18,0,2
9675,77.0,2024-04-30,1,7,3,3,18,47,42,80,4,19,3,3
9676,77.0,2024-05-31,1,9,2,8,25,58,34,78,5,25,3,0
9677,77.0,2024-06-30,1,11,4,2,15,50,33,94,4,21,1,4
9678,77.0,2024-07-31,1,9,2,9,27,53,25,101,5,20,2,5
9679,77.0,2024-08-31,3,10,2,7,28,50,40,123,4,21,2,1
9680,77.0,2024-09-30,1,8,1,8,18,42,30,113,2,12,2,3
9681,77.0,2024-10-31,1,6,2,13,22,42,33,114,2,18,0,2
9682,77.0,2024-11-30,2,7,2,10,26,48,31,99,4,17,3,2
9683,77.0,2024-12-31,6,5,2,8,25,40,20,88,6,22,2,2
9684,77.0,2025-01-31,5,7,3,13,24,38,18,103,5,17,3,1
9685,77.0,2025-02-28,0,9,2,10,17,49,23,76,3,17,3,2
9686,77.0,2025-03-31,1,10,1,10,21,48,18,83,3,23,1,2
9687,77.0,2025-04-30,1,15,1,8,22,47,37,71,6,22,2,0
9688,77.0,2025-05-31,5,10,2,3,22,39,32,84,5,16,4,1
9689,77.0,2025-06-30,4,7,2,4,23,43,29,91,4,18,2,2
9690,77.0,2025-07-31,3,2,0,12,19,38,17,98,1,15,0,2
9691,77.0,2025-08-31,0,12,0,6,23,35,16,67,4,18,2,2
9692,77.0,2025-09-30,7,7,0,11,33,43,18,94,7,19,1,0
9693,77.0,2025-10-31,3,8,3,2,21,39,17,76,3,19,1,1
9694,77.0,2025-11-30,1,6,0,4,19,44,6,57,2,20,1,1
9695,77.0,2025-12-31,3,6,0,3,14,33,9,54,3,18,0,1
9696,77.0,2026-01-31,3,6,1,8,15,45,17,74,2,15,0,2
9697,77.0,2026-02-28,1,9,1,10,15,34,12,59,1,13,0,3
9698,77.0,2026-03-31,3,10,1,4,15,37,7,72,2,15,0,1
9699,77.0,2026-04-30,0,7,1,9,13,44,15,66,2,17,3,0
9700,77.0,2026-05-31,4,3,1,6,30,43,30,81,5,16,2,1
9701,77.0,2026-06-30,2,14,1,10,23,47,15,76,1,21,2,1
